timestamp,city,state,station,latitude,longitude,pm25,pm10,no2,so2,co,o3,temperature,humidity,wind_speed,wind_direction,pressure,rainfall,aqi,aqi_category,dominant_pollutant,hour,day,dayofweek,month,year,is_weekend,season,hour_sin,hour_cos,month_sin,month_cos,ventilation_index,hum_temp_ratio,pm25_lag_1,pm25_lag_2,pm25_lag_3,pm25_lag_6,pm25_lag_12,pm25_lag_24,pm10_lag_1,pm10_lag_2,pm10_lag_3,pm10_lag_6,pm10_lag_12,pm10_lag_24,no2_lag_1,no2_lag_2,no2_lag_3,no2_lag_6,no2_lag_12,no2_lag_24,pm25_rolling_mean_3,pm25_rolling_min_3,pm25_rolling_max_3,pm25_rolling_std_3,pm25_rolling_mean_6,pm25_rolling_min_6,pm25_rolling_max_6,pm25_rolling_std_6,pm25_rolling_mean_12,pm25_rolling_min_12,pm25_rolling_max_12,pm25_rolling_std_12,pm25_rolling_mean_24,pm25_rolling_min_24,pm25_rolling_max_24,pm25_rolling_std_24
2026-06-27 14:18:43,Delhi,Delhi,"Anand Vihar, Delhi - DPCC",28.6139,77.209,64.66,103.63,29.56,9.7,0.86,53.97,34.23,47.38,6.19,124,1009.7,0.0,114,Moderate,PM25,14,27,5,6,2026,1,2,-0.4999999999999997,-0.8660254037844388,1.2246467991473532e-16,-1.0,211.8837,1.344876525688334,64.13,66.85,66.65,65.5,62.09,101.71,92.86,103.29,115.49,109.3,102.07,164.47,78.45,79.73,60.18,83.57,53.81,49.6,65.87666666666667,64.13,66.85,1.515959542115808,66.02166666666666,64.13,67.49,1.2123764541868958,64.705,62.09,67.49,1.7078135942564658,71.97333333333333,62.0,101.71,12.104169481652992
2026-06-27 15:18:43,Delhi,Delhi,"Anand Vihar, Delhi - DPCC",28.6139,77.209,63.7,113.19,72.4,12.37,2.33,57.68,34.22,44.02,11.16,180,1010.8,0.0,110,Moderate,PM25,15,27,5,6,2026,1,2,-0.7071067811865471,-0.7071067811865479,1.2246467991473532e-16,-1.0,381.8952,1.2498580352072688,64.66,64.13,66.85,65.51,62.75,97.21,103.63,92.86,103.29,97.74,100.41,160.55,29.56,78.45,79.73,47.37,52.54,64.12,65.21333333333332,64.13,66.85,1.4419546918443524,65.88166666666667,64.13,67.49,1.32768093556652,64.91916666666667,62.75,67.49,1.4983715908419835,70.42958333333333,62.0,97.21,10.387640431391722
2026-06-27 16:18:43,Delhi,Delhi,"Anand Vihar, Delhi - DPCC",28.6139,77.209,64.89,104.67,63.29,11.81,1.07,56.04,34.35,49.55,9.15,344,1012.0,0.0,195,Moderate,CO,16,27,5,6,2026,1,2,-0.8660254037844384,-0.5000000000000004,1.2246467991473532e-16,-1.0,314.3025,1.4016973125884016,63.7,64.66,64.13,67.49,64.16,93.19,113.19,103.63,92.86,110.77,108.19,154.88,72.4,29.56,78.45,40.23,51.27,79.53,64.16333333333334,63.7,64.66,0.4808672720532336,65.58,63.7,67.49,1.6055653210007095,64.99833333333333,63.08,67.49,1.3948661280393275,69.03333333333333,62.0,93.19,8.755318714764263
2026-06-27 17:18:43,Delhi,Delhi,"Anand Vihar, Delhi - DPCC",28.6139,77.209,62.85,95.87,56.38,11.76,2.58,46.55,35.87,54.21,10.19,297,1012.7,0.0,107,Moderate,PM25,17,27,5,6,2026,1,2,-0.9659258262890683,-0.25881904510252063,1.2246467991473532e-16,-1.0,365.51529999999997,1.4703010577705453,64.89,63.7,64.66,66.65,64.3,89.76,104.67,113.19,103.63,115.49,103.47,139.05,63.29,72.4,29.56,60.18,60.21,50.76,64.41666666666667,63.7,64.89,0.6312157581460749,65.14666666666666,63.7,66.85,1.3107656795425964,65.05916666666667,63.08,67.49,1.3706896627300658,67.85416666666667,62.0,89.76,7.111934804725541
2026-06-27 18:18:43,Delhi,Delhi,"Anand Vihar, Delhi - DPCC",28.6139,77.209,62.72,93.64,24.8,28.97,0.87,29.86,25.57,59.5,9.81,0,1008.1,0.0,107,Moderate,PM25,18,27,5,6,2026,1,2,-1.0,-1.8369701987210297e-16,1.2246467991473532e-16,-1.0,250.8417,2.239367707941287,62.85,64.89,63.7,66.85,63.08,84.77,95.87,104.67,113.19,103.29,109.99,129.27,56.38,63.29,72.4,79.73,67.99,43.94,63.81333333333333,62.85,64.89,1.0247113414673952,64.51333333333334,62.85,66.85,1.3563578682142579,64.93833333333333,62.85,67.49,1.5013801731214957,66.73291666666667,62.0,84.77,5.430727775046958
2026-06-27 19:18:43,Delhi,Delhi,"Anand Vihar, Delhi - DPCC",28.6139,77.209,59.54,96.81,46.51,13.72,2.17,23.04,26.66,58.01,11.69,154,1009.2,11.8,102,Moderate,CO,19,27,5,6,2026,1,2,-0.9659258262890684,0.2588190451025203,1.2246467991473532e-16,-1.0,311.6554,2.0972523499638465,62.72,62.85,64.89,64.13,63.95,77.56,93.64,95.87,104.67,92.86,104.72,122.51,24.8,56.38,63.29,78.45,67.62,75.16,63.48666666666667,62.72,64.89,1.2170592973770433,63.824999999999996,62.72,64.89,0.9068351559131448,64.90833333333333,62.72,67.49,1.544855588033618,65.81416666666668,62.0,77.56,3.8944954650809467
2026-06-27 20:18:43,Delhi,Delhi,"Anand Vihar, Delhi - DPCC",28.6139,77.209,57.23,95.95,72.08,25.1,1.6,0.24,26.23,66.75,9.2,236,1013.9,0.0,96,Satisfactory,PM10,20,27,5,6,2026,1,2,-0.8660254037844386,0.5000000000000001,1.2246467991473532e-16,-1.0,241.31599999999997,2.4513404333455746,59.54,62.72,62.85,64.66,65.5,74.32,96.81,93.64,95.87,103.63,109.3,117.31,46.51,24.8,56.38,29.56,83.57,86.85,61.70333333333334,59.54,62.85,1.8746288521549643,63.06,59.54,64.89,1.942606496437186,64.54083333333334,59.54,67.49,2.185329009277045,65.06333333333333,59.54,74.32,3.208099351528127
2026-06-27 21:18:43,Delhi,Delhi,"Anand Vihar, Delhi - DPCC",28.6139,77.209,55.49,92.2,41.25,22.19,1.66,0.0,26.99,76.25,9.18,89,1008.9,0.0,92,Satisfactory,PM25,21,27,5,6,2026,1,2,-0.7071067811865477,0.7071067811865474,1.2246467991473532e-16,-1.0,247.76819999999998,2.7241872097177566,57.23,59.54,62.72,63.7,65.51,72.59,95.95,96.81,93.64,113.19,97.74,113.17,72.08,46.51,24.8,72.4,47.37,48.79,59.830000000000005,57.23,62.72,2.7564651276586893,61.821666666666665,57.23,64.89,2.8669385529980462,63.85166666666666,57.23,67.49,3.0054672404358778,64.35125000000001,57.23,72.59,2.9504565785211905
2026-06-27 22:18:43,Delhi,Delhi,"Anand Vihar, Delhi - DPCC",28.6139,77.209,54.92,91.85,31.38,24.71,1.31,2.57,24.98,77.89,9.27,23,1008.3,0.0,92,Satisfactory,PM10,22,27,5,6,2026,1,2,-0.5000000000000004,0.8660254037844384,1.2246467991473532e-16,-1.0,231.56459999999998,2.998075442648191,55.49,57.23,59.54,64.89,67.49,67.72,92.2,95.95,96.81,104.67,110.77,98.4,41.25,72.08,46.51,63.29,40.23,28.61,57.419999999999995,55.49,59.54,2.031674186477331,60.45333333333334,55.49,64.89,3.6448465902787186,63.01666666666666,55.49,67.49,3.7918796809961455,63.63875000000001,55.49,67.72,2.9390952652577833
2026-06-27 23:18:43,Delhi,Delhi,"Anand Vihar, Delhi - DPCC",28.6139,77.209,55.0,87.98,35.96,12.03,0.88,1.62,19.04,89.7,5.68,291,1012.3,0.0,92,Satisfactory,PM25,23,27,5,6,2026,1,2,-0.25881904510252157,0.9659258262890681,1.2246467991473532e-16,-1.0,108.14719999999998,4.476047904191617,54.92,55.49,57.23,62.85,66.65,65.86,91.85,92.2,95.95,95.87,115.49,117.99,31.38,41.25,72.08,56.38,60.18,42.46,55.879999999999995,54.92,57.23,1.203370267207178,58.791666666666664,54.92,62.85,3.4868749141123865,61.969166666666666,54.92,66.85,4.161949845343098,63.10541666666666,54.92,67.49,3.3048962085480413
2026-06-28 00:18:43,Delhi,Delhi,"Anand Vihar, Delhi - DPCC",28.6139,77.209,54.83,79.68,26.13,25.78,2.67,35.22,19.17,92.08,5.93,334,1009.8,0.0,108,Moderate,CO,0,28,6,6,2026,1,2,0.0,1.0,1.2246467991473532e-16,-1.0,113.6781,4.565195835399107,55.0,54.92,55.49,62.72,66.85,64.21,87.98,91.85,92.2,93.64,103.29,111.13,35.96,31.38,41.25,24.8,79.73,60.02,55.13666666666668,54.92,55.49,0.3085989846574173,57.48333333333333,54.92,62.72,3.1121610926599157,60.998333333333335,54.92,66.85,4.3263354918312436,62.65291666666666,54.92,67.49,3.638022012944194
2026-06-28 01:18:43,Delhi,Delhi,"Anand Vihar, Delhi - DPCC",28.6139,77.209,54.32,84.44,47.01,14.13,2.56,26.27,20.04,96.56,5.85,17,1008.3,0.0,107,Moderate,CO,1,28,6,6,2026,1,2,0.25881904510252074,0.9659258262890683,1.2246467991473532e-16,-1.0,117.234,4.589353612167301,54.83,55.0,54.92,59.54,64.13,62.0,79.68,87.98,91.85,96.81,92.86,89.5,26.13,35.96,31.38,46.51,78.45,59.03,54.916666666666664,54.83,55.0,0.08504900547084474,56.16833333333333,54.83,59.54,1.8798874079758214,59.99666666666666,54.83,64.89,4.238945695106333,62.262083333333344,54.83,67.49,3.9536290199683752
2026-06-28 02:18:43,Delhi,Delhi,"Anand Vihar, Delhi - DPCC",28.6139,77.209,55.54,80.1,22.13,21.73,1.45,26.55,18.14,95.92,1.83,197,1013.8,6.7,92,Satisfactory,PM25,2,28,6,6,2026,1,2,0.49999999999999994,0.8660254037844387,1.2246467991473532e-16,-1.0,33.196200000000005,5.011494252873563,54.32,54.83,55.0,57.23,64.66,62.09,84.44,79.68,87.98,95.95,103.63,102.07,47.01,26.13,35.96,72.08,29.56,53.81,54.71666666666667,54.32,55.0,0.35388321990675325,55.29833333333334,54.32,57.23,1.0175149466548232,59.17916666666667,54.32,64.89,4.314623039119045,61.94208333333333,54.32,67.49,4.273617731441667
2026-06-28 03:18:43,Delhi,Delhi,"Anand Vihar, Delhi - DPCC",28.6139,77.209,55.7,98.0,66.95,14.15,2.75,31.68,15.73,98.0,3.5,345,1011.3,0.0,109,Moderate,CO,3,28,6,6,2026,1,2,0.7071067811865475,0.7071067811865476,1.2246467991473532e-16,-1.0,55.055,5.857740585774058,55.54,54.32,54.83,55.49,63.7,62.75,80.1,84.44,79.68,92.2,113.19,100.41,22.13,47.01,26.13,41.25,72.4,52.54,54.89666666666667,54.32,55.54,0.6127261487251687,55.01666666666666,54.32,55.54,0.4533725473227741,58.41916666666666,54.32,64.89,4.056963616780249,61.66916666666666,54.32,67.49,4.468463325658329
2026-06-28 04:18:43,Delhi,Delhi,"Anand Vihar, Delhi - DPCC",28.6139,77.209,55.28,87.88,26.84,21.12,2.62,28.02,16.72,95.93,3.58,15,1008.8,0.0,108,Moderate,CO,4,28,6,6,2026,1,2,0.8660254037844386,0.5000000000000001,1.2246467991473532e-16,-1.0,59.8576,5.413656884875847,55.7,55.54,54.32,54.92,64.89,64.16,98.0,80.1,84.44,91.85,104.67,108.19,66.95,22.13,47.01,31.38,63.29,51.27,55.18666666666667,54.32,55.7,0.7548068185513372,55.05166666666668,54.32,55.7,0.5026496460417988,57.7525,54.32,64.89,3.7564710833440307,61.375416666666666,54.32,67.49,4.623365026327311
2026-06-28 05:18:43,Delhi,Delhi,"Anand Vihar, Delhi - DPCC",28.6139,77.209,56.0,90.71,43.32,12.42,1.2,38.21,16.9,96.51,5.7,4,1014.9,0.0,93,Satisfactory,PM25,5,28,6,6,2026,1,2,0.9659258262890683,0.25881904510252074,1.2246467991473532e-16,-1.0,96.33,5.391620111731844,55.28,55.7,55.54,55.0,62.85,64.3,87.88,98.0,80.1,87.98,95.87,103.47,26.84,66.95,22.13,35.96,56.38,60.21,55.50666666666667,55.28,55.7,0.21197484127038616,55.11166666666667,54.32,55.7,0.5052689053028617,56.95166666666666,54.32,62.85,3.055474470916768,61.00541666666666,54.32,67.49,4.744567583876416
2026-06-28 06:18:43,Delhi,Delhi,"Anand Vihar, Delhi - DPCC",28.6139,77.209,58.19,87.47,52.64,25.17,1.09,39.46,18.8,93.8,4.9,65,1008.4,0.0,195,Moderate,CO,6,28,6,6,2026,1,2,1.0,6.123233995736766e-17,1.2246467991473532e-16,-1.0,92.12,4.737373737373737,56.0,55.28,55.7,54.83,62.72,63.08,90.71,87.88,98.0,79.68,93.64,109.99,43.32,26.84,66.95,26.13,24.8,67.99,55.660000000000004,55.28,56.0,0.36166282639812103,55.278333333333336,54.32,56.0,0.6142447937638308,56.380833333333335,54.32,62.72,2.4289970183496243,60.65958333333333,54.32,67.49,4.796197297285906
2026-06-28 07:18:43,Delhi,Delhi,"Anand Vihar, Delhi - DPCC",28.6139,77.209,58.5,94.53,63.68,10.91,2.11,17.3,22.36,87.46,3.44,54,1010.4,0.0,101,Moderate,CO,7,28,6,6,2026,1,2,0.9659258262890683,-0.25881904510252063,1.2246467991473532e-16,-1.0,76.91839999999999,3.744006849315068,58.19,56.0,55.28,54.32,59.54,63.95,87.47,90.71,87.88,84.44,96.81,104.72,52.64,43.32,26.84,47.01,46.51,67.62,56.49,55.28,58.19,1.5156186855532954,55.83833333333334,54.32,58.19,1.2869874384258881,56.00333333333333,54.32,59.54,1.5456174602187884,60.45583333333334,54.32,67.49,4.792769841503248
2026-06-28 08:18:43,Delhi,Delhi,"Anand Vihar, Delhi - DPCC",28.6139,77.209,61.0,100.34,41.36,12.09,1.31,29.43,24.21,80.93,4.56,57,1011.9,0.0,101,Moderate,PM25,8,28,6,6,2026,1,2,0.8660254037844387,-0.4999999999999998,1.2246467991473532e-16,-1.0,110.3976,3.210234034113447,58.5,58.19,56.0,55.54,57.23,65.5,94.53,87.47,90.71,80.1,95.95,109.3,63.68,52.64,43.32,22.13,72.08,83.57,57.56333333333333,56.0,58.5,1.3627301028933305,56.535,55.28,58.5,1.4246929493752112,55.916666666666664,54.32,58.5,1.3454795247475884,60.22875,54.32,67.49,4.7489278538286355
2026-06-28 09:18:43,Delhi,Delhi,"Anand Vihar, Delhi - DPCC",28.6139,77.209,62.99,95.18,46.64,31.76,2.55,33.59,25.51,77.28,4.55,221,1012.8,0.0,108,Moderate,PM25,9,28,6,6,2026,1,2,0.7071067811865476,-0.7071067811865475,1.2246467991473532e-16,-1.0,116.0705,2.915126367408525,61.0,58.5,58.19,55.7,55.49,65.51,100.34,94.53,87.47,98.0,92.2,97.74,41.36,63.68,52.64,66.95,41.25,47.37,59.23,58.19,61.0,1.5406816673143036,57.445,55.28,61.0,2.196649721735248,56.23083333333333,54.32,61.0,1.9735637278483387,60.04125,54.32,67.49,4.618809664555489
2026-06-28 10:18:43,Delhi,Delhi,"Anand Vihar, Delhi - DPCC",28.6139,77.209,66.06,114.9,70.4,30.48,0.62,54.31,31.01,70.85,6.18,272,1013.9,0.0,118,Moderate,PM25,10,28,6,6,2026,1,2,0.49999999999999994,-0.8660254037844387,1.2246467991473532e-16,-1.0,191.6418,2.213370821618244,62.99,61.0,58.5,55.28,54.92,67.49,95.18,100.34,94.53,87.88,91.85,110.77,46.64,41.36,63.68,26.84,31.38,40.23,60.830000000000005,58.5,62.99,2.2498222151979985,58.660000000000004,55.28,62.99,2.931586601142748,56.85583333333333,54.32,62.99,2.7517678890399453,59.93625,54.32,67.49,4.51659530533496
2026-06-28 11:18:43,Delhi,Delhi,"Anand Vihar, Delhi - DPCC",28.6139,77.209,65.38,101.61,58.6,29.07,1.08,46.76,29.01,61.32,4.85,139,1010.8,0.0,195,Moderate,CO,11,28,6,6,2026,1,2,0.258819045102521,-0.9659258262890682,1.2246467991473532e-16,-1.0,140.6985,2.043318893702099,66.06,62.99,61.0,56.0,55.0,66.65,114.9,95.18,100.34,90.71,87.98,115.49,70.4,46.64,41.36,43.32,35.96,60.18,63.35,61.0,66.06,2.549137108905382,60.45666666666667,56.0,66.06,3.658921516877147,57.784166666666664,54.32,66.06,3.7407108180454496,59.876666666666665,54.32,66.85,4.421034373032642
2026-06-28 12:18:43,Delhi,Delhi,"Anand Vihar, Delhi - DPCC",28.6139,77.209,68.09,98.16,33.53,26.98,0.72,60.45,30.78,62.14,8.84,8,1010.3,0.0,125,Moderate,PM25,12,28,6,6,2026,1,2,1.2246467991473532e-16,-1.0,1.2246467991473532e-16,-1.0,272.09520000000003,1.9553178099433606,65.38,66.06,62.99,58.19,54.83,66.85,101.61,114.9,95.18,87.47,79.68,103.29,58.6,70.4,46.64,52.64,26.13,79.73,64.81,62.99,66.06,1.6124205406774355,62.02,58.19,66.06,3.3660600113485897,58.649166666666666,54.32,66.06,4.20917279356175,59.82375,54.32,66.85,4.343355557630516
2026-06-28 13:18:43,Delhi,Delhi,"Anand Vihar, Delhi - DPCC",28.6139,77.209,68.54,116.4,78.92,13.67,2.42,63.01,30.7,50.64,7.08,264,1009.7,0.0,127,Moderate,PM25,13,28,6,6,2026,1,2,-0.2588190451025208,-0.9659258262890683,1.2246467991473532e-16,-1.0,217.356,1.5974763406940065,68.09,65.38,66.06,58.5,54.32,64.13,98.16,101.61,114.9,94.53,84.44,92.86,33.53,58.6,70.4,63.68,47.01,78.45,66.51,65.38,68.09,1.409929076229928,63.669999999999995,58.5,68.09,3.5353302533144277,59.75416666666667,54.32,68.09,4.812667864053867,59.875416666666666,54.32,68.09,4.436937819053228
2026-06-28 14:18:43,Delhi,Delhi,"Anand Vihar, Delhi - DPCC",28.6139,77.209,68.97,104.82,30.41,25.21,1.69,52.74,34.05,53.4,9.81,342,1009.4,0.0,128,Moderate,PM25,14,28,6,6,2026,1,2,-0.4999999999999997,-0.8660254037844388,1.2246467991473532e-16,-1.0,334.03049999999996,1.5235378031383737,68.54,68.09,65.38,61.0,55.54,64.66,116.4,98.16,101.61,100.34,80.1,103.63,78.92,33.53,58.6,41.36,22.13,29.56,67.33666666666666,65.38,68.54,1.7093956046895475,65.34333333333333,61.0,68.54,2.921661627681608,60.939166666666665,55.28,68.54,5.09535877643625,60.05916666666667,54.32,68.54,4.704072164363141
2026-06-28 15:18:43,Delhi,Delhi,"Anand Vihar, Delhi - DPCC",28.6139,77.209,68.89,112.6,61.86,33.1,2.32,44.72,35.51,48.77,10.12,135,1011.2,0.0,128,Moderate,PM25,15,28,6,6,2026,1,2,-0.7071067811865471,-0.7071067811865479,1.2246467991473532e-16,-1.0,359.36119999999994,1.3357984113941388,68.97,68.54,68.09,62.99,55.7,63.7,104.82,116.4,98.16,95.18,98.0,113.19,30.41,78.92,33.53,46.64,66.95,72.4,68.53333333333335,68.09,68.97,0.4400378771559865,66.67166666666667,62.99,68.97,2.297036496590187,62.05833333333334,55.28,68.97,5.273452954242212,60.23875,54.32,68.97,4.962520671296329
2026-06-28 16:18:43,Delhi,Delhi,"Anand Vihar, Delhi - DPCC",28.6139,77.209,68.37,115.02,57.87,9.35,2.59,58.31,32.57,50.03,8.47,332,1011.3,4.6,126,Moderate,PM25,16,28,6,6,2026,1,2,-0.8660254037844384,-0.5000000000000004,1.2246467991473532e-16,-1.0,275.8679,1.4903187369675306,68.89,68.97,68.54,66.06,55.28,64.89,112.6,104.82,116.4,114.9,87.88,104.67,61.86,30.41,78.92,70.4,26.84,63.29,68.8,68.54,68.97,0.22869193251756328,67.655,65.38,68.97,1.545739305316648,63.1575,55.28,68.97,5.201814587237791,60.455000000000005,54.32,68.97,5.225995224543974
2026-06-28 17:18:43,Delhi,Delhi,"Anand Vihar, Delhi - DPCC",28.6139,77.209,65.52,112.36,78.49,18.02,1.54,46.94,30.5,51.2,9.64,307,1008.3,0.0,116,Moderate,PM25,17,28,6,6,2026,1,2,-0.9659258262890683,-0.25881904510252063,1.2246467991473532e-16,-1.0,294.02000000000004,1.6253968253968254,68.37,68.89,68.97,65.38,56.0,62.85,115.02,112.6,104.82,101.61,90.71,95.87,57.87,61.86,30.41,58.6,43.32,56.38,68.74333333333334,68.37,68.97,0.3257811126077582,68.04,65.38,68.97,1.343458224136816,64.24833333333333,56.0,68.97,4.752834242147858,60.6,54.32,68.97,5.399786630245107
2026-06-28 18:18:43,Delhi,Delhi,"Anand Vihar, Delhi - DPCC",28.6139,77.209,61.51,93.87,66.31,10.33,1.12,33.31,31.83,54.13,10.71,317,1010.8,0.0,103,Moderate,PM25,18,28,6,6,2026,1,2,-1.0,-1.8369701987210297e-16,1.2246467991473532e-16,-1.0,340.8993,1.6487968321657023,65.52,68.37,68.89,68.09,58.19,62.72,112.36,115.02,112.6,98.16,87.47,93.64,78.49,57.87,61.86,33.53,52.64,24.8,67.59333333333332,65.52,68.89,1.8142859017618898,68.06333333333333,65.52,68.97,1.288094199454186,65.04166666666667,58.19,68.97,3.983070613879622,60.71125,54.32,68.97,5.475136934956206
2026-06-28 19:18:43,Delhi,Delhi,"Anand Vihar, Delhi - DPCC",28.6139,77.209,60.74,97.06,93.77,11.91,2.7,8.96,30.88,58.69,8.75,340,1014.8,0.0,211,Poor,PM25,19,28,6,6,2026,1,2,-0.9659258262890684,0.2588190451025203,1.2246467991473532e-16,-1.0,270.2,1.840966122961104,61.51,65.52,68.37,68.54,58.5,59.54,93.87,112.36,115.02,116.4,94.53,96.81,66.31,78.49,57.87,78.92,63.68,46.51,65.13333333333334,61.51,68.37,3.446307202402584,66.96666666666665,61.51,68.97,2.967333258443921,65.31833333333333,58.5,68.97,3.5563281199812775,60.66083333333333,54.32,68.97,5.461389309361282
2026-06-28 20:18:43,Delhi,Delhi,"Anand Vihar, Delhi - DPCC",28.6139,77.209,58.18,97.37,67.71,34.47,1.6,4.53,26.82,72.85,10.28,197,1012.3,0.0,97,Satisfactory,PM10,20,28,6,6,2026,1,2,-0.8660254037844386,0.5000000000000001,1.2246467991473532e-16,-1.0,275.70959999999997,2.61861969805895,60.74,61.51,65.52,68.97,61.0,57.23,97.06,93.87,112.36,104.82,100.34,95.95,93.77,66.31,78.49,30.41,41.36,72.08,62.589999999999996,60.74,65.52,2.566495665298989,65.66666666666667,60.74,68.97,3.746500589439065,65.505,60.74,68.97,3.207597514991817,60.71083333333333,54.32,68.97,5.456172345762784
2026-06-28 21:18:43,Delhi,Delhi,"Anand Vihar, Delhi - DPCC",28.6139,77.209,56.54,82.34,59.85,13.83,0.81,8.23,26.73,79.9,8.94,104,1013.5,0.0,94,Satisfactory,PM25,21,28,6,6,2026,1,2,-0.7071067811865477,0.7071067811865474,1.2246467991473532e-16,-1.0,238.9662,2.88135593220339,58.18,60.74,61.51,68.89,62.99,55.49,97.37,97.06,93.87,112.6,95.18,92.2,67.71,93.77,66.31,61.86,46.64,41.25,60.14333333333334,58.18,61.51,1.7433397068075331,63.86833333333333,58.18,68.89,4.379851215129008,65.27,58.18,68.97,3.64159555439893,60.750416666666666,54.32,68.97,5.433219462886067
2026-06-28 22:18:43,Delhi,Delhi,"Anand Vihar, Delhi - DPCC",28.6139,77.209,55.44,95.22,49.84,17.17,2.52,0.0,22.9,83.86,9.71,6,1008.9,0.0,106,Moderate,CO,22,28,6,6,2026,1,2,-0.5000000000000004,0.8660254037844384,1.2246467991473532e-16,-1.0,222.359,3.508786610878661,56.54,58.18,60.74,68.37,66.06,54.92,82.34,97.37,97.06,115.02,114.9,91.85,59.85,67.71,93.77,57.87,70.4,31.38,58.48666666666667,56.54,60.74,2.1167270332595405,61.81,56.54,68.37,4.449323544090735,64.7325,56.54,68.97,4.404760080144688,60.79416666666666,54.32,68.97,5.393098582340256
2026-06-28 23:18:43,Delhi,Delhi,"Anand Vihar, Delhi - DPCC",28.6139,77.209,53.86,95.8,53.61,28.27,1.83,0.0,19.97,86.69,6.49,101,1010.7,0.0,96,Satisfactory,PM10,23,28,6,6,2026,1,2,-0.25881904510252157,0.9659258262890681,1.2246467991473532e-16,-1.0,129.6053,4.134000953743443,55.44,56.54,58.18,65.52,65.38,55.0,95.22,82.34,97.37,112.36,101.61,87.98,49.84,59.85,67.71,78.49,58.6,35.96,56.72,55.44,58.18,1.3788400922508566,59.655,55.44,65.52,3.705713156735135,63.8475,55.44,68.97,5.122238723981382,60.81583333333334,54.32,68.97,5.3694659411112315
2026-06-29 00:18:43,Delhi,Delhi,"Anand Vihar, Delhi - DPCC",28.6139,77.209,52.3,81.54,25.6,19.91,1.03,19.67,16.15,91.91,5.41,272,1009.9,0.0,195,Moderate,CO,0,29,0,6,2026,0,2,0.0,1.0,1.2246467991473532e-16,-1.0,87.3715,5.359183673469388,53.86,55.44,56.54,61.51,68.09,54.83,95.8,95.22,82.34,93.87,98.16,79.68,53.61,49.84,59.85,66.31,33.53,26.13,55.279999999999994,53.86,56.54,1.3471451295232892,57.711666666666666,53.86,61.51,3.0061963785931103,62.887499999999996,53.86,68.97,5.838376369879172,60.76833333333334,53.86,68.97,5.4278762494837745
2026-06-29 01:18:43,Delhi,Delhi,"Anand Vihar, Delhi - DPCC",28.6139,77.209,50.82,89.38,51.21,20.09,1.83,19.15,18.88,91.95,7.41,322,1009.2,0.0,91,Satisfactory,CO,1,29,0,6,2026,0,2,0.25881904510252074,0.9659258262890683,1.2246467991473532e-16,-1.0,139.9008,4.625251509054326,52.3,53.86,55.44,60.74,68.54,54.32,81.54,95.8,95.22,97.06,116.4,84.44,25.6,53.61,49.84,93.77,78.92,47.01,53.86666666666667,52.3,55.44,1.5700106156748224,56.17666666666667,52.3,60.74,3.0301001083571744,61.571666666666665,52.3,68.97,6.318840275259557,60.66291666666666,52.3,68.97,5.570904601562483
2026-06-29 02:18:43,Delhi,Delhi,"Anand Vihar, Delhi - DPCC",28.6139,77.209,50.75,78.43,63.96,30.15,1.29,34.96,17.41,98.0,3.69,115,1014.9,0.0,84,Satisfactory,PM25,2,29,0,6,2026,0,2,0.49999999999999994,0.8660254037844387,1.2246467991473532e-16,-1.0,64.2429,5.32319391634981,50.82,52.3,53.86,58.18,68.97,55.54,89.38,81.54,95.8,97.37,104.82,80.1,51.21,25.6,53.61,67.71,30.41,22.13,52.32666666666666,50.82,53.86,1.5201754284725202,54.52333333333333,50.82,58.18,2.734093390260467,60.095,50.82,68.97,6.606328233388994,60.51708333333334,50.82,68.97,5.785831629500416
2026-06-29 03:18:43,Delhi,Delhi,"Anand Vihar, Delhi - DPCC",28.6139,77.209,52.03,79.56,79.82,34.45,2.04,18.25,16.08,98.0,4.09,10,1013.8,0.0,201,Poor,CO,3,29,0,6,2026,0,2,0.7071067811865475,0.7071067811865476,1.2246467991473532e-16,-1.0,65.76719999999999,5.7377049180327875,50.75,50.82,52.3,56.54,68.89,55.7,78.43,89.38,81.54,82.34,112.6,98.0,63.96,51.21,25.6,59.85,61.86,66.95,51.29,50.75,52.3,0.8753856293075961,53.285,50.75,56.54,2.4100767622628103,58.57666666666666,50.75,68.89,6.473573318898251,60.3175,50.75,68.97,6.041929759389065
2026-06-29 04:18:43,Delhi,Delhi,"Anand Vihar, Delhi - DPCC",28.6139,77.209,53.45,82.03,37.79,32.79,0.84,33.99,17.16,95.16,4.66,91,1013.7,0.0,89,Satisfactory,PM25,4,29,0,6,2026,0,2,0.8660254037844386,0.5000000000000001,1.2246467991473532e-16,-1.0,79.96560000000001,5.240088105726872,52.03,50.75,50.82,55.44,68.37,55.28,79.56,78.43,89.38,95.22,115.02,87.88,79.82,63.96,51.21,49.84,57.87,26.84,51.199999999999996,50.75,52.03,0.7196526940116716,52.53333333333333,50.75,55.44,1.8238603747726372,57.17166666666666,50.75,68.37,5.829270706503237,60.16458333333333,50.75,68.97,6.208035451466636
2026-06-29 05:18:43,Delhi,Delhi,"Anand Vihar, Delhi - DPCC",28.6139,77.209,52.78,76.27,25.23,27.42,1.52,37.63,18.31,94.3,3.55,220,1011.0,0.0,88,Satisfactory,PM25,5,29,0,6,2026,0,2,0.9659258262890683,0.25881904510252074,1.2246467991473532e-16,-1.0,65.00049999999999,4.883480062143967,53.45,52.03,50.75,53.86,65.52,56.0,82.03,79.56,78.43,95.8,112.36,90.71,37.79,79.82,63.96,53.61,78.49,43.32,52.076666666666675,50.75,53.45,1.350604802794514,52.20166666666666,50.75,53.86,1.2933586767272849,55.928333333333335,50.75,65.52,4.70668737655326,60.08833333333334,50.75,68.97,6.281443109368402
2026-06-29 06:18:43,Delhi,Delhi,"Anand Vihar, Delhi - DPCC",28.6139,77.209,55.51,96.45,35.24,8.84,2.23,17.66,20.27,89.91,3.26,235,1014.9,1.6,103,Moderate,CO,6,29,0,6,2026,0,2,1.0,6.123233995736766e-17,1.2246467991473532e-16,-1.0,66.08019999999999,4.227080394922426,52.78,53.45,52.03,52.3,61.51,58.19,76.27,82.03,79.56,81.54,93.87,87.47,25.23,37.79,79.82,25.6,66.31,52.64,52.75333333333334,52.03,53.45,0.7103754875638778,52.021666666666675,50.75,53.45,1.072742591056091,54.86666666666667,50.75,61.51,3.6688896842438936,59.95416666666667,50.75,68.97,6.405722249382327
2026-06-29 07:18:43,Delhi,Delhi,"Anand Vihar, Delhi - DPCC",28.6139,77.209,58.26,86.59,41.62,9.85,2.28,25.21,20.43,88.53,2.97,83,1013.7,13.5,103,Moderate,CO,7,29,0,6,2026,0,2,0.9659258262890683,-0.25881904510252063,1.2246467991473532e-16,-1.0,60.6771,4.1311245916938875,55.51,52.78,53.45,50.82,60.74,58.5,96.45,76.27,82.03,89.38,97.06,94.53,35.24,25.23,37.79,51.21,93.77,63.68,53.913333333333334,52.78,55.51,1.4227555423654583,52.55666666666667,50.75,55.51,1.7959695617314295,54.36666666666667,50.75,60.74,3.03537127677629,59.8425,50.75,68.97,6.4609342775739735
2026-06-29 08:18:43,Delhi,Delhi,"Anand Vihar, Delhi - DPCC",28.6139,77.209,60.87,85.22,45.14,18.52,1.93,20.67,23.45,78.61,2.58,148,1013.6,0.0,211,Poor,PM25,8,29,0,6,2026,0,2,0.8660254037844387,-0.4999999999999998,1.2246467991473532e-16,-1.0,60.501,3.2151329243353786,58.26,55.51,52.78,50.75,58.18,61.0,86.59,96.45,76.27,78.43,97.37,100.34,41.62,35.24,25.23,63.96,67.71,41.36,55.51666666666666,52.78,58.26,2.740006082718004,53.796666666666674,50.75,58.26,2.6986638669285763,54.16,50.75,58.26,2.617674193213875,59.8325,50.75,68.97,6.463287795730179
2026-06-29 09:18:43,Delhi,Delhi,"Anand Vihar, Delhi - DPCC",28.6139,77.209,62.16,87.71,92.97,11.44,2.66,50.14,24.55,76.62,5.0,302,1014.9,0.0,125,Moderate,O3,9,29,0,6,2026,0,2,0.7071067811865476,-0.7071067811865475,1.2246467991473532e-16,-1.0,122.75,2.9988258317025442,60.87,58.26,55.51,52.03,56.54,62.99,85.22,86.59,96.45,79.56,82.34,95.18,45.14,41.62,35.24,79.82,59.85,46.64,58.21333333333333,55.51,60.87,2.6803047090455436,55.48333333333334,52.03,60.87,3.4668352523109696,54.38416666666666,50.75,60.87,3.0694253484482568,59.82708333333333,50.75,68.97,6.46232121385299
2026-06-29 10:18:43,Delhi,Delhi,"Anand Vihar, Delhi - DPCC",28.6139,77.209,65.85,106.22,58.11,20.15,1.08,38.58,28.48,68.17,4.17,16,1012.0,0.0,195,Moderate,CO,10,29,0,6,2026,0,2,0.49999999999999994,-0.8660254037844387,1.2246467991473532e-16,-1.0,118.7616,2.312415196743555,62.16,60.87,58.26,53.45,55.44,66.06,87.71,85.22,86.59,82.03,95.22,114.9,92.97,45.14,41.62,37.79,49.84,70.4,60.43,58.26,62.16,1.986881979383386,57.17166666666666,52.78,62.16,3.8895830967683707,54.8525,50.75,62.16,3.775748270210785,59.7925,50.75,68.97,6.446861218082585
2026-06-29 11:18:43,Delhi,Delhi,"Anand Vihar, Delhi - DPCC",28.6139,77.209,67.38,110.47,23.87,31.69,2.53,51.58,27.67,64.18,8.84,301,1010.0,0.0,123,Moderate,PM25,11,29,0,6,2026,0,2,0.258819045102521,-0.9659258262890682,1.2246467991473532e-16,-1.0,244.6028,2.2385769096616674,65.85,62.16,60.87,52.78,53.86,65.38,106.22,87.71,85.22,76.27,95.8,101.61,58.11,92.97,45.14,25.23,53.61,58.6,62.96,60.87,65.85,2.584588942172144,59.23833333333334,52.78,65.85,4.721870039154661,55.72,50.75,65.85,4.939527029253612,59.78375,50.75,68.97,6.438121392550569
2026-06-29 12:18:43,Delhi,Delhi,"Anand Vihar, Delhi - DPCC",28.6139,77.209,68.66,111.87,59.53,14.81,1.08,60.5,29.63,57.87,9.06,11,1014.1,14.4,195,Moderate,CO,12,29,0,6,2026,0,2,1.2246467991473532e-16,-1.0,1.2246467991473532e-16,-1.0,268.44780000000003,1.889324191968658,67.38,65.85,62.16,55.51,52.3,68.09,110.47,106.22,87.71,96.45,81.54,98.16,23.87,58.11,92.97,35.24,25.6,33.53,65.13,62.16,67.38,2.6834492728573416,61.67166666666666,55.51,67.38,4.483977772766799,56.846666666666664,50.75,67.38,5.92108456486159,59.86708333333333,50.75,68.97,6.526050459615613
2026-06-29 13:18:43,Delhi,Delhi,"Anand Vihar, Delhi - DPCC",28.6139,77.209,67.13,103.14,29.89,12.61,2.69,61.13,31.76,55.09,9.33,243,1008.9,0.0,122,Moderate,PM25,13,29,0,6,2026,0,2,-0.2588190451025208,-0.9659258262890683,1.2246467991473532e-16,-1.0,296.3208,1.6816239316239314,68.66,67.38,65.85,58.26,50.82,68.54,111.87,110.47,106.22,86.59,89.38,116.4,59.53,23.87,58.11,41.62,51.21,78.92,67.29666666666667,65.85,68.66,1.4068522784329593,63.86333333333332,58.26,68.66,4.064001312335782,58.21,50.75,68.66,6.6211108653237964,59.890833333333326,50.75,68.97,6.558234728463374
2026-06-29 14:18:43,Delhi,Delhi,"Anand Vihar, Delhi - DPCC",28.6139,77.209,65.77,104.53,79.03,15.26,1.5,70.57,31.33,53.27,8.81,85,1011.3,0.0,117,Moderate,PM25,14,29,0,6,2026,0,2,-0.4999999999999997,-0.8660254037844388,1.2246467991473532e-16,-1.0,276.0173,1.647695638725642,67.13,68.66,67.38,60.87,50.75,68.97,103.14,111.87,110.47,85.22,78.43,104.82,29.89,59.53,23.87,45.14,63.96,30.41,67.72333333333333,67.13,68.66,0.8207516879860904,65.34166666666665,60.87,68.66,3.1222262356637676,59.56916666666667,50.75,68.66,6.640211467516156,59.83208333333334,50.75,68.97,6.483272106748628
2026-06-29 15:18:43,Delhi,Delhi,"Anand Vihar, Delhi - DPCC",28.6139,77.209,68.06,108.08,46.85,20.81,1.9,56.74,32.24,50.89,9.76,102,1011.2,0.0,125,Moderate,PM25,15,29,0,6,2026,0,2,-0.7071067811865471,-0.7071067811865479,1.2246467991473532e-16,-1.0,314.6624,1.5309867629362213,65.77,67.13,68.66,62.16,52.03,68.89,104.53,103.14,111.87,87.71,79.56,112.6,79.03,29.89,59.53,92.97,79.82,61.86,67.18666666666667,65.77,68.66,1.445833093179155,66.15833333333332,62.16,68.66,2.2328225784121862,60.82083333333333,52.03,68.66,6.229614694539619,59.69875,50.75,68.89,6.3179711331352495
2026-06-29 16:18:43,Delhi,Delhi,"Anand Vihar, Delhi - DPCC",28.6139,77.209,66.24,93.91,36.67,30.05,1.23,56.03,30.71,53.97,10.09,206,1008.2,0.0,119,Moderate,PM25,16,29,0,6,2026,0,2,-0.8660254037844384,-0.5000000000000004,1.2246467991473532e-16,-1.0,309.8639,1.7019867549668872,68.06,65.77,67.13,65.85,53.45,68.37,108.08,104.53,103.14,106.22,82.03,115.02,46.85,79.03,29.89,58.11,37.79,57.87,66.98666666666666,65.77,68.06,1.1517088752510318,67.14166666666667,65.77,68.66,1.1623668382517536,62.156666666666666,52.78,68.66,5.882195529088093,59.66416666666667,50.75,68.66,6.267542973728709
2026-06-29 17:18:43,Delhi,Delhi,"Anand Vihar, Delhi - DPCC",28.6139,77.209,64.78,114.78,29.91,18.53,2.21,47.87,31.04,49.8,11.62,242,1010.1,0.0,114,Moderate,PM25,17,29,0,6,2026,0,2,-0.9659258262890683,-0.25881904510252063,1.2246467991473532e-16,-1.0,360.68479999999994,1.554307116104869,66.24,68.06,65.77,67.38,52.78,65.52,93.91,108.08,104.53,110.47,76.27,112.36,36.67,46.85,79.03,23.87,25.23,78.49,66.69,65.77,68.06,1.2095040305838853,67.20666666666666,65.77,68.66,1.0839495683228926,63.2225,52.78,68.66,5.290111057435344,59.57541666666666,50.75,68.66,6.152939191021285
2026-06-29 18:18:43,Delhi,Delhi,"Anand Vihar, Delhi - DPCC",28.6139,77.209,64.19,90.91,72.3,14.93,2.06,35.01,31.46,55.31,10.9,214,1011.8,0.0,202,Poor,CO,18,29,0,6,2026,0,2,-1.0,-1.8369701987210297e-16,1.2246467991473532e-16,-1.0,342.91400000000004,1.703943314849045,64.78,66.24,68.06,68.66,55.51,61.51,114.78,93.91,108.08,111.87,96.45,93.87,29.91,36.67,46.85,59.53,35.24,66.31,66.36,64.78,68.06,1.6432893841313099,66.77333333333333,64.78,68.66,1.4564843516726569,64.2225,55.51,68.66,4.147485821116611,59.54458333333333,50.75,68.66,6.123639141930195
2026-06-29 19:18:43,Delhi,Delhi,"Anand Vihar, Delhi - DPCC",28.6139,77.209,60.36,102.62,59.76,25.44,2.52,26.39,27.66,62.67,14.18,49,1008.8,0.0,210,Poor,PM25,19,29,0,6,2026,0,2,-0.9659258262890684,0.2588190451025203,1.2246467991473532e-16,-1.0,392.2188,2.1866713189113747,64.19,64.78,66.24,67.13,58.26,60.74,90.91,114.78,93.91,103.14,86.59,97.06,72.3,29.91,36.67,29.89,41.62,93.77,65.07,64.19,66.24,1.0553198567252682,66.02833333333334,64.19,68.06,1.441574370841553,64.94583333333334,58.26,68.66,3.1193369293469355,59.65625,50.75,68.66,6.185163744273722
2026-06-29 20:18:43,Delhi,Delhi,"Anand Vihar, Delhi - DPCC",28.6139,77.209,59.39,100.75,66.8,30.38,3.28,14.93,25.46,69.48,12.82,161,1008.6,0.0,116,Moderate,CO,20,29,0,6,2026,0,2,-0.8660254037844386,0.5000000000000001,1.2246467991473532e-16,-1.0,326.3972,2.6258503401360547,60.36,64.19,64.78,65.77,60.87,58.18,102.62,90.91,114.78,104.53,85.22,97.37,59.76,72.3,29.91,79.03,45.14,67.71,63.10999999999999,60.36,64.78,2.39977082239088,64.89999999999999,60.36,68.06,2.5949258178222383,65.12083333333334,60.36,68.66,2.746814546254413,59.64041666666666,50.75,68.66,6.182754753391046
2026-06-29 21:18:43,Delhi,Delhi,"Anand Vihar, Delhi - DPCC",28.6139,77.209,57.64,99.52,24.04,18.46,2.47,0.0,22.77,75.24,8.12,310,1012.1,0.0,106,Moderate,CO,21,29,0,6,2026,0,2,-0.7071067811865477,0.7071067811865474,1.2246467991473532e-16,-1.0,184.89239999999998,3.1653344551956244,59.39,60.36,64.19,68.06,62.16,56.54,100.75,102.62,90.91,108.08,87.71,82.34,66.8,59.76,72.3,46.85,92.97,59.85,61.31333333333333,59.39,64.19,2.5380372994366915,63.83666666666667,59.39,68.06,3.3611704310651898,64.9975,59.39,68.66,2.978486879425319,59.69083333333333,50.75,68.66,6.175257020996145
2026-06-29 22:18:43,Delhi,Delhi,"Anand Vihar, Delhi - DPCC",28.6139,77.209,55.17,90.02,65.56,10.67,2.56,0.0,19.7,80.65,8.39,141,1011.7,0.0,107,Moderate,CO,22,29,0,6,2026,0,2,-0.5000000000000004,0.8660254037844384,1.2246467991473532e-16,-1.0,165.28300000000002,3.8961352657004835,57.64,59.39,60.36,66.24,65.85,55.44,99.52,100.75,102.62,93.91,106.22,95.22,24.04,66.8,59.76,36.67,58.11,49.84,59.129999999999995,57.64,60.36,1.3785136923507528,62.1,57.64,66.24,3.4337559610432535,64.62083333333332,57.64,68.66,3.592468025626839,59.73666666666666,50.75,68.66,6.154903076739537
2026-06-29 23:18:43,Delhi,Delhi,"Anand Vihar, Delhi - DPCC",28.6139,77.209,54.77,77.66,65.71,33.56,1.35,0.0,19.46,91.32,6.79,214,1008.7,0.0,91,Satisfactory,PM25,23,29,0,6,2026,0,2,-0.25881904510252157,0.9659258262890681,1.2246467991473532e-16,-1.0,132.1334,4.463343108504398,55.17,57.64,59.39,64.78,67.38,53.86,90.02,99.52,100.75,114.78,110.47,95.8,65.56,24.04,66.8,29.91,23.87,53.61,57.4,55.17,59.39,2.120212253525211,60.255,55.17,64.78,3.7259777240343066,63.73083333333333,55.17,68.66,4.4748417104220595,59.72541666666666,50.75,68.66,6.1633390012985165
2026-06-30 00:18:43,Delhi,Delhi,"Anand Vihar, Delhi - DPCC",28.6139,77.209,55.5,90.59,53.58,10.84,0.97,39.3,19.51,89.33,6.65,35,1009.5,0.0,92,Satisfactory,PM25,0,30,1,6,2026,0,2,0.0,1.0,1.2246467991473532e-16,-1.0,129.74150000000003,4.355436372501218,54.77,55.17,57.64,64.19,68.66,52.3,77.66,90.02,99.52,90.91,111.87,81.54,65.71,65.56,24.04,72.3,59.53,25.6,55.86000000000001,54.77,57.64,1.5544452386618217,58.586666666666666,54.77,64.19,3.530556141270996,62.68000000000001,54.77,68.66,4.990858916787012,59.76333333333333,50.75,68.66,6.12838631619936
2026-06-30 01:18:43,Delhi,Delhi,"Anand Vihar, Delhi - DPCC",28.6139,77.209,52.79,80.52,28.82,21.17,0.89,35.89,15.9,92.44,3.28,170,1011.1,0.0,88,Satisfactory,PM25,1,30,1,6,2026,0,2,0.25881904510252074,0.9659258262890683,1.2246467991473532e-16,-1.0,52.152,5.469822485207101,55.5,54.77,55.17,60.36,67.13,50.82,90.59,77.66,90.02,102.62,103.14,89.38,53.58,65.71,65.56,59.76,29.89,51.21,55.14666666666667,54.77,55.5,0.3655589327751717,57.13833333333333,54.77,60.36,2.360859306834316,61.583333333333336,54.77,68.06,5.003228654548651,59.89666666666667,50.75,68.66,5.992247648759005
2026-06-30 02:18:43,Delhi,Delhi,"Anand Vihar, Delhi - DPCC",28.6139,77.209,51.9,85.26,29.1,8.84,2.74,34.34,17.42,98.0,5.1,191,1009.2,0.0,109,Moderate,CO,2,30,1,6,2026,0,2,0.49999999999999994,0.8660254037844387,1.2246467991473532e-16,-1.0,88.842,5.320304017372421,52.79,55.5,54.77,59.39,65.77,50.75,80.52,90.59,77.66,100.75,104.53,78.43,28.82,53.58,65.71,66.8,79.03,63.96,54.35333333333333,52.79,55.5,1.402224423311649,55.87666666666667,52.79,59.39,2.3171678115031034,60.38833333333333,52.79,68.06,5.2637367185701835,59.97874999999999,50.75,68.66,5.874850090594344
2026-06-30 03:18:43,Delhi,Delhi,"Anand Vihar, Delhi - DPCC",28.6139,77.209,52.05,90.08,62.54,12.78,1.72,31.93,18.53,98.0,2.91,196,1009.2,0.0,90,Satisfactory,PM10,3,30,1,6,2026,0,2,0.7071067811865475,0.7071067811865476,1.2246467991473532e-16,-1.0,53.92230000000001,5.017921146953404,51.9,52.79,55.5,57.64,68.06,52.03,85.26,80.52,90.59,99.52,108.08,79.56,29.1,28.82,53.58,24.04,46.85,79.82,53.39666666666667,51.9,55.5,1.8751088857268092,54.62833333333333,51.9,57.64,2.0477638210169533,59.232499999999995,51.9,68.06,5.492426397073749,60.026666666666664,51.9,68.66,5.800525213601182
2026-06-30 04:18:43,Delhi,Delhi,"Anand Vihar, Delhi - DPCC",28.6139,77.209,52.49,89.91,64.07,16.11,1.32,34.81,18.12,98.0,2.61,53,1014.0,0.0,90,Satisfactory,PM10,4,30,1,6,2026,0,2,0.8660254037844386,0.5000000000000001,1.2246467991473532e-16,-1.0,47.2932,5.125523012552301,52.05,51.9,52.79,55.17,66.24,53.45,90.08,85.26,80.52,90.02,93.91,82.03,62.54,29.1,28.82,65.56,36.67,37.79,52.24666666666666,51.9,52.79,0.47648014998693206,53.696666666666665,51.9,55.5,1.6331768632532895,57.89833333333333,51.9,66.24,5.082391765754181,60.027499999999996,51.9,68.66,5.799327734652776
2026-06-30 05:18:43,Delhi,Delhi,"Anand Vihar, Delhi - DPCC",28.6139,77.209,55.91,86.17,47.51,9.03,2.24,28.73,20.41,97.13,2.04,168,1008.2,0.0,103,Moderate,CO,5,30,1,6,2026,0,2,0.9659258262890683,0.25881904510252074,1.2246467991473532e-16,-1.0,41.6364,4.536665109761794,52.49,52.05,51.9,54.77,64.78,52.78,89.91,90.08,85.26,77.66,114.78,76.27,64.07,62.54,29.1,65.71,29.91,25.23,52.14666666666667,51.9,52.49,0.3066485501866357,53.25,51.9,55.5,1.5115951839031299,56.7525,51.9,64.78,4.553212901597355,59.98749999999999,51.9,68.66,5.84975900655595
2026-06-30 06:18:43,Delhi,Delhi,"Anand Vihar, Delhi - DPCC",28.6139,77.209,57.24,82.28,65.28,21.28,1.27,27.29,20.32,98.0,3.94,158,1012.2,0.0,95,Satisfactory,PM25,6,30,1,6,2026,0,2,1.0,6.123233995736766e-17,1.2246467991473532e-16,-1.0,80.0608,4.596622889305816,55.91,52.49,52.05,55.5,64.19,55.51,86.17,89.91,90.08,90.59,90.91,96.45,47.51,64.07,62.54,53.58,72.3,35.24,53.48333333333333,52.05,55.91,2.1130388859014495,53.44,51.9,55.91,1.787355588571886,56.01333333333334,51.9,64.19,3.787081710075421,60.117916666666666,51.9,68.66,5.715434464954371
2026-06-30 07:18:43,Delhi,Delhi,"Anand Vihar, Delhi - DPCC",28.6139,77.209,60.33,106.04,47.36,19.97,1.92,29.79,19.75,87.18,4.72,358,1008.4,9.8,210,Poor,PM25,7,30,1,6,2026,0,2,0.9659258262890683,-0.25881904510252063,1.2246467991473532e-16,-1.0,93.22,4.20144578313253,57.24,55.91,52.49,52.79,60.36,58.26,82.28,86.17,89.91,80.52,102.62,86.59,65.28,47.51,64.07,28.82,59.76,41.62,55.21333333333334,52.49,57.24,2.4504353354723993,53.73,51.9,57.24,2.265612499965336,55.43416666666667,51.9,60.36,2.834583369525017,60.19,51.9,68.66,5.665483593465427
2026-06-30 08:18:43,Delhi,Delhi,"Anand Vihar, Delhi - DPCC",28.6139,77.209,60.36,92.04,50.36,8.83,3.24,20.52,21.74,84.13,4.22,334,1008.2,0.0,210,Poor,PM25,8,30,1,6,2026,0,2,0.8660254037844387,-0.4999999999999998,1.2246467991473532e-16,-1.0,91.74279999999999,3.6996481970096746,60.33,57.24,55.91,51.9,59.39,60.87,106.04,82.28,86.17,85.26,100.75,85.22,47.36,65.28,47.51,29.1,66.8,45.14,57.82666666666666,55.91,60.33,2.2676492968119804,54.98666666666666,51.9,60.33,3.4312135851132837,55.431666666666665,51.9,60.33,2.8298532995492214,60.27625,51.9,68.66,5.650561197600282
2026-06-30 09:18:43,Delhi,Delhi,"Anand Vihar, Delhi - DPCC",28.6139,77.209,64.48,106.9,84.19,17.0,2.71,39.03,25.69,74.63,3.14,227,1008.5,14.1,113,Moderate,PM25,9,30,1,6,2026,0,2,0.7071067811865476,-0.7071067811865475,1.2246467991473532e-16,-1.0,80.6666,2.796178343949044,60.36,60.33,57.24,52.05,57.64,62.16,92.04,106.04,82.28,90.08,99.52,87.71,50.36,47.36,65.28,62.54,24.04,92.97,59.31,57.24,60.36,1.792735340199054,56.39666666666667,52.05,60.36,3.640954087415285,55.512499999999996,51.9,60.36,2.963879904940314,60.255,51.9,68.66,5.649190015045237
2026-06-30 10:18:43,Delhi,Delhi,"Anand Vihar, Delhi - DPCC",28.6139,77.209,65.93,115.62,62.0,10.82,1.48,53.65,27.8,71.42,2.81,8,1010.1,0.0,118,Moderate,PM25,10,30,1,6,2026,0,2,0.49999999999999994,-0.8660254037844387,1.2246467991473532e-16,-1.0,78.11800000000001,2.479861111111111,64.48,60.36,60.33,52.49,55.17,65.85,106.9,92.04,106.04,89.91,90.02,106.22,84.19,50.36,47.36,64.07,65.56,58.11,61.72333333333333,60.33,64.48,2.3873904861442563,58.468333333333334,52.49,64.48,4.170819663647211,56.0825,51.9,64.48,3.915254839029684,60.35166666666667,51.9,68.66,5.702799973366744
2026-06-30 11:18:43,Delhi,Delhi,"Anand Vihar, Delhi - DPCC",28.6139,77.209,67.87,113.96,20.37,10.73,2.51,60.36,31.82,62.09,3.04,52,1013.0,0.0,124,Moderate,PM25,11,30,1,6,2026,0,2,0.258819045102521,-0.9659258262890682,1.2246467991473532e-16,-1.0,96.7328,1.891834247410116,65.93,64.48,60.36,55.91,54.77,67.38,115.62,106.9,92.04,86.17,77.66,110.47,62.0,84.19,50.36,47.51,65.71,23.87,63.59,60.36,65.93,2.889688564534056,60.708333333333336,55.91,65.93,3.9194153475571327,56.979166666666664,51.9,65.93,4.815825159793163,60.355,51.9,68.66,5.706175906705008
2026-06-30 12:18:43,Delhi,Delhi,"Anand Vihar, Delhi - DPCC",28.6139,77.209,68.56,107.0,37.55,12.11,1.19,48.84,30.15,60.77,6.92,197,1009.5,3.6,127,Moderate,PM25,12,30,1,6,2026,0,2,1.2246467991473532e-16,-1.0,1.2246467991473532e-16,-1.0,208.63799999999998,1.9508828250401287,67.87,65.93,64.48,57.24,55.5,68.66,113.96,115.62,106.9,82.28,90.59,111.87,20.37,62.0,84.19,65.28,53.58,59.53,66.09333333333333,64.48,67.87,1.7008919228840997,62.701666666666675,57.24,67.87,4.03073897277739,58.070833333333326,51.9,67.87,5.677250388145375,60.375416666666666,51.9,68.66,5.733216700237652
2026-06-30 13:18:43,Delhi,Delhi,"Anand Vihar, Delhi - DPCC",28.6139,77.209,70.17,103.51,63.19,31.41,1.6,70.54,31.21,59.51,8.76,189,1011.2,0.0,132,Moderate,PM25,13,30,1,6,2026,0,2,-0.2588190451025208,-0.9659258262890683,1.2246467991473532e-16,-1.0,273.3996,1.8475628686743246,68.56,67.87,65.93,60.33,52.79,67.13,107.0,113.96,115.62,106.04,80.52,103.14,37.55,20.37,62.0,47.36,28.82,29.89,67.45333333333333,65.93,68.56,1.3636104037929753,64.58833333333334,60.33,68.56,3.5879655330934623,59.159166666666664,51.9,68.56,6.351397066549177,60.37125,51.9,68.56,5.7269669584762
2026-06-30 14:18:43,Delhi,Delhi,"Anand Vihar, Delhi - DPCC",28.6139,77.209,68.13,110.74,27.2,32.75,2.19,58.32,31.2,52.52,9.72,97,1010.8,0.0,125,Moderate,PM25,14,30,1,6,2026,0,2,-0.4999999999999997,-0.8660254037844388,1.2246467991473532e-16,-1.0,303.264,1.631055900621118,70.17,68.56,67.87,60.36,51.9,65.77,103.51,107.0,113.96,92.04,85.26,104.53,63.19,37.55,20.37,50.36,29.1,79.03,68.86666666666667,67.87,70.17,1.1802683310724427,66.22833333333334,60.36,70.17,3.500042380695804,60.607499999999995,51.9,70.17,6.7368918177180275,60.49791666666667,51.9,70.17,5.913533468215938
2026-06-30 15:18:43,Delhi,Delhi,"Anand Vihar, Delhi - DPCC",28.6139,77.209,67.98,114.62,55.61,32.18,1.88,54.99,32.08,51.44,9.07,29,1014.5,0.0,125,Moderate,PM25,15,30,1,6,2026,0,2,-0.7071067811865471,-0.7071067811865479,1.2246467991473532e-16,-1.0,290.9656,1.5550181378476422,68.13,70.17,68.56,64.48,52.05,68.06,110.74,103.51,107.0,106.9,90.08,108.08,27.2,63.19,37.55,84.19,62.54,46.85,68.95333333333333,68.13,70.17,1.075375903269429,67.52333333333334,64.48,70.17,2.018332645196727,61.96,52.05,70.17,6.4530415661566245,60.59625,51.9,70.17,6.023609211658944
2026-06-30 16:18:43,Delhi,Delhi,"Anand Vihar, Delhi - DPCC",28.6139,77.209,66.99,117.0,54.31,32.49,2.67,46.13,31.15,52.66,9.71,243,1008.8,8.7,121,Moderate,PM25,16,30,1,6,2026,0,2,-0.8660254037844384,-0.5000000000000004,1.2246467991473532e-16,-1.0,302.4665,1.6379471228615863,67.98,68.13,70.17,65.93,52.49,66.24,114.62,110.74,103.51,115.62,89.91,93.91,55.61,27.2,63.19,62.0,64.07,36.67,68.76,67.98,70.17,1.2233969102458861,68.10666666666667,65.93,70.17,1.3618614711735009,63.2875,52.49,70.17,5.838309414392272,60.59291666666667,51.9,70.17,6.019319966766903
2026-06-30 17:18:43,Delhi,Delhi,"Anand Vihar, Delhi - DPCC",28.6139,77.209,64.48,96.83,72.53,12.94,1.21,29.06,32.54,54.54,10.6,96,1011.3,0.0,113,Moderate,PM25,17,30,1,6,2026,0,2,-0.9659258262890683,-0.25881904510252063,1.2246467991473532e-16,-1.0,344.924,1.6261180679785332,66.99,67.98,68.13,67.87,55.91,64.78,117.0,114.62,110.74,113.96,86.17,114.78,54.31,55.61,27.2,20.37,47.51,29.91,67.7,66.99,68.13,0.6194352266371913,68.28333333333333,66.99,70.17,1.0578405676976397,64.49583333333334,55.91,70.17,4.810462949434113,60.62416666666667,51.9,70.17,6.051771509714902
2026-06-30 18:18:43,Delhi,Delhi,"Anand Vihar, Delhi - DPCC",28.6139,77.209,60.06,104.88,48.56,11.0,2.0,34.27,30.61,57.98,8.51,149,1013.0,0.0,210,Poor,PM25,18,30,1,6,2026,0,2,-1.0,-1.8369701987210297e-16,1.2246467991473532e-16,-1.0,260.49109999999996,1.8342296741537487,64.48,66.99,67.98,68.56,57.24,64.19,96.83,117.0,114.62,107.0,82.28,90.91,72.53,54.31,55.61,37.55,65.28,72.3,66.48333333333333,64.48,67.98,1.8041710931428452,67.71833333333333,64.48,70.17,1.8960107243016435,65.21,57.24,70.17,3.9853071057664113,60.61166666666667,51.9,70.17,6.043118016580407
2026-06-30 19:18:43,Delhi,Delhi,"Anand Vihar, Delhi - DPCC",28.6139,77.209,59.33,98.43,82.77,28.36,1.18,14.05,29.94,62.91,9.85,168,1012.1,1.1,103,Moderate,NO2,19,30,1,6,2026,0,2,-0.9659258262890684,0.2588190451025203,1.2246467991473532e-16,-1.0,294.909,2.033290239172592,60.06,64.48,66.99,70.17,60.33,60.36,104.88,96.83,117.0,103.51,106.04,102.62,48.56,72.53,54.31,63.19,47.36,59.76,63.843333333333334,60.06,66.99,3.508594210411323,66.30166666666666,60.06,70.17,3.574193149043121,65.445,60.06,70.17,3.5297218535793826,60.43958333333333,51.9,70.17,5.995405834736151
2026-06-30 20:18:43,Delhi,Delhi,"Anand Vihar, Delhi - DPCC",28.6139,77.209,59.17,101.35,67.63,10.7,2.61,0.47,27.85,69.06,10.09,11,1013.2,0.0,107,Moderate,CO,20,30,1,6,2026,0,2,-0.8660254037844386,0.5000000000000001,1.2246467991473532e-16,-1.0,281.0065,2.3937608318890815,59.33,60.06,64.48,68.13,60.36,59.39,98.43,104.88,96.83,110.74,92.04,100.75,82.77,48.56,72.53,27.2,50.36,66.8,61.29,59.33,64.48,2.786628787621014,64.49499999999999,59.33,68.13,3.947914639401418,65.36166666666666,59.33,70.17,3.67045905807015,60.396666666666675,51.9,70.17,5.9996852574452335
2026-06-30 21:18:43,Delhi,Delhi,"Anand Vihar, Delhi - DPCC",28.6139,77.209,57.35,96.92,72.66,9.12,1.47,5.74,25.67,69.91,8.84,79,1008.9,0.0,97,Satisfactory,PM10,21,30,1,6,2026,0,2,-0.7071067811865477,0.7071067811865474,1.2246467991473532e-16,-1.0,226.92280000000002,2.6212973378327704,59.17,59.33,60.06,67.98,64.48,57.64,101.35,98.43,104.88,114.62,106.9,99.52,67.63,82.77,48.56,55.61,84.19,24.04,59.52,59.17,60.06,0.4744470465688169,63.001666666666665,59.17,67.98,3.9922996714508563,65.2625,59.17,70.17,3.8304643084332914,60.387499999999996,51.9,70.17,6.00145797503297
2026-06-30 22:18:43,Delhi,Delhi,"Anand Vihar, Delhi - DPCC",28.6139,77.209,55.13,85.61,42.06,12.91,1.56,0.0,23.13,85.2,7.26,80,1012.5,0.0,92,Satisfactory,PM25,22,30,1,6,2026,0,2,-0.5000000000000004,0.8660254037844384,1.2246467991473532e-16,-1.0,167.9238,3.5308744301699133,57.35,59.17,59.33,66.99,65.93,55.17,96.92,101.35,98.43,117.0,115.62,90.02,72.66,67.63,82.77,54.31,62.0,65.56,58.61666666666667,57.35,59.33,1.0998787811986601,61.23,57.35,66.99,3.688278731332522,64.66833333333334,57.35,70.17,4.463549002416041,60.375416666666666,51.9,70.17,6.007519186433132
2026-06-30 23:18:43,Delhi,Delhi,"Anand Vihar, Delhi - DPCC",28.6139,77.209,56.45,91.42,72.76,26.24,1.8,0.74,22.18,82.84,8.72,74,1009.1,0.0,94,Satisfactory,PM25,23,30,1,6,2026,0,2,-0.25881904510252157,0.9659258262890681,1.2246467991473532e-16,-1.0,193.4096,3.5737704918032787,55.13,57.35,59.17,64.48,67.87,54.77,85.61,96.92,101.35,96.83,113.96,77.66,42.06,72.66,67.63,72.53,20.37,65.71,57.21666666666667,55.13,59.17,2.0232976383445953,59.25333333333334,55.13,64.48,3.1178881741759774,63.768333333333324,55.13,70.17,5.2120835710409255,60.37375,51.9,70.17,6.009031472636028
2026-07-01 00:18:43,Delhi,Delhi,"Anand Vihar, Delhi - DPCC",28.6139,77.209,55.84,91.66,48.4,9.61,2.08,29.56,19.57,98.0,7.15,232,1011.9,0.0,202,Poor,CO,0,1,2,7,2026,0,2,0.0,1.0,-0.4999999999999997,-0.8660254037844388,139.9255,4.76421973748177,56.45,55.13,57.35,60.06,68.56,55.5,91.42,85.61,96.92,104.88,107.0,90.59,72.76,42.06,72.66,48.56,37.55,53.58,56.31,55.13,57.35,1.1166019881754328,57.915,55.13,60.06,1.918330002893056,62.81666666666666,55.13,70.17,5.432982327386734,60.44375,51.9,70.17,5.950413805486272
2026-07-01 01:18:43,Delhi,Delhi,"Anand Vihar, Delhi - DPCC",28.6139,77.209,56.0,92.28,73.76,30.87,1.29,21.91,16.77,96.71,6.03,326,1009.1,0.0,93,Satisfactory,PM25,1,1,2,7,2026,0,2,0.25881904510252074,0.9659258262890683,-0.4999999999999997,-0.8660254037844388,101.12310000000001,5.442318514350028,55.84,56.45,55.13,59.33,70.17,52.79,91.66,91.42,85.61,98.43,103.51,80.52,48.4,72.76,42.06,82.77,63.19,28.82,55.80666666666667,55.13,56.45,0.6606310114811292,57.211666666666666,55.13,59.33,1.7399128330655818,61.75666666666667,55.13,70.17,5.451397374374112,60.45791666666667,51.9,70.17,5.938524907728351
2026-07-01 02:18:43,Delhi,Delhi,"Anand Vihar, Delhi - DPCC",28.6139,77.209,57.15,92.33,23.64,26.63,2.12,38.27,15.92,94.44,4.48,16,1010.9,0.0,101,Moderate,CO,2,1,2,7,2026,0,2,0.49999999999999994,0.8660254037844387,-0.4999999999999997,-0.8660254037844388,71.3216,5.581560283687943,56.0,55.84,56.45,59.17,68.13,51.9,92.28,91.66,91.42,101.35,110.74,85.26,73.76,48.4,72.76,67.63,27.2,29.1,56.09666666666667,55.84,56.45,0.3162804662489073,56.65666666666667,55.13,59.17,1.4331178132541205,60.57583333333334,55.13,68.13,4.977382405045876,60.59166666666667,51.9,70.17,5.7926735335824455
2026-07-01 03:18:43,Delhi,Delhi,"Anand Vihar, Delhi - DPCC",28.6139,77.209,56.19,100.0,77.74,24.76,2.64,34.02,18.88,96.08,3.96,165,1011.9,0.0,108,Moderate,CO,3,1,2,7,2026,0,2,0.7071067811865475,0.7071067811865476,-0.4999999999999997,-0.8660254037844388,74.7648,4.832997987927565,57.15,56.0,55.84,57.35,67.98,52.05,92.33,92.28,91.66,96.92,114.62,90.08,23.64,73.76,48.4,72.66,55.61,62.54,56.330000000000005,55.84,57.15,0.7146327728262479,56.32,55.13,57.35,0.838522510132904,59.660833333333336,55.13,67.98,4.442991331265083,60.81041666666667,52.05,70.17,5.543966935693055
2026-07-01 04:18:43,Delhi,Delhi,"Anand Vihar, Delhi - DPCC",28.6139,77.209,57.78,96.47,28.22,34.86,1.76,24.8,17.21,96.86,3.5,229,1011.5,0.0,96,Satisfactory,PM10,4,1,2,7,2026,0,2,0.8660254037844386,0.5000000000000001,-0.4999999999999997,-0.8660254037844388,60.235,5.319055464030752,56.19,57.15,56.0,55.13,66.99,52.49,100.0,92.33,92.28,85.61,117.0,89.91,77.74,23.64,73.76,42.06,54.31,64.07,56.446666666666665,56.0,57.15,0.6164684366053859,56.126666666666665,55.13,57.15,0.6704227521991201,58.678333333333335,55.13,66.99,3.6729523258379655,60.982916666666675,52.49,70.17,5.319395584468017
2026-07-01 05:18:43,Delhi,Delhi,"Anand Vihar, Delhi - DPCC",28.6139,77.209,58.44,86.94,47.54,32.82,0.99,20.35,19.01,98.0,3.78,127,1012.9,0.0,97,Satisfactory,PM25,5,1,2,7,2026,0,2,0.9659258262890683,0.25881904510252074,-0.4999999999999997,-0.8660254037844388,71.8578,4.897551224387806,57.78,56.19,57.15,56.45,64.48,55.91,96.47,100.0,92.33,91.42,96.83,86.17,28.22,77.74,23.64,72.76,72.53,47.51,57.04,56.19,57.78,0.8006872048418517,56.56833333333333,55.84,57.78,0.7506108623423111,57.910833333333336,55.13,64.48,2.577011864837824,61.20333333333334,55.13,70.17,5.055218282533192
2026-07-01 06:18:43,Delhi,Delhi,"Anand Vihar, Delhi - DPCC",28.6139,77.209,60.63,103.63,38.6,14.27,1.61,34.53,18.87,93.6,4.08,300,1013.5,0.0,211,Poor,PM25,6,1,2,7,2026,0,2,1.0,6.123233995736766e-17,-0.4999999999999997,-0.8660254037844388,76.98960000000001,4.710619023653749,58.44,57.78,56.19,55.84,60.06,57.24,86.94,96.47,100.0,91.66,104.88,82.28,47.54,28.22,77.74,48.4,48.56,65.28,57.47,56.19,58.44,1.1565898149290135,56.9,55.84,58.44,1.0626570472168415,57.4075,55.13,60.06,1.570663582982961,61.30875,55.13,70.17,4.965622087653386
2026-07-01 07:18:43,Delhi,Delhi,"Anand Vihar, Delhi - DPCC",28.6139,77.209,63.22,89.67,68.48,12.8,1.73,35.21,21.35,84.97,1.41,144,1014.3,13.6,109,Moderate,PM25,7,1,2,7,2026,0,2,0.9659258262890683,-0.25881904510252063,-0.4999999999999997,-0.8660254037844388,30.1035,3.801789709172259,60.63,58.44,57.78,56.0,59.33,60.33,103.63,86.94,96.47,92.28,98.43,106.04,38.6,47.54,28.22,73.76,82.77,47.36,58.949999999999996,57.78,60.63,1.4918780110980194,57.69833333333332,56.0,60.63,1.7094726282296338,57.45499999999999,55.13,60.63,1.6640175916901616,61.449999999999996,55.13,70.17,4.892529353847633
2026-07-01 08:18:43,Delhi,Delhi,"Anand Vihar, Delhi - DPCC",28.6139,77.209,64.04,102.79,63.89,25.16,1.3,15.82,23.85,81.22,2.03,99,1012.4,0.0,111,Moderate,PM25,8,1,2,7,2026,0,2,0.8660254037844387,-0.4999999999999998,-0.4999999999999997,-0.8660254037844388,48.4155,3.26841046277666,63.22,60.63,58.44,57.15,59.17,60.36,89.67,103.63,86.94,92.33,101.35,92.04,68.48,38.6,47.54,23.64,67.63,50.36,60.76333333333333,58.44,63.22,2.39278777440278,58.901666666666664,56.19,63.22,2.589512824194235,57.77916666666667,55.13,63.22,2.314324791904544,61.57041666666667,55.13,70.17,4.899325134685611
2026-07-01 09:18:43,Delhi,Delhi,"Anand Vihar, Delhi - DPCC",28.6139,77.209,66.41,104.02,85.84,32.36,3.03,50.17,22.13,72.59,4.79,344,1009.0,0.0,125,Moderate,O3,9,1,2,7,2026,0,2,0.7071067811865476,-0.7071067811865475,-0.4999999999999997,-0.8660254037844388,106.00269999999999,3.1383484651967146,64.04,63.22,60.63,56.19,57.35,64.48,102.79,89.67,103.63,100.0,96.92,106.9,63.89,68.48,38.6,77.74,72.66,84.19,62.629999999999995,60.63,64.04,1.7799157283417617,60.050000000000004,56.19,64.04,3.1288975694323713,58.185,55.13,64.04,2.926435933473862,61.723749999999995,55.13,70.17,4.917348890275686
2026-07-01 10:18:43,Delhi,Delhi,"Anand Vihar, Delhi - DPCC",28.6139,77.209,66.57,112.35,53.8,19.54,1.32,56.56,24.88,67.88,2.83,325,1013.9,0.0,120,Moderate,PM25,10,1,2,7,2026,0,2,0.49999999999999994,-0.8660254037844387,-0.4999999999999997,-0.8660254037844388,70.4104,2.6228748068006182,66.41,64.04,63.22,57.78,55.13,65.93,104.02,102.79,89.67,96.47,85.61,115.62,85.84,63.89,68.48,28.22,42.06,62.0,64.55666666666667,63.22,66.41,1.6565727672915636,61.75333333333333,57.78,66.41,3.3791103365629427,58.940000000000005,55.13,66.41,3.745511252880476,61.80416666666667,55.13,70.17,4.979768561643813
2026-07-01 11:18:43,Delhi,Delhi,"Anand Vihar, Delhi - DPCC",28.6139,77.209,67.89,119.19,52.67,13.52,1.16,50.71,29.81,61.21,5.59,228,1010.6,0.0,126,Moderate,O3,11,1,2,7,2026,0,2,0.258819045102521,-0.9659258262890682,-0.4999999999999997,-0.8660254037844388,166.6379,1.9866926322622527,66.57,66.41,64.04,58.44,56.45,67.87,112.35,104.02,102.79,86.94,91.42,113.96,53.8,85.84,63.89,47.54,72.76,20.37,65.67333333333333,64.04,66.57,1.416768623781666,63.218333333333334,58.44,66.57,3.2133310857530026,59.89333333333334,55.84,66.57,4.1243409023488296,61.83083333333334,55.13,70.17,5.00447531599524
2026-07-01 12:18:43,Delhi,Delhi,"Anand Vihar, Delhi - DPCC",28.6139,77.209,67.94,97.7,69.6,9.29,2.2,67.63,32.21,60.5,5.78,185,1011.2,4.7,125,Moderate,PM25,12,1,2,7,2026,0,2,1.2246467991473532e-16,-1.0,-0.4999999999999997,-0.8660254037844388,186.1738,1.8217404396266184,67.89,66.57,66.41,60.63,55.84,68.56,119.19,112.35,104.02,103.63,91.66,107.0,52.67,53.8,85.84,38.6,48.4,37.55,66.95666666666666,66.41,67.89,0.8122397018937442,64.79333333333334,60.63,67.89,2.6734147951013187,60.846666666666664,55.84,67.89,4.555676445796774,61.83166666666667,55.13,70.17,5.005526221449953
2026-07-01 13:18:43,Delhi,Delhi,"Anand Vihar, Delhi - DPCC",28.6139,77.209,67.67,109.53,51.92,23.94,0.73,59.05,32.93,50.75,8.5,73,1008.1,0.0,124,Moderate,PM25,13,1,2,7,2026,0,2,-0.2588190451025208,-0.9659258262890683,-0.4999999999999997,-0.8660254037844388,279.905,1.4957264957264957,67.94,67.89,66.57,63.22,56.0,70.17,97.7,119.19,112.35,89.67,92.28,103.51,69.6,52.67,53.8,68.48,73.76,63.19,67.46666666666665,66.57,67.94,0.7769384359989745,66.01166666666667,63.22,67.94,1.9696640999588373,61.855,56.0,67.94,4.684053217615504,61.80583333333333,55.13,70.17,4.970771015924338
2026-07-01 14:18:43,Delhi,Delhi,"Anand Vihar, Delhi - DPCC",28.6139,77.209,66.59,112.72,58.44,19.23,2.27,63.53,31.28,48.29,7.11,45,1010.4,0.0,120,Moderate,PM25,14,1,2,7,2026,0,2,-0.4999999999999997,-0.8660254037844388,-0.4999999999999997,-0.8660254037844388,222.40080000000003,1.4959727385377941,67.67,67.94,67.89,64.04,57.15,68.13,109.53,97.7,119.19,102.79,92.33,110.74,51.92,69.6,52.67,63.89,23.64,27.2,67.83333333333333,67.67,67.94,0.14364307617354108,66.75333333333333,64.04,67.94,1.486884886824353,62.82749999999999,56.19,67.94,4.567951848575975,61.70166666666666,55.13,68.13,4.811515775508885
2026-07-01 15:18:43,Delhi,Delhi,"Anand Vihar, Delhi - DPCC",28.6139,77.209,64.35,109.72,52.55,12.04,1.44,53.68,32.3,50.4,6.7,96,1012.4,0.0,112,Moderate,PM25,15,1,2,7,2026,0,2,-0.7071067811865471,-0.7071067811865479,-0.4999999999999997,-0.8660254037844388,216.41,1.5135135135135136,66.59,67.67,67.94,66.41,56.19,67.98,112.72,109.53,97.7,104.02,100.0,114.62,58.44,51.92,69.6,85.84,77.74,55.61,67.39999999999999,66.59,67.94,0.7143528539868644,67.17833333333333,66.41,67.94,0.7259315853898904,63.61416666666667,56.19,67.94,4.30669976650189,61.637499999999996,55.13,67.98,4.731665990270035
2026-07-01 16:18:43,Delhi,Delhi,"Anand Vihar, Delhi - DPCC",28.6139,77.209,64.25,106.19,27.8,23.12,2.32,53.28,32.51,47.23,9.69,64,1008.7,0.0,112,Moderate,PM25,16,1,2,7,2026,0,2,-0.8660254037844384,-0.5000000000000004,-0.4999999999999997,-0.8660254037844388,315.02189999999996,1.4094300208892867,64.35,66.59,67.67,66.57,57.78,66.99,109.72,112.72,109.53,112.35,96.47,117.0,52.55,58.44,51.92,53.8,28.22,54.31,66.20333333333333,64.35,67.67,1.6934383169552747,66.835,64.35,67.94,1.3665101536395599,64.29416666666667,57.78,67.94,3.6168631771776742,61.486250000000005,55.13,67.94,4.575552057449968
2026-07-01 17:18:43,Delhi,Delhi,"Anand Vihar, Delhi - DPCC",28.6139,77.209,62.66,88.5,23.11,11.84,1.07,42.44,33.34,55.56,12.08,156,1011.8,0.0,195,Moderate,CO,17,1,2,7,2026,0,2,-0.9659258262890683,-0.25881904510252063,-0.4999999999999997,-0.8660254037844388,402.7472,1.6179382644146767,64.25,64.35,66.59,67.89,58.44,64.48,106.19,109.72,112.72,119.19,86.94,96.83,27.8,52.55,58.44,52.67,47.54,72.53,65.06333333333333,64.25,66.59,1.3230772212278896,66.44833333333334,64.25,67.94,1.735032180297147,64.83333333333333,58.44,67.94,2.984472949764886,61.372083333333336,55.13,67.94,4.465105265974335
2026-07-01 18:18:43,Delhi,Delhi,"Anand Vihar, Delhi - DPCC",28.6139,77.209,62.97,97.91,74.39,8.43,2.32,18.11,25.58,58.78,12.37,303,1008.7,0.0,108,Moderate,PM25,18,1,2,7,2026,0,2,-1.0,-1.8369701987210297e-16,-0.4999999999999997,-0.8660254037844388,316.42459999999994,2.211437170805117,62.66,64.25,64.35,67.94,60.63,60.06,88.5,106.19,109.72,97.7,103.63,104.88,23.11,27.8,52.55,69.6,38.6,48.56,63.75333333333333,62.66,64.35,0.9481736831044624,65.57666666666667,62.66,67.94,2.1338197362164046,65.185,60.63,67.94,2.3421532439576502,61.29624999999999,55.13,67.94,4.42530452157764
2026-07-01 19:18:43,Delhi,Delhi,"Anand Vihar, Delhi - DPCC",28.6139,77.209,63.59,102.62,67.44,19.6,1.78,16.24,29.01,63.76,9.91,291,1012.7,0.0,110,Moderate,PM25,19,1,2,7,2026,0,2,-0.9659258262890684,0.2588190451025203,-0.4999999999999997,-0.8660254037844388,287.4891,2.124625124958347,62.97,62.66,64.25,67.67,63.22,59.33,97.91,88.5,106.19,109.53,89.67,98.43,74.39,23.11,27.8,51.92,68.48,82.77,63.29333333333333,62.66,64.25,0.8428720741202693,64.74833333333332,62.66,67.67,1.9929116053319138,65.38000000000001,62.66,67.94,2.0010088364712164,61.4175,55.13,67.94,4.429823089999815
2026-07-01 20:18:43,Delhi,Delhi,"Anand Vihar, Delhi - DPCC",28.6139,77.209,62.75,100.44,39.25,16.45,3.16,15.69,26.23,68.61,10.12,89,1009.1,0.0,114,Moderate,CO,20,1,2,7,2026,0,2,-0.8660254037844386,0.5000000000000001,-0.4999999999999997,-0.8660254037844388,265.44759999999997,2.5196474476680133,63.59,62.97,62.66,66.59,64.04,59.17,102.62,97.91,88.5,112.72,102.79,101.35,67.44,74.39,23.11,58.44,63.89,67.63,63.07333333333333,62.66,63.59,0.47353282181044976,64.06833333333334,62.66,66.59,1.4063913632650782,65.41083333333333,62.66,67.94,1.9672660232058428,61.595,55.13,67.94,4.427888887494791
2026-07-01 21:18:43,Delhi,Delhi,"Anand Vihar, Delhi - DPCC",28.6139,77.209,60.64,89.54,44.7,33.24,1.55,8.63,24.64,70.71,10.22,128,1008.6,0.0,211,Poor,PM25,21,1,2,7,2026,0,2,-0.7071067811865477,0.7071067811865474,-0.4999999999999997,-0.8660254037844388,251.82080000000002,2.7578003120124803,62.75,63.59,62.97,64.35,66.41,57.35,100.44,102.62,97.91,109.72,104.02,96.92,39.25,67.44,74.39,52.55,85.84,72.66,63.10333333333333,62.75,63.59,0.4355838993027301,63.428333333333335,62.66,64.35,0.7498377602298997,65.30333333333333,62.66,67.94,2.08094529801551,61.74416666666667,55.13,67.94,4.40287447279482
2026-07-01 22:18:43,Delhi,Delhi,"Anand Vihar, Delhi - DPCC",28.6139,77.209,58.22,86.3,42.89,34.52,2.33,0.05,23.25,82.26,7.96,282,1012.2,0.0,104,Moderate,CO,22,1,2,7,2026,0,2,-0.5000000000000004,0.8660254037844384,-0.4999999999999997,-0.8660254037844388,185.07,3.3921649484536083,60.64,62.75,63.59,64.25,66.57,55.13,89.54,100.44,102.62,106.19,112.35,85.61,44.7,39.25,67.44,27.8,53.8,42.06,62.326666666666675,60.64,63.59,1.519879381178533,62.81,60.64,64.25,1.2200491793366033,64.82249999999999,60.64,67.94,2.4379802557182972,61.881249999999994,55.13,67.94,4.310358920291788
2026-07-01 23:18:43,Delhi,Delhi,"Anand Vihar, Delhi - DPCC",28.6139,77.209,57.33,101.25,20.69,20.15,2.75,0.0,20.75,88.66,7.59,199,1009.3,0.0,109,Moderate,CO,23,1,2,7,2026,0,2,-0.25881904510252157,0.9659258262890681,-0.4999999999999997,-0.8660254037844388,157.4925,4.076321839080459,58.22,60.64,62.75,62.66,67.89,56.45,86.3,89.54,100.44,88.5,119.19,91.42,42.89,44.7,39.25,23.11,52.67,72.76,60.53666666666667,58.22,62.75,2.2667671546348425,61.80500000000001,58.22,63.59,2.018759520101368,64.12666666666667,58.22,67.94,3.016775320326802,62.01,55.84,67.94,4.1428251230289534
2026-07-02 00:18:43,Delhi,Delhi,"Anand Vihar, Delhi - DPCC",28.6139,77.209,56.34,80.54,56.33,21.95,2.23,30.77,17.18,98.0,7.23,51,1012.2,0.0,103,Moderate,CO,0,2,3,7,2026,0,2,0.0,1.0,-0.4999999999999997,-0.8660254037844388,124.21140000000001,5.390539053905391,57.33,58.22,60.64,62.97,67.94,55.84,101.25,86.3,89.54,97.91,97.7,91.66,20.69,42.89,44.7,74.39,69.6,48.4,58.73,57.33,60.64,1.7129214809785418,60.916666666666664,57.33,63.59,2.6433589742345927,63.24666666666667,57.33,67.94,3.3418757208090337,62.04666666666666,55.84,67.94,4.095095334311682
2026-07-02 01:18:43,Delhi,Delhi,"Anand Vihar, Delhi - DPCC",28.6139,77.209,57.74,91.41,25.53,22.94,2.01,32.59,17.13,98.0,2.46,162,1012.7,0.0,201,Poor,CO,1,2,3,7,2026,0,2,0.25881904510252074,0.9659258262890683,-0.4999999999999997,-0.8660254037844388,42.139799999999994,5.405405405405405,56.34,57.33,58.22,63.59,67.67,56.0,80.54,101.25,86.3,102.62,109.53,92.28,56.33,20.69,42.89,67.44,51.92,73.76,57.29666666666666,56.34,58.22,0.9404431579477961,59.81166666666667,56.34,63.59,2.9779282507586586,62.28,56.34,67.67,3.5331006212673297,62.0675,56.0,67.94,4.063295139576279
2026-07-02 02:18:43,Delhi,Delhi,"Anand Vihar, Delhi - DPCC",28.6139,77.209,55.16,77.27,30.44,11.16,1.59,30.31,17.53,94.81,6.65,18,1012.4,0.0,92,Satisfactory,PM25,2,2,3,7,2026,0,2,0.49999999999999994,0.8660254037844387,-0.4999999999999997,-0.8660254037844388,116.57450000000001,5.116567728008635,57.74,56.34,57.33,62.75,66.59,57.15,91.41,80.54,101.25,100.44,112.72,92.33,25.53,56.33,20.69,39.25,58.44,23.64,57.13666666666666,56.34,57.74,0.7197453253275102,58.836666666666666,56.34,62.75,2.393847669895995,61.45250000000001,56.34,66.59,3.3118688077880765,62.14000000000001,56.19,67.94,3.964653611713062
2026-07-02 03:18:43,Delhi,Delhi,"Anand Vihar, Delhi - DPCC",28.6139,77.209,55.42,98.42,33.23,27.59,1.96,33.49,18.08,98.0,2.0,179,1013.2,0.0,98,Satisfactory,PM10,3,2,3,7,2026,0,2,0.7071067811865475,0.7071067811865476,-0.4999999999999997,-0.8660254037844388,36.16,5.136268343815514,55.16,57.74,56.34,60.64,64.35,56.19,77.27,91.41,80.54,89.54,109.72,100.0,30.44,25.53,56.33,44.7,52.55,77.74,56.413333333333334,55.16,57.74,1.2915623613789198,57.571666666666665,55.16,60.64,1.8576804533251785,60.5,55.16,64.35,3.3434848450517243,62.05708333333333,55.16,67.94,4.0923061205215125
2026-07-02 04:18:43,Delhi,Delhi,"Anand Vihar, Delhi - DPCC",28.6139,77.209,56.4,97.4,50.76,19.84,2.79,20.73,17.72,98.0,3.85,252,1009.4,0.0,110,Moderate,CO,4,2,3,7,2026,0,2,0.8660254037844386,0.5000000000000001,-0.4999999999999997,-0.8660254037844388,68.222,5.235042735042735,55.42,55.16,57.74,58.22,64.25,57.78,98.42,77.27,91.41,86.3,106.19,96.47,33.23,30.44,25.53,42.89,27.8,28.22,56.10666666666666,55.16,57.74,1.420469405981924,56.70166666666666,55.16,58.22,1.2592444824840052,59.75583333333333,55.16,64.25,3.401955208762147,62.025,55.16,67.94,4.1430077291115595
2026-07-02 05:18:43,Delhi,Delhi,"Anand Vihar, Delhi - DPCC",28.6139,77.209,56.07,83.33,55.83,24.06,1.42,23.33,15.26,95.84,3.98,177,1010.0,0.0,93,Satisfactory,PM25,5,2,3,7,2026,0,2,0.9659258262890683,0.25881904510252074,-0.4999999999999997,-0.8660254037844388,60.7348,5.894218942189423,56.4,55.42,55.16,57.33,62.66,58.44,97.4,98.42,77.27,101.25,88.5,86.94,50.76,33.23,30.44,20.69,23.11,47.54,55.66,55.16,56.4,0.6539113089687539,56.39833333333334,55.16,57.74,1.0160790651649116,59.10166666666666,55.16,63.59,3.208442933979929,61.9675,55.16,67.94,4.21346212080732
2026-07-02 06:18:43,Delhi,Delhi,"Anand Vihar, Delhi - DPCC",28.6139,77.209,57.75,86.7,79.26,15.87,2.3,25.69,15.61,94.47,1.62,120,1014.1,0.0,104,Moderate,CO,6,2,3,7,2026,0,2,1.0,6.123233995736766e-17,-0.4999999999999997,-0.8660254037844388,25.2882,5.687537627934979,56.07,56.4,55.42,56.34,62.97,60.63,83.33,97.4,98.42,80.54,97.91,103.63,55.83,50.76,33.23,56.33,74.39,38.6,55.96333333333333,55.42,56.4,0.4986314604300525,56.18833333333333,55.16,57.74,0.9096464514669391,58.5525,55.16,63.59,3.106377969743666,61.86875,55.16,67.94,4.325999570343085
2026-07-02 07:18:43,Delhi,Delhi,"Anand Vihar, Delhi - DPCC",28.6139,77.209,58.62,102.56,58.28,30.51,1.7,28.38,23.04,88.65,1.92,150,1011.5,0.0,102,Moderate,PM10,7,2,3,7,2026,0,2,0.9659258262890683,-0.25881904510252063,-0.4999999999999997,-0.8660254037844388,44.236799999999995,3.6876039933444265,57.75,56.07,56.4,57.74,63.59,63.22,86.7,83.33,97.4,91.41,102.62,89.67,79.26,55.83,50.76,25.53,67.44,68.48,56.74,56.07,57.75,0.8901123524574854,56.42333333333334,55.16,57.75,1.1155028761354242,58.1175,55.16,63.59,2.7798696012582496,61.74875,55.16,67.94,4.401147392392701
2026-07-02 08:18:43,Delhi,Delhi,"Anand Vihar, Delhi - DPCC",28.6139,77.209,58.59,95.86,59.46,20.68,1.16,20.25,23.57,84.41,1.53,4,1010.9,0.0,98,Satisfactory,PM25,8,2,3,7,2026,0,2,0.8660254037844387,-0.4999999999999998,-0.4999999999999997,-0.8660254037844388,36.0621,3.4354904354904354,58.62,57.75,56.07,55.16,62.75,64.04,102.56,86.7,83.33,77.27,100.44,102.79,58.28,79.26,55.83,30.44,39.25,63.89,57.48,56.07,58.62,1.2962638620271392,56.57,55.16,58.62,1.3553154614331446,57.70333333333334,55.16,62.75,2.200212110986811,61.55708333333333,55.16,67.94,4.434328025330529
2026-07-02 09:18:43,Delhi,Delhi,"Anand Vihar, Delhi - DPCC",28.6139,77.209,60.34,103.46,91.55,28.16,2.69,46.48,23.49,79.08,3.31,2,1014.5,0.0,210,Poor,PM25,9,2,3,7,2026,0,2,0.7071067811865476,-0.7071067811865475,-0.4999999999999997,-0.8660254037844388,77.75189999999999,3.2290730910575745,58.59,58.62,57.75,55.42,60.64,66.41,95.86,102.56,86.7,98.42,89.54,104.02,59.46,58.28,79.26,33.23,44.7,85.84,58.32,57.75,58.62,0.49386232899225346,57.14166666666666,55.42,58.62,1.3649822953673887,57.356666666666676,55.16,60.64,1.5703348417300151,61.330000000000005,55.16,67.94,4.441191575320244
2026-07-02 10:18:43,Delhi,Delhi,"Anand Vihar, Delhi - DPCC",28.6139,77.209,59.9,101.65,24.6,31.56,2.42,40.97,27.6,70.21,5.41,227,1010.6,0.0,105,Moderate,CO,10,2,3,7,2026,0,2,0.49999999999999994,-0.8660254037844387,-0.4999999999999997,-0.8660254037844388,149.316,2.4548951048951047,60.34,58.59,58.62,56.4,58.22,66.57,103.46,95.86,102.56,97.4,86.3,112.35,91.55,59.46,58.28,50.76,42.89,53.8,59.18333333333334,58.59,60.34,1.0018150195176412,57.96166666666667,56.07,60.34,1.5840885917985958,57.33166666666667,55.16,60.34,1.5147146946076426,61.07708333333333,55.16,67.94,4.3102239215176565
2026-07-02 11:18:43,Delhi,Delhi,"Anand Vihar, Delhi - DPCC",28.6139,77.209,60.54,106.64,24.66,30.38,1.37,56.36,27.36,63.35,5.79,124,1011.2,0.0,210,Poor,PM25,11,2,3,7,2026,0,2,0.258819045102521,-0.9659258262890682,-0.4999999999999997,-0.8660254037844388,158.4144,2.233779971791255,59.9,60.34,58.59,56.07,57.33,67.89,101.65,103.46,95.86,83.33,101.25,119.19,24.6,91.55,59.46,55.83,20.69,52.67,59.61000000000001,58.59,60.34,0.9103296106344481,58.544999999999995,56.07,60.34,1.5377483539252492,57.47166666666667,55.16,60.34,1.673590768558961,60.79916666666667,55.16,67.94,4.152811427650315
2026-07-02 12:18:43,Delhi,Delhi,"Anand Vihar, Delhi - DPCC",28.6139,77.209,59.04,99.7,43.09,21.21,1.55,66.8,29.06,57.62,8.18,284,1010.1,0.0,100,Satisfactory,PM10,12,2,3,7,2026,0,2,1.2246467991473532e-16,-1.0,-0.4999999999999997,-0.8660254037844388,237.71079999999998,1.916833000665336,60.54,59.9,60.34,57.75,56.34,67.94,106.64,101.65,103.46,86.7,80.54,97.7,24.66,24.6,91.55,79.26,56.33,69.6,60.26,59.9,60.54,0.32741411087181815,59.29,57.75,60.54,1.1267297812696035,57.73916666666667,55.16,60.54,1.8912692146873085,60.492916666666666,55.16,67.94,3.8684380390951976
2026-07-02 13:18:43,Delhi,Delhi,"Anand Vihar, Delhi - DPCC",28.6139,77.209,59.11,100.08,72.9,11.28,2.0,64.55,29.25,52.58,7.03,111,1009.2,0.0,100,Satisfactory,CO,13,2,3,7,2026,0,2,-0.2588190451025208,-0.9659258262890683,-0.4999999999999997,-0.8660254037844388,205.6275,1.738181818181818,59.04,60.54,59.9,58.62,57.74,67.67,99.7,106.64,101.65,102.56,91.41,109.53,43.09,24.66,24.6,58.28,25.53,51.92,59.82666666666666,59.04,60.54,0.7526840860090264,59.504999999999995,58.59,60.54,0.8673119392697534,57.964166666666664,55.16,60.54,1.8701699404226104,60.122083333333336,55.16,67.67,3.535793348238714
2026-07-02 14:18:43,Delhi,Delhi,"Anand Vihar, Delhi - DPCC",28.6139,77.209,58.99,100.27,54.31,34.63,1.51,67.13,30.89,52.0,9.69,148,1013.3,0.0,98,Satisfactory,PM25,14,2,3,7,2026,0,2,-0.4999999999999997,-0.8660254037844388,-0.4999999999999997,-0.8660254037844388,299.3241,1.6306052053935403,59.11,59.04,60.54,58.59,55.16,66.59,100.08,99.7,106.64,95.86,77.27,112.72,72.9,43.09,24.66,59.46,30.44,58.44,59.56333333333333,59.04,60.54,0.8465419855690578,59.586666666666666,58.59,60.54,0.7866299426455434,58.078333333333326,55.16,60.54,1.8968674335877462,59.765416666666674,55.16,66.59,3.1522414098220586
2026-07-02 15:18:43,Delhi,Delhi,"Anand Vihar, Delhi - DPCC",28.6139,77.209,60.18,98.1,21.33,33.52,2.13,55.71,30.06,49.69,10.42,352,1011.6,0.0,210,Poor,PM25,15,2,3,7,2026,0,2,-0.7071067811865471,-0.7071067811865479,-0.4999999999999997,-0.8660254037844388,313.2252,1.599806825499034,58.99,59.11,59.04,60.34,55.42,64.35,100.27,100.08,99.7,103.46,98.42,109.72,54.31,72.9,43.09,91.55,33.23,52.55,59.04666666666666,58.99,59.11,0.06027713771510511,59.653333333333336,58.99,60.54,0.6971274393298094,58.3975,55.42,60.54,1.6698183080257196,59.44875,55.16,64.35,2.798773508552232
2026-07-02 16:18:43,Delhi,Delhi,"Anand Vihar, Delhi - DPCC",28.6139,77.209,61.03,104.31,77.09,28.97,1.94,57.01,34.39,48.13,12.53,318,1009.6,0.0,103,Moderate,PM10,16,2,3,7,2026,0,2,-0.8660254037844384,-0.5000000000000004,-0.4999999999999997,-0.8660254037844388,430.9067,1.3599886973721391,60.18,58.99,59.11,59.9,56.4,64.25,98.1,100.27,100.08,101.65,97.4,106.19,21.33,54.31,72.9,24.6,50.76,27.8,59.42666666666667,58.99,60.18,0.6551590137754195,59.626666666666665,58.99,60.54,0.6680618733819002,58.79416666666666,56.07,60.54,1.4489774346277082,59.275,55.16,64.25,2.6039268005473115
2026-07-02 17:18:43,Delhi,Delhi,"Anand Vihar, Delhi - DPCC",28.6139,77.209,60.85,102.16,65.16,20.56,2.52,30.9,32.79,52.19,9.35,191,1011.6,0.0,211,Poor,PM25,17,2,3,7,2026,0,2,-0.9659258262890683,-0.25881904510252063,-0.4999999999999997,-0.8660254037844388,306.5865,1.5445398046759395,61.03,60.18,58.99,60.54,56.07,62.66,104.31,98.1,100.27,106.64,83.33,88.5,77.09,21.33,54.31,24.66,55.83,23.11,60.06666666666666,58.99,61.03,1.024711341467084,59.815,58.99,61.03,0.8846863851104968,59.18000000000001,56.07,61.03,1.3676589154795102,59.140833333333326,55.16,63.59,2.412353922888436
2026-07-02 18:18:43,Delhi,Delhi,"Anand Vihar, Delhi - DPCC",28.6139,77.209,59.38,83.45,44.58,25.49,0.63,22.02,26.86,53.31,10.37,267,1013.9,0.0,99,Satisfactory,PM25,18,2,3,7,2026,0,2,-1.0,-1.8369701987210297e-16,-0.4999999999999997,-0.8660254037844388,278.53819999999996,1.9134960516870065,60.85,61.03,60.18,59.04,57.75,62.97,102.16,104.31,98.1,99.7,86.7,97.91,65.16,77.09,21.33,43.09,79.26,74.39,60.68666666666667,60.18,61.03,0.4479211240066248,59.86666666666667,58.99,61.03,0.9426487504190244,59.57833333333334,57.75,61.03,1.035206025461208,59.06541666666667,55.16,63.59,2.324235225629677
2026-07-02 19:18:43,Delhi,Delhi,"Anand Vihar, Delhi - DPCC",28.6139,77.209,58.24,93.49,94.35,14.25,3.17,5.26,29.53,60.25,10.22,262,1012.3,0.0,114,Moderate,CO,19,2,3,7,2026,0,2,-0.9659258262890684,0.2588190451025203,-0.4999999999999997,-0.8660254037844388,301.7966,1.9734687192924991,59.38,60.85,61.03,59.11,58.62,63.59,83.45,102.16,104.31,100.08,102.56,102.62,44.58,65.16,77.09,72.9,58.28,67.44,60.419999999999995,59.38,61.03,0.9051519209491794,59.92333333333334,58.99,61.03,0.8918669556982979,59.71416666666667,58.59,61.03,0.8667227545951517,58.91583333333333,55.16,63.59,2.172593954873642
2026-07-02 20:18:43,Delhi,Delhi,"Anand Vihar, Delhi - DPCC",28.6139,77.209,55.3,78.42,56.0,33.09,1.93,15.21,24.97,67.36,11.54,227,1008.7,0.0,96,Satisfactory,CO,20,2,3,7,2026,0,2,-0.8660254037844386,0.5000000000000001,-0.4999999999999997,-0.8660254037844388,288.1538,2.5937620331151328,58.24,59.38,60.85,58.99,58.59,62.75,93.49,83.45,102.16,100.27,95.86,100.44,94.35,44.58,65.16,54.31,59.46,39.25,59.49,58.24,60.85,1.308472391759899,59.778333333333336,58.24,61.03,1.0975503025677404,59.682500000000005,58.24,61.03,0.9158813440415249,58.69291666666666,55.16,62.75,1.9334593443441623
2026-07-02 21:18:43,Delhi,Delhi,"Anand Vihar, Delhi - DPCC",28.6139,77.209,54.49,85.58,52.88,22.07,1.37,3.62,24.13,77.01,7.95,139,1012.6,0.0,91,Satisfactory,PM25,21,2,3,7,2026,0,2,-0.7071067811865477,0.7071067811865474,-0.4999999999999997,-0.8660254037844388,191.8335,3.064464783127736,55.3,58.24,59.38,60.18,60.34,60.64,78.42,93.49,83.45,98.1,103.46,89.54,56.0,94.35,44.58,21.33,91.55,44.7,57.64000000000001,55.3,59.38,2.105136575141301,59.163333333333334,55.3,61.03,2.153496381855914,59.40833333333333,55.3,61.03,1.5473721614596425,58.38249999999999,55.16,61.03,1.8500229140766278
2026-07-02 22:18:43,Delhi,Delhi,"Anand Vihar, Delhi - DPCC",28.6139,77.209,52.29,78.61,56.32,19.7,2.3,3.03,22.4,86.24,8.88,110,1010.9,0.0,104,Moderate,CO,22,2,3,7,2026,0,2,-0.5000000000000004,0.8660254037844384,-0.4999999999999997,-0.8660254037844388,198.912,3.6854700854700853,54.49,55.3,58.24,61.03,59.9,58.22,85.58,78.42,93.49,104.31,101.65,86.3,52.88,56.0,94.35,77.09,24.6,42.89,56.01,54.49,58.24,1.9732460566278707,58.215,54.49,61.03,2.7784222141351718,58.92083333333334,54.49,61.03,2.0628332604953172,58.12625,54.49,61.03,1.9471133874220445
2026-07-02 23:18:43,Delhi,Delhi,"Anand Vihar, Delhi - DPCC",28.6139,77.209,53.43,78.76,55.99,31.26,2.51,0.0,18.36,88.64,9.95,210,1008.9,0.0,106,Moderate,CO,23,2,3,7,2026,0,2,-0.25881904510252157,0.9659258262890681,-0.4999999999999997,-0.8660254037844388,182.682,4.578512396694215,52.29,54.49,55.3,60.85,60.54,57.33,78.61,85.58,78.42,102.16,106.64,101.25,56.32,52.88,56.0,65.16,24.66,20.69,54.026666666666664,52.29,55.3,1.5575728982396098,56.75833333333333,52.29,60.85,3.2572467924101756,58.28666666666666,52.29,61.03,2.779654436774196,57.87916666666667,52.29,61.03,2.2821289005751786
2026-07-03 00:18:43,Delhi,Delhi,"Anand Vihar, Delhi - DPCC",28.6139,77.209,53.58,84.25,52.96,22.4,2.0,33.71,19.25,93.16,4.2,297,1011.2,0.0,201,Poor,CO,0,3,4,7,2026,0,2,0.0,1.0,-0.4999999999999997,-0.8660254037844388,80.85000000000001,4.600493827160494,53.43,52.29,54.49,59.38,59.04,56.34,78.76,78.61,85.58,83.45,99.7,80.54,55.99,56.32,52.88,44.58,43.09,56.33,53.403333333333336,52.29,54.49,1.100242397533594,55.52166666666667,52.29,59.38,2.7643546564553385,57.69416666666667,52.29,61.03,3.004364880192322,57.71666666666667,52.29,61.03,2.455219226316718
2026-07-03 01:18:43,Delhi,Delhi,"Anand Vihar, Delhi - DPCC",28.6139,77.209,54.52,77.71,66.61,30.18,1.62,39.58,18.82,98.0,6.51,269,1009.1,0.0,91,Satisfactory,PM25,1,3,4,7,2026,0,2,0.25881904510252074,0.9659258262890683,-0.4999999999999997,-0.8660254037844388,122.5182,4.944500504540867,53.58,53.43,52.29,58.24,59.11,57.74,84.25,78.76,78.61,93.49,100.08,91.41,52.96,55.99,56.32,94.35,72.9,25.53,53.099999999999994,52.29,53.58,0.7054785609762347,54.555,52.29,58.24,2.072918232830132,57.23916666666667,52.29,61.03,3.189743387607782,57.60166666666667,52.29,61.03,2.5837765865637974
2026-07-03 02:18:43,Delhi,Delhi,"Anand Vihar, Delhi - DPCC",28.6139,77.209,52.37,82.01,73.31,30.26,1.99,36.45,16.88,98.0,6.63,72,1011.6,0.0,99,Satisfactory,CO,2,3,4,7,2026,0,2,0.49999999999999994,0.8660254037844387,-0.4999999999999997,-0.8660254037844388,111.91439999999999,5.480984340044743,54.52,53.58,53.43,55.3,58.99,55.16,77.71,84.25,78.76,78.42,100.27,77.27,66.61,52.96,55.99,56.0,54.31,30.44,53.843333333333334,53.43,54.52,0.5907904309740689,53.935,52.29,55.3,1.0583524932646804,56.85666666666666,52.29,61.03,3.2200686986836335,57.4675,52.29,61.03,2.6587938586149558
2026-07-03 03:18:43,Delhi,Delhi,"Anand Vihar, Delhi - DPCC",28.6139,77.209,55.24,79.42,64.88,29.94,2.16,39.18,15.92,98.0,1.91,109,1010.2,0.0,102,Moderate,CO,3,3,4,7,2026,0,2,0.7071067811865475,0.7071067811865476,-0.4999999999999997,-0.8660254037844388,30.4072,5.791962174940898,52.37,54.52,53.58,54.49,60.18,55.42,82.01,77.71,84.25,85.58,98.1,98.42,73.31,66.61,52.96,52.88,21.33,33.23,53.49,52.37,54.52,1.0778218776760629,53.446666666666665,52.29,54.52,0.9752674846759796,56.305,52.29,61.03,3.3842455853288573,57.35125,52.29,61.03,2.8201669893511623
2026-07-03 04:18:43,Delhi,Delhi,"Anand Vihar, Delhi - DPCC",28.6139,77.209,55.6,79.62,38.73,8.43,0.64,37.92,17.22,96.05,4.71,47,1011.6,14.1,93,Satisfactory,PM25,4,3,4,7,2026,0,2,0.8660254037844386,0.5000000000000001,-0.4999999999999997,-0.8660254037844388,81.10619999999999,5.271679473106476,55.24,52.37,54.52,52.29,61.03,56.4,79.42,82.01,77.71,78.61,104.31,97.4,64.88,73.31,66.61,56.32,77.09,50.76,54.04333333333333,52.37,55.24,1.4931956781783686,53.57166666666666,52.29,55.24,1.1652882332994783,55.89333333333334,52.29,61.03,3.1632731418100213,57.34375,52.29,61.03,2.8257600939739316
2026-07-03 05:18:43,Delhi,Delhi,"Anand Vihar, Delhi - DPCC",28.6139,77.209,54.45,84.74,24.16,25.23,2.21,31.9,15.78,97.35,1.03,205,1014.1,0.0,102,Moderate,CO,5,3,4,7,2026,0,2,0.9659258262890683,0.25881904510252074,-0.4999999999999997,-0.8660254037844388,16.2534,5.8015494636471985,55.6,55.24,52.37,53.43,60.85,56.07,79.62,79.42,82.01,78.76,102.16,83.33,38.73,64.88,73.31,55.99,65.16,55.83,54.403333333333336,52.37,55.6,1.770094159453277,54.123333333333335,52.37,55.6,1.2194206274564359,55.44083333333333,52.29,60.85,2.718838182129589,57.31041666666667,52.29,61.03,2.842048372085752
2026-07-03 06:18:43,Delhi,Delhi,"Anand Vihar, Delhi - DPCC",28.6139,77.209,57.64,95.3,48.16,19.96,1.69,36.53,17.08,94.78,2.41,181,1014.6,0.0,96,Satisfactory,PM25,6,3,4,7,2026,0,2,1.0,6.123233995736766e-17,-0.4999999999999997,-0.8660254037844388,41.1628,5.2422566371681425,54.45,55.6,55.24,53.58,59.38,57.75,84.74,79.62,79.42,84.25,83.45,86.7,24.16,38.73,64.88,52.96,44.58,79.26,55.096666666666664,54.45,55.6,0.5882459802928325,54.29333333333333,52.37,55.6,1.1736722995224245,54.907500000000006,52.29,59.38,2.123937702390545,57.242916666666666,52.29,61.03,2.891595736923994
2026-07-03 07:18:43,Delhi,Delhi,"Anand Vihar, Delhi - DPCC",28.6139,77.209,60.16,86.88,75.5,25.05,0.72,31.11,20.47,92.33,3.17,291,1010.9,0.0,210,Poor,PM25,7,3,4,7,2026,0,2,0.9659258262890683,-0.25881904510252063,-0.4999999999999997,-0.8660254037844388,64.8899,4.3004191895668376,57.64,54.45,55.6,54.52,58.24,58.62,95.3,84.74,79.62,77.71,93.49,102.56,48.16,24.16,38.73,66.61,94.35,58.28,55.89666666666667,54.45,57.64,1.6155597585142967,54.970000000000006,52.37,57.64,1.7223007867383724,54.762499999999996,52.29,58.24,1.829883876096967,57.23833333333334,52.29,61.03,2.8908441172337263
2026-07-03 08:18:43,Delhi,Delhi,"Anand Vihar, Delhi - DPCC",28.6139,77.209,61.56,97.34,91.92,9.64,2.61,15.62,22.13,80.93,1.13,163,1012.8,0.0,112,Moderate,NO2,8,3,4,7,2026,0,2,0.8660254037844387,-0.4999999999999998,-0.4999999999999997,-0.8660254037844388,25.006899999999998,3.498919152615651,60.16,57.64,54.45,52.37,55.3,58.59,86.88,95.3,84.74,82.01,78.42,95.86,75.5,48.16,24.16,73.31,56.0,59.46,57.416666666666664,54.45,60.16,2.861543872340761,55.91,52.37,60.16,2.6930874475218305,54.92250000000001,52.29,60.16,2.2067257728053318,57.30250000000001,52.29,61.03,2.9395270989084796
2026-07-03 09:18:43,Delhi,Delhi,"Anand Vihar, Delhi - DPCC",28.6139,77.209,63.34,111.01,70.07,30.51,2.51,27.78,25.2,73.74,4.05,213,1012.9,3.8,109,Moderate,PM25,9,3,4,7,2026,0,2,0.7071067811865476,-0.7071067811865475,-0.4999999999999997,-0.8660254037844388,102.05999999999999,2.814503816793893,61.56,60.16,57.64,55.24,54.49,60.34,97.34,86.88,95.3,79.42,85.58,103.46,91.92,75.5,48.16,64.88,52.88,91.55,59.78666666666666,57.64,61.56,1.9864876876868087,57.44166666666666,54.45,61.56,2.883694967687529,55.44416666666667,52.29,61.56,2.9265911238265336,57.42625,52.29,61.56,3.05628335315666
2026-07-03 10:18:43,Delhi,Delhi,"Anand Vihar, Delhi - DPCC",28.6139,77.209,64.64,96.87,61.44,24.11,1.7,59.98,28.18,65.49,6.74,288,1014.2,0.0,113,Moderate,PM25,10,3,4,7,2026,0,2,0.49999999999999994,-0.8660254037844387,-0.4999999999999997,-0.8660254037844388,189.9332,2.2443454420836186,63.34,61.56,60.16,55.6,52.29,59.9,111.01,97.34,86.88,79.62,78.61,101.65,70.07,91.92,75.5,38.73,56.32,24.6,61.68666666666667,60.16,63.34,1.5937795748884191,58.791666666666664,54.45,63.34,3.48099075934804,56.181666666666665,52.29,63.34,3.681911147348526,57.55125,52.29,63.34,3.236661340090231
2026-07-03 11:18:43,Delhi,Delhi,"Anand Vihar, Delhi - DPCC",28.6139,77.209,64.74,108.53,56.18,24.71,2.67,62.71,28.05,61.44,4.17,156,1010.8,0.0,114,Moderate,PM25,11,3,4,7,2026,0,2,0.258819045102521,-0.9659258262890682,-0.4999999999999997,-0.8660254037844388,116.9685,2.1149741824440618,64.64,63.34,61.56,54.45,53.43,60.54,96.87,111.01,97.34,84.74,78.76,106.64,61.44,70.07,91.92,24.16,55.99,24.66,63.18000000000001,61.56,64.64,1.5462212002162985,60.29833333333334,54.45,64.64,3.767823863540666,57.21083333333333,52.37,64.64,4.186659458833744,57.74875,52.29,64.64,3.518553695582257
2026-07-03 12:18:43,Delhi,Delhi,"Anand Vihar, Delhi - DPCC",28.6139,77.209,65.0,105.35,67.36,19.24,0.97,60.16,31.64,56.99,5.34,190,1014.9,0.0,115,Moderate,PM25,12,3,4,7,2026,0,2,1.2246467991473532e-16,-1.0,-0.4999999999999997,-0.8660254037844388,168.95759999999999,1.7460171568627452,64.74,64.64,63.34,57.64,53.58,59.04,108.53,96.87,111.01,95.3,84.25,99.7,56.18,61.44,70.07,48.16,52.96,43.09,64.24000000000001,63.34,64.74,0.7810249675896709,62.01333333333334,57.64,64.74,2.787849828571577,58.15333333333333,52.37,64.74,4.518077494070224,57.923750000000005,52.29,64.74,3.759605451662955
2026-07-03 13:18:43,Delhi,Delhi,"Anand Vihar, Delhi - DPCC",28.6139,77.209,64.87,107.19,33.18,8.55,2.42,59.14,31.2,49.29,6.03,351,1009.2,0.0,114,Moderate,PM25,13,3,4,7,2026,0,2,-0.2588190451025208,-0.9659258262890683,-0.4999999999999997,-0.8660254037844388,188.136,1.5307453416149066,65.0,64.74,64.64,60.16,54.52,59.11,105.35,108.53,96.87,86.88,77.71,100.08,67.36,56.18,61.44,75.5,66.61,72.9,64.79333333333334,64.64,65.0,0.18583146485954694,63.24,60.16,65.0,1.9812319399807645,59.105,52.37,65.0,4.667456967713164,58.17208333333334,52.29,65.0,4.024078591987569
2026-07-03 14:18:43,Delhi,Delhi,"Anand Vihar, Delhi - DPCC",28.6139,77.209,65.95,96.45,48.71,29.08,1.27,56.08,34.98,50.37,10.05,354,1010.8,0.0,118,Moderate,PM25,14,3,4,7,2026,0,2,-0.4999999999999997,-0.8660254037844388,-0.4999999999999997,-0.8660254037844388,351.549,1.3999444135630907,64.87,65.0,64.74,61.56,52.37,58.99,107.19,105.35,108.53,97.34,82.01,100.27,33.18,67.36,56.18,91.92,73.31,54.31,64.87,64.74,65.0,0.12999999999430903,64.025,61.56,65.0,1.3490403996915592,59.9675,52.37,65.0,4.699350293585041,58.41208333333333,52.29,65.0,4.247985690599267
2026-07-03 15:18:43,Delhi,Delhi,"Anand Vihar, Delhi - DPCC",28.6139,77.209,64.42,95.1,40.82,22.78,2.78,59.92,30.92,50.52,7.77,275,1014.6,8.1,113,Moderate,PM25,15,3,4,7,2026,0,2,-0.7071067811865471,-0.7071067811865479,-0.4999999999999997,-0.8660254037844388,240.2484,1.5827067669172932,65.95,64.87,65.0,63.34,55.24,60.18,96.45,107.19,105.35,111.01,79.42,98.1,48.71,33.18,67.36,70.07,64.88,21.33,65.27333333333333,64.87,65.95,0.589604387137595,64.75666666666667,63.34,65.95,0.8386815049031716,61.09916666666667,54.45,65.95,4.323541179789197,58.70208333333334,52.29,65.95,4.518135416842598
2026-07-03 16:18:43,Delhi,Delhi,"Anand Vihar, Delhi - DPCC",28.6139,77.209,66.26,107.6,61.22,25.77,0.86,55.57,32.14,51.97,8.9,149,1011.6,0.0,119,Moderate,PM25,16,3,4,7,2026,0,2,-0.8660254037844384,-0.5000000000000004,-0.4999999999999997,-0.8660254037844388,286.046,1.568195534097767,64.42,65.95,64.87,64.64,55.6,61.03,95.1,96.45,107.19,96.87,79.62,104.31,40.82,48.71,33.18,61.44,38.73,77.09,65.08,64.42,65.95,0.7863205453239397,64.93666666666667,64.42,65.95,0.5345901857186064,61.86416666666667,54.45,65.95,3.992020355052208,58.878750000000004,52.29,65.95,4.659132511623753
2026-07-03 17:18:43,Delhi,Delhi,"Anand Vihar, Delhi - DPCC",28.6139,77.209,66.95,107.47,72.18,18.87,2.73,49.12,32.04,50.71,11.81,47,1014.0,0.0,121,Moderate,PM25,17,3,4,7,2026,0,2,-0.9659258262890683,-0.25881904510252063,-0.4999999999999997,-0.8660254037844388,378.3924,1.5348062953995159,66.26,64.42,65.95,64.74,54.45,60.85,107.6,95.1,96.45,108.53,84.74,102.16,61.22,40.82,48.71,56.18,24.16,65.16,65.54333333333334,64.42,66.26,0.9851057472839843,65.20666666666666,64.42,66.26,0.7286608721940946,62.7525,54.45,66.26,3.6420826334791694,59.09666666666667,52.29,66.26,4.881144436962775
2026-07-03 18:18:43,Delhi,Delhi,"Anand Vihar, Delhi - DPCC",28.6139,77.209,65.03,101.62,74.19,24.3,1.87,28.97,32.42,61.06,9.66,91,1014.6,0.0,115,Moderate,PM25,18,3,4,7,2026,0,2,-1.0,-1.8369701987210297e-16,-0.4999999999999997,-0.8660254037844388,313.1772,1.8270496708557749,66.95,66.26,64.42,65.0,57.64,59.38,107.47,107.6,95.1,105.35,95.3,83.45,72.18,61.22,40.82,67.36,48.16,44.58,65.87666666666667,64.42,66.95,1.3078353617072638,65.575,64.42,66.95,0.9656241504850596,63.79416666666666,57.64,66.95,2.7232849760180664,59.350833333333334,52.29,66.95,5.1289391365726456
2026-07-03 19:18:43,Delhi,Delhi,"Anand Vihar, Delhi - DPCC",28.6139,77.209,64.57,105.2,55.26,34.69,1.16,10.5,27.68,69.94,13.76,212,1013.3,0.0,113,Moderate,PM25,19,3,4,7,2026,0,2,-0.9659258262890684,0.2588190451025203,-0.4999999999999997,-0.8660254037844388,380.8768,2.4386331938633194,65.03,66.95,66.26,64.87,60.16,58.24,101.62,107.47,107.6,107.19,86.88,93.49,74.19,72.18,61.22,33.18,75.5,94.35,66.08,65.03,66.95,0.9725739046461479,65.58,64.42,66.95,0.962122653303617,64.41,60.16,66.95,1.9231035522630933,59.58625000000001,52.29,66.95,5.2583695708344935
2026-07-03 20:18:43,Delhi,Delhi,"Anand Vihar, Delhi - DPCC",28.6139,77.209,61.73,95.71,48.92,15.16,2.32,0.0,27.27,65.53,8.79,341,1014.6,0.0,104,Moderate,CO,20,3,4,7,2026,0,2,-0.8660254037844386,0.5000000000000001,-0.4999999999999997,-0.8660254037844388,239.70329999999998,2.3180049522461976,64.57,65.03,66.95,65.95,61.56,55.3,105.2,101.62,107.47,96.45,97.34,78.42,55.26,74.19,72.18,48.71,91.92,56.0,65.51666666666667,64.57,66.95,1.2624315162938315,65.53,64.42,66.95,1.0128573443481548,64.7775,61.56,66.95,1.3824886979645232,59.85,52.29,66.95,5.345929780439618
2026-07-03 21:18:43,Delhi,Delhi,"Anand Vihar, Delhi - DPCC",28.6139,77.209,60.72,99.95,65.63,21.85,2.15,10.06,26.5,79.38,8.02,171,1012.7,0.0,211,Poor,PM25,21,3,4,7,2026,0,2,-0.7071067811865477,0.7071067811865474,-0.4999999999999997,-0.8660254037844388,212.53,2.8865454545454545,61.73,64.57,65.03,64.42,63.34,54.49,95.71,105.2,101.62,95.1,111.01,85.58,48.92,55.26,74.19,40.82,70.07,52.88,63.77666666666667,61.73,65.03,1.787325749082071,64.82666666666667,61.73,66.95,1.8124532177870598,64.79166666666667,61.73,66.95,1.3469347917894834,60.11791666666667,52.29,66.95,5.268550645651701
2026-07-03 22:18:43,Delhi,Delhi,"Anand Vihar, Delhi - DPCC",28.6139,77.209,59.06,88.05,60.2,20.64,2.3,0.0,22.32,77.19,9.72,307,1014.5,0.0,104,Moderate,CO,22,3,4,7,2026,0,2,-0.5000000000000004,0.8660254037844384,-0.4999999999999997,-0.8660254037844388,216.95040000000003,3.3100343053173242,60.72,61.73,64.57,66.26,64.64,52.29,99.95,95.71,105.2,107.6,96.87,78.61,65.63,48.92,55.26,61.22,61.44,56.32,62.339999999999996,60.72,64.57,1.9961713353312915,64.21,60.72,66.95,2.4836505390251684,64.57333333333334,60.72,66.95,1.7543625277540376,60.377500000000005,52.29,66.95,5.130883685224622
2026-07-03 23:18:43,Delhi,Delhi,"Anand Vihar, Delhi - DPCC",28.6139,77.209,58.32,86.67,40.16,20.57,2.3,2.87,22.14,90.14,9.87,71,1008.4,0.0,104,Moderate,CO,23,3,4,7,2026,0,2,-0.25881904510252157,0.9659258262890681,-0.4999999999999997,-0.8660254037844388,218.52179999999998,3.895419187554019,59.06,60.72,61.73,66.95,64.74,53.43,88.05,99.95,95.71,107.47,108.53,78.76,60.2,65.63,48.92,72.18,56.18,55.99,60.50333333333333,59.06,61.73,1.3481221507458008,63.01,59.06,66.95,2.984044235597058,64.10833333333333,59.06,66.95,2.3674567609887176,60.65958333333333,52.37,66.95,4.845058871780024
2026-07-04 00:18:43,Delhi,Delhi,"Anand Vihar, Delhi - DPCC",28.6139,77.209,55.67,90.33,71.39,30.55,2.64,24.15,20.25,96.04,5.27,155,1008.6,0.0,108,Moderate,CO,0,4,5,7,2026,1,2,0.0,1.0,-0.4999999999999997,-0.8660254037844388,106.71749999999999,4.519529411764706,58.32,59.06,60.72,65.03,65.0,53.58,86.67,88.05,99.95,101.62,105.35,84.25,40.16,60.2,65.63,74.19,67.36,52.96,59.366666666666674,58.32,60.72,1.2290375638406619,61.571666666666665,58.32,65.03,2.7778510879215133,63.573333333333345,58.32,66.95,2.8813580552274183,60.86333333333334,52.37,66.95,4.625666266149874
2026-07-04 01:18:43,Delhi,Delhi,"Anand Vihar, Delhi - DPCC",28.6139,77.209,53.04,81.31,37.63,9.12,2.0,29.93,17.09,93.36,6.28,106,1012.3,0.0,201,Poor,CO,1,4,5,7,2026,1,2,0.25881904510252074,0.9659258262890683,-0.4999999999999997,-0.8660254037844388,107.32520000000001,5.160862354892205,55.67,58.32,59.06,64.57,64.87,54.52,90.33,86.67,88.05,105.2,107.19,77.71,71.39,40.16,60.2,55.26,33.18,66.61,57.68333333333334,55.67,59.06,1.7824234438907145,60.01166666666666,55.67,64.57,3.0610548290853576,62.79583333333334,55.67,66.95,3.6243832286167668,60.95041666666666,52.37,66.95,4.500569509050706
2026-07-04 02:18:43,Delhi,Delhi,"Anand Vihar, Delhi - DPCC",28.6139,77.209,50.52,89.17,40.39,20.3,2.09,28.58,17.41,96.71,1.6,286,1009.9,0.0,202,Poor,CO,2,4,5,7,2026,1,2,0.49999999999999994,0.8660254037844387,-0.4999999999999997,-0.8660254037844388,27.856,5.25312330255296,53.04,55.67,58.32,61.73,65.95,52.37,81.31,90.33,86.67,95.71,96.45,82.01,37.63,71.39,40.16,48.92,48.71,73.31,55.67666666666667,53.04,58.32,2.6400063131233287,58.089999999999996,53.04,61.73,3.2409628199040204,61.81,53.04,66.95,4.509680496644737,60.888749999999995,52.37,66.95,4.601517058441733
2026-07-04 03:18:43,Delhi,Delhi,"Anand Vihar, Delhi - DPCC",28.6139,77.209,52.41,75.24,79.5,22.61,2.77,38.47,16.32,95.83,3.35,59,1009.7,0.0,109,Moderate,CO,3,4,5,7,2026,1,2,0.7071067811865475,0.7071067811865476,-0.4999999999999997,-0.8660254037844388,54.672000000000004,5.5329099307159355,50.52,53.04,55.67,60.72,64.42,55.24,89.17,81.31,90.33,99.95,95.1,79.42,40.39,37.63,71.39,65.63,40.82,64.88,53.076666666666675,50.52,55.67,2.575195785436663,56.22166666666667,50.52,60.72,3.8892282867770787,60.524166666666666,50.52,66.95,5.3444405410640945,60.81166666666667,50.52,66.95,4.763084191413435
2026-07-04 04:18:43,Delhi,Delhi,"Anand Vihar, Delhi - DPCC",28.6139,77.209,52.36,82.71,74.79,13.11,0.61,16.5,15.38,98.0,4.12,98,1009.2,0.0,94,Satisfactory,NO2,4,4,5,7,2026,1,2,0.8660254037844386,0.5000000000000001,-0.4999999999999997,-0.8660254037844388,63.36560000000001,5.982905982905982,52.41,50.52,53.04,59.06,66.26,55.6,75.24,89.17,81.31,88.05,107.6,79.62,79.5,40.39,37.63,60.2,61.22,38.73,51.99,50.52,53.04,1.3114495796626335,54.836666666666666,50.52,59.06,3.418038423813729,59.52333333333334,50.52,66.95,5.66356510485838,60.69375,50.52,66.95,4.9388044782024805
2026-07-04 05:18:43,Delhi,Delhi,"Anand Vihar, Delhi - DPCC",28.6139,77.209,53.57,93.53,34.97,27.36,2.48,23.92,20.29,94.23,4.15,107,1008.7,0.0,106,Moderate,CO,5,4,5,7,2026,1,2,0.9659258262890683,0.25881904510252074,-0.4999999999999997,-0.8660254037844388,84.2035,4.426021606387976,52.36,52.41,50.52,58.32,66.95,54.45,82.71,75.24,89.17,86.67,107.47,84.74,74.79,79.5,40.39,40.16,72.18,24.16,51.76333333333334,50.52,52.41,1.077048435925982,53.72,50.52,58.32,2.8010926439517183,58.36499999999999,50.52,66.95,5.581344738583071,60.558749999999996,50.52,66.95,5.1248705710061655
2026-07-04 06:18:43,Delhi,Delhi,"Anand Vihar, Delhi - DPCC",28.6139,77.209,55.41,90.95,71.79,30.21,0.98,27.15,19.46,93.72,1.4,341,1009.0,0.0,92,Satisfactory,PM25,6,4,5,7,2026,1,2,1.0,6.123233995736766e-17,-0.4999999999999997,-0.8660254037844388,27.244,4.580645161290322,53.57,52.36,52.41,55.67,65.03,57.64,93.53,82.71,75.24,90.33,101.62,95.3,34.97,74.79,79.5,71.39,74.19,48.16,52.78,52.36,53.57,0.684616681068615,52.928333333333335,50.52,55.67,1.6930849555374157,57.25,50.52,65.03,5.018480392962129,60.52208333333334,50.52,66.95,5.173395133772866
2026-07-04 07:18:43,Delhi,Delhi,"Anand Vihar, Delhi - DPCC",28.6139,77.209,58.52,91.06,41.31,9.22,1.08,15.38,23.73,84.76,2.92,314,1011.7,0.0,195,Moderate,CO,7,4,5,7,2026,1,2,0.9659258262890683,-0.25881904510252063,-0.4999999999999997,-0.8660254037844388,69.2916,3.4274160938131826,55.41,53.57,52.36,53.04,64.57,60.16,90.95,93.53,82.71,81.31,105.2,86.88,71.79,34.97,74.79,37.63,55.26,75.5,53.78,52.36,55.41,1.53580597732836,52.885,50.52,55.41,1.6101770089032026,56.44833333333333,50.52,64.57,4.391953041091334,60.42916666666667,50.52,66.95,5.246912894982733
2026-07-04 08:18:43,Delhi,Delhi,"Anand Vihar, Delhi - DPCC",28.6139,77.209,61.72,109.68,39.96,14.86,2.82,17.47,19.86,80.84,2.08,33,1012.1,0.0,110,Moderate,CO,8,4,5,7,2026,1,2,0.8660254037844387,-0.4999999999999998,-0.4999999999999997,-0.8660254037844388,41.3088,3.8753595397890703,58.52,55.41,53.57,50.52,61.73,61.56,91.06,90.95,93.53,89.17,95.71,97.34,41.31,71.79,34.97,40.39,48.92,91.92,55.833333333333336,53.57,58.52,2.5020058619697747,53.79833333333334,50.52,58.52,2.8173563258251693,55.94416666666666,50.52,61.73,3.661369486292178,60.360833333333325,50.52,66.95,5.261230569120606
2026-07-04 09:18:43,Delhi,Delhi,"Anand Vihar, Delhi - DPCC",28.6139,77.209,63.18,106.13,72.02,31.31,1.59,47.64,25.4,77.03,4.86,202,1009.7,0.0,108,Moderate,PM25,9,4,5,7,2026,1,2,0.7071067811865476,-0.7071067811865475,-0.4999999999999997,-0.8660254037844388,123.444,2.9178030303030305,61.72,58.52,55.41,52.41,60.72,63.34,109.68,91.06,90.95,75.24,99.95,111.01,39.96,41.31,71.79,79.5,65.63,70.07,58.550000000000004,55.41,61.72,3.15510697124489,55.665,52.36,61.72,3.7626094668461603,55.94333333333333,50.52,61.72,3.6599337632688225,60.3675,50.52,66.95,5.262917235344559
2026-07-04 10:18:43,Delhi,Delhi,"Anand Vihar, Delhi - DPCC",28.6139,77.209,63.42,92.45,26.94,8.74,1.75,41.03,28.21,68.62,4.8,49,1012.8,0.0,109,Moderate,PM25,10,4,5,7,2026,1,2,0.49999999999999994,-0.8660254037844387,-0.4999999999999997,-0.8660254037844388,135.408,2.349195480999658,63.18,61.72,58.52,52.36,59.06,64.64,106.13,109.68,91.06,82.71,88.05,96.87,72.02,39.96,41.31,74.79,60.2,61.44,61.14000000000001,58.52,63.18,2.38352679867426,57.46,52.36,63.18,4.412124204960719,56.14833333333334,50.52,63.18,4.004483472158151,60.36083333333334,50.52,66.95,5.259088131132084
2026-07-04 11:18:43,Delhi,Delhi,"Anand Vihar, Delhi - DPCC",28.6139,77.209,64.12,112.74,67.64,12.27,0.71,57.25,29.22,63.35,5.03,129,1014.4,0.0,112,Moderate,PM25,11,4,5,7,2026,1,2,0.258819045102521,-0.9659258262890682,-0.4999999999999997,-0.8660254037844388,146.9766,2.096293845135672,63.42,63.18,61.72,53.57,58.32,64.74,92.45,106.13,109.68,93.53,86.67,108.53,26.94,72.02,39.96,34.97,40.16,56.18,62.77333333333333,61.72,63.42,0.9200724609137505,59.303333333333335,53.57,63.42,4.158329792917684,56.51166666666666,50.52,63.42,4.4640988774755765,60.31,50.52,66.95,5.22169138015309
2026-07-04 12:18:43,Delhi,Delhi,"Anand Vihar, Delhi - DPCC",28.6139,77.209,64.5,105.18,65.71,29.1,1.21,53.39,30.26,56.9,5.36,216,1014.6,0.0,113,Moderate,PM25,12,4,5,7,2026,1,2,1.2246467991473532e-16,-1.0,-0.4999999999999997,-0.8660254037844388,162.19360000000003,1.820217530390275,64.12,63.42,63.18,55.41,55.67,65.0,112.74,92.45,106.13,90.95,90.33,105.35,67.64,26.94,72.02,71.79,71.39,67.36,63.57333333333333,63.18,64.12,0.4883987441957334,61.06166666666667,55.41,64.12,3.412837040742898,56.995,50.52,64.12,4.963716532819105,60.284166666666664,50.52,66.95,5.200311793885349
2026-07-04 13:18:43,Delhi,Delhi,"Anand Vihar, Delhi - DPCC",28.6139,77.209,65.86,108.52,39.93,33.06,2.46,55.6,30.07,53.58,5.12,278,1008.3,0.0,118,Moderate,PM25,13,4,5,7,2026,1,2,-0.2588190451025208,-0.9659258262890683,-0.4999999999999997,-0.8660254037844388,153.9584,1.7244930801416156,64.5,64.12,63.42,58.52,53.04,64.87,105.18,112.74,92.45,91.06,81.31,107.19,65.71,67.64,26.94,41.31,37.63,33.18,64.01333333333334,63.42,64.5,0.5478442601068378,62.57666666666666,58.52,64.5,2.206659617309985,57.73083333333333,50.52,64.5,5.385969075179299,60.26333333333333,50.52,66.95,5.181565708201109
2026-07-04 14:18:43,Delhi,Delhi,"Anand Vihar, Delhi - DPCC",28.6139,77.209,64.3,107.55,76.41,9.26,1.3,59.24,33.74,55.64,7.96,191,1011.8,0.0,112,Moderate,PM25,14,4,5,7,2026,1,2,-0.4999999999999997,-0.8660254037844388,-0.4999999999999997,-0.8660254037844388,268.5704,1.6016119746689694,65.86,64.5,64.12,61.72,50.52,65.95,108.52,105.18,112.74,109.68,89.17,96.45,39.93,65.71,67.64,39.96,40.39,48.71,64.82666666666667,64.12,65.86,0.9148406054237398,63.800000000000004,61.72,65.86,1.3922068811781965,58.79916666666667,50.52,65.86,5.636558360517078,60.30458333333333,50.52,66.95,5.223603603016708
2026-07-04 15:18:43,Delhi,Delhi,"Anand Vihar, Delhi - DPCC",28.6139,77.209,63.21,102.56,21.75,32.5,0.94,48.82,31.59,55.55,9.57,34,1010.2,0.0,108,Moderate,PM25,15,4,5,7,2026,1,2,-0.7071067811865471,-0.7071067811865479,-0.4999999999999997,-0.8660254037844388,302.3163,1.7045105860693461,64.3,65.86,64.5,63.18,52.41,64.42,107.55,108.52,105.18,106.13,75.24,95.1,76.41,39.93,65.71,72.02,79.5,40.82,64.88666666666667,64.3,65.86,0.8488423489271026,64.23,63.18,65.86,0.9492523373686738,59.9475,52.36,65.86,5.1818672047122645,60.23583333333334,50.52,66.95,5.156498573279328
2026-07-04 16:18:43,Delhi,Delhi,"Anand Vihar, Delhi - DPCC",28.6139,77.209,61.65,106.94,23.01,20.54,1.44,43.49,31.06,49.35,9.57,113,1008.3,0.0,105,Moderate,PM10,16,4,5,7,2026,1,2,-0.8660254037844384,-0.5000000000000004,-0.4999999999999997,-0.8660254037844388,297.2442,1.539301310043668,63.21,64.3,65.86,63.42,52.36,66.26,102.56,107.55,108.52,92.45,82.71,107.6,21.75,76.41,39.93,26.94,74.79,61.22,64.45666666666666,63.21,65.86,1.3319284265049767,64.235,63.21,65.86,0.9426717350169614,60.8475,52.36,65.86,4.665923127995506,60.18541666666666,50.52,66.95,5.1195932066375285
2026-07-04 17:18:43,Delhi,Delhi,"Anand Vihar, Delhi - DPCC",28.6139,77.209,59.56,104.67,59.48,8.22,2.67,31.74,28.75,54.11,9.81,180,1011.0,0.0,108,Moderate,CO,17,4,5,7,2026,1,2,-0.9659258262890683,-0.25881904510252063,-0.4999999999999997,-0.8660254037844388,282.0375,1.8188235294117647,61.65,63.21,64.3,64.12,53.57,66.95,106.94,102.56,107.55,112.74,93.53,107.47,23.01,21.75,76.41,67.64,34.97,72.18,63.053333333333335,61.65,64.3,1.3319284265049045,63.94,61.65,65.86,1.409893613007703,61.62166666666666,53.57,65.86,3.82448530900402,59.99333333333333,50.52,66.95,4.965946353758331
2026-07-04 18:18:43,Delhi,Delhi,"Anand Vihar, Delhi - DPCC",28.6139,77.209,56.72,99.86,32.91,31.88,1.83,35.71,31.2,60.33,12.13,116,1009.6,0.0,100,Satisfactory,PM10,18,4,5,7,2026,1,2,-1.0,-1.8369701987210297e-16,-0.4999999999999997,-0.8660254037844388,378.456,1.8736024844720496,59.56,61.65,63.21,64.5,55.41,65.03,104.67,106.94,102.56,105.18,90.95,101.62,59.48,23.01,21.75,65.71,71.79,74.19,61.473333333333336,59.56,63.21,1.831402013030346,63.18,59.56,65.86,2.2638639535095684,62.12083333333334,55.41,65.86,2.9745082353935275,59.68541666666666,50.52,65.86,4.739800930663513
2026-07-04 19:18:43,Delhi,Delhi,"Anand Vihar, Delhi - DPCC",28.6139,77.209,56.34,88.81,42.94,18.32,2.46,15.54,29.45,61.97,8.32,155,1010.1,0.0,106,Moderate,CO,19,4,5,7,2026,1,2,-0.9659258262890684,0.2588190451025203,-0.4999999999999997,-0.8660254037844388,245.024,2.0351395730706074,56.72,59.56,61.65,65.86,58.52,64.57,99.86,104.67,106.94,108.52,91.06,105.2,32.91,59.48,23.01,39.93,41.31,55.26,59.31,56.72,61.65,2.474489846412382,61.88333333333333,56.72,65.86,3.3324625529279017,62.23,56.72,65.86,2.7188801170534824,59.339166666666664,50.52,65.86,4.634760832126548
2026-07-04 20:18:43,Delhi,Delhi,"Anand Vihar, Delhi - DPCC",28.6139,77.209,55.3,97.71,81.58,11.52,2.34,5.48,23.02,70.49,11.26,248,1010.4,0.0,104,Moderate,CO,20,4,5,7,2026,1,2,-0.8660254037844386,0.5000000000000001,-0.4999999999999997,-0.8660254037844388,259.2052,2.9346378018318067,56.34,56.72,59.56,64.3,61.72,61.73,88.81,99.86,104.67,107.55,109.68,95.71,42.94,32.91,59.48,76.41,39.96,48.92,57.54,56.34,59.56,1.7596590578852842,60.29666666666666,56.34,64.3,3.3267441540742024,62.04833333333334,56.34,65.86,3.0428360973196016,58.99625,50.52,65.86,4.53428659121854
2026-07-04 21:18:43,Delhi,Delhi,"Anand Vihar, Delhi - DPCC",28.6139,77.209,53.68,80.19,69.81,33.6,1.27,0.0,24.66,72.08,7.88,12,1014.5,0.0,89,Satisfactory,PM25,21,4,5,7,2026,1,2,-0.7071067811865477,0.7071067811865474,-0.4999999999999997,-0.8660254037844388,194.3208,2.809041309431021,55.3,56.34,56.72,63.21,63.18,60.72,97.71,88.81,99.86,102.56,106.13,99.95,81.58,42.94,32.91,21.75,72.02,65.63,56.120000000000005,55.3,56.72,0.7351190379778842,58.796666666666674,55.3,63.21,3.186726638208402,61.51333333333334,55.3,65.86,3.6161866739157356,58.72833333333333,50.52,65.86,4.5556488266638775
2026-07-04 22:18:43,Delhi,Delhi,"Anand Vihar, Delhi - DPCC",28.6139,77.209,52.73,91.92,63.87,33.56,2.32,0.0,22.89,83.94,6.93,131,1012.0,1.4,104,Moderate,CO,22,4,5,7,2026,1,2,-0.5000000000000004,0.8660254037844384,-0.4999999999999997,-0.8660254037844388,158.6277,3.5136040184177477,53.68,55.3,56.34,61.65,63.42,59.06,80.19,97.71,88.81,106.94,92.45,88.05,69.81,81.58,42.94,23.01,26.94,60.2,55.10666666666666,53.68,56.34,1.3404974201134208,57.208333333333336,53.68,61.65,2.9100544095716083,60.721666666666664,53.68,65.86,4.209376618354699,58.434999999999995,50.52,65.86,4.647553821284811
2026-07-04 23:18:43,Delhi,Delhi,"Anand Vihar, Delhi - DPCC",28.6139,77.209,55.07,93.65,27.92,21.86,1.03,0.0,22.95,84.01,7.07,79,1010.2,0.0,195,Moderate,CO,23,4,5,7,2026,1,2,-0.25881904510252157,0.9659258262890681,-0.4999999999999997,-0.8660254037844388,162.2565,3.5077244258872655,52.73,53.68,55.3,59.56,64.12,58.32,91.92,80.19,97.71,104.67,112.74,86.67,63.87,69.81,81.58,59.48,67.64,40.16,53.90333333333333,52.73,55.3,1.2994742526616636,55.72166666666667,52.73,59.56,2.425204458734829,59.83083333333334,52.73,65.86,4.690125910954398,58.17124999999999,50.52,65.86,4.788034281686862
2026-07-05 00:18:43,Delhi,Delhi,"Anand Vihar, Delhi - DPCC",28.6139,77.209,52.56,79.47,39.92,25.9,2.52,33.98,20.63,92.31,9.15,249,1011.9,0.0,106,Moderate,CO,0,5,6,7,2026,1,2,0.0,1.0,-0.4999999999999997,-0.8660254037844388,188.7645,4.267683772538142,55.07,52.73,53.68,56.72,64.5,55.67,93.65,91.92,80.19,99.86,105.18,90.33,27.92,63.87,69.81,32.91,65.71,71.39,53.82666666666666,52.73,55.07,1.1768743914838944,54.973333333333336,52.73,56.72,1.5323141540387042,59.07666666666666,52.73,65.86,4.665282478699483,58.035833333333336,50.52,65.86,4.829424231292695
2026-07-05 01:18:43,Delhi,Delhi,"Anand Vihar, Delhi - DPCC",28.6139,77.209,51.61,91.06,52.84,27.82,1.36,25.19,16.64,96.42,5.33,297,1012.1,0.0,91,Satisfactory,PM10,1,5,6,7,2026,1,2,0.25881904510252074,0.9659258262890683,-0.4999999999999997,-0.8660254037844388,88.69120000000001,5.465986394557823,52.56,55.07,52.73,56.34,65.86,53.04,79.47,93.65,91.92,88.81,108.52,81.31,39.92,27.92,63.87,42.94,39.93,37.63,53.453333333333326,52.56,55.07,1.4026522496080542,54.28,52.56,56.34,1.525057375970076,58.08166666666667,52.56,65.86,4.676707920075486,57.90625,50.52,65.86,4.936207673472836
2026-07-05 02:18:43,Delhi,Delhi,"Anand Vihar, Delhi - DPCC",28.6139,77.209,51.18,91.64,40.69,17.11,1.29,18.05,18.39,98.0,3.3,315,1013.5,0.0,92,Satisfactory,PM10,2,5,6,7,2026,1,2,0.49999999999999994,0.8660254037844387,-0.4999999999999997,-0.8660254037844388,60.687,5.054151624548736,51.61,52.56,55.07,55.3,64.3,50.52,91.06,79.47,93.65,97.71,107.55,89.17,52.84,39.92,27.92,81.58,76.41,40.39,53.080000000000005,51.61,55.07,1.7876520914308691,53.49166666666667,51.61,55.3,1.4687057794764258,56.89416666666667,51.61,64.3,4.317466551606659,57.846666666666664,50.52,65.86,5.0056426131930785
2026-07-05 03:18:43,Delhi,Delhi,"Anand Vihar, Delhi - DPCC",28.6139,77.209,50.81,72.06,59.38,22.45,0.78,15.87,17.17,98.0,1.0,42,1009.2,0.0,84,Satisfactory,PM25,3,5,6,7,2026,1,2,0.7071067811865475,0.7071067811865476,-0.4999999999999997,-0.8660254037844388,17.17,5.393505778756191,51.18,51.61,52.56,53.68,63.21,52.41,91.64,91.06,79.47,80.19,102.56,75.24,40.69,52.84,39.92,69.81,21.75,79.5,51.78333333333334,51.18,52.56,0.7061397406536105,52.805,51.18,55.07,1.4163438847966419,55.80083333333334,51.18,63.21,3.9139202814693204,57.87416666666667,51.18,65.86,4.965291634384902
2026-07-05 04:18:43,Delhi,Delhi,"Anand Vihar, Delhi - DPCC",28.6139,77.209,52.11,86.26,79.11,28.74,1.56,26.16,19.69,98.0,4.69,180,1012.5,6.7,99,Satisfactory,NO2,4,5,6,7,2026,1,2,0.8660254037844386,0.5000000000000001,-0.4999999999999997,-0.8660254037844388,92.3461,4.736587723537941,50.81,51.18,51.61,52.73,61.65,52.36,72.06,91.64,91.06,91.92,106.94,82.71,59.38,40.69,52.84,63.87,23.01,74.79,51.20000000000001,50.81,51.61,0.400374824379534,52.32666666666666,50.81,55.07,1.5408915168393753,54.767500000000005,50.81,61.65,3.380503257316464,57.8075,50.81,65.86,5.051833287551889
2026-07-05 05:18:43,Delhi,Delhi,"Anand Vihar, Delhi - DPCC",28.6139,77.209,52.8,76.03,56.19,22.14,1.16,26.77,17.48,92.43,2.58,234,1013.5,0.0,88,Satisfactory,PM25,5,5,6,7,2026,1,2,0.9659258262890683,0.25881904510252074,-0.4999999999999997,-0.8660254037844388,45.098400000000005,5.001623376623377,52.11,50.81,51.18,55.07,59.56,53.57,86.26,72.06,91.64,93.65,104.67,93.53,79.11,59.38,40.69,27.92,59.48,34.97,51.36666666666667,50.81,52.11,0.6698009654593646,52.223333333333336,50.81,55.07,1.529178428656238,53.972500000000004,50.81,59.56,2.6597167484185547,57.79708333333334,50.81,65.86,5.063797749212292
2026-07-05 06:18:43,Delhi,Delhi,"Anand Vihar, Delhi - DPCC",28.6139,77.209,54.92,78.22,37.27,10.52,2.72,18.38,23.09,89.66,1.98,6,1011.2,0.0,109,Moderate,CO,6,5,6,7,2026,1,2,1.0,6.123233995736766e-17,-0.4999999999999997,-0.8660254037844388,45.718199999999996,3.721876297218763,52.8,52.11,50.81,52.56,56.72,55.41,76.03,86.26,72.06,79.47,99.86,90.95,56.19,79.11,59.38,39.92,32.91,71.79,51.906666666666666,50.81,52.8,1.0104619405649886,51.845,50.81,52.8,0.7825790694881424,53.409166666666664,50.81,56.72,2.003666903606003,57.76499999999999,50.81,65.86,5.094092913237409
2026-07-05 07:18:43,Delhi,Delhi,"Anand Vihar, Delhi - DPCC",28.6139,77.209,58.11,96.52,35.06,25.56,1.07,18.05,19.1,85.53,3.15,358,1009.3,0.0,195,Moderate,CO,7,5,6,7,2026,1,2,0.9659258262890683,-0.25881904510252063,-0.4999999999999997,-0.8660254037844388,60.165000000000006,4.255223880597015,54.92,52.8,52.11,51.61,56.34,58.52,78.22,76.03,86.26,91.06,88.81,91.06,37.27,56.19,79.11,52.84,42.94,41.31,53.276666666666664,52.11,54.92,1.4643883819979422,52.23833333333332,50.81,54.92,1.488508201746822,53.259166666666665,50.81,56.34,1.7891717653877226,57.74458333333334,50.81,65.86,5.104912364930776
2026-07-05 08:18:43,Delhi,Delhi,"Anand Vihar, Delhi - DPCC",28.6139,77.209,58.51,82.56,72.36,29.78,2.95,27.07,22.57,83.54,4.7,260,1011.4,0.0,112,Moderate,CO,8,5,6,7,2026,1,2,0.8660254037844387,-0.4999999999999998,-0.4999999999999997,-0.8660254037844388,106.07900000000001,3.5443360203648706,58.11,54.92,52.8,51.18,55.3,61.72,96.52,78.22,76.03,91.64,97.71,109.68,35.06,37.27,56.19,40.69,81.58,39.96,55.276666666666664,52.8,58.11,2.6729072810950303,53.321666666666665,50.81,58.11,2.7610970042118135,53.406666666666666,50.81,58.11,2.110374087188998,57.7275,50.81,65.86,5.102890272231486
2026-07-05 09:18:43,Delhi,Delhi,"Anand Vihar, Delhi - DPCC",28.6139,77.209,59.71,102.85,70.52,12.48,1.15,34.88,26.89,78.65,3.92,45,1013.6,0.0,102,Moderate,PM10,9,5,6,7,2026,1,2,0.7071067811865476,-0.7071067811865475,-0.4999999999999997,-0.8660254037844388,105.4088,2.820007171029043,58.51,58.11,54.92,50.81,53.68,63.18,82.56,96.52,78.22,72.06,80.19,106.13,72.36,35.06,37.27,59.38,69.81,72.02,57.18,54.92,58.51,1.967409464244226,54.54333333333333,50.81,58.51,3.2092221279723425,53.67416666666666,50.81,58.51,2.5332532383670157,57.59375,50.81,65.86,5.035315121178134
2026-07-05 10:18:43,Delhi,Delhi,"Anand Vihar, Delhi - DPCC",28.6139,77.209,61.47,110.44,63.61,29.19,2.79,50.71,26.87,71.15,3.75,221,1012.1,0.0,126,Moderate,O3,10,5,6,7,2026,1,2,0.49999999999999994,-0.8660254037844387,-0.4999999999999997,-0.8660254037844388,100.7625,2.552924291352709,59.71,58.51,58.11,52.11,52.73,63.42,102.85,82.56,96.52,86.26,91.92,92.45,70.52,72.36,35.06,79.11,63.87,26.94,58.776666666666664,58.11,59.71,0.8326663997852523,56.02666666666667,52.11,59.71,3.195325752825084,54.17666666666667,50.81,59.71,3.0747101366214045,57.44916666666666,50.81,65.86,4.916351525149572
2026-07-05 11:18:43,Delhi,Delhi,"Anand Vihar, Delhi - DPCC",28.6139,77.209,62.48,110.58,39.55,11.45,1.57,44.38,29.22,64.4,5.9,301,1008.9,0.0,107,Moderate,PM10,11,5,6,7,2026,1,2,0.258819045102521,-0.9659258262890682,-0.4999999999999997,-0.8660254037844388,172.398,2.1310390469887492,61.47,59.71,58.51,52.8,55.07,64.12,110.44,102.85,82.56,76.03,93.65,112.74,63.61,70.52,72.36,56.19,27.92,67.64,59.89666666666667,58.51,61.47,1.4888026509015593,57.586666666666666,52.8,61.47,3.18554652558506,54.905,50.81,61.47,3.6770356143353964,57.367916666666666,50.81,65.86,4.828716616935251
2026-07-05 12:18:43,Delhi,Delhi,"Anand Vihar, Delhi - DPCC",28.6139,77.209,63.38,96.79,73.66,25.41,1.23,55.76,25.88,59.07,3.64,53,1008.6,0.0,109,Moderate,PM25,12,5,6,7,2026,1,2,1.2246467991473532e-16,-1.0,-0.4999999999999997,-0.8660254037844388,94.2032,2.197544642857143,62.48,61.47,59.71,54.92,52.56,64.5,110.58,110.44,102.85,78.22,79.47,105.18,39.55,63.61,70.52,37.27,39.92,65.71,61.22,59.71,62.48,1.401820245252004,59.199999999999996,54.92,62.48,2.689014689435564,55.5225,50.81,62.48,4.280019381859254,57.29958333333334,50.81,65.86,4.739795885503071
2026-07-05 13:18:43,Delhi,Delhi,"Anand Vihar, Delhi - DPCC",28.6139,77.209,64.13,110.62,43.04,25.99,2.78,55.64,33.31,52.04,3.92,49,1008.6,0.0,112,Moderate,PM25,13,5,6,7,2026,1,2,-0.2588190451025208,-0.9659258262890683,-0.4999999999999997,-0.8660254037844388,130.5752,1.516758962401632,63.38,62.48,61.47,58.11,51.61,65.86,96.79,110.58,110.44,96.52,91.06,108.52,73.66,39.55,63.61,35.06,52.84,39.93,62.44333333333333,61.47,63.38,0.9555277773732942,60.60999999999999,58.11,63.38,2.1623783202761113,56.42416666666666,50.81,63.38,4.716625254128075,57.252916666666664,50.81,65.86,4.670832231185789
2026-07-05 14:18:43,Delhi,Delhi,"Anand Vihar, Delhi - DPCC",28.6139,77.209,64.22,92.16,23.95,32.07,1.62,56.29,33.22,44.89,8.11,176,1014.0,0.0,112,Moderate,PM25,14,5,6,7,2026,1,2,-0.4999999999999997,-0.8660254037844388,-0.4999999999999997,-0.8660254037844388,269.4142,1.3118059614260666,64.13,63.38,62.48,58.51,51.18,64.3,110.62,96.79,110.58,82.56,91.64,107.55,43.04,73.66,39.55,72.36,40.69,76.41,63.330000000000005,62.48,64.13,0.826135582092174,61.61333333333334,58.51,64.13,2.167013305604448,57.467499999999994,50.81,64.13,4.934601623415825,57.18083333333334,50.81,64.3,4.5438500402638455
2026-07-05 15:18:43,Delhi,Delhi,"Anand Vihar, Delhi - DPCC",28.6139,77.209,62.8,106.48,60.0,11.23,1.86,49.73,35.13,49.03,11.32,358,1008.6,0.0,107,Moderate,PM25,15,5,6,7,2026,1,2,-0.7071067811865471,-0.7071067811865479,-0.4999999999999997,-0.8660254037844388,397.6716,1.3570440077497923,64.22,64.13,63.38,59.71,50.81,63.21,92.16,110.62,96.79,102.85,72.06,102.56,23.95,43.04,73.66,70.52,59.38,21.75,63.910000000000004,63.38,64.22,0.46119410230279956,62.565,59.71,64.22,1.7441186886218416,58.55416666666667,50.81,64.22,4.859355472288532,57.1775,50.81,64.22,4.538426513384485
2026-07-05 16:18:43,Delhi,Delhi,"Anand Vihar, Delhi - DPCC",28.6139,77.209,63.71,97.03,49.52,29.51,1.11,41.22,33.82,54.57,13.99,101,1010.1,0.0,110,Moderate,PM25,16,5,6,7,2026,1,2,-0.8660254037844384,-0.5000000000000004,-0.4999999999999997,-0.8660254037844388,473.1418,1.5672027570361862,62.8,64.22,64.13,61.47,52.11,61.65,106.48,92.16,110.62,110.44,86.26,106.94,60.0,23.95,43.04,63.61,79.11,23.01,63.71666666666667,62.8,64.22,0.7951310164571515,63.07999999999999,61.47,64.22,1.0509614645646785,59.553333333333335,52.11,64.22,4.32562834812013,57.16041666666667,50.81,64.22,4.515445453654323
2026-07-05 17:18:43,Delhi,Delhi,"Anand Vihar, Delhi - DPCC",28.6139,77.209,63.52,110.07,78.53,20.8,0.75,27.02,33.73,54.49,10.09,188,1009.9,0.0,110,Moderate,PM25,17,5,6,7,2026,1,2,-0.9659258262890683,-0.25881904510252063,-0.4999999999999997,-0.8660254037844388,340.3357,1.568960552836165,63.71,62.8,64.22,62.48,52.8,59.56,97.03,106.48,92.16,110.58,76.03,104.67,49.52,60.0,23.95,39.55,56.19,59.48,63.57666666666666,62.8,64.22,0.7193283904672167,63.45333333333334,62.48,64.22,0.7058517313618835,60.51999999999999,52.8,64.22,3.771700846133894,57.24625,50.81,64.22,4.622800593372691
2026-07-05 18:18:43,Delhi,Delhi,"Anand Vihar, Delhi - DPCC",28.6139,77.209,64.17,93.79,78.62,22.71,0.9,37.34,32.29,55.22,12.24,338,1011.7,0.0,112,Moderate,PM25,18,5,6,7,2026,1,2,-1.0,-1.8369701987210297e-16,-0.4999999999999997,-0.8660254037844388,395.2296,1.6587563832982877,63.52,63.71,62.8,63.38,54.92,56.72,110.07,97.03,106.48,96.79,78.22,99.86,78.53,49.52,60.0,73.66,37.27,32.91,63.343333333333334,62.8,63.71,0.4800347209651712,63.626666666666665,62.8,64.22,0.5230551277509399,61.413333333333334,54.92,64.22,2.958932035021863,57.41125,50.81,64.22,4.777072336556732
2026-07-05 19:18:43,Delhi,Delhi,"Anand Vihar, Delhi - DPCC",28.6139,77.209,61.74,110.3,72.69,33.13,2.59,11.87,30.31,64.95,7.2,284,1010.2,0.0,107,Moderate,PM10,19,5,6,7,2026,1,2,-0.9659258262890684,0.2588190451025203,-0.4999999999999997,-0.8660254037844388,218.232,2.0744171191312684,64.17,63.52,63.71,64.13,58.11,56.34,93.79,110.07,97.03,110.62,96.52,88.81,78.62,78.53,49.52,43.04,35.06,42.94,63.800000000000004,63.52,64.17,0.3342154993396781,63.75833333333333,62.8,64.22,0.5474090487620196,62.18416666666667,58.11,64.22,2.2282013061224712,57.721666666666664,50.81,64.22,4.968421730565306
2026-07-05 20:18:43,Delhi,Delhi,"Anand Vihar, Delhi - DPCC",28.6139,77.209,61.3,97.26,39.6,12.48,1.23,6.91,26.29,69.45,9.92,0,1012.3,0.0,102,Moderate,PM25,20,5,6,7,2026,1,2,-0.8660254037844386,0.5000000000000001,-0.4999999999999997,-0.8660254037844388,260.79679999999996,2.5448882374496153,61.74,64.17,63.52,64.22,58.51,55.3,110.3,93.79,110.07,92.16,82.56,97.71,72.69,78.62,78.53,23.95,72.36,81.58,63.14333333333334,61.74,64.17,1.2580275566664145,63.36000000000001,61.74,64.22,0.9467629059061797,62.48666666666667,58.51,64.22,1.8368467711286856,57.94666666666666,50.81,64.22,5.025080286329552
2026-07-05 21:18:43,Delhi,Delhi,"Anand Vihar, Delhi - DPCC",28.6139,77.209,56.75,89.78,44.9,27.72,0.9,0.0,23.6,73.29,8.18,189,1008.8,0.0,94,Satisfactory,PM25,21,5,6,7,2026,1,2,-0.7071067811865477,0.7071067811865474,-0.4999999999999997,-0.8660254037844388,193.048,2.979268292682927,61.3,61.74,64.17,62.8,59.71,53.68,97.26,110.3,93.79,106.48,102.85,80.19,39.6,72.69,78.62,60.0,70.52,69.81,62.403333333333336,61.3,64.17,1.5457145057648651,62.873333333333335,61.3,64.17,1.1458388484715611,62.719166666666666,59.71,64.22,1.4161308255776812,58.196666666666665,50.81,64.22,5.03691992380666
2026-07-05 22:18:43,Delhi,Delhi,"Anand Vihar, Delhi - DPCC",28.6139,77.209,54.52,91.07,22.29,24.74,2.14,0.0,22.17,81.11,7.89,35,1008.8,0.0,102,Moderate,CO,22,5,6,7,2026,1,2,-0.5000000000000004,0.8660254037844384,-0.4999999999999997,-0.8660254037844388,174.9213,3.5006473888649112,56.75,61.3,61.74,63.71,61.47,52.73,89.78,97.26,110.3,97.03,110.44,91.92,44.9,39.6,72.69,49.52,63.61,63.87,59.93,56.75,61.74,2.7627341529720275,61.865,56.75,64.17,2.755146094130051,62.4725,56.75,64.22,2.086872932490967,58.324583333333344,50.81,64.22,4.955553739222161
2026-07-05 23:18:43,Delhi,Delhi,"Anand Vihar, Delhi - DPCC",28.6139,77.209,54.01,90.27,55.57,12.01,0.98,1.97,18.21,90.69,7.79,133,1012.3,0.0,90,Satisfactory,PM10,23,5,6,7,2026,1,2,-0.25881904510252157,0.9659258262890681,-0.4999999999999997,-0.8660254037844388,141.85590000000002,4.720978656949505,54.52,56.75,61.3,63.52,62.48,55.07,91.07,89.78,97.26,110.07,110.58,93.65,22.29,44.9,39.6,78.53,39.55,27.92,57.52333333333333,54.52,61.3,3.4555221506063116,60.333333333333336,54.52,64.17,3.8580599615178217,61.893333333333324,54.52,64.22,3.1059688382600106,58.39916666666667,50.81,64.22,4.880595042719114
2026-07-06 00:18:43,Delhi,Delhi,"Anand Vihar, Delhi - DPCC",28.6139,77.209,53.0,84.85,32.05,16.51,2.34,37.89,16.38,88.5,4.98,70,1012.7,0.0,104,Moderate,CO,0,6,0,7,2026,0,2,0.0,1.0,-0.4999999999999997,-0.8660254037844388,81.5724,5.092059838895282,54.01,54.52,56.75,64.17,63.38,52.56,90.27,91.07,89.78,93.79,96.79,79.47,55.57,22.29,44.9,78.62,73.66,39.92,55.093333333333334,54.01,56.75,1.457200512397097,58.748333333333335,54.01,64.17,4.223256642292422,61.1875,54.01,64.22,3.8369237796585054,58.355,50.81,64.22,4.9166947186622885
2026-07-06 01:18:43,Delhi,Delhi,"Anand Vihar, Delhi - DPCC",28.6139,77.209,54.63,94.0,48.17,19.41,2.79,15.26,15.7,98.0,7.39,123,1014.1,3.8,110,Moderate,CO,1,6,0,7,2026,0,2,0.25881904510252074,0.9659258262890683,-0.4999999999999997,-0.8660254037844388,116.023,5.868263473053893,53.0,54.01,54.52,61.74,64.13,51.61,84.85,90.27,91.07,110.3,110.62,91.06,32.05,55.57,22.29,72.69,43.04,52.84,53.843333333333334,53.0,54.52,0.7735847292508413,56.88666666666666,53.0,61.74,3.795616770258459,60.32249999999999,53.0,64.22,4.422989784790764,58.373333333333335,50.81,64.22,4.894918986465238
2026-07-06 02:18:43,Delhi,Delhi,"Anand Vihar, Delhi - DPCC",28.6139,77.209,52.18,85.79,21.45,11.14,0.88,19.73,18.58,98.0,4.11,325,1013.8,0.0,87,Satisfactory,PM25,2,6,0,7,2026,0,2,0.49999999999999994,0.8660254037844387,-0.4999999999999997,-0.8660254037844388,76.3638,5.005107252298264,54.63,53.0,54.01,61.3,64.22,51.18,94.0,84.85,90.27,97.26,92.16,91.64,48.17,32.05,55.57,39.6,23.95,40.69,53.879999999999995,53.0,54.63,0.822739326881103,55.70166666666666,53.0,61.3,3.0048588430519296,59.53083333333334,53.0,64.22,4.528474473882555,58.49916666666667,50.81,64.22,4.750172460637297
2026-07-06 03:18:43,Delhi,Delhi,"Anand Vihar, Delhi - DPCC",28.6139,77.209,51.16,77.03,50.21,9.84,1.08,38.38,16.6,92.7,1.41,5,1009.7,0.0,195,Moderate,CO,3,6,0,7,2026,0,2,0.7071067811865475,0.7071067811865476,-0.4999999999999997,-0.8660254037844388,23.406000000000002,5.267045454545454,52.18,54.63,53.0,56.75,62.8,50.81,85.79,94.0,84.85,89.78,106.48,72.06,21.45,48.17,32.05,44.9,60.0,59.38,53.27,52.18,54.63,1.2471166745724502,54.18166666666667,52.18,56.75,1.5712595796581619,58.5275,52.18,64.17,4.724637792754814,58.54083333333333,50.81,64.22,4.687147938469762
2026-07-06 04:18:43,Delhi,Delhi,"Anand Vihar, Delhi - DPCC",28.6139,77.209,52.0,73.09,48.7,8.57,2.4,35.62,15.51,97.08,4.41,301,1011.8,0.0,105,Moderate,CO,4,6,0,7,2026,0,2,0.8660254037844386,0.5000000000000001,-0.4999999999999997,-0.8660254037844388,68.3991,5.8800726832222905,51.16,52.18,54.63,54.52,63.71,52.11,77.03,85.79,94.0,91.07,97.03,86.26,50.21,21.45,48.17,22.29,49.52,79.11,52.656666666666666,51.16,54.63,1.783433019019741,53.25,51.16,54.63,1.3907120478377155,57.5575,51.16,64.17,4.956898086138492,58.55541666666667,51.16,64.22,4.662528684296103
2026-07-06 05:18:43,Delhi,Delhi,"Anand Vihar, Delhi - DPCC",28.6139,77.209,54.01,80.89,55.88,18.4,2.48,38.81,17.12,95.62,3.5,69,1011.3,0.9,106,Moderate,CO,5,6,0,7,2026,0,2,0.9659258262890683,0.25881904510252074,-0.4999999999999997,-0.8660254037844388,59.92,5.277041942604856,52.0,51.16,52.18,54.01,63.52,52.8,73.09,77.03,85.79,90.27,110.07,76.03,48.7,50.21,21.45,55.57,78.53,56.19,51.78,51.16,52.18,0.5444263035493025,52.82999999999999,51.16,54.63,1.308556456558529,56.58166666666667,51.16,64.17,4.785249748081593,58.55083333333334,51.16,64.22,4.669189406111603
2026-07-06 06:18:43,Delhi,Delhi,"Anand Vihar, Delhi - DPCC",28.6139,77.209,56.87,102.24,32.11,14.97,0.85,37.94,23.47,94.5,3.29,324,1011.7,0.0,102,Moderate,PM10,6,6,0,7,2026,0,2,1.0,6.123233995736766e-17,-0.4999999999999997,-0.8660254037844388,77.2163,3.861871679607683,54.01,52.0,51.16,53.0,64.17,54.92,80.89,73.09,77.03,84.85,93.79,78.22,55.88,48.7,50.21,32.05,78.62,37.27,52.38999999999999,51.16,54.01,1.4644794296938652,52.830000000000005,51.16,54.63,1.308556456558529,55.78916666666667,51.16,64.17,4.2939819585794545,58.60125,51.16,64.22,4.6105581219253775
2026-07-06 07:18:43,Delhi,Delhi,"Anand Vihar, Delhi - DPCC",28.6139,77.209,59.47,94.07,47.09,33.3,2.76,34.91,18.4,89.85,4.31,59,1008.4,0.0,109,Moderate,CO,7,6,0,7,2026,0,2,0.9659258262890683,-0.25881904510252063,-0.4999999999999997,-0.8660254037844388,79.30399999999999,4.631443298969073,56.87,54.01,52.0,54.63,61.74,58.11,102.24,80.89,73.09,94.0,110.3,96.52,32.11,55.88,48.7,48.17,72.69,35.06,54.29333333333333,52.0,56.87,2.4473318805037736,53.474999999999994,51.16,56.87,2.1146228978238533,55.18083333333333,51.16,61.74,3.4286240503717598,58.6825,51.16,64.22,4.55976663209098
2026-07-06 08:18:43,Delhi,Delhi,"Anand Vihar, Delhi - DPCC",28.6139,77.209,62.03,91.05,38.32,16.94,2.79,25.34,21.12,84.33,5.78,7,1014.9,14.5,110,Moderate,CO,8,6,0,7,2026,0,2,0.8660254037844387,-0.4999999999999998,-0.4999999999999997,-0.8660254037844388,122.07360000000001,3.812386980108499,59.47,56.87,54.01,52.18,61.3,58.51,94.07,102.24,80.89,85.79,97.26,82.56,47.09,32.11,55.88,21.45,39.6,72.36,56.78333333333333,54.01,59.47,2.731031551141541,54.281666666666666,51.16,59.47,3.257602901930735,54.99166666666667,51.16,61.3,3.078591275636311,58.73916666666667,51.16,64.22,4.560793139133905
2026-07-06 09:18:43,Delhi,Delhi,"Anand Vihar, Delhi - DPCC",28.6139,77.209,63.85,92.31,64.42,12.58,1.21,41.25,25.09,76.21,1.65,40,1010.3,0.0,111,Moderate,PM25,9,6,0,7,2026,0,2,0.7071067811865476,-0.7071067811865475,-0.4999999999999997,-0.8660254037844388,41.3985,2.9210425450364124,62.03,59.47,56.87,51.16,56.75,59.71,91.05,94.07,102.24,77.03,89.78,102.85,38.32,47.09,32.11,50.21,44.9,70.52,59.45666666666667,56.87,62.03,2.580025839663436,55.923333333333325,51.16,62.03,4.301374973966745,55.0525,51.16,62.03,3.2186053586212187,58.88583333333333,51.16,64.22,4.609442026655864
2026-07-06 10:18:43,Delhi,Delhi,"Anand Vihar, Delhi - DPCC",28.6139,77.209,67.24,111.55,70.63,16.77,2.11,59.61,25.58,68.3,7.14,227,1013.2,0.0,122,Moderate,PM25,10,6,0,7,2026,0,2,0.49999999999999994,-0.8660254037844387,-0.4999999999999997,-0.8660254037844388,182.64119999999997,2.5696012039127165,63.85,62.03,59.47,52.0,54.52,61.47,92.31,91.05,94.07,73.09,91.07,110.44,64.42,38.32,47.09,48.7,22.29,63.61,61.78333333333333,59.47,63.85,2.2003939041297533,58.038333333333334,52.0,63.85,4.600271368807197,55.64416666666667,51.16,63.85,4.092868428094989,59.05833333333334,51.16,64.22,4.7178179063102155
2026-07-06 11:18:43,Delhi,Delhi,"Anand Vihar, Delhi - DPCC",28.6139,77.209,66.94,113.31,42.33,22.09,0.75,47.85,30.24,60.85,8.58,243,1012.3,0.0,121,Moderate,PM25,11,6,0,7,2026,0,2,0.258819045102521,-0.9659258262890682,-0.4999999999999997,-0.8660254037844388,259.4592,1.9478233034571064,67.24,63.85,62.03,54.01,54.01,62.48,111.55,92.31,91.05,80.89,90.27,110.58,70.63,64.42,38.32,55.88,55.57,39.55,64.37333333333333,62.03,67.24,2.6441318676139725,60.57833333333334,54.01,67.24,4.802334501746729,56.70416666666667,51.16,67.24,5.256888914615358,59.29874999999999,51.16,67.24,4.985482674726674
2026-07-06 12:18:43,Delhi,Delhi,"Anand Vihar, Delhi - DPCC",28.6139,77.209,67.46,115.2,79.64,8.3,2.21,62.58,29.83,54.2,6.22,147,1010.5,0.0,123,Moderate,PM25,12,6,0,7,2026,0,2,1.2246467991473532e-16,-1.0,-0.4999999999999997,-0.8660254037844388,185.5426,1.7580278949075578,66.94,67.24,63.85,56.87,53.0,63.38,113.31,111.55,92.31,102.24,84.85,96.79,42.33,70.63,64.42,32.11,32.05,73.66,66.00999999999999,63.85,67.24,1.8766193007636611,62.73333333333334,56.87,67.24,4.1176627674770545,57.781666666666666,51.16,67.24,5.935757335969432,59.484583333333326,51.16,67.24,5.1882199168690715
2026-07-06 13:18:43,Delhi,Delhi,"Anand Vihar, Delhi - DPCC",28.6139,77.209,68.56,112.14,76.32,17.45,1.14,66.4,33.52,51.5,6.03,80,1008.5,0.0,127,Moderate,PM25,13,6,0,7,2026,0,2,-0.2588190451025208,-0.9659258262890683,-0.4999999999999997,-0.8660254037844388,202.12560000000002,1.4918887601390496,67.46,66.94,67.24,59.47,54.63,64.13,115.2,113.31,111.55,94.07,94.0,110.62,79.64,42.33,70.63,47.09,48.17,43.04,67.21333333333332,66.94,67.46,0.26102362600389173,64.49833333333333,59.47,67.46,3.287767733077663,58.98666666666667,51.16,67.46,6.3313567888627595,59.654583333333335,51.16,67.46,5.384538233939232
2026-07-06 14:18:43,Delhi,Delhi,"Anand Vihar, Delhi - DPCC",28.6139,77.209,67.85,96.16,61.96,16.93,2.24,58.6,30.22,51.03,6.39,46,1011.1,0.0,124,Moderate,PM25,14,6,0,7,2026,0,2,-0.4999999999999997,-0.8660254037844388,-0.4999999999999997,-0.8660254037844388,193.1058,1.634529147982063,68.56,67.46,66.94,62.03,52.18,64.22,112.14,115.2,113.31,91.05,85.79,92.16,76.32,79.64,42.33,38.32,21.45,23.95,67.65333333333332,66.94,68.56,0.8271235296691047,66.01333333333334,62.03,68.56,2.509531164713148,60.1475,51.16,68.56,6.724748221038718,59.839166666666664,51.16,68.56,5.615600100857735
2026-07-06 15:18:43,Delhi,Delhi,"Anand Vihar, Delhi - DPCC",28.6139,77.209,65.95,100.75,44.93,32.52,1.13,45.6,33.85,47.96,8.86,46,1012.0,0.9,118,Moderate,PM25,15,6,0,7,2026,0,2,-0.7071067811865471,-0.7071067811865479,-0.4999999999999997,-0.8660254037844388,299.911,1.376183644189383,67.85,68.56,67.46,63.85,51.16,62.8,96.16,112.14,115.2,92.31,77.03,106.48,61.96,76.32,79.64,64.42,50.21,60.0,67.95666666666666,67.46,68.56,0.557703624994777,66.98333333333333,63.85,68.56,1.63399714402029,61.453333333333326,51.16,68.56,6.556257709357901,59.99041666666667,51.16,68.56,5.785051560528288
2026-07-06 16:18:43,Delhi,Delhi,"Anand Vihar, Delhi - DPCC",28.6139,77.209,63.97,92.77,35.22,25.34,1.21,47.94,34.79,51.54,8.5,113,1012.4,0.0,111,Moderate,PM25,16,6,0,7,2026,0,2,-0.8660254037844384,-0.5000000000000004,-0.4999999999999997,-0.8660254037844388,295.715,1.4400670578373846,65.95,67.85,68.56,67.24,52.0,63.71,100.75,96.16,112.14,111.55,73.09,97.03,44.93,61.96,76.32,70.63,48.7,49.52,67.45333333333333,65.95,68.56,1.349456680791287,67.33333333333333,65.95,68.56,0.8791738546308352,62.685833333333335,52.0,68.56,5.790810052195273,60.12166666666666,51.16,68.56,5.886411519738482
2026-07-06 17:18:43,Delhi,Delhi,"Anand Vihar, Delhi - DPCC",28.6139,77.209,61.09,91.78,39.65,12.44,1.0,45.58,33.19,49.99,7.34,213,1012.1,12.6,101,Moderate,PM25,17,6,0,7,2026,0,2,-0.9659258262890683,-0.25881904510252063,-0.4999999999999997,-0.8660254037844388,243.61459999999997,1.4621234279028958,63.97,65.95,67.85,66.94,54.01,63.52,92.77,100.75,96.16,113.31,80.89,110.07,35.22,44.93,61.96,42.33,55.88,78.53,65.92333333333333,63.97,67.85,1.940137452174984,66.78833333333333,63.97,68.56,1.6362080144854723,63.68333333333334,54.01,68.56,4.713522777042318,60.13249999999999,51.16,68.56,5.893537544006015
2026-07-06 18:18:43,Delhi,Delhi,"Anand Vihar, Delhi - DPCC",28.6139,77.209,60.75,103.83,62.89,23.63,0.63,24.01,29.44,52.56,12.72,310,1010.2,0.0,211,Poor,PM25,18,6,0,7,2026,0,2,-1.0,-1.8369701987210297e-16,-0.4999999999999997,-0.8660254037844388,374.4768,1.7266754270696452,61.09,63.97,65.95,67.46,56.87,64.17,91.78,92.77,100.75,115.2,102.24,93.79,39.65,35.22,44.93,79.64,32.11,78.62,63.669999999999995,61.09,65.95,2.4438494225296337,65.81333333333333,61.09,68.56,2.8330242968719057,64.27333333333333,56.87,68.56,3.7339360985263985,60.03125,51.16,68.56,5.8535483942944895
2026-07-06 19:18:43,Delhi,Delhi,"Anand Vihar, Delhi - DPCC",28.6139,77.209,58.41,94.8,77.42,25.89,2.88,26.33,27.18,60.0,11.38,47,1012.5,0.0,111,Moderate,CO,19,6,0,7,2026,0,2,-0.9659258262890684,0.2588190451025203,-0.4999999999999997,-0.8660254037844388,309.3084,2.1291696238466997,60.75,61.09,63.97,68.56,59.47,61.74,103.83,91.78,92.77,112.14,94.07,110.3,62.89,39.65,35.22,76.32,47.09,72.69,61.93666666666667,60.75,63.97,1.7691052352337697,64.69500000000001,60.75,68.56,3.3332251649116023,64.59666666666666,59.47,68.56,3.158179375794971,59.88875000000001,51.16,68.56,5.789693475779011
2026-07-06 20:18:43,Delhi,Delhi,"Anand Vihar, Delhi - DPCC",28.6139,77.209,55.01,97.08,37.42,21.83,2.6,17.72,25.48,72.17,10.68,30,1010.7,0.0,107,Moderate,CO,20,6,0,7,2026,0,2,-0.8660254037844386,0.5000000000000001,-0.4999999999999997,-0.8660254037844388,272.1264,2.7254531722054383,58.41,60.75,61.09,67.85,62.03,61.3,94.8,103.83,91.78,96.16,91.05,97.26,77.42,62.89,39.65,61.96,38.32,39.6,60.083333333333336,58.41,61.09,1.4590864721911831,63.00333333333333,58.41,67.85,3.548084929460791,64.50833333333334,58.41,68.56,3.32502312591635,59.75,51.16,68.56,5.78329753988003
2026-07-06 21:18:43,Delhi,Delhi,"Anand Vihar, Delhi - DPCC",28.6139,77.209,53.59,76.2,30.95,34.06,1.54,2.48,23.64,72.56,11.4,53,1009.4,0.0,89,Satisfactory,PM25,21,6,0,7,2026,0,2,-0.7071067811865477,0.7071067811865474,-0.4999999999999997,-0.8660254037844388,269.49600000000004,2.9448051948051948,55.01,58.41,60.75,65.95,63.85,56.75,97.08,94.8,103.83,100.75,92.31,89.78,37.42,77.42,62.89,44.93,64.42,44.9,58.056666666666665,55.01,60.75,2.8862663309769387,60.86333333333332,55.01,65.95,3.895385304006136,63.92333333333334,55.01,68.56,4.280856612096822,59.487916666666656,51.16,68.56,5.852115172546884
2026-07-06 22:18:43,Delhi,Delhi,"Anand Vihar, Delhi - DPCC",28.6139,77.209,51.35,72.03,51.4,32.88,2.39,2.34,25.43,79.59,10.08,275,1009.0,0.0,105,Moderate,CO,22,6,0,7,2026,0,2,-0.5000000000000004,0.8660254037844384,-0.4999999999999997,-0.8660254037844388,256.3344,3.011350737797957,53.59,55.01,58.41,63.97,67.24,54.52,76.2,97.08,94.8,92.77,111.55,91.07,30.95,37.42,77.42,35.22,70.63,22.29,55.669999999999995,53.59,58.41,2.4768528418130695,58.803333333333335,53.59,63.97,3.935371223489231,63.06833333333333,53.59,68.56,5.218700349065184,59.356249999999996,51.16,68.56,5.951104985082862
2026-07-06 23:18:43,Delhi,Delhi,"Anand Vihar, Delhi - DPCC",28.6139,77.209,50.76,87.06,74.19,15.22,2.39,0.0,21.09,86.42,11.29,196,1014.5,0.0,105,Moderate,CO,23,6,0,7,2026,0,2,-0.25881904510252157,0.9659258262890681,-0.4999999999999997,-0.8660254037844388,238.10609999999997,3.9121774558623814,51.35,53.59,55.01,61.09,66.94,54.01,72.03,76.2,97.08,91.78,113.31,90.27,51.4,30.95,37.42,39.65,42.33,55.57,53.31666666666666,51.35,55.01,1.8452461443749437,56.70000000000001,51.35,61.09,3.9937300860224205,61.744166666666665,51.35,68.56,6.018597629368671,59.22416666666666,51.16,68.56,6.096513555814646
2026-07-07 00:18:43,Delhi,Delhi,"Anand Vihar, Delhi - DPCC",28.6139,77.209,49.79,87.86,25.85,31.04,1.32,16.34,20.67,89.26,7.58,87,1010.1,3.1,88,Satisfactory,PM10,0,7,1,7,2026,0,2,0.0,1.0,-0.4999999999999997,-0.8660254037844388,156.67860000000002,4.119058606368251,50.76,51.35,53.59,60.75,67.46,53.0,87.06,72.03,76.2,103.83,115.2,84.85,74.19,51.4,30.95,62.89,79.64,32.05,51.900000000000006,50.76,53.59,1.4930170796066402,54.97833333333333,50.76,60.75,3.94907795145493,60.395833333333336,50.76,68.56,6.5386813493149045,59.08875,50.76,68.56,6.251491865425255
2026-07-07 01:18:43,Delhi,Delhi,"Anand Vihar, Delhi - DPCC",28.6139,77.209,50.04,71.74,60.96,14.36,2.68,36.78,17.88,98.0,4.41,289,1014.9,0.0,108,Moderate,CO,1,7,1,7,2026,0,2,0.25881904510252074,0.9659258262890683,-0.4999999999999997,-0.8660254037844388,78.85079999999999,5.1906779661016955,49.79,50.76,51.35,58.41,68.56,54.63,87.86,87.06,72.03,94.8,112.14,94.0,25.85,74.19,51.4,77.42,76.32,48.17,50.63333333333333,49.79,51.35,0.7876759062776669,53.151666666666664,49.79,58.41,3.211307625667092,58.92333333333334,49.79,68.56,6.7880916227455055,58.95499999999999,49.79,68.56,6.4195049247010285
2026-07-07 02:18:43,Delhi,Delhi,"Anand Vihar, Delhi - DPCC",28.6139,77.209,50.87,83.94,58.3,16.29,2.49,38.99,16.29,98.0,4.44,70,1013.7,0.0,106,Moderate,CO,2,7,1,7,2026,0,2,0.49999999999999994,0.8660254037844387,-0.4999999999999997,-0.8660254037844388,72.3276,5.668016194331984,50.04,49.79,50.76,55.01,67.85,52.18,71.74,87.86,87.06,97.08,96.16,85.79,60.96,25.85,74.19,37.42,61.96,21.45,50.196666666666665,49.79,50.76,0.503620227284704,51.75666666666667,49.79,55.01,2.0937398755976653,57.379999999999995,49.79,67.85,6.4970328892222975,58.763749999999995,49.79,68.56,6.619223527627358
2026-07-07 03:18:43,Delhi,Delhi,"Anand Vihar, Delhi - DPCC",28.6139,77.209,50.22,81.92,38.47,20.88,2.34,39.53,19.54,97.7,1.0,254,1014.5,0.0,104,Moderate,CO,3,7,1,7,2026,0,2,0.7071067811865475,0.7071067811865476,-0.4999999999999997,-0.8660254037844388,19.54,4.756572541382669,50.87,50.04,49.79,53.59,65.95,51.16,83.94,71.74,87.86,76.2,100.75,77.03,58.3,60.96,25.85,30.95,44.93,50.21,50.23333333333333,49.79,50.87,0.5653612414468284,51.06666666666666,49.79,53.59,1.3611857575907045,55.965,49.79,65.95,5.823606349083945,58.70916666666667,49.79,68.56,6.680987896663355
2026-07-07 04:18:43,Delhi,Delhi,"Anand Vihar, Delhi - DPCC",28.6139,77.209,50.62,83.27,38.38,16.8,0.76,23.74,16.64,98.0,3.82,250,1012.4,0.0,84,Satisfactory,PM25,4,7,1,7,2026,0,2,0.8660254037844386,0.5000000000000001,-0.4999999999999997,-0.8660254037844388,63.5648,5.555555555555555,50.22,50.87,50.04,51.35,63.97,52.0,81.92,83.94,71.74,72.03,92.77,73.09,38.47,58.3,60.96,51.4,35.22,48.7,50.376666666666665,50.04,50.87,0.4366157731121419,50.504999999999995,49.79,51.35,0.5866770832418411,54.65416666666667,49.79,63.97,5.096734174196667,58.669999999999995,49.79,68.56,6.7297457798099245
2026-07-07 05:18:43,Delhi,Delhi,"Anand Vihar, Delhi - DPCC",28.6139,77.209,52.22,74.28,35.34,22.24,0.98,19.19,18.27,95.12,2.57,43,1010.9,6.3,87,Satisfactory,PM25,5,7,1,7,2026,0,2,0.9659258262890683,0.25881904510252074,-0.4999999999999997,-0.8660254037844388,46.9539,4.9361702127659575,50.62,50.22,50.87,50.76,61.09,54.01,83.27,81.92,83.94,87.06,91.78,80.89,38.38,38.47,58.3,74.19,39.65,55.88,50.57,50.22,50.87,0.32787192621052635,50.38333333333333,49.79,50.87,0.4315862215917335,53.541666666666664,49.79,61.09,4.268079903259314,58.61249999999999,49.79,68.56,6.79479420298139
2026-07-07 06:18:43,Delhi,Delhi,"Anand Vihar, Delhi - DPCC",28.6139,77.209,50.94,89.02,51.8,20.64,1.5,35.44,17.25,90.15,3.1,99,1008.3,0.0,89,Satisfactory,PM10,6,7,1,7,2026,0,2,1.0,6.123233995736766e-17,-0.4999999999999997,-0.8660254037844388,53.475,4.939726027397261,52.22,50.62,50.22,49.79,60.75,56.87,74.28,83.27,81.92,87.86,103.83,102.24,35.34,38.38,38.47,25.85,62.89,32.11,51.02,50.22,52.22,1.0583005244244437,50.626666666666665,49.79,52.22,0.8726434934541207,52.8025,49.79,60.75,3.549579040342157,58.53791666666666,49.79,68.56,6.8570490415317105
2026-07-07 07:18:43,Delhi,Delhi,"Anand Vihar, Delhi - DPCC",28.6139,77.209,54.8,83.55,70.74,15.01,0.6,24.41,22.19,85.11,6.61,310,1008.7,0.0,91,Satisfactory,PM25,7,7,1,7,2026,0,2,0.9659258262890683,-0.25881904510252063,-0.4999999999999997,-0.8660254037844388,146.6759,3.670116429495472,50.94,52.22,50.62,50.04,58.41,59.47,89.02,74.28,83.27,71.74,94.8,94.07,51.8,35.34,38.38,60.96,77.42,47.09,51.26,50.62,52.22,0.8466404195389446,50.81833333333333,50.04,52.22,0.7726944199797221,51.98500000000001,49.79,58.41,2.538451568109261,58.29083333333333,49.79,68.56,7.024556255003595
2026-07-07 08:18:43,Delhi,Delhi,"Anand Vihar, Delhi - DPCC",28.6139,77.209,54.72,94.6,80.17,27.79,3.03,33.07,23.09,83.76,1.55,110,1009.7,11.3,113,Moderate,CO,8,7,1,7,2026,0,2,0.8660254037844387,-0.4999999999999998,-0.4999999999999997,-0.8660254037844388,35.789500000000004,3.476961394769614,54.8,50.94,52.22,50.87,55.01,62.03,83.55,89.02,74.28,83.94,97.08,91.05,70.74,51.8,35.34,58.3,37.42,38.32,52.65333333333333,50.94,54.8,1.966146823950482,51.61166666666666,50.22,54.8,1.7004048537532925,51.68416666666666,49.79,55.01,1.8200572335323275,58.09625,49.79,68.56,7.055086855842263
2026-07-07 09:18:43,Delhi,Delhi,"Anand Vihar, Delhi - DPCC",28.6139,77.209,55.82,94.89,90.07,10.92,1.61,44.57,26.16,77.36,1.53,29,1011.2,0.0,110,Moderate,NO2,9,7,1,7,2026,0,2,0.7071067811865476,-0.7071067811865475,-0.4999999999999997,-0.8660254037844388,40.0248,2.8483063328424154,54.72,54.8,50.94,50.22,53.59,63.85,94.6,83.55,89.02,81.92,76.2,92.31,80.17,70.74,51.8,38.47,30.95,64.42,53.48666666666666,50.94,54.8,2.2058407316328763,52.25333333333333,50.22,54.8,2.0541729884962754,51.66,49.79,54.8,1.7732045977423367,57.791666666666664,49.79,68.56,7.035641972912957
2026-07-07 10:18:43,Delhi,Delhi,"Anand Vihar, Delhi - DPCC",28.6139,77.209,59.16,103.59,66.39,26.13,0.67,48.95,27.92,70.47,1.71,100,1013.5,0.0,103,Moderate,PM10,10,7,1,7,2026,0,2,0.49999999999999994,-0.8660254037844387,-0.4999999999999997,-0.8660254037844388,47.7432,2.4367219917012446,55.82,54.72,54.8,50.62,51.35,67.24,94.89,94.6,83.55,83.27,72.03,111.55,90.07,80.17,70.74,38.38,51.4,70.63,55.11333333333332,54.72,55.82,0.6132971003769939,53.18666666666667,50.62,55.82,2.211702210214489,51.84583333333334,49.79,55.82,2.08355229152406,57.45708333333334,49.79,68.56,6.925075092461594
2026-07-07 11:18:43,Delhi,Delhi,"Anand Vihar, Delhi - DPCC",28.6139,77.209,62.03,93.47,52.08,31.19,1.32,67.17,28.57,62.85,3.79,66,1011.0,3.7,104,Moderate,PM25,11,7,1,7,2026,0,2,0.258819045102521,-0.9659258262890682,-0.4999999999999997,-0.8660254037844388,108.2803,2.125464998309097,59.16,55.82,54.72,52.22,50.76,66.94,103.59,94.89,94.6,74.28,87.06,113.31,66.39,90.07,80.17,35.34,74.19,42.33,56.56666666666666,54.72,59.16,2.312257194459767,54.60999999999999,50.94,59.16,2.87735295019587,52.49666666666667,49.79,59.16,2.95298410959408,57.12041666666667,49.79,68.56,6.618411394289272
2026-07-07 12:18:43,Delhi,Delhi,"Anand Vihar, Delhi - DPCC",28.6139,77.209,62.01,111.06,68.47,27.91,1.78,69.29,27.65,61.13,5.04,357,1010.2,0.0,108,Moderate,PM10,12,7,1,7,2026,0,2,1.2246467991473532e-16,-1.0,-0.4999999999999997,-0.8660254037844388,139.356,2.1336823734729498,62.03,59.16,55.82,50.94,49.79,67.46,93.47,103.59,94.89,89.02,87.86,115.2,52.08,66.39,90.07,51.8,25.85,79.64,59.00333333333333,55.82,62.03,3.1079628912410118,56.245,50.94,62.03,3.8652490217320743,53.435833333333335,49.79,62.03,3.96811486805266,56.91583333333333,49.79,68.56,6.3730164291171585
2026-07-07 13:18:43,Delhi,Delhi,"Anand Vihar, Delhi - DPCC",28.6139,77.209,61.65,94.35,21.25,28.54,0.69,71.62,33.41,58.48,7.28,50,1011.1,0.0,103,Moderate,PM25,13,7,1,7,2026,0,2,-0.2588190451025208,-0.9659258262890683,-0.4999999999999997,-0.8660254037844388,243.2248,1.6995059575704738,62.01,62.03,59.16,54.8,50.04,68.56,111.06,93.47,103.59,83.55,71.74,112.14,68.47,52.08,66.39,70.74,60.96,76.32,61.06666666666666,59.16,62.03,1.6512520502126184,58.089999999999996,54.72,62.03,3.4458322652155604,54.45416666666666,50.04,62.03,4.482141246270034,56.68875,49.79,68.56,6.070908042173088
2026-07-07 14:18:43,Delhi,Delhi,"Anand Vihar, Delhi - DPCC",28.6139,77.209,61.8,107.2,50.15,8.39,2.37,72.81,32.37,51.11,12.23,316,1014.7,0.0,105,Moderate,PM10,14,7,1,7,2026,0,2,-0.4999999999999997,-0.8660254037844388,-0.4999999999999997,-0.8660254037844388,395.88509999999997,1.5316152232544202,61.65,62.01,62.03,54.72,50.87,67.85,94.35,111.06,93.47,94.6,83.94,96.16,21.25,68.47,52.08,80.17,58.3,61.96,61.89666666666667,61.65,62.03,0.21385353242686014,59.23166666666666,54.72,62.03,3.2679621580837153,55.42166666666666,50.22,62.03,4.690880578959617,56.40083333333334,49.79,67.85,5.6313724612301765
2026-07-07 15:18:43,Delhi,Delhi,"Anand Vihar, Delhi - DPCC",28.6139,77.209,64.49,108.37,31.66,20.07,2.43,59.68,31.1,55.24,7.9,42,1010.8,0.0,113,Moderate,PM25,15,7,1,7,2026,0,2,-0.7071067811865471,-0.7071067811865479,-0.4999999999999997,-0.8660254037844388,245.69000000000003,1.7208722741433022,61.8,61.65,62.01,55.82,50.22,65.95,107.2,94.35,111.06,94.89,81.92,100.75,50.15,21.25,68.47,90.07,38.47,44.93,61.81999999999999,61.65,62.01,0.18083141319501103,60.41166666666666,55.82,62.03,2.5013869486081286,56.3325,50.22,62.03,4.78689522645846,56.14875,49.79,65.95,5.216723369835849
2026-07-07 16:18:43,Delhi,Delhi,"Anand Vihar, Delhi - DPCC",28.6139,77.209,63.05,112.25,32.59,15.04,2.73,53.94,31.9,53.24,10.64,41,1012.9,0.0,109,Moderate,CO,16,7,1,7,2026,0,2,-0.8660254037844384,-0.5000000000000004,-0.4999999999999997,-0.8660254037844388,339.416,1.6182370820668694,64.49,61.8,61.65,59.16,50.62,63.97,108.37,107.2,94.35,103.59,83.27,92.77,31.66,50.15,21.25,66.39,38.38,35.22,62.64666666666667,61.65,64.49,1.598134328938437,61.85666666666666,59.16,64.49,1.69150426149832,57.52166666666667,50.62,64.49,4.901491115111298,56.08791666666667,49.79,64.49,5.104770981676114
2026-07-07 17:18:43,Delhi,Delhi,"Anand Vihar, Delhi - DPCC",28.6139,77.209,62.19,102.49,48.66,20.91,2.29,41.53,33.87,51.0,13.52,191,1013.2,0.0,105,Moderate,PM25,17,7,1,7,2026,0,2,-0.9659258262890683,-0.25881904510252063,-0.4999999999999997,-0.8660254037844388,457.9223999999999,1.46257527960998,63.05,64.49,61.8,62.03,52.22,61.09,112.25,108.37,107.2,93.47,74.28,91.78,32.59,31.66,50.15,52.08,35.34,39.65,63.11333333333332,61.8,64.49,1.3461178749766132,62.505,61.65,64.49,1.0895824888461902,58.5575,50.94,64.49,4.615436796033681,56.04958333333334,49.79,64.49,5.046125917509641
2026-07-07 18:18:43,Delhi,Delhi,"Anand Vihar, Delhi - DPCC",28.6139,77.209,61.58,106.42,53.71,26.13,2.64,30.48,30.98,58.93,11.89,198,1009.7,0.0,108,Moderate,CO,18,7,1,7,2026,0,2,-1.0,-1.8369701987210297e-16,-0.4999999999999997,-0.8660254037844388,368.35220000000004,1.842714196372733,62.19,63.05,64.49,62.01,50.94,60.75,102.49,112.25,108.37,111.06,89.02,103.83,48.66,32.59,31.66,68.47,51.8,62.89,63.24333333333333,62.19,64.49,1.162124491322494,62.531666666666666,61.65,64.49,1.0775233949510903,59.38833333333333,50.94,64.49,4.254116366603748,56.095416666666665,49.79,64.49,5.098620426509839
2026-07-07 19:18:43,Delhi,Delhi,"Anand Vihar, Delhi - DPCC",28.6139,77.209,60.24,97.93,90.98,23.84,2.26,23.17,29.32,59.83,11.29,169,1011.3,0.0,210,Poor,PM25,19,7,1,7,2026,0,2,-0.9659258262890684,0.2588190451025203,-0.4999999999999997,-0.8660254037844388,331.02279999999996,1.9732849604221636,61.58,62.19,63.05,61.65,54.8,58.41,106.42,102.49,112.25,94.35,83.55,94.8,53.71,48.66,32.59,21.25,70.74,77.42,62.27333333333333,61.58,63.05,0.7385345850611842,62.46,61.58,64.49,1.1320777358469074,60.275,54.72,64.49,3.34483998801951,56.129999999999995,49.79,64.49,5.134254952088342
2026-07-07 20:18:43,Delhi,Delhi,"Anand Vihar, Delhi - DPCC",28.6139,77.209,55.65,82.34,59.74,9.95,2.37,15.77,27.84,66.01,12.0,31,1009.4,0.0,104,Moderate,CO,20,7,1,7,2026,0,2,-0.8660254037844386,0.5000000000000001,-0.4999999999999997,-0.8660254037844388,334.08,2.2888349514563107,60.24,61.58,62.19,61.8,54.72,55.01,97.93,106.42,102.49,107.2,94.6,97.08,90.98,53.71,48.66,50.15,80.17,37.42,61.336666666666666,60.24,62.19,0.9975135755123465,62.225,60.24,64.49,1.438676475097953,60.72833333333333,54.72,64.49,2.870333630697825,56.206250000000004,49.79,64.49,5.182945958077124
2026-07-07 21:18:43,Delhi,Delhi,"Anand Vihar, Delhi - DPCC",28.6139,77.209,54.92,81.97,70.94,18.73,1.14,6.99,22.85,72.66,8.86,205,1012.1,0.0,91,Satisfactory,PM25,21,7,1,7,2026,0,2,-0.7071067811865477,0.7071067811865474,-0.4999999999999997,-0.8660254037844388,202.451,3.0465408805031444,55.65,60.24,61.58,64.49,55.82,53.59,82.34,97.93,106.42,108.37,94.89,76.2,59.74,90.98,53.71,31.66,90.07,30.95,59.156666666666666,55.65,61.58,3.109892817016576,61.199999999999996,55.65,64.49,3.0690454542089034,60.80583333333333,55.65,64.49,2.700913846471304,56.232916666666675,49.79,64.49,5.17816778001362
2026-07-07 22:18:43,Delhi,Delhi,"Anand Vihar, Delhi - DPCC",28.6139,77.209,53.57,81.05,24.86,31.67,2.2,0.0,20.6,77.6,9.14,320,1008.8,7.8,102,Moderate,CO,22,7,1,7,2026,0,2,-0.5000000000000004,0.8660254037844384,-0.4999999999999997,-0.8660254037844388,188.28400000000002,3.592592592592592,54.92,55.65,60.24,63.05,59.16,51.35,81.97,82.34,97.93,112.25,103.59,72.03,70.94,59.74,90.98,32.59,66.39,51.4,56.93666666666667,54.92,60.24,2.883961395950221,59.605,54.92,63.05,3.4769339941966733,60.73083333333333,54.92,64.49,2.859772585787906,56.28833333333333,49.79,64.49,5.155721740616617
2026-07-07 23:18:43,Delhi,Delhi,"Anand Vihar, Delhi - DPCC",28.6139,77.209,54.88,78.02,38.84,21.48,1.08,1.82,23.64,87.42,6.22,248,1009.8,0.0,195,Moderate,CO,23,7,1,7,2026,0,2,-0.25881904510252157,0.9659258262890681,-0.4999999999999997,-0.8660254037844388,147.0408,3.5478896103896105,53.57,54.92,55.65,62.19,62.03,50.76,81.05,81.97,82.34,102.49,93.47,87.06,24.86,70.94,59.74,48.66,52.08,74.19,54.71333333333333,53.57,55.65,1.0552882702517807,58.025,53.57,62.19,3.742195879427016,60.26499999999999,53.57,64.49,3.518358346522601,56.380833333333335,49.79,64.49,5.082666979371024
2026-07-08 00:18:43,Delhi,Delhi,"Anand Vihar, Delhi - DPCC",28.6139,77.209,53.61,94.72,53.21,16.08,1.55,22.8,20.04,95.27,7.49,299,1014.9,0.0,95,Satisfactory,PM10,0,8,2,7,2026,0,2,0.0,1.0,-0.4999999999999997,-0.8660254037844388,150.0996,4.528041825095057,54.88,53.57,54.92,61.58,62.01,49.79,78.02,81.05,81.97,106.42,111.06,87.86,38.84,24.86,70.94,53.71,68.47,25.85,54.45666666666667,53.57,54.92,0.7681362726306966,56.806666666666665,53.57,61.58,3.2759100516753037,59.66916666666666,53.57,64.49,3.7874204662116098,56.5525,49.79,64.49,4.952478738184956
2026-07-08 01:18:43,Delhi,Delhi,"Anand Vihar, Delhi - DPCC",28.6139,77.209,51.3,83.0,22.46,28.11,1.58,15.5,19.65,96.17,4.54,210,1011.2,0.0,85,Satisfactory,PM25,1,8,2,7,2026,0,2,0.25881904510252074,0.9659258262890683,-0.4999999999999997,-0.8660254037844388,89.211,4.6571428571428575,53.61,54.88,53.57,60.24,61.65,50.04,94.72,78.02,81.05,97.93,94.35,71.74,53.21,38.84,24.86,90.98,21.25,60.96,54.02,53.57,54.88,0.7450503338685345,55.47833333333333,53.57,60.24,2.470023616621388,58.969166666666666,53.57,64.49,4.080375335528295,56.711666666666666,50.04,64.49,4.784217410599584
2026-07-08 02:18:43,Delhi,Delhi,"Anand Vihar, Delhi - DPCC",28.6139,77.209,54.19,80.62,26.77,24.1,1.67,15.67,16.89,96.62,4.12,191,1010.8,0.0,90,Satisfactory,PM25,2,8,2,7,2026,0,2,0.49999999999999994,0.8660254037844387,-0.4999999999999997,-0.8660254037844388,69.58680000000001,5.400782560089436,51.3,53.61,54.88,55.65,61.8,50.87,83.0,94.72,78.02,82.34,107.2,83.94,22.46,53.21,38.84,59.74,50.15,58.3,53.26333333333334,51.3,54.88,1.8150022956819907,53.98833333333334,51.3,55.65,1.547222242170632,58.10666666666666,51.3,64.49,4.53116949249272,56.764166666666675,50.22,64.49,4.7142235440407925
2026-07-08 03:18:43,Delhi,Delhi,"Anand Vihar, Delhi - DPCC",28.6139,77.209,53.78,95.99,52.14,24.69,2.1,31.67,18.4,91.75,4.31,19,1008.2,0.0,202,Poor,CO,3,8,2,7,2026,0,2,0.7071067811865475,0.7071067811865476,-0.4999999999999997,-0.8660254037844388,79.30399999999999,4.729381443298969,54.19,51.3,53.61,54.92,64.49,50.22,80.62,83.0,94.72,81.97,108.37,81.92,26.77,22.46,53.21,70.94,31.66,38.47,53.03333333333333,51.3,54.19,1.5288666826544661,53.745000000000005,51.3,54.92,1.3336978668352408,57.4725,51.3,64.49,4.499697212035468,56.902499999999996,50.22,64.49,4.580562192569828
2026-07-08 04:18:43,Delhi,Delhi,"Anand Vihar, Delhi - DPCC",28.6139,77.209,53.3,77.57,64.29,31.14,2.67,27.31,14.9,98.0,3.7,150,1010.2,0.0,108,Moderate,CO,4,8,2,7,2026,0,2,0.8660254037844386,0.5000000000000001,-0.4999999999999997,-0.8660254037844388,55.13,6.163522012578616,53.78,54.19,51.3,53.57,63.05,50.62,95.99,80.62,83.0,81.05,112.25,83.27,52.14,26.77,22.46,24.86,32.59,38.38,53.089999999999996,51.3,54.19,1.5636815532574229,53.555,51.3,54.88,1.2081183716842014,56.580000000000005,51.3,63.05,4.017581814520197,57.05083333333334,50.62,64.49,4.409188939187044
2026-07-08 05:18:43,Delhi,Delhi,"Anand Vihar, Delhi - DPCC",28.6139,77.209,53.83,79.21,26.49,30.74,1.95,23.15,23.56,97.38,1.0,210,1009.4,0.0,97,Satisfactory,CO,5,8,2,7,2026,0,2,0.9659258262890683,0.25881904510252074,-0.4999999999999997,-0.8660254037844388,23.56,3.964983713355049,53.3,53.78,54.19,54.88,62.19,52.22,77.57,95.99,80.62,78.02,102.49,74.28,64.29,52.14,26.77,38.84,48.66,35.34,53.75666666666666,53.3,54.19,0.44545856522345306,53.51,51.3,54.88,1.2124685562936839,55.767500000000005,51.3,62.19,3.548703028124211,57.1625,50.94,64.49,4.2710127604585875
2026-07-08 06:18:43,Delhi,Delhi,"Anand Vihar, Delhi - DPCC",28.6139,77.209,55.17,92.25,36.45,30.35,2.23,34.73,18.33,93.14,1.0,269,1013.9,0.0,103,Moderate,CO,6,8,2,7,2026,0,2,1.0,6.123233995736766e-17,-0.4999999999999997,-0.8660254037844388,18.33,4.818416968442835,53.83,53.3,53.78,53.61,61.58,50.94,79.21,77.57,95.99,94.72,106.42,89.02,26.49,64.29,52.14,53.21,53.71,51.8,53.63666666666666,53.3,53.83,0.29263173671173903,53.335,51.3,54.19,1.0384748432200475,55.07083333333333,51.3,61.58,2.9419766340253752,57.22958333333333,50.94,64.49,4.202095211518504
2026-07-08 07:18:43,Delhi,Delhi,"Anand Vihar, Delhi - DPCC",28.6139,77.209,57.1,86.93,35.9,26.8,1.02,17.32,21.36,91.44,2.83,36,1013.5,0.0,195,Moderate,CO,7,8,2,7,2026,0,2,0.9659258262890683,-0.25881904510252063,-0.4999999999999997,-0.8660254037844388,60.4488,4.089445438282648,55.17,53.83,53.3,51.3,60.24,54.8,92.25,79.21,77.57,83.0,97.93,83.55,36.45,26.49,64.29,22.46,90.98,70.74,54.1,53.3,55.17,0.963794583922131,53.595,51.3,55.17,1.2867128661830038,54.53666666666667,51.3,60.24,2.1196926592543393,57.405833333333334,51.3,64.49,4.011192944820752
2026-07-08 08:18:43,Delhi,Delhi,"Anand Vihar, Delhi - DPCC",28.6139,77.209,58.01,85.26,77.45,27.22,3.08,29.57,22.89,78.97,3.91,118,1011.4,4.1,113,Moderate,CO,8,8,2,7,2026,0,2,0.8660254037844387,-0.4999999999999998,-0.4999999999999997,-0.8660254037844388,89.49990000000001,3.3055671829217244,57.1,55.17,53.83,54.19,55.65,54.72,86.93,92.25,79.21,80.62,82.34,94.6,35.9,36.45,26.49,26.77,59.74,80.17,55.36666666666667,53.83,57.1,1.6438471137338393,54.56166666666667,53.3,57.1,1.3920835702886023,54.275,51.3,57.1,1.434798053575908,57.501666666666665,51.3,64.49,3.9735272542892877
2026-07-08 09:18:43,Delhi,Delhi,"Anand Vihar, Delhi - DPCC",28.6139,77.209,57.89,84.21,78.68,29.95,1.67,45.18,24.01,75.42,1.0,308,1013.2,0.0,98,Satisfactory,NO2,9,8,2,7,2026,0,2,0.7071067811865476,-0.7071067811865475,-0.4999999999999997,-0.8660254037844388,24.01,3.0155937624950018,58.01,57.1,55.17,53.78,54.92,55.82,85.26,86.93,92.25,95.99,81.97,94.89,77.45,35.9,36.45,52.14,70.94,90.07,56.76,55.17,58.01,1.4502068817923326,55.19833333333333,53.3,58.01,1.9498863214729725,54.471666666666664,51.3,58.01,1.7643068859692599,57.638749999999995,51.3,64.49,3.929901329107613
2026-07-08 10:18:43,Delhi,Delhi,"Anand Vihar, Delhi - DPCC",28.6139,77.209,59.47,90.11,63.48,30.58,2.5,43.47,28.36,68.94,3.74,22,1010.3,0.0,106,Moderate,CO,10,8,2,7,2026,0,2,0.49999999999999994,-0.8660254037844387,-0.4999999999999997,-0.8660254037844388,106.0664,2.3480926430517712,57.89,58.01,57.1,53.3,53.57,59.16,84.21,85.26,86.93,77.57,81.05,103.59,78.68,77.45,35.9,64.29,24.86,66.39,57.666666666666664,57.1,58.01,0.4944019956788619,55.88333333333333,53.3,58.01,2.0701851769026205,54.71916666666667,51.3,58.01,2.0223634163716837,57.725,51.3,64.49,3.9109189401625
2026-07-08 11:18:43,Delhi,Delhi,"Anand Vihar, Delhi - DPCC",28.6139,77.209,59.83,90.5,47.45,20.84,2.32,62.07,28.22,66.08,5.24,41,1009.8,0.0,104,Moderate,CO,11,8,2,7,2026,0,2,0.258819045102521,-0.9659258262890682,-0.4999999999999997,-0.8660254037844388,147.8728,2.2614647501711156,59.47,57.89,58.01,53.83,54.88,62.03,90.11,84.21,85.26,79.21,78.02,93.47,63.48,78.68,77.45,26.49,38.84,52.08,58.45666666666667,57.89,59.47,0.8796211305620739,56.91166666666667,53.83,59.47,2.0627206952632315,55.21083333333333,51.3,59.47,2.399592610625699,57.73791666666667,51.3,64.49,3.9163725221030865
2026-07-08 12:18:43,Delhi,Delhi,"Anand Vihar, Delhi - DPCC",28.6139,77.209,61.42,97.44,67.52,18.86,1.53,57.86,30.59,58.46,9.13,339,1009.8,0.0,102,Moderate,PM25,12,8,2,7,2026,0,2,1.2246467991473532e-16,-1.0,-0.4999999999999997,-0.8660254037844388,279.2867,1.8505856283634061,59.83,59.47,57.89,55.17,53.61,62.01,90.5,90.11,84.21,92.25,94.72,111.06,47.45,63.48,78.68,36.45,53.21,68.47,59.06333333333333,57.89,59.83,1.0319560714155138,57.91166666666667,55.17,59.83,1.6908035564982504,55.623333333333335,51.3,59.83,2.739008889538231,57.64625,51.3,64.49,3.8364757519958617
2026-07-08 13:18:43,Delhi,Delhi,"Anand Vihar, Delhi - DPCC",28.6139,77.209,64.22,112.03,40.77,25.65,1.37,65.43,29.76,52.48,8.15,145,1015.0,0.0,112,Moderate,PM25,13,8,2,7,2026,0,2,-0.2588190451025208,-0.9659258262890683,-0.4999999999999997,-0.8660254037844388,242.544,1.706111833550065,61.42,59.83,59.47,57.1,51.3,61.65,97.44,90.5,90.11,86.93,83.0,94.35,67.52,47.45,63.48,35.9,22.46,21.25,60.24,59.47,61.42,1.0376415566071444,58.95333333333334,57.1,61.42,1.5858961714649056,56.274166666666666,51.3,61.42,3.1186927865645018,57.62166666666667,51.3,64.49,3.809090575779578
2026-07-08 14:18:43,Delhi,Delhi,"Anand Vihar, Delhi - DPCC",28.6139,77.209,65.23,98.74,51.03,30.9,2.11,55.54,36.85,48.91,7.26,61,1008.7,0.0,115,Moderate,PM25,14,8,2,7,2026,0,2,-0.4999999999999997,-0.8660254037844388,-0.4999999999999997,-0.8660254037844388,267.531,1.2922060766182297,64.22,61.42,59.83,58.01,54.19,61.8,112.03,97.44,90.5,85.26,80.62,107.2,40.77,67.52,47.45,77.45,26.77,50.15,61.82333333333333,59.83,64.22,2.222618575764084,60.13999999999999,57.89,64.22,2.384499947578166,57.350833333333334,53.3,64.22,3.4571676750387863,57.72874999999999,51.3,64.49,3.9603813084974133
2026-07-08 15:18:43,Delhi,Delhi,"Anand Vihar, Delhi - DPCC",28.6139,77.209,63.36,90.32,39.04,13.95,1.73,45.87,33.26,51.08,9.66,267,1011.7,0.0,109,Moderate,PM25,15,8,2,7,2026,0,2,-0.7071067811865471,-0.7071067811865479,-0.4999999999999997,-0.8660254037844388,321.29159999999996,1.4909515469935786,65.23,64.22,61.42,57.89,53.78,64.49,98.74,112.03,97.44,84.21,95.99,108.37,51.03,40.77,67.52,78.68,52.14,31.66,63.623333333333335,61.42,65.23,1.9738372104435933,61.343333333333334,57.89,65.23,2.867484379498316,58.270833333333336,53.3,65.23,3.9704097758138945,57.87166666666666,51.3,65.23,4.170026239795109
2026-07-08 16:18:43,Delhi,Delhi,"Anand Vihar, Delhi - DPCC",28.6139,77.209,64.11,98.63,22.11,28.15,2.36,39.59,32.24,46.74,10.21,258,1009.9,0.0,112,Moderate,PM25,16,8,2,7,2026,0,2,-0.8660254037844384,-0.5000000000000004,-0.4999999999999997,-0.8660254037844388,329.17040000000003,1.4061371841155235,63.36,65.23,64.22,59.47,53.3,63.05,90.32,98.74,112.03,90.11,77.57,112.25,39.04,51.03,40.77,63.48,64.29,32.59,64.27,63.36,65.23,0.9360021367488879,62.254999999999995,59.47,65.23,2.377685849728702,59.06916666666667,53.3,65.23,3.948413854916519,57.82458333333333,51.3,65.23,4.0978042680001945
2026-07-08 17:18:43,Delhi,Delhi,"Anand Vihar, Delhi - DPCC",28.6139,77.209,62.95,105.0,44.14,16.05,1.98,29.69,33.75,49.64,9.55,250,1014.6,0.0,108,Moderate,PM25,17,8,2,7,2026,0,2,-0.9659258262890683,-0.25881904510252063,-0.4999999999999997,-0.8660254037844388,322.3125,1.4284892086330936,64.11,63.36,65.23,59.83,53.83,62.19,98.63,90.32,98.74,90.5,79.21,102.49,22.11,39.04,51.03,47.45,26.49,48.66,64.23333333333333,63.36,65.23,0.9410809387782829,63.02833333333333,59.83,65.23,2.0180923335335015,59.97,53.83,65.23,3.7401798692770387,57.86875,51.3,65.23,4.161786105382705
2026-07-08 18:18:43,Delhi,Delhi,"Anand Vihar, Delhi - DPCC",28.6139,77.209,59.72,94.18,70.84,13.56,2.69,23.55,30.17,55.56,11.99,3,1010.7,0.0,108,Moderate,CO,18,8,2,7,2026,0,2,-1.0,-1.8369701987210297e-16,-0.4999999999999997,-0.8660254037844388,361.73830000000004,1.7824831568816168,62.95,64.11,63.36,61.42,55.17,61.58,105.0,98.63,90.32,97.44,92.25,106.42,44.14,22.11,39.04,67.52,36.45,53.71,63.473333333333336,62.95,64.11,0.5882459802937408,63.548333333333325,61.42,65.23,1.3052113494245448,60.73,55.17,65.23,3.2770274778995745,57.900416666666665,51.3,65.23,4.19882227707875
2026-07-08 19:18:43,Delhi,Delhi,"Anand Vihar, Delhi - DPCC",28.6139,77.209,58.58,91.45,73.07,24.77,1.37,28.61,28.16,61.8,8.37,175,1013.7,6.7,98,Satisfactory,PM25,19,8,2,7,2026,0,2,-0.9659258262890684,0.2588190451025203,-0.4999999999999997,-0.8660254037844388,235.6992,2.119341563786008,59.72,62.95,64.11,64.22,57.1,60.24,94.18,105.0,98.63,112.03,86.93,97.93,70.84,44.14,22.11,40.77,35.9,90.98,62.26,59.72,64.11,2.274884612458027,63.26500000000001,59.72,65.23,1.9059144786689672,61.10916666666666,57.1,65.23,2.804368210596786,57.822916666666664,51.3,65.23,4.144770911135757
2026-07-08 20:18:43,Delhi,Delhi,"Anand Vihar, Delhi - DPCC",28.6139,77.209,55.83,92.18,90.42,34.93,1.17,0.32,27.92,65.94,7.53,87,1009.4,0.0,110,Moderate,NO2,20,8,2,7,2026,0,2,-0.8660254037844386,0.5000000000000001,-0.4999999999999997,-0.8660254037844388,210.23760000000001,2.280082987551867,58.58,59.72,62.95,65.23,58.01,55.65,91.45,94.18,105.0,98.74,85.26,82.34,73.07,70.84,44.14,51.03,77.45,59.74,60.416666666666664,58.58,62.95,2.2667671546348713,62.324999999999996,58.58,65.23,2.6037722634670026,61.23250000000001,57.89,65.23,2.639731821778275,57.75375,51.3,65.23,4.116435575570948
2026-07-08 21:18:43,Delhi,Delhi,"Anand Vihar, Delhi - DPCC",28.6139,77.209,53.61,80.18,57.73,25.29,2.47,5.21,22.44,81.18,10.19,98,1012.2,0.0,106,Moderate,CO,21,8,2,7,2026,0,2,-0.7071067811865477,0.7071067811865474,-0.4999999999999997,-0.8660254037844388,228.6636,3.4633105802047783,55.83,58.58,59.72,63.36,57.89,54.92,92.18,91.45,94.18,90.32,84.21,81.97,90.42,73.07,70.84,39.04,78.68,70.94,58.04333333333333,55.83,59.72,1.9997583187303494,60.758333333333326,55.83,64.11,3.253228652687489,61.05083333333334,55.83,65.23,2.9396427065927595,57.76125,51.3,65.23,4.112598155297519
2026-07-08 22:18:43,Delhi,Delhi,"Anand Vihar, Delhi - DPCC",28.6139,77.209,52.41,79.48,75.46,14.22,1.24,0.0,22.12,79.1,9.01,343,1014.1,0.0,94,Satisfactory,NO2,22,8,2,7,2026,0,2,-0.5000000000000004,0.8660254037844384,-0.4999999999999997,-0.8660254037844388,199.3012,3.4212802768166086,53.61,55.83,58.58,64.11,59.47,53.57,80.18,92.18,91.45,98.63,90.11,81.05,57.73,90.42,73.07,22.11,63.48,24.86,56.00666666666666,53.61,58.58,2.4897054712015754,59.133333333333326,53.61,64.11,4.0349407265370045,60.69416666666667,53.61,65.23,3.553552533178647,57.70666666666667,51.3,65.23,4.160363348123075
2026-07-08 23:18:43,Delhi,Delhi,"Anand Vihar, Delhi - DPCC",28.6139,77.209,53.21,76.14,36.94,23.8,1.16,3.35,20.1,88.37,6.99,182,1013.3,0.0,88,Satisfactory,PM25,23,8,2,7,2026,0,2,-0.25881904510252157,0.9659258262890681,-0.4999999999999997,-0.8660254037844388,140.49900000000002,4.188151658767772,52.41,53.61,55.83,62.95,59.83,54.88,79.48,80.18,92.18,105.0,90.5,78.02,75.46,57.73,90.42,44.14,47.45,38.84,53.949999999999996,52.41,55.83,1.7351656981388133,57.18333333333334,52.41,62.95,3.9755435687044236,60.10583333333333,52.41,65.23,4.28401141313589,57.65833333333333,51.3,65.23,4.216865378831585
2026-07-09 00:18:43,Delhi,Delhi,"Anand Vihar, Delhi - DPCC",28.6139,77.209,54.1,85.85,41.58,22.48,2.18,26.09,19.41,92.23,6.98,171,1013.3,0.0,102,Moderate,CO,0,9,3,7,2026,0,2,0.0,1.0,-0.4999999999999997,-0.8660254037844388,135.48180000000002,4.518863302302793,53.21,52.41,53.61,59.72,61.42,53.61,76.14,79.48,80.18,94.18,97.44,94.72,36.94,75.46,57.73,70.84,67.52,53.21,53.07666666666666,52.41,53.61,0.6110100926587096,55.559999999999995,52.41,59.72,3.02477767778072,59.55416666666667,52.41,65.23,4.726181349833598,57.588750000000005,51.3,65.23,4.278039283210909
2026-07-09 01:18:43,Delhi,Delhi,"Anand Vihar, Delhi - DPCC",28.6139,77.209,52.58,74.25,63.61,31.6,1.09,18.96,17.8,94.09,3.01,180,1013.9,0.0,195,Moderate,CO,1,9,3,7,2026,0,2,0.25881904510252074,0.9659258262890683,-0.4999999999999997,-0.8660254037844388,53.577999999999996,5.004787234042553,54.1,53.21,52.41,58.58,64.22,51.3,85.85,76.14,79.48,91.45,112.03,83.0,41.58,36.94,75.46,73.07,40.77,22.46,53.24,52.41,54.1,0.8453993139324696,54.623333333333335,52.41,58.58,2.249814807193527,58.94416666666667,52.41,65.23,4.931403005845333,57.60916666666666,51.3,65.23,4.259353815725606
2026-07-09 02:18:43,Delhi,Delhi,"Anand Vihar, Delhi - DPCC",28.6139,77.209,51.37,82.47,62.92,34.28,1.04,15.24,17.89,98.0,3.49,295,1008.0,0.0,195,Moderate,CO,2,9,3,7,2026,0,2,0.49999999999999994,0.8660254037844387,-0.4999999999999997,-0.8660254037844388,62.4361,5.187930121757543,52.58,54.1,53.21,55.83,65.23,54.19,74.25,85.85,76.14,92.18,98.74,80.62,63.61,41.58,36.94,90.42,51.03,26.77,53.29666666666666,52.58,54.1,0.7636971476513621,53.623333333333335,52.41,55.83,1.2512660255386574,57.97416666666667,52.41,65.23,4.9440827043930575,57.662499999999994,52.41,65.23,4.184271013335958
2026-07-09 03:18:43,Delhi,Delhi,"Anand Vihar, Delhi - DPCC",28.6139,77.209,51.65,81.62,35.28,17.5,2.15,28.04,16.78,98.0,4.65,28,1008.3,3.2,102,Moderate,CO,3,9,3,7,2026,0,2,0.7071067811865475,0.7071067811865476,-0.4999999999999997,-0.8660254037844388,78.02700000000002,5.511811023622047,51.37,52.58,54.1,53.61,63.36,53.78,82.47,74.25,85.85,80.18,90.32,95.99,62.92,63.61,41.58,57.73,39.04,52.14,52.68333333333333,51.37,54.1,1.367930310114796,52.879999999999995,51.37,54.1,0.9717201243159926,56.81916666666666,51.37,64.11,4.708243174250729,57.54500000000001,51.37,65.23,4.323307912275956
2026-07-09 04:18:43,Delhi,Delhi,"Anand Vihar, Delhi - DPCC",28.6139,77.209,53.59,84.82,37.42,23.17,0.85,30.24,17.07,98.0,3.53,355,1009.8,0.0,89,Satisfactory,PM25,4,9,3,7,2026,0,2,0.8660254037844386,0.5000000000000001,-0.4999999999999997,-0.8660254037844388,60.2571,5.423353624792473,51.65,51.37,52.58,52.41,64.11,53.3,81.62,82.47,74.25,79.48,98.63,77.57,35.28,62.92,63.61,75.46,22.11,64.29,51.86666666666667,51.37,52.58,0.6334298172099735,52.553333333333335,51.37,54.1,1.0060748812426312,55.843333333333334,51.37,64.11,4.43492202111076,57.45624999999999,51.37,65.23,4.42463244604665
2026-07-09 05:18:43,Delhi,Delhi,"Anand Vihar, Delhi - DPCC",28.6139,77.209,54.92,87.6,76.72,9.55,2.65,16.26,18.21,98.0,2.81,94,1011.3,0.0,108,Moderate,CO,5,9,3,7,2026,0,2,0.9659258262890683,0.25881904510252074,-0.4999999999999997,-0.8660254037844388,51.170100000000005,5.101509630400833,53.59,51.65,51.37,53.21,62.95,53.83,84.82,81.62,82.47,76.14,105.0,79.21,37.42,35.28,62.92,36.94,44.14,26.49,52.20333333333334,51.37,53.59,1.2090216430365142,52.75,51.37,54.1,1.0847119433290557,54.96666666666666,51.37,62.95,3.61651598624805,57.468333333333334,51.37,65.23,4.413169684780626
2026-07-09 06:18:43,Delhi,Delhi,"Anand Vihar, Delhi - DPCC",28.6139,77.209,57.2,98.86,43.54,20.08,2.21,23.94,21.8,98.0,2.14,141,1009.8,0.0,102,Moderate,CO,6,9,3,7,2026,0,2,1.0,6.123233995736766e-17,-0.4999999999999997,-0.8660254037844388,46.652,4.298245614035087,54.92,53.59,51.65,54.1,59.72,55.17,87.6,84.82,81.62,85.85,94.18,92.25,76.72,37.42,35.28,41.58,70.84,36.45,53.38666666666666,51.65,54.92,1.6444553302935507,53.035000000000004,51.37,54.92,1.4066236170350177,54.29750000000001,51.37,59.72,2.6070921628232444,57.513749999999995,51.37,65.23,4.3795799009374985
2026-07-09 07:18:43,Delhi,Delhi,"Anand Vihar, Delhi - DPCC",28.6139,77.209,59.29,105.24,60.78,23.39,1.94,38.56,22.85,93.29,3.16,269,1009.5,0.0,104,Moderate,PM10,7,9,3,7,2026,0,2,0.9659258262890683,-0.25881904510252063,-0.4999999999999997,-0.8660254037844388,72.206,3.911530398322851,57.2,54.92,53.59,52.58,58.58,57.1,98.86,87.6,84.82,74.25,91.45,86.93,43.54,76.72,37.42,63.61,73.07,35.9,55.23666666666667,53.59,57.2,1.8257144720166754,53.55166666666667,51.37,57.2,2.213787854937168,54.0875,51.37,58.58,2.2003723858391515,57.59833333333333,51.37,65.23,4.3518618371078155
2026-07-09 08:18:43,Delhi,Delhi,"Anand Vihar, Delhi - DPCC",28.6139,77.209,60.62,87.38,52.73,10.45,2.57,18.33,22.71,82.4,3.55,4,1014.3,4.0,211,Poor,PM25,8,9,3,7,2026,0,2,0.8660254037844387,-0.4999999999999998,-0.4999999999999997,-0.8660254037844388,80.62049999999999,3.4753268663011387,59.29,57.2,54.92,51.37,55.83,58.01,105.24,98.86,87.6,82.47,92.18,85.26,60.78,43.54,76.72,62.92,90.42,77.45,57.13666666666666,54.92,59.29,2.185688297386293,54.669999999999995,51.37,59.29,3.1300031948866374,54.14666666666667,51.37,59.29,2.3374318982138753,57.68958333333333,51.37,65.23,4.363901803349315
2026-07-09 09:18:43,Delhi,Delhi,"Anand Vihar, Delhi - DPCC",28.6139,77.209,61.94,99.44,82.8,17.13,2.65,30.5,24.73,72.55,4.84,51,1009.3,0.0,108,Moderate,CO,9,9,3,7,2026,0,2,0.7071067811865476,-0.7071067811865475,-0.4999999999999997,-0.8660254037844388,119.6932,2.8196657598134474,60.62,59.29,57.2,51.65,53.61,57.89,87.38,105.24,98.86,81.62,80.18,84.21,52.73,60.78,43.54,35.28,57.73,78.68,59.03666666666667,57.2,60.62,1.7240166279162312,56.211666666666666,51.65,60.62,3.4419960294380223,54.54583333333334,51.37,60.62,2.9734872650057445,57.79833333333334,51.37,65.23,4.404565483841659
2026-07-09 10:18:43,Delhi,Delhi,"Anand Vihar, Delhi - DPCC",28.6139,77.209,64.66,92.59,62.42,25.67,2.52,41.68,27.14,70.87,4.36,237,1010.7,0.0,114,Moderate,PM25,10,9,3,7,2026,0,2,0.49999999999999994,-0.8660254037844387,-0.4999999999999997,-0.8660254037844388,118.33040000000001,2.5184790334044065,61.94,60.62,59.29,53.59,52.41,59.47,99.44,87.38,105.24,84.82,79.48,90.11,82.8,52.73,60.78,37.42,75.46,63.48,60.61666666666667,59.29,61.94,1.3250031446498098,57.92666666666667,53.59,61.94,3.2739680307948937,55.24,51.37,61.94,3.634098612761152,57.967083333333335,51.37,65.23,4.485077168806011
2026-07-09 11:18:43,Delhi,Delhi,"Anand Vihar, Delhi - DPCC",28.6139,77.209,66.12,111.57,27.47,24.19,1.81,56.16,26.64,65.14,6.21,116,1014.2,0.0,118,Moderate,PM25,11,9,3,7,2026,0,2,0.258819045102521,-0.9659258262890682,-0.4999999999999997,-0.8660254037844388,165.4344,2.356729377713459,64.66,61.94,60.62,54.92,53.21,59.83,92.59,99.44,87.38,87.6,76.14,90.5,62.42,82.8,52.73,76.72,36.94,47.45,62.406666666666666,60.62,64.66,2.0600323622050536,59.77166666666667,54.92,64.66,3.4554676480422875,56.26083333333333,51.37,64.66,4.405530529053681,58.18333333333333,51.37,65.23,4.681509108848543
2026-07-09 12:18:43,Delhi,Delhi,"Anand Vihar, Delhi - DPCC",28.6139,77.209,65.92,95.43,33.82,10.87,2.41,51.76,29.51,57.56,6.75,2,1013.3,0.0,118,Moderate,PM25,12,9,3,7,2026,0,2,1.2246467991473532e-16,-1.0,-0.4999999999999997,-0.8660254037844388,199.19250000000002,1.8865945591609308,66.12,64.66,61.94,57.2,54.1,61.42,111.57,92.59,99.44,98.86,85.85,97.44,27.47,62.42,82.8,43.54,41.58,67.52,64.24,61.94,66.12,2.1214146223685444,61.63833333333334,57.2,66.12,3.33338516626369,57.336666666666666,51.37,66.12,5.112393734540545,58.44541666666667,51.37,66.12,4.946280094713834
2026-07-09 13:18:43,Delhi,Delhi,"Anand Vihar, Delhi - DPCC",28.6139,77.209,66.29,109.81,67.18,18.94,0.61,71.25,34.2,53.11,3.94,2,1011.4,0.0,119,Moderate,PM25,13,9,3,7,2026,0,2,-0.2588190451025208,-0.9659258262890683,-0.4999999999999997,-0.8660254037844388,134.74800000000002,1.508806818181818,65.92,66.12,64.66,59.29,52.58,64.22,95.43,111.57,92.59,105.24,74.25,112.03,33.82,27.47,62.42,60.78,63.61,40.77,65.56666666666666,64.66,66.12,0.7915385861299431,63.09166666666666,59.29,66.12,2.8815996714788024,58.321666666666665,51.37,66.12,5.5518806532452105,58.63291666666666,51.37,66.12,5.145231206337246
2026-07-09 14:18:43,Delhi,Delhi,"Anand Vihar, Delhi - DPCC",28.6139,77.209,65.27,109.32,68.89,19.27,1.28,71.73,30.44,48.58,9.03,24,1011.4,0.0,116,Moderate,PM25,14,9,3,7,2026,0,2,-0.4999999999999997,-0.8660254037844388,-0.4999999999999997,-0.8660254037844388,274.8732,1.5451653944020356,66.29,65.92,66.12,60.62,51.37,65.23,109.81,95.43,111.57,87.38,82.47,98.74,67.18,33.82,27.47,52.73,62.92,51.03,66.11,65.92,66.29,0.18520259177271728,64.25833333333334,60.62,66.29,2.413631427261976,59.464166666666664,51.37,66.29,5.672269801143924,58.719166666666666,51.37,66.29,5.259050928320302
2026-07-09 15:18:43,Delhi,Delhi,"Anand Vihar, Delhi - DPCC",28.6139,77.209,65.53,94.09,62.92,15.32,2.27,61.38,32.47,50.01,8.96,50,1014.1,0.0,116,Moderate,PM25,15,9,3,7,2026,0,2,-0.7071067811865471,-0.7071067811865479,-0.4999999999999997,-0.8660254037844388,290.9312,1.4941738870630414,65.27,66.29,65.92,61.94,51.65,63.36,109.32,109.81,95.43,99.44,81.62,90.32,68.89,67.18,33.82,82.8,35.28,39.04,65.82666666666667,65.27,66.29,0.5163655036237715,65.03333333333335,61.94,66.29,1.6315840973319908,60.6225,51.65,66.29,5.274401517104661,58.72083333333334,51.37,66.29,5.26120990934071
2026-07-09 16:18:43,Delhi,Delhi,"Anand Vihar, Delhi - DPCC",28.6139,77.209,62.96,95.78,63.0,17.68,1.19,46.38,29.57,51.52,9.41,4,1012.5,0.0,108,Moderate,PM25,16,9,3,7,2026,0,2,-0.8660254037844384,-0.5000000000000004,-0.4999999999999997,-0.8660254037844388,278.2537,1.685312397775597,65.53,65.27,66.29,64.66,53.59,64.11,94.09,109.32,109.81,92.59,84.82,98.63,62.92,68.89,67.18,62.42,37.42,22.11,65.69666666666666,65.27,66.29,0.5300314456073489,65.63166666666667,64.66,66.29,0.6066767398430785,61.77916666666666,53.59,66.29,4.607658562029306,58.81125,51.37,66.29,5.36208210087478
2026-07-09 17:18:43,Delhi,Delhi,"Anand Vihar, Delhi - DPCC",28.6139,77.209,62.84,112.94,66.66,14.1,0.99,47.47,30.02,50.05,10.11,310,1013.7,0.0,109,Moderate,PM10,17,9,3,7,2026,0,2,-0.9659258262890683,-0.25881904510252063,-0.4999999999999997,-0.8660254037844388,303.50219999999996,1.6134751773049645,62.96,65.53,65.27,66.12,54.92,62.95,95.78,94.09,109.32,111.57,87.6,105.0,63.0,62.92,68.89,27.47,76.72,44.14,64.58666666666666,62.96,65.53,1.4147202314706935,65.34833333333333,62.96,66.29,1.2290063737290504,62.56,54.92,66.29,3.8204140660880146,58.76333333333334,51.37,66.29,5.317626690845114
2026-07-09 18:18:43,Delhi,Delhi,"Anand Vihar, Delhi - DPCC",28.6139,77.209,62.94,99.65,43.81,19.64,1.85,15.05,34.41,57.71,7.94,259,1009.2,0.0,108,Moderate,PM25,18,9,3,7,2026,0,2,-1.0,-1.8369701987210297e-16,-0.4999999999999997,-0.8660254037844388,273.2154,1.6297656029370235,62.84,62.96,65.53,65.92,57.2,59.72,112.94,95.78,94.09,95.43,98.86,94.18,66.66,63.0,62.92,33.82,43.54,70.84,63.77666666666667,62.84,65.53,1.5196161796099728,64.80166666666666,62.84,66.29,1.513636900536797,63.22,57.2,66.29,2.970044382894494,58.75875,51.37,66.29,5.313907358342205
2026-07-09 19:18:43,Delhi,Delhi,"Anand Vihar, Delhi - DPCC",28.6139,77.209,60.77,85.73,61.96,16.0,3.15,7.3,31.62,61.15,10.59,160,1011.9,0.0,211,Poor,PM25,19,9,3,7,2026,0,2,-0.9659258262890684,0.2588190451025203,-0.4999999999999997,-0.8660254037844388,334.8558,1.874616799509503,62.94,62.84,62.96,66.29,59.29,58.58,99.65,112.94,95.78,109.81,105.24,91.45,43.81,66.66,63.0,67.18,60.78,73.07,62.913333333333334,62.84,62.96,0.06429100506541544,64.30499999999999,62.84,66.29,1.5614448437264725,63.69833333333333,59.29,66.29,2.2987183517354954,58.89291666666667,51.37,66.29,5.379477491328511
2026-07-09 20:18:43,Delhi,Delhi,"Anand Vihar, Delhi - DPCC",28.6139,77.209,57.71,87.82,72.27,16.15,3.08,10.14,26.82,66.93,9.86,179,1013.4,0.0,113,Moderate,CO,20,9,3,7,2026,0,2,-0.8660254037844386,0.5000000000000001,-0.4999999999999997,-0.8660254037844388,264.4452,2.4058231488138033,60.77,62.94,62.84,65.27,60.62,55.83,85.73,99.65,112.94,109.32,87.38,92.18,61.96,43.81,66.66,68.89,52.73,90.42,62.18333333333334,60.77,62.94,1.2250034013553728,63.385,60.77,65.53,1.7702062026780931,63.821666666666665,60.62,66.29,2.0689120256058384,58.984166666666674,51.37,66.29,5.39249713605105
2026-07-09 21:18:43,Delhi,Delhi,"Anand Vihar, Delhi - DPCC",28.6139,77.209,55.68,96.3,25.12,31.39,1.7,0.0,26.13,73.59,6.89,359,1009.5,0.0,96,Satisfactory,PM10,21,9,3,7,2026,0,2,-0.7071067811865477,0.7071067811865474,-0.4999999999999997,-0.8660254037844388,180.0357,2.7124953925543682,57.71,60.77,62.94,65.53,61.94,53.61,87.82,85.73,99.65,94.09,99.44,80.18,72.27,61.96,43.81,62.92,82.8,57.73,60.47333333333333,57.71,62.94,2.6275907849838456,62.125,57.71,65.53,2.6379897649536126,63.57916666666666,57.71,66.29,2.584578243537848,59.0625,51.37,66.29,5.358232390240835
2026-07-09 22:18:43,Delhi,Delhi,"Anand Vihar, Delhi - DPCC",28.6139,77.209,54.2,87.24,60.02,15.21,2.6,0.0,26.88,82.61,7.63,231,1010.2,0.0,107,Moderate,CO,22,9,3,7,2026,0,2,-0.5000000000000004,0.8660254037844384,-0.4999999999999997,-0.8660254037844388,205.09439999999998,2.963055954088953,55.68,57.71,60.77,62.96,64.66,52.41,96.3,87.82,85.73,95.78,92.59,79.48,25.12,72.27,61.96,63.0,62.42,75.46,58.053333333333335,55.68,60.77,2.5623101555689414,60.48333333333333,55.68,62.96,3.1166819963972445,63.057500000000005,55.68,66.29,3.4367641361129557,59.14875,51.37,66.29,5.282777853348181
2026-07-09 23:18:43,Delhi,Delhi,"Anand Vihar, Delhi - DPCC",28.6139,77.209,53.06,93.37,28.01,18.44,2.41,4.24,18.8,88.89,2.97,205,1014.5,0.0,105,Moderate,CO,23,9,3,7,2026,0,2,-0.25881904510252157,0.9659258262890681,-0.4999999999999997,-0.8660254037844388,55.836000000000006,4.489393939393939,54.2,55.68,57.71,62.84,66.12,53.21,87.24,96.3,87.82,112.94,111.57,76.14,60.02,25.12,72.27,66.66,27.47,36.94,55.86333333333334,54.2,57.71,1.7621672262675427,59.02333333333334,54.2,62.94,3.718207453419824,62.185833333333335,54.2,66.29,4.228630679574885,59.22333333333333,51.37,66.29,5.195415760796834
2026-07-10 00:18:43,Delhi,Delhi,"Anand Vihar, Delhi - DPCC",28.6139,77.209,52.3,82.92,67.35,24.28,2.04,39.95,17.48,87.46,4.92,7,1008.6,0.0,201,Poor,CO,0,10,4,7,2026,0,2,0.0,1.0,-0.4999999999999997,-0.8660254037844388,86.0016,4.732683982683982,53.06,54.2,55.68,62.94,65.92,54.1,93.37,87.24,96.3,99.65,95.43,85.85,28.01,60.02,25.12,43.81,33.82,41.58,54.31333333333333,53.06,55.68,1.3136716992198847,57.39333333333334,53.06,62.94,3.8517095771445105,61.097500000000004,53.06,66.29,4.770020249623448,59.21708333333333,51.37,66.29,5.203048837954996
2026-07-10 01:18:43,Delhi,Delhi,"Anand Vihar, Delhi - DPCC",28.6139,77.209,52.23,84.39,35.31,28.73,2.25,29.71,19.65,96.16,5.29,23,1012.1,0.0,103,Moderate,CO,1,10,4,7,2026,0,2,0.25881904510252074,0.9659258262890683,-0.4999999999999997,-0.8660254037844388,103.9485,4.656658595641646,52.3,53.06,54.2,60.77,66.29,52.58,82.92,93.37,87.24,85.73,109.81,74.25,67.35,28.01,60.02,61.96,67.18,63.61,53.18666666666667,52.3,54.2,0.9563123617998157,55.620000000000005,52.3,60.77,3.1776280462005158,59.9625,52.3,66.29,5.125380917107931,59.14208333333334,51.37,66.29,5.292225618088626
2026-07-10 02:18:43,Delhi,Delhi,"Anand Vihar, Delhi - DPCC",28.6139,77.209,52.32,89.67,76.81,15.43,1.48,38.29,18.98,98.0,4.12,353,1012.6,0.0,96,Satisfactory,NO2,2,10,4,7,2026,0,2,0.49999999999999994,0.8660254037844387,-0.4999999999999997,-0.8660254037844388,78.19760000000001,4.904904904904905,52.23,52.3,53.06,57.71,65.27,51.37,84.39,82.92,93.37,87.82,109.32,82.47,35.31,67.35,28.01,72.27,68.89,62.92,52.53,52.23,53.06,0.46032597145690013,54.196666666666665,52.23,57.71,2.1587465498911125,58.79083333333333,52.23,65.53,5.154393462833098,59.127500000000005,51.37,66.29,5.311541371309307
2026-07-10 03:18:43,Delhi,Delhi,"Anand Vihar, Delhi - DPCC",28.6139,77.209,53.93,82.12,23.43,17.26,2.07,17.56,18.57,98.0,4.23,312,1013.2,0.0,202,Poor,CO,3,10,4,7,2026,0,2,0.7071067811865475,0.7071067811865476,-0.4999999999999997,-0.8660254037844388,78.5511,5.007664793050588,52.32,52.23,52.3,55.68,65.53,51.65,89.67,84.39,82.92,96.3,94.09,81.62,76.81,35.31,67.35,25.12,62.92,35.28,52.28333333333333,52.23,52.32,0.04725815623830592,53.298333333333325,52.23,55.68,1.3883287314850152,57.71166666666667,52.23,65.53,5.028666610423433,59.16708333333333,51.65,66.29,5.254449443022102
2026-07-10 04:18:43,Delhi,Delhi,"Anand Vihar, Delhi - DPCC",28.6139,77.209,53.42,94.82,41.12,20.05,2.08,23.35,17.6,98.0,1.01,8,1013.0,0.0,202,Poor,CO,4,10,4,7,2026,0,2,0.8660254037844386,0.5000000000000001,-0.4999999999999997,-0.8660254037844388,17.776000000000003,5.268817204301075,53.93,52.32,52.23,54.2,62.96,53.59,82.12,89.67,84.39,87.24,95.78,84.82,23.43,76.81,35.31,60.02,63.0,37.42,52.82666666666666,52.23,53.93,0.9565737469380494,53.00666666666667,52.23,54.2,0.8778990070997896,56.745,52.23,62.96,4.473393058355714,59.262083333333344,52.23,66.29,5.131812104024697
2026-07-10 05:18:43,Delhi,Delhi,"Anand Vihar, Delhi - DPCC",28.6139,77.209,56.65,91.26,54.95,26.46,2.26,33.19,20.03,95.93,3.07,144,1014.6,0.0,103,Moderate,CO,5,10,4,7,2026,0,2,0.9659258262890683,0.25881904510252074,-0.4999999999999997,-0.8660254037844388,61.4921,4.561578697099382,53.42,53.93,52.32,53.06,62.84,54.92,94.82,82.12,89.67,93.37,112.94,87.6,41.12,23.43,76.81,28.01,66.66,76.72,53.223333333333336,52.32,53.93,0.8228203530122097,52.876666666666665,52.23,53.93,0.7069559156459461,55.949999999999996,52.23,62.94,4.100651832885242,59.254999999999995,52.23,66.29,5.14009220015428
2026-07-10 06:18:43,Delhi,Delhi,"Anand Vihar, Delhi - DPCC",28.6139,77.209,57.93,83.65,32.17,34.95,1.79,22.1,17.75,87.78,1.89,301,1013.0,0.0,96,Satisfactory,PM25,6,10,4,7,2026,0,2,1.0,6.123233995736766e-17,-0.4999999999999997,-0.8660254037844388,33.5475,4.6816,56.65,53.42,53.93,52.3,62.94,57.2,91.26,94.82,82.12,82.92,99.65,98.86,54.95,41.12,23.43,67.35,43.81,43.54,54.666666666666664,53.42,56.65,1.7364427238844555,53.474999999999994,52.23,56.65,1.7061858046532112,55.43416666666667,52.23,62.94,3.500567378254076,59.32708333333334,52.23,66.29,5.088528000330236
2026-07-10 07:18:43,Delhi,Delhi,"Anand Vihar, Delhi - DPCC",28.6139,77.209,59.67,90.31,61.63,16.26,2.27,30.49,22.0,87.57,1.41,123,1010.3,0.0,103,Moderate,CO,7,10,4,7,2026,0,2,0.9659258262890683,-0.25881904510252063,-0.4999999999999997,-0.8660254037844388,31.02,3.8073913043478256,57.93,56.65,53.42,52.23,60.77,59.29,83.65,91.26,94.82,84.39,85.73,105.24,32.17,54.95,41.12,35.31,61.96,60.78,56.0,53.42,57.93,2.324198786678552,54.41333333333333,52.23,57.93,2.355373997195942,55.01666666666667,52.23,60.77,2.740166993362777,59.35750000000001,52.23,66.29,5.077430238426408
2026-07-10 08:18:43,Delhi,Delhi,"Anand Vihar, Delhi - DPCC",28.6139,77.209,62.34,89.04,74.62,29.85,2.58,27.43,21.88,81.18,3.37,6,1011.0,14.3,107,Moderate,CO,8,10,4,7,2026,0,2,0.8660254037844387,-0.4999999999999998,-0.4999999999999997,-0.8660254037844388,73.7356,3.5480769230769234,59.67,57.93,56.65,52.32,57.71,60.62,90.31,83.65,91.26,89.67,87.82,87.38,61.63,32.17,54.95,76.81,72.27,52.73,58.083333333333336,56.65,59.67,1.5158276067322336,55.653333333333336,52.32,59.67,2.8767667035522333,54.92499999999999,52.23,59.67,2.5413936763479734,59.373333333333335,52.23,66.29,5.077803073965247
2026-07-10 09:18:43,Delhi,Delhi,"Anand Vihar, Delhi - DPCC",28.6139,77.209,64.23,109.82,48.06,24.77,1.21,37.9,24.05,76.99,2.52,91,1014.3,0.0,112,Moderate,PM25,9,10,4,7,2026,0,2,0.7071067811865476,-0.7071067811865475,-0.4999999999999997,-0.8660254037844388,60.606,3.073453093812375,62.34,59.67,57.93,53.93,55.68,61.94,89.04,90.31,83.65,82.12,96.3,99.44,74.62,61.63,32.17,23.43,25.12,82.8,59.98,57.93,62.34,2.221283412804046,57.32333333333333,53.42,62.34,3.413090486152804,55.310833333333335,52.23,62.34,3.2541594595038568,59.445,52.23,66.29,5.10820993065595
2026-07-10 10:18:43,Delhi,Delhi,"Anand Vihar, Delhi - DPCC",28.6139,77.209,66.38,106.04,74.7,33.06,0.96,35.63,26.38,63.53,4.06,316,1009.4,0.0,119,Moderate,PM25,10,10,4,7,2026,0,2,0.49999999999999994,-0.8660254037844387,-0.4999999999999997,-0.8660254037844388,107.10279999999999,2.3203067932797663,64.23,62.34,59.67,53.42,54.2,64.66,109.82,89.04,90.31,94.82,87.24,92.59,48.06,74.62,61.63,41.12,60.02,62.42,62.080000000000005,59.67,64.23,2.2910914429586926,59.04,53.42,64.23,3.9179484427439975,56.02333333333333,52.23,64.23,4.153951751226149,59.54041666666666,52.23,66.29,5.177754657870662
2026-07-10 11:18:43,Delhi,Delhi,"Anand Vihar, Delhi - DPCC",28.6139,77.209,67.53,100.56,52.74,26.47,1.02,56.34,27.1,60.18,5.38,294,1010.3,0.0,195,Moderate,CO,11,10,4,7,2026,0,2,0.258819045102521,-0.9659258262890682,-0.4999999999999997,-0.8660254037844388,145.798,2.1416370106761566,66.38,64.23,62.34,56.65,53.06,66.12,106.04,109.82,89.04,91.26,93.37,111.57,74.7,48.06,74.62,54.95,28.01,27.47,64.31666666666668,62.34,66.38,2.021393908502747,61.199999999999996,56.65,66.38,3.7695941426100603,57.038333333333334,52.23,66.38,5.057683324019034,59.61208333333334,52.23,66.38,5.2629004890811775
2026-07-10 12:18:43,Delhi,Delhi,"Anand Vihar, Delhi - DPCC",28.6139,77.209,70.64,101.93,45.41,20.21,2.21,69.29,34.67,54.76,6.64,85,1009.2,0.0,134,Moderate,PM25,12,10,4,7,2026,0,2,1.2246467991473532e-16,-1.0,-0.4999999999999997,-0.8660254037844388,230.2088,1.5351836276983457,67.53,66.38,64.23,57.93,52.3,65.92,100.56,106.04,109.82,83.65,82.92,95.43,52.74,74.7,48.06,32.17,67.35,33.82,66.04666666666667,64.23,67.53,1.6750621878999303,63.01333333333334,57.93,67.53,3.759960992705473,58.244166666666665,52.23,67.53,5.706306651947493,59.67083333333333,52.23,67.53,5.345922392991123
2026-07-10 13:18:43,Delhi,Delhi,"Anand Vihar, Delhi - DPCC",28.6139,77.209,68.63,102.08,23.28,8.48,0.83,54.3,30.98,54.62,3.37,50,1011.0,0.0,127,Moderate,PM25,13,10,4,7,2026,0,2,-0.2588190451025208,-0.9659258262890683,-0.4999999999999997,-0.8660254037844388,104.4026,1.707942464040025,70.64,67.53,66.38,59.67,52.23,66.29,101.93,100.56,106.04,90.31,84.39,109.81,45.41,52.74,74.7,61.63,35.31,67.18,68.18333333333334,66.38,70.64,2.2038678121276205,65.13166666666667,59.67,70.64,3.9009815004261084,59.7725,52.23,70.64,6.385176191774162,59.86750000000001,52.23,70.64,5.6632171299420815
2026-07-10 14:18:43,Delhi,Delhi,"Anand Vihar, Delhi - DPCC",28.6139,77.209,70.46,105.02,27.91,31.95,1.21,53.88,32.21,51.71,8.98,161,1011.4,0.0,133,Moderate,PM25,14,10,4,7,2026,0,2,-0.4999999999999997,-0.8660254037844388,-0.4999999999999997,-0.8660254037844388,289.24580000000003,1.5570611261668172,68.63,70.64,67.53,62.34,52.32,65.27,102.08,101.93,100.56,89.04,89.67,109.32,23.28,45.41,52.74,74.62,76.81,68.89,68.93333333333334,67.53,70.64,1.5770330793398732,66.625,62.34,70.64,3.003882487714873,61.13916666666666,52.32,70.64,6.379141376154731,59.964999999999996,52.23,70.64,5.797155974381249
2026-07-10 15:18:43,Delhi,Delhi,"Anand Vihar, Delhi - DPCC",28.6139,77.209,69.45,99.96,46.96,33.39,2.7,49.3,31.83,48.56,12.77,315,1009.9,2.9,130,Moderate,PM25,15,10,4,7,2026,0,2,-0.7071067811865471,-0.7071067811865479,-0.4999999999999997,-0.8660254037844388,406.46909999999997,1.4791349375571126,70.46,68.63,70.64,64.23,53.93,65.53,105.02,102.08,101.93,109.82,82.12,94.09,27.91,23.28,45.41,48.06,23.43,62.92,69.91,68.63,70.64,1.1121600604224595,67.97833333333334,64.23,70.64,2.4687439451402815,62.65083333333333,53.42,70.64,6.247228415768663,60.18125,52.23,70.64,6.092907717709302
2026-07-10 16:18:43,Delhi,Delhi,"Anand Vihar, Delhi - DPCC",28.6139,77.209,66.41,114.0,60.83,16.09,1.61,37.96,31.09,53.31,10.2,63,1008.0,0.0,120,Moderate,PM25,16,10,4,7,2026,0,2,-0.8660254037844384,-0.5000000000000004,-0.4999999999999997,-0.8660254037844388,317.118,1.6612651916484886,69.45,70.46,68.63,66.38,53.42,62.96,99.96,105.02,102.08,106.04,94.82,95.78,46.96,27.91,23.28,74.7,41.12,63.0,69.51333333333332,68.63,70.46,0.9166424239212443,68.84833333333333,66.38,70.64,1.6761791869209035,63.94416666666667,53.42,70.64,5.872971151939595,60.34458333333333,52.23,70.64,6.291821454089806
2026-07-10 17:18:43,Delhi,Delhi,"Anand Vihar, Delhi - DPCC",28.6139,77.209,64.82,108.35,34.21,10.27,2.29,41.57,30.8,53.57,10.16,187,1009.5,0.0,114,Moderate,PM25,17,10,4,7,2026,0,2,-0.9659258262890683,-0.25881904510252063,-0.4999999999999997,-0.8660254037844388,312.928,1.6845911949685535,66.41,69.45,70.46,67.53,56.65,62.84,114.0,99.96,105.02,100.56,91.26,112.94,60.83,46.96,27.91,52.74,54.95,66.66,68.77333333333333,66.41,70.46,2.108087600962589,68.85333333333334,66.41,70.64,1.667365186954201,65.02666666666667,56.65,70.64,4.867986952498589,60.48833333333332,52.23,70.64,6.392775587344261
2026-07-10 18:18:43,Delhi,Delhi,"Anand Vihar, Delhi - DPCC",28.6139,77.209,62.47,89.76,43.97,19.31,1.73,32.72,29.44,58.54,9.13,261,1013.5,0.0,106,Moderate,PM25,18,10,4,7,2026,0,2,-1.0,-1.8369701987210297e-16,-0.4999999999999997,-0.8660254037844388,268.78720000000004,1.9231274638633375,64.82,66.41,69.45,70.64,57.93,62.94,108.35,114.0,99.96,101.93,83.65,99.65,34.21,60.83,46.96,45.41,32.17,43.81,66.89333333333333,64.82,69.45,2.35253763696401,68.40166666666667,64.82,70.64,2.3320841894466033,65.7075,57.93,70.64,4.100798425584004,60.57083333333333,52.23,70.64,6.43706651840096
2026-07-10 19:18:43,Delhi,Delhi,"Anand Vihar, Delhi - DPCC",28.6139,77.209,60.7,86.52,71.67,34.56,1.89,23.01,26.1,59.24,10.36,209,1010.1,9.7,211,Poor,PM25,19,10,4,7,2026,0,2,-0.9659258262890684,0.2588190451025203,-0.4999999999999997,-0.8660254037844388,270.396,2.185977859778598,62.47,64.82,66.41,68.63,59.67,60.77,89.76,108.35,114.0,102.08,90.31,85.73,43.97,34.21,60.83,23.28,61.63,61.96,64.56666666666666,62.47,66.41,1.9821789357502966,67.03999999999999,62.47,70.46,3.0411445213932424,66.08583333333333,59.67,70.64,3.4805471313189886,60.55125,52.23,70.64,6.430256815819344
2026-07-10 20:18:43,Delhi,Delhi,"Anand Vihar, Delhi - DPCC",28.6139,77.209,58.66,91.29,88.46,29.97,2.67,0.65,28.44,67.62,10.09,231,1009.9,0.0,108,Moderate,NO2,20,10,4,7,2026,0,2,-0.8660254037844386,0.5000000000000001,-0.4999999999999997,-0.8660254037844388,286.9596,2.296875,60.7,62.47,64.82,70.46,62.34,57.71,86.52,89.76,108.35,105.02,89.04,87.82,71.67,43.97,34.21,27.91,74.62,72.27,62.663333333333334,60.7,64.82,2.0667930068906677,65.71833333333332,60.7,70.46,3.832218243611236,66.17166666666667,60.7,70.64,3.316791531074204,60.548333333333325,52.23,70.64,6.430169155031511
2026-07-10 21:18:43,Delhi,Delhi,"Anand Vihar, Delhi - DPCC",28.6139,77.209,56.0,92.32,72.92,33.9,1.02,4.62,24.27,71.32,11.26,6,1012.8,0.0,195,Moderate,CO,21,10,4,7,2026,0,2,-0.7071067811865477,0.7071067811865474,-0.4999999999999997,-0.8660254037844388,273.2802,2.822318955282944,58.66,60.7,62.47,69.45,64.23,55.68,91.29,86.52,89.76,99.96,109.82,96.3,88.46,71.67,43.97,46.96,48.06,25.12,60.60999999999999,58.66,62.47,1.9065938214519862,63.751666666666665,58.66,69.45,3.938514525384767,65.865,58.66,70.64,3.8331935415880363,60.587916666666665,52.23,70.64,6.414842828510499
2026-07-10 22:18:43,Delhi,Delhi,"Anand Vihar, Delhi - DPCC",28.6139,77.209,53.72,86.5,31.98,28.26,2.24,0.0,25.91,80.38,9.39,353,1010.7,0.0,103,Moderate,CO,22,10,4,7,2026,0,2,-0.5000000000000004,0.8660254037844384,-0.4999999999999997,-0.8660254037844388,243.2949,2.9869936826458563,56.0,58.66,60.7,66.41,66.38,54.2,92.32,91.29,86.52,114.0,106.04,87.24,72.92,88.46,71.67,60.83,74.7,60.02,58.45333333333334,56.0,60.7,2.3568057478995295,61.51,56.0,66.41,3.873664931302152,65.17916666666666,56.0,70.64,4.773293999541626,60.60125,52.23,70.64,6.404522391655541
2026-07-10 23:18:43,Delhi,Delhi,"Anand Vihar, Delhi - DPCC",28.6139,77.209,52.04,74.3,54.69,24.14,2.23,0.0,18.03,85.54,7.63,252,1008.4,0.0,103,Moderate,CO,23,10,4,7,2026,0,2,-0.25881904510252157,0.9659258262890681,-0.4999999999999997,-0.8660254037844388,137.5689,4.4950078822911195,53.72,56.0,58.66,64.82,67.53,53.06,86.5,92.32,91.29,108.35,100.56,93.37,31.98,72.92,88.46,34.21,52.74,28.01,56.126666666666665,53.72,58.66,2.472434697485923,59.395,53.72,64.82,4.1197366420682915,64.12416666666667,53.72,70.64,5.777242906963502,60.581250000000004,52.23,70.64,6.426094433939862
2026-07-11 00:18:43,Delhi,Delhi,"Anand Vihar, Delhi - DPCC",28.6139,77.209,51.8,81.67,27.84,15.86,2.51,37.61,22.2,95.06,8.7,29,1009.5,0.0,106,Moderate,CO,0,11,5,7,2026,1,2,0.0,1.0,-0.4999999999999997,-0.8660254037844388,193.14,4.097413793103448,52.04,53.72,56.0,62.47,70.64,52.3,74.3,86.5,92.32,89.76,101.93,82.92,54.69,31.98,72.92,43.97,45.41,67.35,53.919999999999995,52.04,56.0,1.9875613198085338,57.26499999999999,52.04,62.47,4.05721949122797,62.833333333333336,52.04,70.64,6.616606289320702,60.53875,52.04,70.64,6.4811373884393095
2026-07-11 01:18:43,Delhi,Delhi,"Anand Vihar, Delhi - DPCC",28.6139,77.209,51.6,82.28,76.09,25.2,2.58,26.41,19.97,92.69,5.21,108,1008.4,0.0,107,Moderate,CO,1,11,5,7,2026,1,2,0.25881904510252074,0.9659258262890683,-0.4999999999999997,-0.8660254037844388,104.04369999999999,4.420123986647592,51.8,52.04,53.72,60.7,68.63,52.23,81.67,74.3,86.5,86.52,102.08,84.39,27.84,54.69,31.98,71.67,23.28,35.31,52.52,51.8,53.72,1.0461357464493182,55.48666666666667,51.8,60.7,3.636056471875379,61.26333333333333,51.8,70.46,6.827656770056359,60.51791666666666,51.8,70.64,6.509513425459057
2026-07-11 02:18:43,Delhi,Delhi,"Anand Vihar, Delhi - DPCC",28.6139,77.209,51.53,89.77,41.53,25.04,2.17,25.75,17.15,98.0,4.47,1,1010.9,0.0,102,Moderate,CO,2,11,5,7,2026,1,2,0.49999999999999994,0.8660254037844387,-0.4999999999999997,-0.8660254037844388,76.66049999999998,5.3994490358126725,51.6,51.8,52.04,58.66,70.46,52.32,82.28,81.67,74.3,91.29,105.02,89.67,76.09,27.84,54.69,88.46,27.91,76.81,51.81333333333333,51.6,52.04,0.22030282188934985,53.970000000000006,51.6,58.66,2.8365542476744854,59.844166666666666,51.6,70.46,6.926429564728928,60.49166666666667,51.6,70.64,6.545558511837159
2026-07-11 03:18:43,Delhi,Delhi,"Anand Vihar, Delhi - DPCC",28.6139,77.209,51.72,80.82,33.24,22.4,2.79,35.01,17.01,98.0,5.2,14,1009.4,0.0,110,Moderate,CO,3,11,5,7,2026,1,2,0.7071067811865475,0.7071067811865476,-0.4999999999999997,-0.8660254037844388,88.45200000000001,5.441421432537479,51.53,51.6,51.8,56.0,69.45,53.93,89.77,82.28,81.67,92.32,99.96,82.12,41.53,76.09,27.84,72.92,46.96,23.43,51.64333333333334,51.53,51.8,0.14011899704326833,52.781666666666666,51.53,56.0,1.772844230796049,58.26666666666667,51.53,69.45,6.426486857788847,60.45875,51.53,70.64,6.59027301176249
2026-07-11 04:18:43,Delhi,Delhi,"Anand Vihar, Delhi - DPCC",28.6139,77.209,51.87,87.19,37.97,15.26,2.8,36.45,16.87,98.0,2.95,234,1013.2,2.3,110,Moderate,CO,4,11,5,7,2026,1,2,0.8660254037844386,0.5000000000000001,-0.4999999999999997,-0.8660254037844388,49.76650000000001,5.484051482932289,51.72,51.53,51.6,53.72,66.41,53.42,80.82,89.77,82.28,86.5,114.0,94.82,33.24,41.53,76.09,31.98,60.83,41.12,51.61666666666667,51.53,51.72,0.09609023536453706,52.06833333333333,51.53,53.72,0.8284061000903077,56.78916666666666,51.53,66.41,5.607567060083432,60.36666666666667,51.53,70.64,6.699989400813581
2026-07-11 05:18:43,Delhi,Delhi,"Anand Vihar, Delhi - DPCC",28.6139,77.209,54.33,89.62,28.04,11.13,2.46,18.48,18.47,95.0,2.67,29,1012.7,0.0,106,Moderate,CO,5,11,5,7,2026,1,2,0.9659258262890683,0.25881904510252074,-0.4999999999999997,-0.8660254037844388,49.314899999999994,4.879301489470981,51.87,51.72,51.53,52.04,64.82,56.65,87.19,80.82,89.77,74.3,108.35,91.26,37.97,33.24,41.53,54.69,34.21,54.95,51.70666666666667,51.53,51.87,0.17039170558571481,51.75999999999999,51.53,52.04,0.18558017135503097,55.57749999999999,51.53,64.82,4.860911109882715,60.302083333333336,51.53,70.64,6.776891027067904
2026-07-11 06:18:43,Delhi,Delhi,"Anand Vihar, Delhi - DPCC",28.6139,77.209,54.5,94.04,33.03,22.63,2.73,18.7,18.39,86.75,4.13,347,1009.9,0.0,109,Moderate,CO,6,11,5,7,2026,1,2,1.0,6.123233995736766e-17,-0.4999999999999997,-0.8660254037844388,75.9507,4.473955647240846,54.33,51.87,51.72,51.8,62.47,57.93,89.62,87.19,80.82,81.67,89.76,83.65,28.04,37.97,33.24,27.84,43.97,32.17,52.63999999999999,51.72,54.33,1.4655033265056228,52.14166666666667,51.53,54.33,1.079322318247353,54.70333333333334,51.53,62.47,3.894932216316012,60.20541666666666,51.53,70.64,6.847429209226056
2026-07-11 07:18:43,Delhi,Delhi,"Anand Vihar, Delhi - DPCC",28.6139,77.209,56.4,90.3,35.47,26.94,0.63,16.24,21.54,82.46,4.22,343,1014.3,0.0,94,Satisfactory,PM25,7,11,5,7,2026,1,2,0.9659258262890683,-0.25881904510252063,-0.4999999999999997,-0.8660254037844388,90.8988,3.6583850931677016,54.5,54.33,51.87,51.6,60.7,59.67,94.04,89.62,87.19,82.28,86.52,90.31,33.03,28.04,37.97,76.09,71.67,61.63,53.56666666666666,51.87,54.5,1.4718129410126692,52.59166666666667,51.53,54.5,1.4180749862637234,54.03916666666667,51.53,60.7,3.0346827251664426,60.06249999999999,51.53,70.64,6.93225495027787
2026-07-11 08:18:43,Delhi,Delhi,"Anand Vihar, Delhi - DPCC",28.6139,77.209,58.89,85.41,80.93,13.68,1.81,35.48,24.45,84.87,3.21,76,1012.3,9.8,98,Satisfactory,PM25,8,11,5,7,2026,1,2,0.8660254037844387,-0.4999999999999998,-0.4999999999999997,-0.8660254037844388,78.4845,3.334774066797643,56.4,54.5,54.33,51.53,58.66,62.34,90.3,94.04,89.62,89.77,91.29,89.04,35.47,33.03,28.04,41.53,88.46,74.62,55.07666666666666,54.33,56.4,1.1491881192095315,53.39166666666667,51.53,56.4,1.9866898768219692,53.68083333333333,51.53,58.66,2.354266758397685,59.92625,51.53,70.64,6.97232405424412
2026-07-11 09:18:43,Delhi,Delhi,"Anand Vihar, Delhi - DPCC",28.6139,77.209,61.12,92.07,36.88,11.23,2.47,49.18,27.2,77.0,2.42,311,1011.6,0.0,106,Moderate,CO,9,11,5,7,2026,1,2,0.7071067811865476,-0.7071067811865475,-0.4999999999999997,-0.8660254037844388,65.824,2.7304964539007095,58.89,56.4,54.5,51.72,56.0,64.23,85.41,90.3,94.04,80.82,92.32,109.82,80.93,35.47,33.03,33.24,72.92,48.06,56.59666666666667,54.5,58.89,2.201597904553038,54.61833333333333,51.72,58.89,2.7376005308786264,53.699999999999996,51.53,58.89,2.3989997915796866,59.7825,51.53,70.64,6.955941001574925
2026-07-11 10:18:43,Delhi,Delhi,"Anand Vihar, Delhi - DPCC",28.6139,77.209,61.8,93.86,20.04,34.0,2.62,54.69,28.23,68.23,3.29,36,1008.1,0.0,108,Moderate,CO,10,11,5,7,2026,1,2,0.49999999999999994,-0.8660254037844387,-0.4999999999999997,-0.8660254037844388,92.8767,2.3342456380431065,61.12,58.89,56.4,51.87,53.72,66.38,92.07,85.41,90.3,87.19,86.5,106.04,36.88,80.93,35.47,37.97,31.98,74.7,58.803333333333335,56.4,61.12,2.361193201187119,56.185,51.87,61.12,3.3650245169984023,54.126666666666665,51.53,61.12,3.1750313766045895,59.65291666666667,51.53,70.64,6.898214311574096
2026-07-11 11:18:43,Delhi,Delhi,"Anand Vihar, Delhi - DPCC",28.6139,77.209,62.34,94.11,39.2,28.61,2.36,52.94,29.43,60.86,5.32,104,1011.2,0.0,106,Moderate,PM25,11,11,5,7,2026,1,2,0.258819045102521,-0.9659258262890682,-0.4999999999999997,-0.8660254037844388,156.5676,2.0,61.8,61.12,58.89,54.33,52.04,67.53,93.86,92.07,85.41,89.62,74.3,100.56,20.04,36.88,80.93,28.04,54.69,52.74,60.60333333333333,58.89,61.8,1.5222461474190794,57.84,54.33,61.8,3.258582513916195,54.79999999999999,51.53,61.8,3.8631499159011,59.46208333333333,51.53,70.64,6.766109908736433
2026-07-11 12:18:43,Delhi,Delhi,"Anand Vihar, Delhi - DPCC",28.6139,77.209,64.74,105.68,24.74,13.18,1.64,57.32,30.43,58.68,3.22,210,1013.6,0.0,114,Moderate,PM25,12,11,5,7,2026,1,2,1.2246467991473532e-16,-1.0,-0.4999999999999997,-0.8660254037844388,97.9846,1.8670060451797645,62.34,61.8,61.12,54.5,51.8,70.64,94.11,93.86,92.07,94.04,81.67,101.93,39.2,20.04,36.88,33.03,27.84,45.41,61.75333333333333,61.12,62.34,0.6113373318653254,59.17499999999999,54.5,62.34,3.172644007763942,55.65833333333333,51.53,62.34,4.312311831643528,59.24583333333334,51.53,70.64,6.577347104078979
2026-07-11 13:18:43,Delhi,Delhi,"Anand Vihar, Delhi - DPCC",28.6139,77.209,64.46,91.67,53.25,23.87,2.66,68.15,33.54,55.25,11.12,200,1014.8,0.0,113,Moderate,PM25,13,11,5,7,2026,1,2,-0.2588190451025208,-0.9659258262890683,-0.4999999999999997,-0.8660254037844388,372.96479999999997,1.5995946728430805,64.74,62.34,61.8,56.4,51.6,68.63,105.68,94.11,93.86,90.3,82.28,102.08,24.74,39.2,20.04,35.47,76.09,23.28,62.96,61.8,64.74,1.5649920127588053,60.88166666666666,56.4,64.74,2.8970910697917622,56.73666666666667,51.53,64.74,4.844797271925838,59.0,51.53,70.46,6.234276918428638
2026-07-11 14:18:43,Delhi,Delhi,"Anand Vihar, Delhi - DPCC",28.6139,77.209,64.84,95.2,46.84,13.68,2.12,70.22,32.26,49.46,8.15,107,1012.7,0.0,114,Moderate,PM25,14,11,5,7,2026,1,2,-0.4999999999999997,-0.8660254037844388,-0.4999999999999997,-0.8660254037844388,262.919,1.487071557426338,64.46,64.74,62.34,58.89,51.53,70.46,91.67,105.68,94.11,85.41,89.77,105.02,53.25,24.74,39.2,80.93,41.53,27.91,63.84666666666667,62.34,64.74,1.3123007785306584,62.224999999999994,58.89,64.74,2.184378630183093,57.80833333333334,51.53,64.74,5.024264456946189,58.826249999999995,51.53,70.46,6.008229727342461
2026-07-11 15:18:43,Delhi,Delhi,"Anand Vihar, Delhi - DPCC",28.6139,77.209,63.52,101.56,36.56,27.74,0.77,59.92,32.12,49.8,6.92,102,1013.1,0.0,110,Moderate,PM25,15,11,5,7,2026,1,2,-0.7071067811865471,-0.7071067811865479,-0.4999999999999997,-0.8660254037844388,222.27039999999997,1.5036231884057971,64.84,64.46,64.74,61.12,51.72,69.45,95.2,91.67,105.68,92.07,80.82,99.96,46.84,53.25,24.74,36.88,33.24,46.96,64.68,64.46,64.84,0.19697715603296057,63.21666666666667,61.12,64.84,1.653670664511917,58.9175,51.72,64.84,4.981232277258257,58.592083333333335,51.53,69.45,5.6328925144822435
2026-07-11 16:18:43,Delhi,Delhi,"Anand Vihar, Delhi - DPCC",28.6139,77.209,63.16,100.1,69.1,26.45,1.0,56.1,33.91,46.93,9.52,101,1009.9,0.0,195,Moderate,CO,16,11,5,7,2026,1,2,-0.8660254037844384,-0.5000000000000004,-0.4999999999999997,-0.8660254037844388,322.82319999999993,1.344313950157548,63.52,64.84,64.46,61.8,51.87,66.41,101.56,95.2,91.67,93.86,87.19,114.0,36.56,46.84,53.25,20.04,37.97,60.83,64.27333333333333,63.52,64.84,0.6795096271077922,63.61666666666667,61.8,64.84,1.2968526002084055,59.90083333333334,51.87,64.84,4.579748818704333,58.345,51.53,66.41,5.253167988275592
2026-07-11 17:18:43,Delhi,Delhi,"Anand Vihar, Delhi - DPCC",28.6139,77.209,61.68,89.4,55.0,27.84,1.31,26.68,31.43,44.21,9.73,13,1013.1,0.0,103,Moderate,PM25,17,11,5,7,2026,1,2,-0.9659258262890683,-0.25881904510252063,-0.4999999999999997,-0.8660254037844388,305.8139,1.3632439099599136,63.16,63.52,64.84,62.34,54.33,64.82,100.1,101.56,95.2,94.11,89.62,108.35,69.1,36.56,46.84,39.2,28.04,34.21,63.84,63.16,64.84,0.8845337754991877,63.843333333333334,62.34,64.84,1.000912916625274,60.84166666666667,54.33,64.84,3.88728658188414,58.209583333333335,51.53,64.84,5.075099895497163
2026-07-11 18:18:43,Delhi,Delhi,"Anand Vihar, Delhi - DPCC",28.6139,77.209,60.32,93.7,70.23,31.36,1.93,33.19,30.41,57.97,9.08,240,1009.4,0.0,210,Poor,PM25,18,11,5,7,2026,1,2,-1.0,-1.8369701987210297e-16,-0.4999999999999997,-0.8660254037844388,276.1228,1.845590576249602,61.68,63.16,63.52,64.74,54.5,62.47,89.4,100.1,101.56,105.68,94.04,89.76,55.0,69.1,36.56,24.74,33.03,43.97,62.78666666666667,61.68,63.52,0.9751581068381603,63.73333333333333,61.68,64.84,1.2129743058561915,61.45416666666666,54.5,64.84,3.303167786268501,58.07874999999999,51.53,64.84,4.9358408054273495
2026-07-11 19:18:43,Delhi,Delhi,"Anand Vihar, Delhi - DPCC",28.6139,77.209,58.36,96.18,73.3,26.88,1.35,25.42,27.52,56.34,13.89,353,1013.2,0.0,97,Satisfactory,PM25,19,11,5,7,2026,1,2,-0.9659258262890684,0.2588190451025203,-0.4999999999999997,-0.8660254037844388,382.25280000000004,1.9754558204768584,60.32,61.68,63.16,64.46,56.4,60.7,93.7,89.4,100.1,91.67,90.3,86.52,70.23,55.0,69.1,53.25,35.47,71.67,61.72,60.32,63.16,1.4204224723647714,62.99666666666667,60.32,64.84,1.7168537114929963,61.939166666666665,56.4,64.84,2.5248454798203452,57.989166666666655,51.53,64.84,4.871771320279866
2026-07-11 20:18:43,Delhi,Delhi,"Anand Vihar, Delhi - DPCC",28.6139,77.209,56.72,80.04,59.22,34.83,1.48,11.24,27.4,70.17,8.77,181,1012.8,0.0,94,Satisfactory,PM25,20,11,5,7,2026,1,2,-0.8660254037844386,0.5000000000000001,-0.4999999999999997,-0.8660254037844388,240.29799999999997,2.4707746478873243,58.36,60.32,61.68,64.84,58.89,58.66,96.18,93.7,89.4,95.2,85.41,91.29,73.3,70.23,55.0,46.84,80.93,88.46,60.12,58.36,61.68,1.6690116836016613,61.98,58.36,64.84,2.361931413060204,62.1025,58.36,64.84,2.1727909366860376,57.89166666666667,51.53,64.84,4.838461547323438
2026-07-11 21:18:43,Delhi,Delhi,"Anand Vihar, Delhi - DPCC",28.6139,77.209,55.48,98.16,20.95,27.71,2.56,0.0,28.15,70.76,8.97,203,1012.5,0.0,107,Moderate,CO,21,11,5,7,2026,1,2,-0.7071067811865477,0.7071067811865474,-0.4999999999999997,-0.8660254037844388,252.5055,2.4274442538593486,56.72,58.36,60.32,63.52,61.12,56.0,80.04,96.18,93.7,101.56,92.07,92.32,59.22,73.3,70.23,36.56,36.88,72.92,58.46666666666667,56.72,60.32,1.8023688116842713,60.626666666666665,56.72,63.52,2.6978707653753884,61.92166666666666,56.72,64.84,2.5260455381100306,57.810833333333335,51.53,64.84,4.8412717666787275
2026-07-11 22:18:43,Delhi,Delhi,"Anand Vihar, Delhi - DPCC",28.6139,77.209,52.34,81.0,29.57,31.91,0.62,3.77,22.45,75.94,9.68,260,1011.6,0.0,87,Satisfactory,PM25,22,11,5,7,2026,1,2,-0.5000000000000004,0.8660254037844384,-0.4999999999999997,-0.8660254037844388,217.31599999999997,3.2383795309168444,55.48,56.72,58.36,63.16,61.8,53.72,98.16,80.04,96.18,100.1,93.86,86.5,20.95,59.22,73.3,69.1,20.04,31.98,56.85333333333333,55.48,58.36,1.4446222112829876,59.28666666666667,55.48,63.16,2.957557550863065,61.45166666666666,55.48,64.84,3.1390729185347572,57.78916666666667,51.53,64.84,4.850882408895059
2026-07-11 23:18:43,Delhi,Delhi,"Anand Vihar, Delhi - DPCC",28.6139,77.209,51.52,77.1,20.94,17.72,0.8,0.0,19.68,87.66,8.99,94,1013.4,0.0,86,Satisfactory,PM25,23,11,5,7,2026,1,2,-0.25881904510252157,0.9659258262890681,-0.4999999999999997,-0.8660254037844388,176.9232,4.238878143133462,52.34,55.48,56.72,61.68,62.34,52.04,81.0,98.16,80.04,89.4,94.11,74.3,29.57,20.95,59.22,55.0,39.2,54.69,54.846666666666664,52.34,56.72,2.257638884616423,57.48333333333333,52.34,61.68,3.390490623297321,60.663333333333334,52.34,64.84,4.08806540895303,57.73166666666666,51.53,64.84,4.90904370982043
2026-07-12 00:18:43,Delhi,Delhi,"Anand Vihar, Delhi - DPCC",28.6139,77.209,48.9,83.88,60.91,32.0,2.12,21.09,19.08,93.13,3.89,203,1008.1,0.0,101,Moderate,CO,0,12,6,7,2026,1,2,0.0,1.0,-0.4999999999999997,-0.8660254037844388,74.2212,4.6379482071713145,51.52,52.34,55.48,60.32,64.74,51.8,77.1,81.0,98.16,93.7,105.68,81.67,20.94,29.57,20.95,70.23,24.74,27.84,53.11333333333334,51.52,55.48,2.0901993525336344,55.79,51.52,60.32,3.4123950533313594,59.76166666666666,51.52,64.84,4.813507194878907,57.71,51.52,64.84,4.936328507143216
2026-07-12 01:18:43,Delhi,Delhi,"Anand Vihar, Delhi - DPCC",28.6139,77.209,47.89,82.55,42.76,9.28,0.99,38.9,15.47,96.05,4.58,181,1011.5,7.8,82,Satisfactory,PM10,1,12,6,7,2026,1,2,0.25881904510252074,0.9659258262890683,-0.4999999999999997,-0.8660254037844388,70.85260000000001,5.831815421979357,48.9,51.52,52.34,58.36,64.46,51.6,83.88,77.1,81.0,96.18,91.67,82.28,60.91,20.94,29.57,73.3,53.25,76.09,50.919999999999995,48.9,52.34,1.7967748885151515,53.88666666666666,48.9,58.36,3.561947033108005,58.44166666666666,48.9,64.84,5.453535689362543,57.58916666666667,48.9,64.84,5.11938508252587
2026-07-12 02:18:43,Delhi,Delhi,"Anand Vihar, Delhi - DPCC",28.6139,77.209,49.16,71.95,41.25,19.33,1.46,31.65,17.15,97.15,3.48,262,1011.5,0.0,82,Satisfactory,PM25,2,12,6,7,2026,1,2,0.49999999999999994,0.8660254037844387,-0.4999999999999997,-0.8660254037844388,59.681999999999995,5.352617079889808,47.89,48.9,51.52,56.72,64.84,51.53,82.55,83.88,77.1,80.04,95.2,89.77,42.76,60.91,20.94,59.22,46.84,41.53,49.43666666666667,47.89,51.52,1.8735616705440743,52.14166666666667,47.89,56.72,3.49618315691081,57.060833333333335,47.89,64.84,5.8728070697739865,57.43458333333333,47.89,64.84,5.358522654261331
2026-07-12 03:18:43,Delhi,Delhi,"Anand Vihar, Delhi - DPCC",28.6139,77.209,49.73,69.83,25.49,23.03,2.56,22.18,16.33,97.73,3.16,139,1008.3,0.0,107,Moderate,CO,3,12,6,7,2026,1,2,0.7071067811865475,0.7071067811865476,-0.4999999999999997,-0.8660254037844388,51.602799999999995,5.6393537218695915,49.16,47.89,48.9,55.48,63.52,51.72,71.95,82.55,83.88,98.16,101.56,80.82,41.25,42.76,60.91,20.95,36.56,33.24,48.65,47.89,49.16,0.670894924707684,50.88166666666666,47.89,55.48,2.8114083066439797,55.75416666666667,47.89,63.52,5.727189471496786,57.33583333333333,47.89,64.84,5.492236351881404
2026-07-12 04:18:43,Delhi,Delhi,"Anand Vihar, Delhi - DPCC",28.6139,77.209,51.05,82.09,31.43,20.48,2.59,16.27,18.81,97.99,4.36,323,1014.6,0.0,107,Moderate,CO,4,12,6,7,2026,1,2,0.8660254037844386,0.5000000000000001,-0.4999999999999997,-0.8660254037844388,82.0116,4.946491670873296,49.73,49.16,47.89,52.34,63.16,51.87,69.83,71.95,82.55,81.0,100.1,87.19,25.49,41.25,42.76,29.57,69.1,37.97,48.92666666666667,47.89,49.73,0.9419306414656412,49.92333333333334,47.89,52.34,1.684715604090706,54.605,47.89,63.16,5.401541025905922,57.252916666666664,47.89,64.84,5.594769668621539
2026-07-12 05:18:43,Delhi,Delhi,"Anand Vihar, Delhi - DPCC",28.6139,77.209,52.0,90.19,77.7,28.93,1.97,30.17,21.06,97.07,4.4,289,1011.6,6.1,98,Satisfactory,CO,5,12,6,7,2026,1,2,0.9659258262890683,0.25881904510252074,-0.4999999999999997,-0.8660254037844388,92.664,4.400271985494107,51.05,49.73,49.16,51.52,61.68,54.33,82.09,69.83,71.95,77.1,89.4,89.62,31.43,25.49,41.25,20.94,55.0,28.04,49.98,49.16,51.05,0.969484399048585,49.708333333333336,47.89,51.52,1.3669735427822636,53.59583333333333,47.89,61.68,4.749852549545463,57.21875,47.89,64.84,5.631455377956312
2026-07-12 06:18:43,Delhi,Delhi,"Anand Vihar, Delhi - DPCC",28.6139,77.209,52.55,75.73,52.13,10.3,1.27,33.61,19.08,95.71,1.0,252,1010.6,10.7,87,Satisfactory,PM25,6,12,6,7,2026,1,2,1.0,6.123233995736766e-17,-0.4999999999999997,-0.8660254037844388,19.08,4.7664342629482075,52.0,51.05,49.73,48.9,60.32,54.5,90.19,82.09,69.83,83.88,93.7,94.04,77.7,31.43,25.49,60.91,70.23,33.03,50.92666666666667,49.73,52.0,1.1400146197887016,49.78833333333333,47.89,52.0,1.5016180162300587,52.78916666666667,47.89,60.32,4.0176484717336205,57.12166666666667,47.89,64.84,5.703050035739206
2026-07-12 07:18:43,Delhi,Delhi,"Anand Vihar, Delhi - DPCC",28.6139,77.209,54.77,80.26,53.94,21.61,0.63,24.07,20.74,90.76,3.11,319,1011.4,0.0,91,Satisfactory,PM25,7,12,6,7,2026,1,2,0.9659258262890683,-0.25881904510252063,-0.4999999999999997,-0.8660254037844388,64.50139999999999,4.17479300827967,52.55,52.0,51.05,47.89,58.36,56.4,75.73,90.19,82.09,82.55,96.18,90.3,52.13,77.7,31.43,42.76,73.3,35.47,51.86666666666667,51.05,52.55,0.7588368291879458,50.39666666666667,47.89,52.55,1.7827805997000148,52.14166666666666,47.89,58.36,3.2455447317915422,57.040416666666665,47.89,64.84,5.755672044896741
2026-07-12 08:18:43,Delhi,Delhi,"Anand Vihar, Delhi - DPCC",28.6139,77.209,55.53,82.06,68.72,16.49,1.29,32.13,20.99,78.68,5.1,27,1011.0,0.0,92,Satisfactory,PM25,8,12,6,7,2026,1,2,0.8660254037844387,-0.4999999999999998,-0.4999999999999997,-0.8660254037844388,107.04899999999998,3.5779899954524788,54.77,52.55,52.0,49.16,56.72,58.89,80.26,75.73,90.19,71.95,80.04,85.41,53.94,52.13,77.7,41.25,59.22,80.93,53.10666666666666,52.0,54.77,1.4665037788332052,51.54333333333333,49.16,54.77,2.041819450065759,51.842499999999994,47.89,56.72,2.7474885225997574,56.9725,47.89,64.84,5.773147924358233
2026-07-12 09:18:43,Delhi,Delhi,"Anand Vihar, Delhi - DPCC",28.6139,77.209,56.21,94.05,87.29,14.41,3.25,35.47,26.68,73.38,1.27,33,1008.9,0.0,116,Moderate,CO,9,12,6,7,2026,1,2,0.7071067811865476,-0.7071067811865475,-0.4999999999999997,-0.8660254037844388,33.8836,2.6510115606936413,55.53,54.77,52.55,49.73,55.48,61.12,82.06,80.26,75.73,69.83,98.16,92.07,68.72,53.94,52.13,25.49,20.95,36.88,54.28333333333333,52.55,55.53,1.5484616021497306,52.605,49.73,55.53,2.2043389031635434,51.74333333333334,47.89,55.53,2.5712619234117495,56.83249999999999,47.89,64.84,5.765361521904842
2026-07-12 10:18:43,Delhi,Delhi,"Anand Vihar, Delhi - DPCC",28.6139,77.209,58.76,97.89,26.31,26.14,2.0,55.72,27.41,69.13,4.76,149,1012.9,0.0,100,Satisfactory,CO,10,12,6,7,2026,1,2,0.49999999999999994,-0.8660254037844387,-0.4999999999999997,-0.8660254037844388,130.4716,2.4332981344596973,56.21,55.53,54.77,51.05,52.34,61.8,94.05,82.06,80.26,82.09,81.0,93.86,87.29,68.72,53.94,31.43,29.57,20.04,55.50333333333334,54.77,56.21,0.720370275158636,53.685,51.05,56.21,2.0989306801322254,51.80416666666667,47.89,56.21,2.6742763110565084,56.627916666666664,47.89,64.84,5.69326984763335
2026-07-12 11:18:43,Delhi,Delhi,"Anand Vihar, Delhi - DPCC",28.6139,77.209,60.11,94.92,77.3,32.83,1.28,48.54,31.24,69.02,6.51,92,1013.6,0.0,210,Poor,PM25,11,12,6,7,2026,1,2,0.258819045102521,-0.9659258262890682,-0.4999999999999997,-0.8660254037844388,203.37239999999997,2.1408188585607943,58.76,56.21,55.53,52.0,51.52,62.34,97.89,94.05,82.06,90.19,77.1,94.11,26.31,87.29,68.72,77.7,20.94,39.2,56.833333333333336,55.53,58.76,1.7028309761488802,54.97,52.0,58.76,2.487271597554317,52.339166666666664,47.89,58.76,3.348420138549175,56.50125,47.89,64.84,5.60634990338014
2026-07-12 12:18:43,Delhi,Delhi,"Anand Vihar, Delhi - DPCC",28.6139,77.209,60.6,107.05,56.93,13.2,1.93,65.22,30.67,62.73,6.82,209,1014.6,2.0,211,Poor,PM25,12,12,6,7,2026,1,2,1.2246467991473532e-16,-1.0,-0.4999999999999997,-0.8660254037844388,209.16940000000002,1.9807388695926742,60.11,58.76,56.21,52.55,48.9,64.74,94.92,97.89,94.05,75.73,83.88,105.68,77.3,26.31,87.29,52.13,60.91,24.74,58.35999999999999,56.21,60.11,1.9805302320335436,56.321666666666665,52.55,60.11,2.741141489720508,53.055,47.89,60.11,4.010179093710861,56.40833333333333,47.89,64.84,5.523237603361681
2026-07-12 13:18:43,Delhi,Delhi,"Anand Vihar, Delhi - DPCC",28.6139,77.209,62.27,103.26,73.52,27.79,1.72,74.8,30.56,55.58,6.75,153,1012.5,0.0,105,Moderate,PM25,13,12,6,7,2026,1,2,-0.2588190451025208,-0.9659258262890683,-0.4999999999999997,-0.8660254037844388,206.28,1.7610899873257289,60.6,60.11,58.76,54.77,47.89,64.46,107.05,94.92,97.89,80.26,82.55,91.67,56.93,77.3,26.31,53.94,42.76,53.25,59.82333333333333,58.76,60.6,0.9529078304496269,57.66333333333333,54.77,60.6,2.4838491634290634,54.03,47.89,60.6,4.318589837182684,56.235833333333325,47.89,64.84,5.3123350443273525
2026-07-12 14:18:43,Delhi,Delhi,"Anand Vihar, Delhi - DPCC",28.6139,77.209,61.56,97.09,53.69,30.92,1.58,71.26,33.27,56.05,5.32,286,1012.1,0.0,103,Moderate,PM25,14,12,6,7,2026,1,2,-0.4999999999999997,-0.8660254037844388,-0.4999999999999997,-0.8660254037844388,176.99640000000002,1.6355412897578054,62.27,60.6,60.11,55.53,49.16,64.84,103.26,107.05,94.92,82.06,71.95,95.2,73.52,56.93,77.3,68.72,41.25,46.84,60.99333333333334,60.11,62.27,1.1324457308552338,58.913333333333334,55.53,62.27,2.620020356155148,55.22833333333333,49.16,62.27,4.452970067746009,56.14458333333334,47.89,64.84,5.182139879613842
2026-07-12 15:18:43,Delhi,Delhi,"Anand Vihar, Delhi - DPCC",28.6139,77.209,62.08,87.5,44.82,16.08,2.25,48.52,36.15,48.29,8.51,45,1010.2,0.0,105,Moderate,PM25,15,12,6,7,2026,1,2,-0.7071067811865471,-0.7071067811865479,-0.4999999999999997,-0.8660254037844388,307.63649999999996,1.2998654104979812,61.56,62.27,60.6,56.21,49.73,63.52,97.09,103.26,107.05,94.05,69.83,101.56,53.69,73.52,56.93,87.29,25.49,36.56,61.47666666666667,60.6,62.27,0.8381129597687031,59.918333333333344,56.21,62.27,2.1826719099918375,56.26166666666666,49.73,62.27,4.354416427518386,56.00791666666666,47.89,63.52,4.982244106883947
2026-07-12 16:18:43,Delhi,Delhi,"Anand Vihar, Delhi - DPCC",28.6139,77.209,62.63,107.66,36.17,31.96,0.9,43.98,34.02,48.18,10.26,262,1010.7,0.0,107,Moderate,PM25,16,12,6,7,2026,1,2,-0.8660254037844384,-0.5000000000000004,-0.4999999999999997,-0.8660254037844388,349.0452,1.3757852655625356,62.08,61.56,62.27,58.76,51.05,63.16,87.5,97.09,103.26,97.89,82.09,100.1,44.82,53.69,73.52,26.31,31.43,69.1,61.970000000000006,61.56,62.27,0.36755951898833084,60.89666666666667,58.76,62.27,1.3415314631671806,57.29083333333333,51.05,62.27,4.123662225681777,55.947916666666664,47.89,63.16,4.895764788295997
2026-07-12 17:18:43,Delhi,Delhi,"Anand Vihar, Delhi - DPCC",28.6139,77.209,60.19,101.95,35.13,21.25,0.77,41.26,31.88,50.01,12.65,343,1014.1,0.0,210,Poor,PM25,17,12,6,7,2026,1,2,-0.9659258262890683,-0.25881904510252063,-0.4999999999999997,-0.8660254037844388,403.282,1.520985401459854,62.63,62.08,61.56,60.11,52.0,61.68,107.66,87.5,97.09,94.92,90.19,89.4,36.17,44.82,53.69,77.3,77.7,55.0,62.09,61.56,62.63,0.5350700888658774,61.541666666666664,60.11,62.63,0.9941311114071,58.255833333333335,52.0,62.63,3.878079323895265,55.92583333333334,47.89,62.63,4.862903870936699
2026-07-12 18:18:43,Delhi,Delhi,"Anand Vihar, Delhi - DPCC",28.6139,77.209,58.13,96.65,31.89,11.89,2.8,30.56,31.93,52.19,9.66,217,1008.3,1.0,110,Moderate,CO,18,12,6,7,2026,1,2,-1.0,-1.8369701987210297e-16,-0.4999999999999997,-0.8660254037844388,308.4438,1.584877011843304,60.19,62.63,62.08,60.6,52.55,60.32,101.95,107.66,87.5,107.05,75.73,93.7,35.13,36.17,44.82,56.93,52.13,70.23,61.63333333333333,60.19,62.63,1.2798567628185027,61.555,60.19,62.63,0.9713650189299858,58.93833333333333,52.55,62.63,3.3635798930558303,55.86375,47.89,62.63,4.795289185186367
2026-07-12 19:18:43,Delhi,Delhi,"Anand Vihar, Delhi - DPCC",28.6139,77.209,60.26,85.87,78.27,14.22,2.61,28.73,28.97,64.61,10.89,341,1011.4,0.0,210,Poor,PM25,19,12,6,7,2026,1,2,-0.9659258262890684,0.2588190451025203,-0.4999999999999997,-0.8660254037844388,315.4833,2.1558224891558226,58.13,60.19,62.63,62.27,54.77,58.36,96.65,101.95,107.66,103.26,80.26,96.18,31.89,35.13,36.17,73.52,53.94,73.3,60.31666666666666,58.13,62.63,2.2526724869213024,61.14333333333334,58.13,62.63,1.704085287380738,59.403333333333336,54.77,62.63,2.725273408580315,55.77250000000001,47.89,62.63,4.727156742648305
2026-07-12 20:18:43,Delhi,Delhi,"Anand Vihar, Delhi - DPCC",28.6139,77.209,58.28,87.69,91.8,27.61,1.58,5.65,28.53,69.2,12.08,233,1013.3,0.0,112,Moderate,NO2,20,12,6,7,2026,1,2,-0.8660254037844386,0.5000000000000001,-0.4999999999999997,-0.8660254037844388,344.6424,2.3433796139519134,60.26,58.13,60.19,61.56,55.53,56.72,85.87,96.65,101.95,97.09,82.06,80.04,78.27,31.89,35.13,53.69,68.72,59.22,59.52666666666667,58.13,60.26,1.2100550951639222,60.80833333333333,58.13,62.63,1.6344468993110397,59.860833333333325,55.53,62.63,2.305185688964323,55.85166666666667,47.89,62.63,4.787893851813343
2026-07-12 21:18:43,Delhi,Delhi,"Anand Vihar, Delhi - DPCC",28.6139,77.209,58.86,99.54,57.79,17.71,1.49,10.95,25.39,74.02,8.51,177,1013.9,0.0,100,Satisfactory,PM10,21,12,6,7,2026,1,2,-0.7071067811865477,0.7071067811865474,-0.4999999999999997,-0.8660254037844388,216.0689,2.8048503220917014,58.28,60.26,58.13,62.08,56.21,55.48,87.69,85.87,96.65,87.5,94.05,98.16,91.8,78.27,31.89,44.82,87.29,20.95,58.89000000000001,58.13,60.26,1.188822947288123,60.26166666666666,58.13,62.63,1.8650192134847938,60.089999999999996,56.21,62.63,1.943880841840006,55.916666666666664,47.89,62.63,4.810729553880558
2026-07-12 22:18:43,Delhi,Delhi,"Anand Vihar, Delhi - DPCC",28.6139,77.209,57.0,95.89,34.29,18.49,1.58,4.0,22.72,78.21,8.09,188,1014.7,0.0,96,Satisfactory,PM10,22,12,6,7,2026,1,2,-0.5000000000000004,0.8660254037844384,-0.4999999999999997,-0.8660254037844388,183.8048,3.2972175379426645,58.86,58.28,60.26,62.63,58.76,52.34,99.54,87.69,85.87,107.66,97.89,81.0,57.79,91.8,78.27,36.17,26.31,29.57,59.13333333333333,58.28,60.26,1.0179063480164374,59.725,58.13,62.63,1.6924390683273474,60.310833333333335,58.13,62.63,1.5793753560035746,56.0575,47.89,62.63,4.84673018418201
2026-07-12 23:18:43,Delhi,Delhi,"Anand Vihar, Delhi - DPCC",28.6139,77.209,55.89,84.66,53.58,15.54,1.37,3.08,20.6,88.56,7.12,10,1008.6,0.0,93,Satisfactory,PM25,23,12,6,7,2026,1,2,-0.25881904510252157,0.9659258262890681,-0.4999999999999997,-0.8660254037844388,146.67200000000003,4.1,57.0,58.86,58.28,60.19,60.11,51.52,95.89,99.54,87.69,101.95,94.92,77.1,34.29,57.79,91.8,35.13,77.3,20.94,58.046666666666674,57.0,58.86,0.951700232915882,58.78666666666667,57.0,60.26,1.2669280432081946,60.16416666666667,57.0,62.63,1.8024501422096004,56.251666666666665,47.89,62.63,4.784267393525755
2026-07-13 00:18:43,Delhi,Delhi,"Anand Vihar, Delhi - DPCC",28.6139,77.209,56.61,84.0,52.23,27.9,1.98,26.79,20.41,92.94,6.85,326,1013.1,0.0,99,Satisfactory,CO,0,13,0,7,2026,0,2,0.0,1.0,-0.4999999999999997,-0.8660254037844388,139.80849999999998,4.3409621672115835,55.89,57.0,58.86,58.13,60.6,48.9,84.66,95.89,99.54,96.65,107.05,83.88,53.58,34.29,57.79,31.89,56.93,60.91,57.25,55.89,58.86,1.5006998367424431,58.07,55.89,60.26,1.5076604392238455,59.8125,55.89,62.63,2.1850447259828174,56.43375,47.89,62.63,4.678342155730708
2026-07-13 01:18:43,Delhi,Delhi,"Anand Vihar, Delhi - DPCC",28.6139,77.209,55.59,96.91,33.96,11.12,1.32,20.51,17.08,94.48,5.46,257,1012.4,0.0,97,Satisfactory,PM10,1,13,0,7,2026,0,2,0.25881904510252074,0.9659258262890683,-0.4999999999999997,-0.8660254037844388,93.25679999999998,5.22566371681416,56.61,55.89,57.0,60.26,62.27,47.89,84.0,84.66,95.89,85.87,103.26,82.55,52.23,53.58,34.29,78.27,73.52,42.76,56.5,55.89,57.0,0.5631163290109631,57.81666666666667,55.89,60.26,1.6191438066667492,59.48,55.89,62.63,2.3515526785508865,56.754999999999995,47.89,62.63,4.394637047881061
2026-07-13 02:18:43,Delhi,Delhi,"Anand Vihar, Delhi - DPCC",28.6139,77.209,52.99,85.19,78.76,26.8,2.08,21.02,18.32,98.0,5.75,114,1011.4,0.0,202,Poor,CO,2,13,0,7,2026,0,2,0.49999999999999994,0.8660254037844387,-0.4999999999999997,-0.8660254037844388,105.34,5.072463768115942,55.59,56.61,55.89,58.28,61.56,49.16,96.91,84.0,84.66,87.69,97.09,71.95,33.96,52.23,53.58,91.8,53.69,41.25,56.03,55.59,56.61,0.5242136968820731,57.038333333333334,55.59,58.86,1.3008830334304624,58.92333333333334,55.59,62.63,2.420692362765521,57.07583333333334,49.16,62.63,3.980898867982143
2026-07-13 03:18:43,Delhi,Delhi,"Anand Vihar, Delhi - DPCC",28.6139,77.209,54.02,75.66,36.99,31.8,1.91,30.2,14.37,98.0,2.3,68,1013.7,0.0,95,Satisfactory,CO,3,13,0,7,2026,0,2,0.7071067811865475,0.7071067811865476,-0.4999999999999997,-0.8660254037844388,33.050999999999995,6.3760572543916725,52.99,55.59,56.61,58.86,62.08,49.73,85.19,96.91,84.0,99.54,87.5,69.83,78.76,33.96,52.23,57.79,44.82,25.49,55.06333333333333,52.99,56.61,1.8665833314727989,56.156666666666666,52.99,58.86,1.931048074664941,58.20916666666667,52.99,62.63,2.805664589340384,57.23541666666667,49.73,62.63,3.7178546632569565
2026-07-13 04:18:43,Delhi,Delhi,"Anand Vihar, Delhi - DPCC",28.6139,77.209,53.25,90.47,52.99,20.21,0.97,30.92,19.16,98.0,2.17,333,1011.5,0.0,90,Satisfactory,PM10,4,13,0,7,2026,0,2,0.8660254037844386,0.5000000000000001,-0.4999999999999997,-0.8660254037844388,41.5772,4.861111111111111,54.02,52.99,55.59,57.0,62.63,51.05,75.66,85.19,96.91,95.89,107.66,82.09,36.99,78.76,33.96,34.29,36.17,31.43,54.199999999999996,52.99,55.59,1.3093127968513705,55.349999999999994,52.99,57.0,1.5490513225843912,57.5375,52.99,62.63,2.7591405941309946,57.41416666666667,51.05,62.63,3.433574530714464
2026-07-13 05:18:43,Delhi,Delhi,"Anand Vihar, Delhi - DPCC",28.6139,77.209,51.1,78.48,63.14,15.75,1.15,23.91,18.2,98.0,1.27,221,1011.4,0.0,85,Satisfactory,PM25,5,13,0,7,2026,0,2,0.9659258262890683,0.25881904510252074,-0.4999999999999997,-0.8660254037844388,23.114,5.104166666666667,53.25,54.02,52.99,55.89,60.19,52.0,90.47,75.66,85.19,84.66,101.95,90.19,52.99,36.99,78.76,53.58,35.13,77.7,53.419999999999995,52.99,54.02,0.5356304696325234,54.724999999999994,52.99,56.61,1.5060909667083229,56.75583333333333,52.99,60.26,2.501971798159913,57.505833333333335,52.0,62.63,3.2823174695654482
2026-07-13 06:18:43,Delhi,Delhi,"Anand Vihar, Delhi - DPCC",28.6139,77.209,53.49,84.44,53.04,33.5,1.07,28.0,19.65,87.61,2.23,294,1014.3,0.0,195,Moderate,CO,6,13,0,7,2026,0,2,1.0,6.123233995736766e-17,-0.4999999999999997,-0.8660254037844388,43.8195,4.242615012106538,51.1,53.25,54.02,56.61,58.13,52.55,78.48,90.47,75.66,84.0,96.65,75.73,63.14,52.99,36.99,52.23,31.89,52.13,52.79,51.1,54.02,1.5133737145856492,53.92666666666667,51.1,56.61,1.9647357752804895,55.998333333333335,51.1,60.26,2.733092931039228,57.468333333333334,51.1,62.63,3.3523498139905317
2026-07-13 07:18:43,Delhi,Delhi,"Anand Vihar, Delhi - DPCC",28.6139,77.209,54.79,91.46,51.83,25.9,1.9,25.57,21.21,85.6,1.17,188,1012.6,0.0,94,Satisfactory,CO,7,13,0,7,2026,0,2,0.9659258262890683,-0.25881904510252063,-0.4999999999999997,-0.8660254037844388,24.8157,3.854119765871229,53.49,51.1,53.25,55.59,60.26,54.77,84.44,78.48,90.47,96.91,85.87,80.26,53.04,63.14,52.99,33.96,78.27,53.94,52.61333333333334,51.1,53.49,1.3160673741614057,53.406666666666666,51.1,55.59,1.460748666495026,55.61166666666667,51.1,60.26,2.732321135569242,57.5075,51.1,62.63,3.297430158801539
2026-07-13 08:18:43,Delhi,Delhi,"Anand Vihar, Delhi - DPCC",28.6139,77.209,56.44,86.83,79.6,19.83,2.9,28.73,22.65,81.24,1.9,219,1009.8,0.0,111,Moderate,CO,8,13,0,7,2026,0,2,0.8660254037844387,-0.4999999999999998,-0.4999999999999997,-0.8660254037844388,43.035,3.435095137420719,54.79,53.49,51.1,52.99,58.28,55.53,91.46,84.44,78.48,85.19,87.69,82.06,51.83,53.04,63.14,78.76,91.8,68.72,53.126666666666665,51.1,54.79,1.8716392102464825,53.27333333333333,51.1,54.79,1.241687024441741,55.155833333333334,51.1,58.86,2.3099801586448567,57.50833333333333,51.1,62.63,3.2967107014834336
2026-07-13 09:18:43,Delhi,Delhi,"Anand Vihar, Delhi - DPCC",28.6139,77.209,57.15,93.77,76.85,10.44,2.19,32.39,26.07,72.49,4.58,321,1011.0,0.0,102,Moderate,CO,9,13,0,7,2026,0,2,0.7071067811865476,-0.7071067811865475,-0.4999999999999997,-0.8660254037844388,119.4006,2.6778721832286663,56.44,54.79,53.49,54.02,58.86,56.21,86.83,91.46,84.44,75.66,99.54,94.05,79.6,51.83,53.04,36.99,57.79,87.29,54.906666666666666,53.49,56.44,1.478456402242563,53.848333333333336,51.1,56.44,1.770462274849992,55.002500000000005,51.1,58.86,2.1384494170053414,57.54625000000001,51.1,62.63,3.2781487518308965
2026-07-13 10:18:43,Delhi,Delhi,"Anand Vihar, Delhi - DPCC",28.6139,77.209,56.69,89.09,55.13,22.07,0.93,37.21,25.0,69.84,7.01,129,1013.7,0.0,94,Satisfactory,PM25,10,13,0,7,2026,0,2,0.49999999999999994,-0.8660254037844387,-0.4999999999999997,-0.8660254037844388,175.25,2.686153846153846,57.15,56.44,54.79,53.25,57.0,58.76,93.77,86.83,91.46,90.47,95.89,97.89,76.85,79.6,51.83,52.99,34.29,26.31,56.126666666666665,54.79,57.15,1.210798634510298,54.370000000000005,51.1,57.15,2.2321021482002927,54.86000000000001,51.1,57.15,1.9019224723706953,57.58541666666667,51.1,62.63,3.2670861624318466
2026-07-13 11:18:43,Delhi,Delhi,"Anand Vihar, Delhi - DPCC",28.6139,77.209,57.93,82.79,75.96,18.65,2.34,50.29,30.47,65.12,5.98,14,1013.8,0.0,125,Moderate,O3,11,13,0,7,2026,0,2,0.258819045102521,-0.9659258262890682,-0.4999999999999997,-0.8660254037844388,182.2106,2.0692723228471563,56.69,57.15,56.44,51.1,55.89,60.11,89.09,93.77,86.83,78.48,84.66,94.92,55.13,76.85,79.6,63.14,53.58,77.3,56.76,56.44,57.15,0.360138862105517,54.943333333333335,51.1,57.15,2.3266771728512428,54.83416666666667,51.1,57.15,1.8720841974718467,57.49916666666667,51.1,62.63,3.262049124822257
2026-07-13 12:18:43,Delhi,Delhi,"Anand Vihar, Delhi - DPCC",28.6139,77.209,60.23,105.38,22.61,15.05,2.53,67.1,34.27,57.36,5.94,190,1010.8,0.0,210,Poor,PM25,12,13,0,7,2026,0,2,1.2246467991473532e-16,-1.0,-0.4999999999999997,-0.8660254037844388,203.56380000000004,1.6263113127303657,57.93,56.69,57.15,53.49,56.61,60.6,82.79,89.09,93.77,84.44,84.0,107.05,75.96,55.13,76.85,53.04,52.23,56.93,57.25666666666666,56.69,57.93,0.6268439465544666,56.08166666666667,53.49,57.93,1.6395903960035587,55.00416666666667,51.1,57.93,2.059882866631498,57.40833333333333,51.1,62.63,3.2162179607443475
2026-07-13 13:18:43,Delhi,Delhi,"Anand Vihar, Delhi - DPCC",28.6139,77.209,60.06,103.28,68.18,19.21,1.22,57.1,32.9,58.76,7.32,129,1012.3,0.0,210,Poor,PM25,13,13,0,7,2026,0,2,-0.2588190451025208,-0.9659258262890683,-0.4999999999999997,-0.8660254037844388,240.828,1.7333333333333334,60.23,57.93,56.69,54.79,55.59,62.27,105.38,82.79,89.09,91.46,96.91,103.26,22.61,75.96,55.13,51.83,33.96,73.52,58.28333333333333,56.69,60.23,1.7962553641762453,57.20499999999999,54.79,60.23,1.808974847807587,55.30583333333334,51.1,60.23,2.528256525870278,57.39291666666667,51.1,62.63,3.2011050797941785
2026-07-13 14:18:43,Delhi,Delhi,"Anand Vihar, Delhi - DPCC",28.6139,77.209,62.15,106.86,36.03,14.6,1.1,56.77,32.29,42.17,8.37,78,1008.9,2.7,105,Moderate,PM25,14,13,0,7,2026,0,2,-0.4999999999999997,-0.8660254037844388,-0.4999999999999997,-0.8660254037844388,270.2673,1.2667467708020428,60.06,60.23,57.93,56.44,52.99,61.56,103.28,105.38,82.79,86.83,85.19,97.09,68.18,22.61,75.96,79.6,78.76,53.69,59.406666666666666,57.93,60.23,1.281652579029079,58.08333333333332,56.44,60.23,1.67642079045423,55.678333333333335,51.1,60.23,2.878907094820128,57.30083333333334,51.1,62.63,3.0843686080209296
2026-07-13 15:18:43,Delhi,Delhi,"Anand Vihar, Delhi - DPCC",28.6139,77.209,61.01,96.85,55.48,31.94,2.56,61.96,34.22,50.23,8.6,283,1008.1,0.0,107,Moderate,CO,15,13,0,7,2026,0,2,-0.7071067811865471,-0.7071067811865479,-0.4999999999999997,-0.8660254037844388,294.292,1.4261783077796706,62.15,60.06,60.23,57.15,54.02,62.08,106.86,103.28,105.38,93.77,75.66,87.5,36.03,68.18,22.61,76.85,36.99,44.82,60.81333333333333,60.06,62.15,1.1607038094758815,59.035,56.69,62.15,2.1192050396317383,56.44166666666666,51.1,62.15,3.286782990135199,57.325416666666676,51.1,62.63,3.1219140995433508
2026-07-13 16:18:43,Delhi,Delhi,"Anand Vihar, Delhi - DPCC",28.6139,77.209,60.74,85.13,20.66,19.25,0.94,52.18,34.45,48.26,10.8,319,1011.1,0.0,211,Poor,PM25,16,13,0,7,2026,0,2,-0.8660254037844384,-0.5000000000000004,-0.4999999999999997,-0.8660254037844388,372.06000000000006,1.3613540197461211,61.01,62.15,60.06,56.69,53.25,62.63,96.85,106.86,103.28,89.09,90.47,107.66,55.48,36.03,68.18,55.13,52.99,36.17,61.07333333333333,60.06,62.15,1.046438403983632,59.678333333333335,56.69,62.15,2.0159009565619166,57.024166666666666,51.1,62.15,3.4346614450952697,57.280833333333334,51.1,62.63,3.0580498427232587
2026-07-13 17:18:43,Delhi,Delhi,"Anand Vihar, Delhi - DPCC",28.6139,77.209,61.06,101.09,71.21,27.91,2.54,36.66,32.92,51.61,10.87,186,1012.1,0.0,106,Moderate,CO,17,13,0,7,2026,0,2,-0.9659258262890683,-0.25881904510252063,-0.4999999999999997,-0.8660254037844388,357.8404,1.5215212264150944,60.74,61.01,62.15,57.93,51.1,60.19,85.13,96.85,106.86,82.79,78.48,101.95,20.66,55.48,36.03,75.96,63.14,35.13,61.300000000000004,60.74,62.15,0.7483982896816858,60.35333333333333,57.93,62.15,1.398751824544755,57.64833333333333,51.1,62.15,3.366330166201542,57.20208333333334,51.1,62.15,2.9362190700859285
2026-07-13 18:18:43,Delhi,Delhi,"Anand Vihar, Delhi - DPCC",28.6139,77.209,59.18,97.02,56.11,9.74,2.74,28.6,30.57,60.07,14.59,219,1009.9,0.0,109,Moderate,CO,18,13,0,7,2026,0,2,-1.0,-1.8369701987210297e-16,-0.4999999999999997,-0.8660254037844388,446.0163,1.9027557808045612,61.06,60.74,61.01,60.23,53.49,58.13,101.09,85.13,96.85,105.38,84.44,96.65,71.21,20.66,55.48,22.61,53.04,31.89,60.93666666666667,60.74,61.06,0.17214335111127393,60.875,60.06,62.15,0.7451912506200291,58.47833333333333,53.49,62.15,2.7821830321246264,57.23833333333334,51.1,62.15,2.979758768565103
2026-07-13 19:18:43,Delhi,Delhi,"Anand Vihar, Delhi - DPCC",28.6139,77.209,59.79,84.9,71.2,29.78,1.45,4.56,29.08,64.9,7.81,49,1011.0,0.0,100,Satisfactory,PM25,19,13,0,7,2026,0,2,-0.9659258262890684,0.2588190451025203,-0.4999999999999997,-0.8660254037844388,227.11479999999997,2.157579787234043,59.18,61.06,60.74,60.06,54.79,60.26,97.02,101.09,85.13,103.28,91.46,85.87,56.11,71.21,20.66,68.18,51.83,78.27,60.326666666666675,59.18,61.06,1.0058495580015112,60.70000000000001,59.18,62.15,1.0049676611715597,58.95249999999999,54.79,62.15,2.2973665754114996,57.28208333333333,51.1,62.15,3.001051959283424
2026-07-13 20:18:43,Delhi,Delhi,"Anand Vihar, Delhi - DPCC",28.6139,77.209,56.51,88.16,81.7,33.41,3.0,8.53,28.08,63.32,8.57,44,1008.7,0.0,112,Moderate,CO,20,13,0,7,2026,0,2,-0.8660254037844386,0.5000000000000001,-0.4999999999999997,-0.8660254037844388,240.6456,2.1774415405777168,59.79,59.18,61.06,62.15,56.44,58.28,84.9,97.02,101.09,106.86,86.83,87.69,71.2,56.11,71.21,36.03,79.6,91.8,60.01,59.18,61.06,0.959114174641637,60.655,59.18,62.15,1.044619547969802,59.36916666666667,56.44,62.15,1.891331701754191,57.262499999999996,51.1,62.15,2.9822492970181513
2026-07-13 21:18:43,Delhi,Delhi,"Anand Vihar, Delhi - DPCC",28.6139,77.209,54.35,97.79,31.28,12.0,0.82,1.18,23.71,70.67,11.38,192,1013.5,0.0,98,Satisfactory,PM10,21,13,0,7,2026,0,2,-0.7071067811865477,0.7071067811865474,-0.4999999999999997,-0.8660254037844388,269.81980000000004,2.8599757183326586,56.51,59.79,59.18,61.01,57.15,58.86,88.16,84.9,97.02,96.85,93.77,99.54,81.7,71.2,56.11,55.48,76.85,57.79,58.49333333333333,56.51,59.79,1.7444865529237727,59.714999999999996,56.51,61.06,1.737846368353827,59.375,56.51,62.15,1.8815588314914407,57.18875,51.1,62.15,2.977875391588125
2026-07-13 22:18:43,Delhi,Delhi,"Anand Vihar, Delhi - DPCC",28.6139,77.209,51.96,74.81,23.27,26.0,2.38,0.0,23.32,81.63,7.5,336,1012.2,0.0,104,Moderate,CO,22,13,0,7,2026,0,2,-0.5000000000000004,0.8660254037844384,-0.4999999999999997,-0.8660254037844388,174.9,3.3564967105263155,54.35,56.51,59.79,60.74,56.69,57.0,97.79,88.16,84.9,85.13,89.09,95.89,31.28,81.7,71.2,20.66,55.13,34.29,56.883333333333326,54.35,59.79,2.739148286115939,58.605,54.35,61.06,2.638717491509941,59.14166666666667,54.35,62.15,2.3078830651538724,57.00083333333333,51.1,62.15,3.0099543787770098
2026-07-13 23:18:43,Delhi,Delhi,"Anand Vihar, Delhi - DPCC",28.6139,77.209,52.4,78.27,23.6,21.98,0.87,4.05,22.23,89.79,6.85,139,1010.3,0.0,87,Satisfactory,PM25,23,13,0,7,2026,0,2,-0.25881904510252157,0.9659258262890681,-0.4999999999999997,-0.8660254037844388,152.2755,3.865260439087387,51.96,54.35,56.51,61.06,57.93,55.89,74.81,97.79,88.16,101.09,82.79,84.66,23.27,31.28,81.7,71.21,75.96,53.58,54.27333333333333,51.96,56.51,2.2759686582490395,57.14166666666666,51.96,61.06,3.508956635050807,58.7475,51.96,62.15,3.0494533787370286,56.79083333333333,51.1,62.15,3.180973212667817
2026-07-14 00:18:43,Delhi,Delhi,"Anand Vihar, Delhi - DPCC",28.6139,77.209,50.49,72.83,60.23,15.8,1.89,29.78,16.95,95.57,7.79,185,1010.3,0.0,94,Satisfactory,CO,0,14,1,7,2026,0,2,0.0,1.0,-0.4999999999999997,-0.8660254037844388,132.0405,5.324233983286908,52.4,51.96,54.35,59.18,60.23,56.61,78.27,74.81,97.79,97.02,105.38,84.0,23.6,23.27,31.28,56.11,22.61,52.23,52.903333333333336,51.96,54.35,1.2720193918851928,55.69833333333333,51.96,59.79,3.352452336225971,58.28666666666666,51.96,62.15,3.5594287931258135,56.64541666666667,51.1,62.15,3.3014357603488547
2026-07-14 01:18:43,Delhi,Delhi,"Anand Vihar, Delhi - DPCC",28.6139,77.209,50.74,79.18,71.3,19.66,1.45,32.25,15.13,94.0,5.81,182,1013.1,0.0,89,Satisfactory,NO2,1,14,1,7,2026,0,2,0.25881904510252074,0.9659258262890683,-0.4999999999999997,-0.8660254037844388,87.9053,5.82765034097954,50.49,52.4,51.96,59.79,60.06,55.59,72.83,78.27,74.81,84.9,103.28,96.91,60.23,23.6,23.27,71.2,68.18,33.96,51.61666666666667,50.49,52.4,1.0002166431988648,54.25,50.49,59.79,3.4238399495303784,57.474999999999994,50.49,62.15,4.139287378281401,56.390416666666674,50.49,62.15,3.5325523217352615
2026-07-14 02:18:43,Delhi,Delhi,"Anand Vihar, Delhi - DPCC",28.6139,77.209,49.49,73.76,72.37,29.99,1.11,20.02,19.39,96.2,6.21,110,1009.1,0.0,90,Satisfactory,NO2,2,14,1,7,2026,0,2,0.49999999999999994,0.8660254037844387,-0.4999999999999997,-0.8660254037844388,120.4119,4.717999019127023,50.74,50.49,52.4,56.51,62.15,52.99,79.18,72.83,78.27,88.16,106.86,85.19,71.3,60.23,23.6,81.7,36.03,78.76,51.21,50.49,52.4,1.0381233067409084,52.741666666666674,50.49,56.51,2.30614324504501,56.69833333333333,50.49,62.15,4.471222800681377,56.18833333333333,50.49,62.15,3.7143770812142067
2026-07-14 03:18:43,Delhi,Delhi,"Anand Vihar, Delhi - DPCC",28.6139,77.209,52.46,80.5,39.72,15.69,1.65,19.52,16.24,98.0,3.47,10,1008.1,8.3,87,Satisfactory,PM25,3,14,1,7,2026,0,2,0.7071067811865475,0.7071067811865476,-0.4999999999999997,-0.8660254037844388,56.352799999999995,5.684454756380511,49.49,50.74,50.49,54.35,61.01,54.02,73.76,79.18,72.83,97.79,96.85,75.66,72.37,71.3,60.23,31.28,55.48,36.99,50.24,49.49,50.74,0.6614378277651644,51.571666666666665,49.49,54.35,1.7176194766788804,55.64333333333334,49.49,61.06,4.560634591675541,56.04250000000001,49.49,62.15,3.909017723830053
2026-07-14 04:18:43,Delhi,Delhi,"Anand Vihar, Delhi - DPCC",28.6139,77.209,53.39,88.82,50.64,20.88,2.44,33.9,19.12,96.14,2.97,41,1013.6,0.0,105,Moderate,CO,4,14,1,7,2026,0,2,0.8660254037844386,0.5000000000000001,-0.4999999999999997,-0.8660254037844388,56.78640000000001,4.778330019880715,52.46,49.49,50.74,51.96,60.74,53.25,80.5,73.76,79.18,74.81,85.13,90.47,39.72,72.37,71.3,23.27,20.66,52.99,50.89666666666667,49.49,52.46,1.4911852109419605,51.25666666666667,49.49,52.46,1.2021425317601073,54.93083333333334,49.49,61.06,4.306801087357091,55.97749999999999,49.49,62.15,3.956788607817787
2026-07-14 05:18:43,Delhi,Delhi,"Anand Vihar, Delhi - DPCC",28.6139,77.209,57.08,99.52,57.73,28.6,2.28,23.91,17.77,98.0,1.68,135,1014.3,1.3,103,Moderate,CO,5,14,1,7,2026,0,2,0.9659258262890683,0.25881904510252074,-0.4999999999999997,-0.8660254037844388,29.853599999999997,5.221097496004262,53.39,52.46,49.49,52.4,61.06,51.1,88.82,80.5,73.76,78.27,101.09,78.48,50.64,39.72,72.37,23.6,71.21,63.14,51.78,49.49,53.39,2.036983063257687,51.495000000000005,49.49,53.39,1.4792802303823154,54.318333333333335,49.49,61.06,3.9098914965956664,55.98333333333333,49.49,62.15,3.952693816348188
2026-07-14 06:18:43,Delhi,Delhi,"Anand Vihar, Delhi - DPCC",28.6139,77.209,58.46,90.72,65.3,26.15,1.77,17.47,20.24,93.57,2.88,61,1014.0,0.0,97,Satisfactory,PM25,6,14,1,7,2026,0,2,1.0,6.123233995736766e-17,-0.4999999999999997,-0.8660254037844388,58.291199999999996,4.405367231638418,57.08,53.39,52.46,50.49,59.18,53.49,99.52,88.82,80.5,72.83,97.02,84.44,57.73,50.64,39.72,60.23,56.11,53.04,54.31,52.46,57.08,2.443542510372718,52.275000000000006,49.49,57.08,2.744600153027763,53.98666666666667,49.49,59.79,3.4247291421321577,56.232499999999995,49.49,62.15,3.817652647783783
2026-07-14 07:18:43,Delhi,Delhi,"Anand Vihar, Delhi - DPCC",28.6139,77.209,62.15,96.51,36.91,27.49,2.5,31.35,21.96,83.79,2.7,19,1011.1,8.8,106,Moderate,CO,7,14,1,7,2026,0,2,0.9659258262890683,-0.25881904510252063,-0.4999999999999997,-0.8660254037844388,59.29200000000001,3.649390243902439,58.46,57.08,53.39,50.74,59.79,54.79,90.72,99.52,88.82,79.18,84.9,91.46,65.3,57.73,50.64,71.3,71.2,51.83,56.31,53.39,58.46,2.621240164502016,53.60333333333333,49.49,58.46,3.5254881458695633,53.92666666666667,49.49,59.79,3.3304827204948415,56.43958333333333,49.49,62.15,3.7971619598425668
2026-07-14 08:18:43,Delhi,Delhi,"Anand Vihar, Delhi - DPCC",28.6139,77.209,64.79,98.62,70.58,22.52,1.11,16.81,21.99,83.42,2.5,52,1013.0,0.0,114,Moderate,PM25,8,14,1,7,2026,0,2,0.8660254037844387,-0.4999999999999998,-0.4999999999999997,-0.8660254037844388,54.974999999999994,3.628534145280557,62.15,58.46,57.08,49.49,56.51,56.44,96.51,90.72,99.52,73.76,88.16,86.83,36.91,65.3,57.73,72.37,81.7,79.6,59.23,57.08,62.15,2.621240164502004,55.504999999999995,49.49,62.15,4.588990084975159,54.123333333333335,49.49,62.15,3.7512866479584166,56.74625,49.49,62.15,3.9521857601343537
2026-07-14 09:18:43,Delhi,Delhi,"Anand Vihar, Delhi - DPCC",28.6139,77.209,64.75,114.18,40.59,20.64,3.05,41.85,26.13,70.04,2.64,135,1011.6,0.0,114,Moderate,PM25,9,14,1,7,2026,0,2,0.7071067811865476,-0.7071067811865475,-0.4999999999999997,-0.8660254037844388,68.9832,2.5816439366015485,64.79,62.15,58.46,52.46,54.35,57.15,98.62,96.51,90.72,80.5,97.79,93.77,70.58,36.91,65.3,39.72,31.28,76.85,61.800000000000004,58.46,64.79,3.1794810897375183,58.055,52.46,64.79,4.823072672062966,54.81333333333333,49.49,64.79,4.835118374659439,57.094166666666666,49.49,64.79,4.278143559868068
2026-07-14 10:18:43,Delhi,Delhi,"Anand Vihar, Delhi - DPCC",28.6139,77.209,65.34,109.54,74.17,30.96,1.51,38.38,28.62,68.94,3.37,231,1013.9,0.0,116,Moderate,PM25,10,14,1,7,2026,0,2,0.49999999999999994,-0.8660254037844387,-0.4999999999999997,-0.8660254037844388,96.44940000000001,2.327481431465226,64.75,64.79,62.15,53.39,51.96,56.69,114.18,98.62,96.51,88.82,74.81,89.09,40.59,70.58,36.91,50.64,23.27,55.13,63.89666666666667,62.15,64.79,1.5127899171173074,60.10333333333333,53.39,64.79,4.575043897785843,55.68000000000001,49.49,64.79,5.61387404723169,57.410833333333336,49.49,64.79,4.554786222890369
2026-07-14 11:18:43,Delhi,Delhi,"Anand Vihar, Delhi - DPCC",28.6139,77.209,65.57,101.07,27.95,26.15,1.72,61.34,27.34,58.44,3.75,170,1014.1,12.2,117,Moderate,PM25,11,14,1,7,2026,0,2,0.258819045102521,-0.9659258262890682,-0.4999999999999997,-0.8660254037844388,102.525,2.062103034580099,65.34,64.75,64.79,57.08,52.4,57.93,109.54,114.18,98.62,99.52,78.27,82.79,74.17,40.59,70.58,57.73,23.6,75.96,64.96000000000001,64.75,65.34,0.32969683043432485,62.095000000000006,57.08,65.34,3.5555182463321753,56.79500000000001,49.49,65.34,6.11428952239229,57.77125,49.49,65.34,4.829232824570902
2026-07-14 12:18:43,Delhi,Delhi,"Anand Vihar, Delhi - DPCC",28.6139,77.209,67.29,115.79,40.93,26.73,0.95,70.69,30.11,54.17,3.1,254,1013.7,0.0,122,Moderate,PM25,12,14,1,7,2026,0,2,1.2246467991473532e-16,-1.0,-0.4999999999999997,-0.8660254037844388,93.341,1.7412407585985215,65.57,65.34,64.75,58.46,50.49,60.23,101.07,109.54,114.18,90.72,72.83,105.38,27.95,74.17,40.59,65.3,60.23,22.61,65.22,64.75,65.57,0.4229657196492757,63.51,58.46,65.57,2.761180906786291,57.892500000000005,49.49,65.57,6.427642187529491,58.08958333333334,49.49,65.57,5.085176649632834
2026-07-14 13:18:43,Delhi,Delhi,"Anand Vihar, Delhi - DPCC",28.6139,77.209,66.01,102.15,61.4,18.45,1.36,70.9,34.35,54.25,6.52,89,1008.1,0.0,118,Moderate,PM25,13,14,1,7,2026,0,2,-0.2588190451025208,-0.9659258262890683,-0.4999999999999997,-0.8660254037844388,223.962,1.5346534653465347,67.29,65.57,65.34,62.15,50.74,60.06,115.79,101.07,109.54,96.51,79.18,103.28,40.93,27.95,74.17,36.91,71.3,68.18,66.06666666666666,65.34,67.29,1.0656609842401794,64.98166666666667,62.15,67.29,1.6680337726401058,59.2925,49.49,67.29,6.497946703662339,58.38375,49.49,67.29,5.408314703748535
2026-07-14 14:18:43,Delhi,Delhi,"Anand Vihar, Delhi - DPCC",28.6139,77.209,67.76,95.43,22.19,32.37,0.76,70.64,33.91,53.1,7.23,111,1014.0,0.0,124,Moderate,PM25,14,14,1,7,2026,0,2,-0.4999999999999997,-0.8660254037844388,-0.4999999999999997,-0.8660254037844388,245.1693,1.521054139215125,66.01,67.29,65.57,64.79,49.49,62.15,102.15,115.79,101.07,98.62,73.76,106.86,61.4,40.93,27.95,70.58,72.37,36.03,66.29,65.57,67.29,0.8935323161466574,65.62500000000001,64.75,67.29,0.9452565789252053,60.565000000000005,49.49,67.29,6.157072060942306,58.63166666666667,49.49,67.29,5.6206982907253
2026-07-14 15:18:43,Delhi,Delhi,"Anand Vihar, Delhi - DPCC",28.6139,77.209,66.12,111.95,57.01,8.08,0.62,63.54,32.75,52.27,7.32,163,1014.0,0.0,118,Moderate,PM25,15,14,1,7,2026,0,2,-0.7071067811865471,-0.7071067811865479,-0.4999999999999997,-0.8660254037844388,239.73000000000002,1.5487407407407408,67.76,66.01,67.29,64.75,52.46,61.01,95.43,102.15,115.79,114.18,80.5,96.85,22.19,61.4,40.93,40.59,39.72,55.48,67.02,66.01,67.76,0.9057041459540722,66.12,64.75,67.76,1.1711874316271693,62.087500000000006,52.46,67.76,5.3792634254143055,58.86541666666667,49.49,67.76,5.88386960749225
2026-07-14 16:18:43,Delhi,Delhi,"Anand Vihar, Delhi - DPCC",28.6139,77.209,64.68,105.84,50.35,8.49,2.65,37.53,33.69,53.94,10.98,286,1008.9,0.0,114,Moderate,PM25,16,14,1,7,2026,0,2,-0.8660254037844384,-0.5000000000000004,-0.4999999999999997,-0.8660254037844388,369.9162,1.554914961083886,66.12,67.76,66.01,65.34,53.39,60.74,111.95,95.43,102.15,109.54,88.82,85.13,57.01,22.19,61.4,74.17,50.64,20.66,66.63,66.01,67.76,0.9801530492726142,66.34833333333334,65.34,67.76,0.9663005053647341,63.225833333333334,53.39,67.76,4.535956265488497,59.078333333333326,49.49,67.76,6.054821770016576
2026-07-14 17:18:43,Delhi,Delhi,"Anand Vihar, Delhi - DPCC",28.6139,77.209,62.9,99.83,36.37,20.52,2.55,37.19,33.25,46.99,12.22,165,1008.1,0.0,108,Moderate,PM25,17,14,1,7,2026,0,2,-0.9659258262890683,-0.25881904510252063,-0.4999999999999997,-0.8660254037844388,406.315,1.3719708029197082,64.68,66.12,67.76,65.57,57.08,61.06,105.84,111.95,95.43,101.07,99.52,101.09,50.35,57.01,22.19,27.95,57.73,71.21,66.18666666666667,64.68,67.76,1.5410818710671232,66.23833333333333,64.68,67.76,1.128067669365682,64.16666666666667,57.08,67.76,3.3176232821742127,59.2425,49.49,67.76,6.1544280629973
2026-07-14 18:18:43,Delhi,Delhi,"Anand Vihar, Delhi - DPCC",28.6139,77.209,64.01,101.14,40.27,18.48,1.13,38.11,29.24,56.35,10.52,7,1014.8,0.0,111,Moderate,PM25,18,14,1,7,2026,0,2,-1.0,-1.8369701987210297e-16,-0.4999999999999997,-0.8660254037844388,307.60479999999995,1.863425925925926,62.9,64.68,66.12,67.29,58.46,59.18,99.83,105.84,111.95,115.79,90.72,97.02,36.37,50.35,57.01,40.93,65.3,56.11,64.56666666666668,62.9,66.12,1.6129889439583278,65.79333333333334,62.9,67.76,1.7817033048933995,64.65166666666666,58.46,67.76,2.516017174870355,59.31916666666667,49.49,67.76,6.189414467401206
2026-07-14 19:18:43,Delhi,Delhi,"Anand Vihar, Delhi - DPCC",28.6139,77.209,62.01,93.21,59.41,20.42,1.75,5.01,29.04,64.51,14.12,101,1008.3,0.0,104,Moderate,PM25,19,14,1,7,2026,0,2,-0.9659258262890684,0.2588190451025203,-0.4999999999999997,-0.8660254037844388,410.04479999999995,2.147470039946738,64.01,62.9,64.68,66.01,62.15,59.79,101.14,99.83,105.84,102.15,96.51,84.9,40.27,36.37,50.35,61.4,36.91,71.2,63.863333333333344,62.9,64.68,0.8990179827633116,65.24666666666667,62.9,67.76,1.7331781981862053,65.11416666666668,62.15,67.76,1.6276556388831394,59.52041666666667,49.49,67.76,6.262782045487082
2026-07-14 20:18:43,Delhi,Delhi,"Anand Vihar, Delhi - DPCC",28.6139,77.209,62.2,98.34,37.59,16.36,1.8,15.39,26.9,64.68,11.29,348,1010.3,0.0,105,Moderate,PM25,20,14,1,7,2026,0,2,-0.8660254037844386,0.5000000000000001,-0.4999999999999997,-0.8660254037844388,303.70099999999996,2.3182795698924736,62.01,64.01,62.9,67.76,64.79,56.51,93.21,101.14,99.83,95.43,98.62,88.16,59.41,40.27,36.37,22.19,70.58,81.7,62.973333333333336,62.01,64.01,1.0020146372842236,64.58,62.01,67.76,2.109322166005285,65.1025,62.01,67.76,1.651165566281264,59.61291666666667,49.49,67.76,6.283297721230722
2026-07-14 21:18:43,Delhi,Delhi,"Anand Vihar, Delhi - DPCC",28.6139,77.209,60.06,100.04,51.68,34.17,2.19,0.0,22.04,75.94,8.34,57,1013.5,0.0,210,Poor,PM25,21,14,1,7,2026,0,2,-0.7071067811865477,0.7071067811865474,-0.4999999999999997,-0.8660254037844388,183.81359999999998,3.2960069444444446,62.2,62.01,64.01,66.12,64.75,54.35,98.34,93.21,101.14,111.95,114.18,97.79,37.59,59.41,40.27,57.01,40.59,31.28,62.74,62.01,64.01,1.103947462517356,63.653333333333336,62.01,66.12,1.590341682365069,64.88666666666667,62.01,67.76,1.8527048203951284,59.85,49.49,67.76,6.2684579616833425
2026-07-14 22:18:43,Delhi,Delhi,"Anand Vihar, Delhi - DPCC",28.6139,77.209,57.56,98.37,49.51,29.18,1.88,0.0,23.44,77.59,8.37,270,1014.4,0.0,98,Satisfactory,PM10,22,14,1,7,2026,0,2,-0.5000000000000004,0.8660254037844384,-0.4999999999999997,-0.8660254037844388,196.1928,3.1747135842880523,60.06,62.2,62.01,64.68,65.34,51.96,100.04,98.34,93.21,105.84,109.54,74.81,51.68,37.59,59.41,50.35,74.17,23.27,61.42333333333334,60.06,62.2,1.184497080339113,62.64333333333334,60.06,64.68,1.6341929710617449,64.49583333333334,60.06,67.76,2.3199273434286822,60.08791666666667,49.49,67.76,6.158019147326563
2026-07-14 23:18:43,Delhi,Delhi,"Anand Vihar, Delhi - DPCC",28.6139,77.209,58.16,81.54,75.07,13.33,2.77,0.0,21.24,89.51,9.3,169,1012.0,9.5,109,Moderate,CO,23,14,1,7,2026,0,2,-0.25881904510252157,0.9659258262890681,-0.4999999999999997,-0.8660254037844388,197.532,4.024730215827339,57.56,60.06,62.2,62.9,65.57,52.4,98.37,100.04,98.34,99.83,101.07,78.27,49.51,51.68,37.59,36.37,27.95,23.6,59.940000000000005,57.56,62.2,2.322326419777939,61.45666666666667,57.56,64.01,2.306344871580881,63.8475,57.56,67.76,3.038418024385265,60.32125,49.49,67.76,5.938848748412584
2026-07-15 00:18:43,Delhi,Delhi,"Anand Vihar, Delhi - DPCC",28.6139,77.209,57.93,92.82,24.63,16.27,2.04,20.98,19.75,95.17,5.65,210,1011.6,0.0,201,Poor,CO,0,15,2,7,2026,0,2,0.0,1.0,-0.4999999999999997,-0.8660254037844388,111.5875,4.586506024096385,58.16,57.56,60.06,64.01,67.29,50.49,81.54,98.37,100.04,101.14,115.79,72.83,75.07,49.51,51.68,40.27,40.93,60.23,58.593333333333334,57.56,60.06,1.305118130029626,60.666666666666664,57.56,64.01,2.515405865196971,63.23,57.56,67.76,3.389245021856929,60.56125,49.49,67.76,5.717063180781147
2026-07-15 01:18:43,Delhi,Delhi,"Anand Vihar, Delhi - DPCC",28.6139,77.209,55.87,94.68,24.21,31.34,1.7,25.96,19.58,98.0,7.56,47,1013.3,0.0,95,Satisfactory,PM10,1,15,2,7,2026,0,2,0.25881904510252074,0.9659258262890683,-0.4999999999999997,-0.8660254037844388,148.02479999999997,4.761904761904762,57.93,58.16,57.56,62.01,66.01,50.74,92.82,81.54,98.37,93.21,102.15,79.18,24.63,75.07,49.51,59.41,61.4,71.3,57.88333333333333,57.56,58.16,0.3027099822141093,59.653333333333336,57.56,62.2,2.0874258469864664,62.45000000000001,57.56,67.76,3.4465054765661027,60.871249999999996,49.49,67.76,5.336248733284293
2026-07-15 02:18:43,Delhi,Delhi,"Anand Vihar, Delhi - DPCC",28.6139,77.209,56.86,87.71,26.06,33.97,2.04,26.4,16.45,94.23,3.06,353,1008.9,0.0,201,Poor,CO,2,15,2,7,2026,0,2,0.49999999999999994,0.8660254037844387,-0.4999999999999997,-0.8660254037844388,50.336999999999996,5.4,55.87,57.93,58.16,62.2,67.76,49.49,94.68,92.82,81.54,98.34,95.43,73.76,24.21,24.63,75.07,37.59,22.19,72.37,57.32,55.87,58.16,1.2609916732472002,58.629999999999995,55.87,62.2,2.2028708541356554,61.605,55.87,67.76,3.7260373784296172,61.085,49.49,67.76,5.005264185356987
2026-07-15 03:18:43,Delhi,Delhi,"Anand Vihar, Delhi - DPCC",28.6139,77.209,53.35,84.74,30.55,11.91,1.16,37.86,14.17,98.0,3.0,272,1013.7,0.0,89,Satisfactory,PM25,3,15,2,7,2026,0,2,0.7071067811865475,0.7071067811865476,-0.4999999999999997,-0.8660254037844388,42.51,6.460118655240606,56.86,55.87,57.93,60.06,66.12,52.46,87.71,94.68,92.82,100.04,111.95,80.5,26.06,24.21,24.63,51.68,57.01,39.72,56.88666666666666,55.87,57.93,1.0302588671456023,57.74,55.87,60.06,1.4070252307617717,60.696666666666665,55.87,66.12,3.4038356261278304,61.392083333333325,52.46,67.76,4.4592590329771555
2026-07-15 04:18:43,Delhi,Delhi,"Anand Vihar, Delhi - DPCC",28.6139,77.209,53.19,84.37,35.91,27.83,2.0,36.87,16.17,98.0,1.0,157,1013.3,0.0,100,Satisfactory,CO,4,15,2,7,2026,0,2,0.8660254037844386,0.5000000000000001,-0.4999999999999997,-0.8660254037844388,16.17,5.70762958648806,53.35,56.86,55.87,57.56,64.68,53.39,84.74,87.71,94.68,98.37,105.84,88.82,30.55,26.06,24.21,49.51,50.35,50.64,55.36000000000001,53.35,56.86,1.8097237358223828,56.62166666666667,53.35,58.16,1.804676332938046,59.63249999999999,53.35,64.68,3.547324535989961,61.429166666666674,53.35,67.76,4.384829496131506
2026-07-15 05:18:43,Delhi,Delhi,"Anand Vihar, Delhi - DPCC",28.6139,77.209,54.98,79.24,26.44,10.73,0.62,28.72,18.81,96.48,3.28,194,1014.8,0.0,92,Satisfactory,PM25,5,15,2,7,2026,0,2,0.9659258262890683,0.25881904510252074,-0.4999999999999997,-0.8660254037844388,61.69679999999999,4.870267541645634,53.19,53.35,56.86,58.16,62.9,57.08,84.37,84.74,87.71,81.54,99.83,99.52,35.91,30.55,26.06,75.07,36.37,57.73,54.46666666666667,53.19,56.86,2.0742307811167837,55.89333333333334,53.19,58.16,2.19076851051557,58.675000000000004,53.19,64.01,3.611163247486881,61.42083333333333,53.19,67.76,4.400932625139181
2026-07-15 06:18:43,Delhi,Delhi,"Anand Vihar, Delhi - DPCC",28.6139,77.209,56.6,92.13,40.59,23.16,0.76,34.12,21.04,94.5,2.0,132,1009.0,0.0,94,Satisfactory,PM25,6,15,2,7,2026,0,2,1.0,6.123233995736766e-17,-0.4999999999999997,-0.8660254037844388,42.08,4.287658802177859,54.98,53.19,53.35,57.93,64.01,58.46,79.24,84.37,84.74,92.82,101.14,90.72,26.44,35.91,30.55,24.63,40.27,65.3,53.84,53.19,54.98,0.9905049217439867,55.36333333333334,53.19,57.93,1.8978057505093973,58.01500000000001,53.19,64.01,3.4905157212079674,61.333333333333336,53.19,67.76,4.510502398187804
2026-07-15 07:18:43,Delhi,Delhi,"Anand Vihar, Delhi - DPCC",28.6139,77.209,58.75,105.0,66.77,8.61,1.92,32.39,20.0,95.79,1.0,60,1010.3,0.0,104,Moderate,PM10,7,15,2,7,2026,0,2,0.9659258262890683,-0.25881904510252063,-0.4999999999999997,-0.8660254037844388,20.0,4.561428571428571,56.6,54.98,53.19,55.87,62.01,62.15,92.13,79.24,84.37,94.68,93.21,96.51,40.59,26.44,35.91,24.21,59.41,36.91,54.92333333333334,53.19,56.6,1.7057061098947524,55.14166666666667,53.19,56.86,1.5909169263875802,57.39750000000001,53.19,62.2,2.946603977462861,61.255833333333335,53.19,67.76,4.577500662898974
2026-07-15 08:18:43,Delhi,Delhi,"Anand Vihar, Delhi - DPCC",28.6139,77.209,58.65,88.08,93.93,34.54,3.13,34.64,25.37,84.46,2.21,147,1010.3,0.0,114,Moderate,CO,8,15,2,7,2026,0,2,0.8660254037844387,-0.4999999999999998,-0.4999999999999997,-0.8660254037844388,56.0677,3.202882062950322,58.75,56.6,54.98,56.86,62.2,64.79,105.0,92.13,79.24,87.71,98.34,98.62,66.77,40.59,26.44,26.06,37.59,70.58,56.77666666666667,54.98,58.75,1.891198914268962,55.62166666666667,53.19,58.75,2.1800129969031308,57.12583333333333,53.19,62.2,2.614221449663118,61.11416666666667,53.19,67.76,4.60117557442298
2026-07-15 09:18:43,Delhi,Delhi,"Anand Vihar, Delhi - DPCC",28.6139,77.209,57.96,101.9,42.57,11.33,1.42,26.56,22.15,75.63,2.83,155,1013.3,0.0,102,Moderate,PM10,9,15,2,7,2026,0,2,0.7071067811865476,-0.7071067811865475,-0.4999999999999997,-0.8660254037844388,62.6845,3.2669546436285097,58.65,58.75,56.6,53.35,60.06,64.75,88.08,105.0,92.13,84.74,100.04,114.18,93.93,66.77,40.59,30.55,51.68,40.59,58.00000000000001,56.6,58.75,1.2134661099505961,55.919999999999995,53.19,58.75,2.484576422652348,56.830000000000005,53.19,60.06,2.146908983123904,60.85833333333333,53.19,67.76,4.558405200397883
2026-07-15 10:18:43,Delhi,Delhi,"Anand Vihar, Delhi - DPCC",28.6139,77.209,59.33,85.54,72.86,22.24,2.41,56.99,27.29,62.61,5.52,346,1011.8,9.8,105,Moderate,CO,10,15,2,7,2026,0,2,0.49999999999999994,-0.8660254037844387,-0.4999999999999997,-0.8660254037844388,150.64079999999998,2.2131495227995757,57.96,58.65,58.75,53.19,57.56,65.34,101.9,88.08,105.0,84.37,98.37,109.54,42.57,93.93,66.77,35.91,49.51,74.17,58.45333333333334,57.96,58.75,0.43015501081809976,56.68833333333333,53.19,58.75,2.230707660511953,56.654999999999994,53.19,58.75,1.9347985565803436,60.57541666666666,53.19,67.76,4.516889059448139
2026-07-15 11:18:43,Delhi,Delhi,"Anand Vihar, Delhi - DPCC",28.6139,77.209,62.02,103.03,40.94,34.09,2.36,59.08,29.3,59.84,3.29,241,1008.5,0.0,104,Moderate,PM25,11,15,2,7,2026,0,2,0.258819045102521,-0.9659258262890682,-0.4999999999999997,-0.8660254037844388,96.397,1.974917491749175,59.33,57.96,58.65,54.98,58.16,65.57,85.54,101.9,88.08,79.24,81.54,101.07,72.86,42.57,93.93,26.44,75.07,27.95,58.64666666666667,57.96,59.33,0.6850060826970086,57.71166666666667,54.98,59.33,1.6332227853746235,56.8025,53.19,59.33,2.0726229539139145,60.32500000000001,53.19,67.76,4.406504086106076
2026-07-15 12:18:43,Delhi,Delhi,"Anand Vihar, Delhi - DPCC",28.6139,77.209,62.87,98.14,29.09,19.93,2.3,54.89,33.4,57.56,7.02,43,1010.2,0.0,107,Moderate,PM25,12,15,2,7,2026,0,2,1.2246467991473532e-16,-1.0,-0.4999999999999997,-0.8660254037844388,234.468,1.6732558139534885,62.02,59.33,57.96,56.6,57.93,67.29,103.03,85.54,101.9,92.13,92.82,115.79,40.94,72.86,42.57,40.59,24.63,40.93,59.77,57.96,62.02,2.065453945262027,58.885,56.6,62.02,1.7986967504280258,57.12416666666667,53.19,62.02,2.547570886990659,60.177083333333336,53.19,67.76,4.280569323335863
2026-07-15 13:18:43,Delhi,Delhi,"Anand Vihar, Delhi - DPCC",28.6139,77.209,64.22,100.26,32.47,29.96,2.23,66.54,29.86,52.36,7.21,207,1011.9,0.0,112,Moderate,PM25,13,15,2,7,2026,0,2,-0.2588190451025208,-0.9659258262890683,-0.4999999999999997,-0.8660254037844388,215.29059999999998,1.696694750486066,62.87,62.02,59.33,58.75,55.87,66.01,98.14,103.03,85.54,105.0,94.68,102.15,29.09,40.94,72.86,66.77,24.21,61.4,61.40666666666667,59.33,62.87,1.8479808801315158,59.93,57.96,62.87,2.0141201553036727,57.53583333333333,53.19,62.87,3.0409760942928465,59.992916666666666,53.19,67.76,4.050118065017327
2026-07-15 14:18:43,Delhi,Delhi,"Anand Vihar, Delhi - DPCC",28.6139,77.209,65.92,101.52,45.49,11.46,0.87,63.78,32.78,54.14,9.54,200,1012.5,2.9,118,Moderate,PM25,14,15,2,7,2026,0,2,-0.4999999999999997,-0.8660254037844388,-0.4999999999999997,-0.8660254037844388,312.7212,1.6027235050325637,64.22,62.87,62.02,58.65,56.86,67.76,100.26,98.14,103.03,88.08,87.71,95.43,32.47,29.09,40.94,93.93,26.06,22.19,63.03666666666667,62.02,64.22,1.109429282708684,60.84166666666666,57.96,64.22,2.5419788879271383,58.23166666666666,53.19,64.22,3.5395912278970956,59.91833333333333,53.19,67.76,3.9497327005503915
2026-07-15 15:18:43,Delhi,Delhi,"Anand Vihar, Delhi - DPCC",28.6139,77.209,64.28,108.42,62.36,14.32,1.19,59.68,33.8,46.29,8.66,263,1009.1,0.0,112,Moderate,PM25,15,15,2,7,2026,0,2,-0.7071067811865471,-0.7071067811865479,-0.4999999999999997,-0.8660254037844388,292.70799999999997,1.3301724137931035,65.92,64.22,62.87,57.96,53.35,66.12,101.52,100.26,98.14,101.9,84.74,111.95,45.49,32.47,29.09,42.57,30.55,57.01,64.33666666666666,62.87,65.92,1.5283433296649644,62.053333333333335,57.96,65.92,2.9828018148491657,58.98666666666666,53.19,65.92,4.136362770562686,59.84166666666667,53.19,66.12,3.8061513902887634
2026-07-15 16:18:43,Delhi,Delhi,"Anand Vihar, Delhi - DPCC",28.6139,77.209,62.45,104.77,51.15,16.05,1.53,43.03,32.78,48.69,9.2,130,1009.8,0.0,106,Moderate,PM25,16,15,2,7,2026,0,2,-0.8660254037844384,-0.5000000000000004,-0.4999999999999997,-0.8660254037844388,301.57599999999996,1.4413854351687387,64.28,65.92,64.22,59.33,53.19,64.68,108.42,101.52,100.26,85.54,84.37,105.84,62.36,45.49,32.47,72.86,35.91,50.35,64.80666666666667,64.22,65.92,0.9646415569170427,63.106666666666676,59.33,65.92,2.2817157287154863,59.89750000000001,53.19,65.92,3.982877271977692,59.76500000000001,53.19,65.92,3.6909784257199907
2026-07-15 17:18:43,Delhi,Delhi,"Anand Vihar, Delhi - DPCC",28.6139,77.209,61.66,105.51,70.48,23.65,1.96,32.89,34.93,57.26,9.03,28,1009.3,0.0,104,Moderate,PM10,17,15,2,7,2026,0,2,-0.9659258262890683,-0.25881904510252063,-0.4999999999999997,-0.8660254037844388,315.4179,1.5936543278597273,62.45,64.28,65.92,62.02,54.98,62.9,104.77,108.42,101.52,103.03,79.24,99.83,51.15,62.36,45.49,40.94,26.44,36.37,64.21666666666668,62.45,65.92,1.7358667383561976,63.626666666666665,62.02,65.92,1.4544231387968642,60.66916666666666,54.98,65.92,3.422857547120378,59.67208333333334,53.19,65.92,3.588515472601649
2026-07-15 18:18:43,Delhi,Delhi,"Anand Vihar, Delhi - DPCC",28.6139,77.209,62.53,107.86,27.71,8.5,2.12,22.53,31.27,54.25,11.05,168,1011.5,0.0,106,Moderate,PM25,18,15,2,7,2026,0,2,-1.0,-1.8369701987210297e-16,-0.4999999999999997,-0.8660254037844388,345.5335,1.681127982646421,61.66,62.45,64.28,62.87,56.6,64.01,105.51,104.77,108.42,98.14,92.13,101.14,70.48,51.15,62.36,29.09,40.59,40.27,62.796666666666674,61.66,64.28,1.3439618050121485,63.56666666666666,61.66,65.92,1.5389303644634855,61.225833333333334,56.6,65.92,2.9197149871281574,59.620416666666664,53.19,65.92,3.548726016555758
2026-07-15 19:18:43,Delhi,Delhi,"Anand Vihar, Delhi - DPCC",28.6139,77.209,59.54,91.29,39.27,10.42,2.05,13.08,34.4,56.71,10.6,247,1014.0,0.0,202,Poor,CO,19,15,2,7,2026,0,2,-0.9659258262890684,0.2588190451025203,-0.4999999999999997,-0.8660254037844388,364.64,1.6019774011299437,62.53,61.66,62.45,64.22,58.75,62.01,107.86,105.51,104.77,100.26,105.0,93.21,27.71,70.48,51.15,32.47,66.77,59.41,62.21333333333334,61.66,62.53,0.4808672720528618,63.51,61.66,65.92,1.5755380033502964,61.72,57.96,65.92,2.5431583799391553,59.558749999999996,53.19,65.92,3.481350703016186
2026-07-15 20:18:43,Delhi,Delhi,"Anand Vihar, Delhi - DPCC",28.6139,77.209,57.91,95.34,61.63,13.08,2.54,0.0,26.83,72.43,13.86,264,1008.4,0.0,106,Moderate,CO,20,15,2,7,2026,0,2,-0.8660254037844386,0.5000000000000001,-0.4999999999999997,-0.8660254037844388,371.86379999999997,2.6025871361839745,59.54,62.53,61.66,65.92,58.65,62.2,91.29,107.86,105.51,101.52,88.08,98.34,39.27,27.71,70.48,45.49,93.93,37.59,61.24333333333334,59.54,62.53,1.5379315112616823,62.73000000000001,59.54,65.92,2.191711659867899,61.78583333333333,57.96,65.92,2.4684130284026793,59.45583333333334,53.19,65.92,3.4420228085375535
2026-07-15 21:18:43,Delhi,Delhi,"Anand Vihar, Delhi - DPCC",28.6139,77.209,55.41,81.64,45.9,30.07,2.45,0.0,26.05,74.19,11.58,271,1014.7,0.0,105,Moderate,CO,21,15,2,7,2026,0,2,-0.7071067811865477,0.7071067811865474,-0.4999999999999997,-0.8660254037844388,301.659,2.742698706099815,57.91,59.54,62.53,64.28,57.96,60.06,95.34,91.29,107.86,108.42,101.9,100.04,61.63,39.27,27.71,62.36,42.57,51.68,59.99333333333334,57.91,62.53,2.3431246943625843,61.395,57.91,64.28,2.2969958641670796,61.72416666666666,57.91,65.92,2.5613684493515447,59.27708333333333,53.19,65.92,3.404506577498696
2026-07-15 22:18:43,Delhi,Delhi,"Anand Vihar, Delhi - DPCC",28.6139,77.209,54.96,80.64,70.01,13.27,2.56,0.0,23.85,81.38,11.56,33,1010.0,0.0,107,Moderate,CO,22,15,2,7,2026,0,2,-0.5000000000000004,0.8660254037844384,-0.4999999999999997,-0.8660254037844388,275.706,3.2748490945674043,55.41,57.91,59.54,62.45,59.33,57.56,81.64,95.34,91.29,104.77,85.54,98.37,45.9,61.63,39.27,51.15,72.86,49.51,57.620000000000005,55.41,59.54,2.0802163349033216,59.916666666666664,55.41,62.53,2.8553505330636866,61.51166666666668,55.41,65.92,2.9745063252224,59.083333333333336,53.19,65.92,3.489273833343835
2026-07-15 23:18:43,Delhi,Delhi,"Anand Vihar, Delhi - DPCC",28.6139,77.209,53.96,97.04,70.73,24.5,0.69,2.54,21.3,90.71,7.79,300,1013.8,0.0,97,Satisfactory,PM10,23,15,2,7,2026,0,2,-0.25881904510252157,0.9659258262890681,-0.4999999999999997,-0.8660254037844388,165.927,4.067713004484305,54.96,55.41,57.91,61.66,62.02,58.16,80.64,81.64,95.34,105.51,103.03,81.54,70.01,45.9,61.63,70.48,40.94,75.07,56.09333333333334,54.96,57.91,1.5892870518984492,58.66833333333333,54.96,62.53,3.148519758023896,61.1475,54.96,65.92,3.488915239075708,58.975,53.19,65.92,3.5778630979714836
2026-07-16 00:18:43,Delhi,Delhi,"Anand Vihar, Delhi - DPCC",28.6139,77.209,52.17,79.47,21.2,23.73,2.14,36.35,17.46,93.09,4.81,2,1008.7,11.0,102,Moderate,CO,0,16,3,7,2026,0,2,0.0,1.0,-0.4999999999999997,-0.8660254037844388,83.98259999999999,5.042795232936078,53.96,54.96,55.41,62.53,62.87,57.93,97.04,80.64,81.64,107.86,98.14,92.82,70.73,70.01,45.9,27.71,29.09,24.63,54.77666666666667,53.96,55.41,0.7421814692729731,57.385,53.96,62.53,3.252769589134765,60.475833333333334,53.96,65.92,4.038261233238743,58.79999999999999,53.19,65.92,3.7193758242128676
2026-07-16 01:18:43,Delhi,Delhi,"Anand Vihar, Delhi - DPCC",28.6139,77.209,52.34,78.51,72.66,29.96,2.71,37.09,17.43,93.97,6.25,97,1009.5,0.0,109,Moderate,CO,1,16,3,7,2026,0,2,0.25881904510252074,0.9659258262890683,-0.4999999999999997,-0.8660254037844388,108.9375,5.09875203472599,52.17,53.96,54.96,59.54,64.22,55.87,79.47,97.04,80.64,91.29,100.26,94.68,21.2,70.73,70.01,39.27,32.47,24.21,53.69666666666668,52.17,54.96,1.4135180696872247,55.65833333333333,52.17,59.54,2.6735550614614763,59.58416666666667,52.17,65.92,4.603329740195648,58.56,52.17,65.92,3.9562498712136835
2026-07-16 02:18:43,Delhi,Delhi,"Anand Vihar, Delhi - DPCC",28.6139,77.209,53.89,95.98,44.29,21.67,2.74,21.91,17.29,97.22,5.53,245,1009.8,0.0,109,Moderate,CO,2,16,3,7,2026,0,2,0.49999999999999994,0.8660254037844387,-0.4999999999999997,-0.8660254037844388,95.6137,5.315472936030618,52.34,52.17,53.96,57.91,65.92,56.86,78.51,79.47,97.04,95.34,101.52,87.71,72.66,21.2,70.73,61.63,45.49,26.06,52.823333333333345,52.17,53.96,0.9880452081420107,54.458333333333336,52.17,57.91,2.1467875224777253,58.594166666666666,52.17,65.92,4.789409639712359,58.41291666666667,52.17,65.92,4.1227212194888
2026-07-16 03:18:43,Delhi,Delhi,"Anand Vihar, Delhi - DPCC",28.6139,77.209,52.68,78.48,49.63,33.96,2.29,27.21,17.38,98.0,1.0,269,1013.5,0.0,103,Moderate,CO,3,16,3,7,2026,0,2,0.7071067811865475,0.7071067811865476,-0.4999999999999997,-0.8660254037844388,17.38,5.331882480957563,53.89,52.34,52.17,55.41,64.28,53.35,95.98,78.51,79.47,81.64,108.42,84.74,44.29,72.66,21.2,45.9,62.36,30.55,52.800000000000004,52.17,53.89,0.9477868958785294,53.788333333333334,52.17,55.41,1.3235621128855017,57.59166666666667,52.17,64.28,4.356021607203544,58.28916666666667,52.17,65.92,4.214905142742702
2026-07-16 04:18:43,Delhi,Delhi,"Anand Vihar, Delhi - DPCC",28.6139,77.209,54.74,97.64,75.87,29.31,2.19,21.85,19.18,98.0,4.76,98,1010.7,0.0,102,Moderate,CO,4,16,3,7,2026,0,2,0.8660254037844386,0.5000000000000001,-0.4999999999999997,-0.8660254037844388,91.29679999999999,4.856293359762141,52.68,53.89,52.34,54.96,62.45,53.19,78.48,95.98,78.51,80.64,104.77,84.37,49.63,44.29,72.66,70.01,51.15,35.91,52.970000000000006,52.34,53.89,0.8146778504409212,53.333333333333336,52.17,54.96,1.1059415294968586,56.625,52.17,62.53,4.010231233414649,58.26125,52.17,65.92,4.251104523992921
2026-07-16 05:18:43,Delhi,Delhi,"Anand Vihar, Delhi - DPCC",28.6139,77.209,55.65,88.87,22.2,13.29,2.42,35.77,16.32,98.0,2.07,277,1010.9,0.0,105,Moderate,CO,5,16,3,7,2026,0,2,0.9659258262890683,0.25881904510252074,-0.4999999999999997,-0.8660254037844388,33.782399999999996,5.658198614318707,54.74,52.68,53.89,53.96,61.66,54.98,97.64,78.48,95.98,97.04,105.51,79.24,75.87,49.63,44.29,70.73,70.48,26.44,53.77000000000001,52.68,54.74,1.0352294431665614,53.296666666666674,52.17,54.74,1.0430851675035184,55.98250000000001,52.17,62.53,3.5874836078180796,58.32583333333333,52.17,65.92,4.181922708065264
2026-07-16 06:18:43,Delhi,Delhi,"Anand Vihar, Delhi - DPCC",28.6139,77.209,56.94,85.14,76.51,24.3,0.83,29.32,20.17,96.18,2.5,191,1009.8,0.0,96,Satisfactory,NO2,6,16,3,7,2026,0,2,1.0,6.123233995736766e-17,-0.4999999999999997,-0.8660254037844388,50.425000000000004,4.543221539914974,55.65,54.74,52.68,52.17,62.53,56.6,88.87,97.64,78.48,79.47,107.86,92.13,22.2,75.87,49.63,21.2,27.71,40.59,54.35666666666666,52.68,55.65,1.5216548009756394,53.57833333333334,52.17,55.65,1.418610822835456,55.481666666666676,52.17,62.53,3.1106410719958744,58.35375,52.17,65.92,4.160799267385809
2026-07-16 07:18:43,Delhi,Delhi,"Anand Vihar, Delhi - DPCC",28.6139,77.209,56.58,92.19,69.29,8.77,1.99,23.74,21.37,85.09,1.0,123,1013.8,0.0,99,Satisfactory,CO,7,16,3,7,2026,0,2,0.9659258262890683,-0.25881904510252063,-0.4999999999999997,-0.8660254037844388,21.37,3.8037550290567723,56.94,55.65,54.74,52.34,59.54,58.75,85.14,88.87,97.64,78.51,91.29,105.0,76.51,22.2,75.87,72.66,39.27,66.77,55.77666666666667,54.74,56.94,1.1054561652693633,54.373333333333335,52.34,56.94,1.7656462461846718,55.015833333333326,52.17,59.54,2.261951925915149,58.367916666666666,52.17,65.92,4.155143464448003
2026-07-16 08:18:43,Delhi,Delhi,"Anand Vihar, Delhi - DPCC",28.6139,77.209,57.87,103.04,72.34,27.08,1.76,25.3,23.31,88.39,2.72,264,1010.6,0.0,102,Moderate,PM10,8,16,3,7,2026,0,2,0.8660254037844387,-0.4999999999999998,-0.4999999999999997,-0.8660254037844388,63.4032,3.6359522830111066,56.58,56.94,55.65,53.89,57.91,58.65,92.19,85.14,88.87,95.98,95.34,88.08,69.29,76.51,22.2,44.29,61.63,93.93,56.39000000000001,55.65,56.94,0.6656575696246853,55.07999999999999,52.68,56.94,1.6325562777434282,54.76916666666667,52.17,57.91,1.8470884131682304,58.277499999999996,52.17,65.92,4.170050828592322
2026-07-16 09:18:43,Delhi,Delhi,"Anand Vihar, Delhi - DPCC",28.6139,77.209,61.1,97.5,57.98,14.0,2.91,41.02,26.53,76.98,3.55,17,1014.0,0.0,111,Moderate,CO,9,16,3,7,2026,0,2,0.7071067811865476,-0.7071067811865475,-0.4999999999999997,-0.8660254037844388,94.1815,2.796222302942245,57.87,56.58,56.94,52.68,55.41,57.96,103.04,92.19,85.14,78.48,81.64,101.9,72.34,69.29,76.51,49.63,45.9,42.57,57.13,56.58,57.87,0.6656575696246211,55.74333333333333,52.68,57.87,1.846842350247107,54.76583333333334,52.17,57.87,1.8409308827740494,58.245000000000005,52.17,65.92,4.17006099423644
2026-07-16 10:18:43,Delhi,Delhi,"Anand Vihar, Delhi - DPCC",28.6139,77.209,62.63,97.06,33.88,27.84,1.27,39.97,27.28,66.51,6.04,329,1013.9,0.0,107,Moderate,PM25,10,16,3,7,2026,0,2,0.49999999999999994,-0.8660254037844387,-0.4999999999999997,-0.8660254037844388,164.77120000000002,2.351838755304102,61.1,57.87,56.58,54.74,54.96,59.33,97.5,103.04,92.19,97.64,80.64,85.54,57.98,72.34,69.29,75.87,70.01,72.86,58.51666666666667,56.58,61.1,2.328354211311442,57.14666666666667,54.74,61.1,2.2157587112920254,55.24,52.17,61.1,2.5987409538956174,58.37583333333333,52.17,65.92,4.209799041642548
2026-07-16 11:18:43,Delhi,Delhi,"Anand Vihar, Delhi - DPCC",28.6139,77.209,64.25,110.66,56.15,15.99,2.55,64.33,29.45,60.81,5.41,229,1008.4,0.0,112,Moderate,PM25,11,16,3,7,2026,0,2,0.258819045102521,-0.9659258262890682,-0.4999999999999997,-0.8660254037844388,159.3245,1.9970443349753695,62.63,61.1,57.87,55.65,53.96,62.02,97.06,97.5,103.04,88.87,97.04,103.03,33.88,57.98,72.34,22.2,70.73,40.94,60.53333333333334,57.87,62.63,2.430068586137329,58.461666666666666,55.65,62.63,2.7729941699662346,55.87916666666667,52.17,62.63,3.3563954104835365,58.51333333333333,52.17,65.92,4.295341932703448
2026-07-16 12:18:43,Delhi,Delhi,"Anand Vihar, Delhi - DPCC",28.6139,77.209,64.22,108.65,40.84,26.39,1.42,51.93,31.07,54.55,6.16,207,1008.3,0.0,112,Moderate,PM25,12,16,3,7,2026,0,2,1.2246467991473532e-16,-1.0,-0.4999999999999997,-0.8660254037844388,191.3912,1.7009666354848767,64.25,62.63,61.1,56.94,52.17,62.87,110.66,97.06,97.5,85.14,79.47,98.14,56.15,33.88,57.98,76.51,21.2,29.09,62.660000000000004,61.1,64.25,1.5752142711383295,59.895,56.58,64.25,3.2162136123087812,56.73666666666667,52.17,64.25,4.061831949733842,58.606249999999996,52.17,65.92,4.3974031986280675
2026-07-16 13:18:43,Delhi,Delhi,"Anand Vihar, Delhi - DPCC",28.6139,77.209,65.84,117.84,22.78,17.61,1.07,68.9,32.13,50.77,8.01,174,1012.8,0.0,195,Moderate,CO,13,16,3,7,2026,0,2,-0.2588190451025208,-0.9659258262890683,-0.4999999999999997,-0.8660254037844388,257.3613,1.5324479323875642,64.22,64.25,62.63,56.58,52.34,64.22,108.65,110.66,97.06,92.19,78.51,100.26,40.84,56.15,33.88,69.29,72.66,32.47,63.70000000000001,62.63,64.25,0.9267685795265812,61.10833333333333,56.58,64.25,3.251482226103529,57.74083333333334,52.34,64.25,4.312022217714155,58.6625,52.17,65.92,4.462467878340123
2026-07-16 14:18:43,Delhi,Delhi,"Anand Vihar, Delhi - DPCC",28.6139,77.209,67.32,116.0,31.39,10.97,2.19,52.2,33.16,52.24,9.58,303,1010.1,0.0,123,Moderate,PM25,14,16,3,7,2026,0,2,-0.4999999999999997,-0.8660254037844388,-0.4999999999999997,-0.8660254037844388,317.6728,1.529274004683841,65.84,64.22,64.25,57.87,53.89,65.92,117.84,108.65,110.66,103.04,95.98,101.52,22.78,40.84,56.15,72.34,44.29,45.49,64.77000000000001,64.22,65.84,0.9267685795265023,62.65166666666667,57.87,65.84,2.8443728072577645,58.865833333333335,52.68,65.84,4.5303912300119995,58.73,52.17,65.92,4.561343242282152
2026-07-16 15:18:43,Delhi,Delhi,"Anand Vihar, Delhi - DPCC",28.6139,77.209,66.51,112.45,70.15,19.21,2.28,47.68,33.05,50.03,9.82,336,1011.7,0.0,120,Moderate,PM25,15,16,3,7,2026,0,2,-0.7071067811865471,-0.7071067811865479,-0.4999999999999997,-0.8660254037844388,324.551,1.4693098384728343,67.32,65.84,64.22,61.1,52.68,64.28,116.0,117.84,108.65,97.5,78.48,108.42,31.39,22.78,40.84,57.98,49.63,62.36,65.79333333333334,64.22,67.32,1.550526792200223,64.22666666666667,61.1,67.32,2.213482926671822,59.98500000000001,52.68,67.32,4.83784794379409,58.78833333333333,52.17,67.32,4.665064114072367
2026-07-16 16:18:43,Delhi,Delhi,"Anand Vihar, Delhi - DPCC",28.6139,77.209,65.83,96.71,54.78,23.0,2.23,48.05,32.51,48.54,9.17,223,1013.0,0.0,118,Moderate,PM25,16,16,3,7,2026,0,2,-0.8660254037844384,-0.5000000000000004,-0.4999999999999997,-0.8660254037844388,298.1167,1.4485228290062668,66.51,67.32,65.84,62.63,54.74,62.45,112.45,116.0,117.84,97.06,97.64,104.77,70.15,31.39,22.78,33.88,75.87,51.15,66.55666666666667,65.84,67.32,0.741102781893691,65.12833333333333,62.63,67.32,1.7353433858080654,61.137499999999996,54.74,67.32,4.579857332037561,58.881249999999994,52.17,67.32,4.799472174330622
2026-07-16 17:18:43,Delhi,Delhi,"Anand Vihar, Delhi - DPCC",28.6139,77.209,63.74,111.73,54.94,11.42,1.62,46.94,32.57,52.49,11.09,256,1008.7,8.6,110,Moderate,PM25,17,16,3,7,2026,0,2,-0.9659258262890683,-0.25881904510252063,-0.4999999999999997,-0.8660254037844388,361.2013,1.5635984509979148,65.83,66.51,67.32,64.25,55.65,61.66,96.71,112.45,116.0,110.66,88.87,105.51,54.78,70.15,31.39,56.15,22.2,70.48,66.55333333333334,65.83,67.32,0.7459445913273818,65.66166666666668,64.22,67.32,1.232970667399626,62.06166666666667,55.65,67.32,4.280702646939542,59.022083333333335,52.17,67.32,4.955789744607171
2026-07-16 18:18:43,Delhi,Delhi,"Anand Vihar, Delhi - DPCC",28.6139,77.209,63.51,97.56,20.39,20.95,0.63,17.3,31.63,55.28,7.68,100,1012.1,2.6,110,Moderate,PM25,18,16,3,7,2026,0,2,-1.0,-1.8369701987210297e-16,-0.4999999999999997,-0.8660254037844388,242.9184,1.6941464909592403,63.74,65.83,66.51,64.22,56.94,62.53,111.73,96.71,112.45,108.65,85.14,107.86,54.94,54.78,70.15,40.84,76.51,27.71,65.36000000000001,63.74,66.51,1.4435719587181954,65.57666666666667,63.74,67.32,1.3607154980626435,62.735833333333325,56.58,67.32,3.787802093162968,59.10875000000001,52.17,67.32,5.021676761799785
2026-07-16 19:18:43,Delhi,Delhi,"Anand Vihar, Delhi - DPCC",28.6139,77.209,60.84,100.75,38.28,19.0,1.49,6.93,29.65,64.74,10.54,19,1011.0,0.0,211,Poor,PM25,19,16,3,7,2026,0,2,-0.9659258262890684,0.2588190451025203,-0.4999999999999997,-0.8660254037844388,312.51099999999997,2.1122349102773246,63.51,63.74,65.83,65.84,56.58,59.54,97.56,111.73,96.71,117.84,92.19,91.29,20.39,54.94,54.78,22.78,69.29,39.27,64.36000000000001,63.51,65.83,1.278240978844638,65.45833333333333,63.51,67.32,1.5234358098285103,63.28333333333334,56.58,67.32,3.319809231466985,59.14958333333334,52.17,67.32,5.054582491825278
2026-07-16 20:18:43,Delhi,Delhi,"Anand Vihar, Delhi - DPCC",28.6139,77.209,60.91,89.65,92.58,18.4,1.85,16.29,26.82,70.66,14.1,261,1012.1,0.0,211,Poor,PM25,20,16,3,7,2026,0,2,-0.8660254037844386,0.5000000000000001,-0.4999999999999997,-0.8660254037844388,378.162,2.539899352983465,60.84,63.51,63.74,67.32,57.87,57.91,100.75,97.56,111.73,116.0,103.04,95.34,38.28,20.39,54.94,31.39,72.34,61.63,62.69666666666668,60.84,63.74,1.6120277086115422,64.625,60.84,67.32,2.39252795177006,63.63833333333333,57.87,67.32,2.7095012400250087,59.20374999999999,52.17,67.32,5.0659011924142705
2026-07-16 21:18:43,Delhi,Delhi,"Anand Vihar, Delhi - DPCC",28.6139,77.209,58.15,100.15,79.38,18.19,1.58,0.0,25.59,74.54,7.74,293,1014.2,0.0,99,Satisfactory,NO2,21,16,3,7,2026,0,2,-0.7071067811865477,0.7071067811865474,-0.4999999999999997,-0.8660254037844388,198.0666,2.803309514855209,60.91,60.84,63.51,66.51,61.1,55.41,89.65,100.75,97.56,112.45,97.5,81.64,92.58,38.28,20.39,70.15,57.98,45.9,61.75333333333334,60.84,63.51,1.5217205174839352,63.55666666666667,60.84,66.51,2.3795433735629894,63.89166666666667,60.84,67.32,2.2188319340399008,59.32875000000001,52.17,67.32,5.069601058397428
2026-07-16 22:18:43,Delhi,Delhi,"Anand Vihar, Delhi - DPCC",28.6139,77.209,58.97,105.24,56.16,23.11,0.63,0.0,24.01,83.53,8.68,312,1014.9,0.0,104,Moderate,PM10,22,16,3,7,2026,0,2,-0.5000000000000004,0.8660254037844384,-0.4999999999999997,-0.8660254037844388,208.4068,3.3398640543782485,58.15,60.91,60.84,65.83,62.63,54.96,100.15,89.65,100.75,96.71,97.06,80.64,79.38,92.58,38.28,54.78,33.88,70.01,59.966666666666676,58.15,60.91,1.5736687495568882,62.163333333333334,58.15,65.83,2.726636511650806,63.645833333333336,58.15,67.32,2.6731576776720574,59.44291666666666,52.17,67.32,5.007992289866498
2026-07-16 23:18:43,Delhi,Delhi,"Anand Vihar, Delhi - DPCC",28.6139,77.209,58.08,96.37,40.32,20.69,2.49,0.0,21.66,89.61,9.55,269,1011.1,0.0,106,Moderate,CO,23,16,3,7,2026,0,2,-0.25881904510252157,0.9659258262890681,-0.4999999999999997,-0.8660254037844388,206.853,3.9545454545454546,58.97,58.15,60.91,63.74,64.25,53.96,105.24,100.15,89.65,111.73,110.66,97.04,56.16,79.38,92.58,54.94,56.15,70.73,59.34333333333334,58.15,60.91,1.41736845362526,61.01999999999999,58.15,63.74,2.283961470778437,63.34083333333333,58.15,67.32,2.989659324870975,59.60999999999999,52.17,67.32,4.918009494836737
2026-07-17 00:18:43,Delhi,Delhi,"Anand Vihar, Delhi - DPCC",28.6139,77.209,55.16,91.31,37.21,15.93,1.48,36.31,20.67,98.0,6.51,141,1009.8,0.0,92,Satisfactory,PM25,0,17,4,7,2026,0,2,0.0,1.0,-0.4999999999999997,-0.8660254037844388,134.5617,4.522381172127365,58.08,58.97,58.15,63.51,64.22,52.17,96.37,105.24,100.15,97.56,108.65,79.47,40.32,56.16,79.38,20.39,40.84,21.2,58.400000000000006,58.08,58.97,0.4948737212652564,60.076666666666675,58.08,63.51,2.0970614360735578,62.82666666666666,58.08,67.32,3.3302479660156847,59.78166666666667,52.17,67.32,4.782249485851557
2026-07-17 01:18:43,Delhi,Delhi,"Anand Vihar, Delhi - DPCC",28.6139,77.209,55.41,82.08,28.81,31.11,2.1,19.66,18.31,98.0,4.5,163,1012.7,0.0,202,Poor,CO,1,17,4,7,2026,0,2,0.25881904510252074,0.9659258262890683,-0.4999999999999997,-0.8660254037844388,82.395,5.075090626618333,55.16,58.08,58.97,60.84,65.84,52.34,91.31,96.37,105.24,100.75,117.84,78.51,37.21,40.32,56.16,38.28,22.78,72.66,57.403333333333336,55.16,58.97,1.9930964184736444,58.685,55.16,60.91,2.133248696237731,62.071666666666665,55.16,67.32,3.9541941676088195,59.90625,52.34,67.32,4.6112233711088875
2026-07-17 02:18:43,Delhi,Delhi,"Anand Vihar, Delhi - DPCC",28.6139,77.209,55.21,95.94,34.35,19.21,1.95,27.03,14.79,92.71,3.55,211,1012.4,0.0,98,Satisfactory,CO,2,17,4,7,2026,0,2,0.49999999999999994,0.8660254037844387,-0.4999999999999997,-0.8660254037844388,52.50449999999999,5.871437618746041,55.41,55.16,58.08,60.91,67.32,53.89,82.08,91.31,96.37,89.65,116.0,95.98,28.81,37.21,40.32,92.58,31.39,44.29,56.21666666666667,55.16,58.08,1.618528137949018,57.78,55.16,60.91,2.187290561402351,61.20250000000001,55.16,67.32,4.189860325291839,60.034166666666664,52.68,67.32,4.431278073233363
2026-07-17 03:18:43,Delhi,Delhi,"Anand Vihar, Delhi - DPCC",28.6139,77.209,55.61,99.06,52.46,27.31,1.82,36.37,16.06,93.9,1.88,145,1008.9,0.0,99,Satisfactory,PM10,3,17,4,7,2026,0,2,0.7071067811865475,0.7071067811865476,-0.4999999999999997,-0.8660254037844388,30.192799999999995,5.504103165298946,55.21,55.41,55.16,58.15,66.51,52.68,95.94,82.08,91.31,100.15,112.45,78.48,34.35,28.81,37.21,79.38,70.15,49.63,55.26000000000001,55.16,55.41,0.132287565551614,56.82999999999999,55.16,58.97,1.7500971401609813,60.19333333333333,55.16,66.51,4.038107867741432,60.08916666666667,52.68,67.32,4.359309794458054
2026-07-17 04:18:43,Delhi,Delhi,"Anand Vihar, Delhi - DPCC",28.6139,77.209,56.18,93.52,32.45,32.46,2.44,26.78,16.47,94.79,2.3,262,1008.9,0.0,105,Moderate,CO,4,17,4,7,2026,0,2,0.8660254037844386,0.5000000000000001,-0.4999999999999997,-0.8660254037844388,37.88099999999999,5.425872925014311,55.61,55.21,55.41,58.97,65.83,54.74,99.06,95.94,82.08,105.24,96.71,97.64,52.46,34.35,28.81,56.16,54.78,75.87,55.410000000000004,55.21,55.61,0.1999999999988602,56.406666666666666,55.16,58.97,1.6724194051332453,59.285,55.16,65.83,3.6998194059120952,60.21125,54.74,67.32,4.180138662667828
2026-07-17 05:18:43,Delhi,Delhi,"Anand Vihar, Delhi - DPCC",28.6139,77.209,56.5,98.68,22.0,32.65,0.86,31.14,18.93,98.0,1.89,184,1008.9,0.0,99,Satisfactory,PM10,5,17,4,7,2026,0,2,0.9659258262890683,0.25881904510252074,-0.4999999999999997,-0.8660254037844388,35.777699999999996,4.917210235825389,56.18,55.61,55.21,58.08,63.74,55.65,93.52,99.06,95.94,96.37,111.73,88.87,32.45,52.46,34.35,40.32,54.94,22.2,55.66666666666668,55.21,56.18,0.4874764951593347,55.94166666666667,55.16,58.08,1.1107009798618883,58.48083333333333,55.16,63.74,3.156797739751006,60.27125,55.16,67.32,4.107902577588283
2026-07-17 06:18:43,Delhi,Delhi,"Anand Vihar, Delhi - DPCC",28.6139,77.209,59.79,104.8,44.56,15.83,0.63,29.37,17.86,87.61,1.0,65,1011.0,0.0,104,Moderate,PM10,6,17,4,7,2026,0,2,1.0,6.123233995736766e-17,-0.4999999999999997,-0.8660254037844388,17.86,4.645281018027572,56.5,56.18,55.61,55.16,63.51,56.94,98.68,93.52,99.06,91.31,97.56,85.14,22.0,32.45,52.46,37.21,20.39,76.51,56.09666666666667,55.61,56.5,0.45081407845446514,55.678333333333335,55.16,56.5,0.5461654206063525,57.877500000000005,55.16,63.51,2.722228782717321,60.30666666666667,55.16,67.32,4.069815364540412
2026-07-17 07:18:43,Delhi,Delhi,"Anand Vihar, Delhi - DPCC",28.6139,77.209,61.81,105.73,64.95,16.88,1.94,36.78,18.6,87.38,2.19,80,1010.7,0.0,104,Moderate,PM10,7,17,4,7,2026,0,2,0.9659258262890683,-0.25881904510252063,-0.4999999999999997,-0.8660254037844388,40.734,4.458163265306122,59.79,56.5,56.18,55.41,60.84,56.58,104.8,98.68,93.52,82.08,100.75,92.19,44.56,22.0,32.45,28.81,38.28,69.29,57.49000000000001,56.18,59.79,1.9982742554512294,56.449999999999996,55.21,59.79,1.7062121790678861,57.567499999999995,55.16,60.91,2.180392479265246,60.42541666666667,55.16,67.32,4.008426970191954
2026-07-17 08:18:43,Delhi,Delhi,"Anand Vihar, Delhi - DPCC",28.6139,77.209,62.39,100.13,68.85,21.34,2.71,24.59,23.28,81.39,4.06,205,1013.8,0.0,109,Moderate,CO,8,17,4,7,2026,0,2,0.8660254037844387,-0.4999999999999998,-0.4999999999999997,-0.8660254037844388,94.51679999999999,3.352141680395387,61.81,59.79,56.5,55.21,60.91,57.87,105.73,104.8,98.68,95.94,89.65,103.04,64.95,44.56,22.0,34.35,92.58,72.34,59.366666666666674,56.5,61.81,2.680192779135892,57.51666666666666,55.21,61.81,2.6599674183467816,57.64833333333333,55.16,61.81,2.325869664656595,60.64333333333334,55.16,67.32,3.9317123901476445
2026-07-17 09:18:43,Delhi,Delhi,"Anand Vihar, Delhi - DPCC",28.6139,77.209,63.77,101.59,88.79,34.53,1.98,36.2,24.36,69.89,2.33,281,1013.3,0.0,110,Moderate,PM25,9,17,4,7,2026,0,2,0.7071067811865476,-0.7071067811865475,-0.4999999999999997,-0.8660254037844388,56.7588,2.755914826498423,62.39,61.81,59.79,55.61,58.15,61.1,100.13,105.73,104.8,99.06,100.15,97.5,68.85,64.95,44.56,52.46,79.38,57.98,61.330000000000005,59.79,62.39,1.364844313465281,58.71333333333333,55.61,62.39,3.0071160048569197,57.77166666666667,55.16,62.39,2.5435974286014615,60.83166666666667,55.16,67.32,3.9012290891201222
2026-07-17 10:18:43,Delhi,Delhi,"Anand Vihar, Delhi - DPCC",28.6139,77.209,64.65,98.07,68.67,10.36,2.37,52.3,26.76,67.1,6.95,244,1012.3,0.0,114,Moderate,PM25,10,17,4,7,2026,0,2,0.49999999999999994,-0.8660254037844387,-0.4999999999999997,-0.8660254037844388,185.98200000000003,2.4171469740634004,63.77,62.39,61.81,56.18,58.97,62.63,101.59,100.13,105.73,93.52,105.24,97.06,88.79,68.85,64.95,32.45,56.16,33.88,62.65666666666667,61.81,63.77,1.0068432516194536,60.07333333333333,56.18,63.77,3.1640269699651533,58.24,55.16,63.77,3.080342365859546,60.94291666666667,55.16,67.32,3.947014809422054
2026-07-17 11:18:43,Delhi,Delhi,"Anand Vihar, Delhi - DPCC",28.6139,77.209,63.88,105.87,26.48,19.78,2.74,44.25,25.11,59.07,3.77,228,1008.7,0.0,111,Moderate,PM25,11,17,4,7,2026,0,2,0.258819045102521,-0.9659258262890682,-0.4999999999999997,-0.8660254037844388,94.6647,2.2623515894293376,64.65,63.77,62.39,56.5,58.08,64.25,98.07,101.59,100.13,98.68,96.37,110.66,68.67,88.79,68.85,22.0,40.32,56.15,63.603333333333346,62.39,64.65,1.1391809923499803,61.48499999999999,56.5,64.65,2.9626457770041355,58.71333333333334,55.16,64.65,3.595960696856049,61.02708333333334,55.16,67.32,4.00565630421984
2026-07-17 12:18:43,Delhi,Delhi,"Anand Vihar, Delhi - DPCC",28.6139,77.209,63.57,113.86,22.24,20.02,0.85,57.07,32.42,57.57,5.6,233,1009.5,0.0,110,Moderate,PM25,12,17,4,7,2026,0,2,1.2246467991473532e-16,-1.0,-0.4999999999999997,-0.8660254037844388,181.552,1.72262118491921,63.88,64.65,63.77,59.79,55.16,64.22,105.87,98.07,101.59,104.8,91.31,108.65,26.48,68.67,88.79,44.56,37.21,40.84,64.10000000000001,63.77,64.65,0.47947888378746334,62.715,59.79,64.65,1.7717082152545973,59.196666666666665,55.16,64.65,3.881544522324586,61.01166666666666,55.16,67.32,3.993406159361091
2026-07-17 13:18:43,Delhi,Delhi,"Anand Vihar, Delhi - DPCC",28.6139,77.209,62.68,92.05,24.74,26.72,2.33,70.66,33.88,54.79,9.72,94,1014.9,0.0,107,Moderate,PM25,13,17,4,7,2026,0,2,-0.2588190451025208,-0.9659258262890683,-0.4999999999999997,-0.8660254037844388,329.31360000000006,1.570814220183486,63.57,63.88,64.65,61.81,55.41,65.84,113.86,105.87,98.07,105.73,82.08,117.84,22.24,26.48,68.67,64.95,28.81,22.78,64.03333333333335,63.57,64.65,0.5560875230855458,63.345000000000006,61.81,64.65,1.0477356536840443,59.89750000000001,55.21,64.65,3.845512437776146,60.984583333333326,55.16,67.32,3.9728524186759846
2026-07-17 14:18:43,Delhi,Delhi,"Anand Vihar, Delhi - DPCC",28.6139,77.209,64.13,113.79,34.04,10.28,1.17,48.76,35.14,47.66,5.85,6,1009.9,0.0,112,Moderate,PM25,14,17,4,7,2026,0,2,-0.4999999999999997,-0.8660254037844388,-0.4999999999999997,-0.8660254037844388,205.569,1.318760376314333,62.68,63.57,63.88,62.39,55.21,67.32,92.05,113.86,105.87,100.13,95.94,116.0,24.74,22.24,26.48,68.85,34.35,31.39,63.37666666666667,62.68,63.88,0.6229232162405892,63.49000000000001,62.39,64.65,0.830493828996192,60.50333333333333,55.21,64.65,3.641526486449781,60.852916666666665,55.16,67.32,3.855572454159729
2026-07-17 15:18:43,Delhi,Delhi,"Anand Vihar, Delhi - DPCC",28.6139,77.209,65.58,103.54,38.58,21.04,1.31,64.29,33.95,53.03,7.41,49,1012.8,0.0,117,Moderate,PM25,15,17,4,7,2026,0,2,-0.7071067811865471,-0.7071067811865479,-0.4999999999999997,-0.8660254037844388,251.56950000000003,1.517310443490701,64.13,62.68,63.57,63.77,55.61,66.51,113.79,92.05,113.86,101.59,99.06,112.45,34.04,24.74,22.24,88.79,52.46,70.15,63.46000000000001,62.68,64.13,0.7312318373800241,63.78000000000001,62.68,64.65,0.6547671341788619,61.24666666666667,55.61,64.65,3.3625026754523777,60.720000000000006,55.16,66.51,3.673626333036953
2026-07-17 16:18:43,Delhi,Delhi,"Anand Vihar, Delhi - DPCC",28.6139,77.209,66.09,117.93,57.64,15.01,1.24,53.21,35.83,48.16,11.57,124,1014.9,0.0,118,Moderate,PM25,16,17,4,7,2026,0,2,-0.8660254037844384,-0.5000000000000004,-0.4999999999999997,-0.8660254037844388,414.5531,1.307629649742058,65.58,64.13,62.68,64.65,56.18,65.83,103.54,113.79,92.05,98.07,93.52,96.71,38.58,34.04,24.74,68.67,32.45,54.78,64.13000000000001,62.68,65.58,1.4499999999993287,64.08166666666666,62.68,65.58,0.9836140842157098,62.07750000000001,56.18,65.58,3.061387460256927,60.681250000000006,55.16,65.83,3.6143233325442585
2026-07-17 17:18:43,Delhi,Delhi,"Anand Vihar, Delhi - DPCC",28.6139,77.209,63.95,110.54,25.54,26.2,0.72,42.64,31.72,52.37,12.03,187,1010.8,0.0,111,Moderate,PM25,17,17,4,7,2026,0,2,-0.9659258262890683,-0.25881904510252063,-0.4999999999999997,-0.8660254037844388,381.59159999999997,1.6005501222493888,66.09,65.58,64.13,63.88,56.5,63.74,117.93,103.54,113.79,105.87,98.68,111.73,57.64,38.58,34.04,26.48,22.0,54.94,65.26666666666667,64.13,66.09,1.0168742957372916,64.32166666666667,62.68,66.09,1.2808031334547665,62.90333333333333,56.5,66.09,2.6324662937783256,60.69208333333333,55.16,66.09,3.6307790266800364
2026-07-17 18:18:43,Delhi,Delhi,"Anand Vihar, Delhi - DPCC",28.6139,77.209,61.76,104.32,32.37,14.75,1.34,29.73,31.92,62.24,10.04,76,1008.1,0.0,104,Moderate,PM25,18,17,4,7,2026,0,2,-1.0,-1.8369701987210297e-16,-0.4999999999999997,-0.8660254037844388,320.47679999999997,1.890643985419198,63.95,66.09,65.58,63.57,59.79,63.51,110.54,117.93,103.54,113.86,104.8,97.56,25.54,57.64,38.58,22.24,44.56,20.39,65.20666666666666,63.95,66.09,1.1177805389839384,64.33333333333333,62.68,66.09,1.276286279275755,63.524166666666666,59.79,66.09,1.6974925804274648,60.70083333333333,55.16,66.09,3.6386881494949916
2026-07-17 19:18:43,Delhi,Delhi,"Anand Vihar, Delhi - DPCC",28.6139,77.209,58.43,100.36,87.46,30.98,2.81,10.91,31.13,62.94,12.4,18,1011.2,0.0,110,Moderate,CO,19,17,4,7,2026,0,2,-0.9659258262890684,0.2588190451025203,-0.4999999999999997,-0.8660254037844388,386.012,1.9589169000933708,61.76,63.95,66.09,62.68,61.81,60.84,104.32,110.54,117.93,92.05,105.73,100.75,32.37,25.54,57.64,24.74,64.95,38.28,63.933333333333344,61.76,66.09,2.165048113398746,64.03166666666667,61.76,66.09,1.6515376673474669,63.68833333333333,61.76,66.09,1.3665206869561208,60.627916666666664,55.16,66.09,3.5972452977082314
2026-07-17 20:18:43,Delhi,Delhi,"Anand Vihar, Delhi - DPCC",28.6139,77.209,58.14,87.7,63.3,27.2,2.07,0.0,28.0,70.07,10.35,234,1013.4,0.0,202,Poor,CO,20,17,4,7,2026,0,2,-0.8660254037844386,0.5000000000000001,-0.4999999999999997,-0.8660254037844388,289.8,2.416206896551724,58.43,61.76,63.95,64.13,62.39,60.91,100.36,104.32,110.54,113.79,100.13,89.65,87.46,32.37,25.54,34.04,68.85,92.58,61.38,58.43,63.95,2.7795503233434333,63.32333333333332,58.43,66.09,2.8347533696368408,63.40666666666667,58.43,66.09,1.9934225175144287,60.5275,55.16,66.09,3.6246010275195224
2026-07-17 21:18:43,Delhi,Delhi,"Anand Vihar, Delhi - DPCC",28.6139,77.209,57.37,87.85,71.6,11.31,1.55,0.0,23.35,73.46,10.17,86,1008.9,0.0,96,Satisfactory,PM25,21,17,4,7,2026,0,2,-0.7071067811865477,0.7071067811865474,-0.4999999999999997,-0.8660254037844388,237.4695,3.016837782340862,58.14,58.43,61.76,65.58,63.77,58.15,87.7,100.36,104.32,103.54,101.59,100.15,63.3,87.46,32.37,38.58,88.79,79.38,59.443333333333335,58.14,61.76,2.0115251261995817,62.324999999999996,58.14,66.09,3.476071057961938,63.0525,58.14,66.09,2.5029078543312258,60.41208333333333,55.16,66.09,3.655858882214492
2026-07-17 22:18:43,Delhi,Delhi,"Anand Vihar, Delhi - DPCC",28.6139,77.209,55.82,84.45,53.31,27.72,1.77,4.99,22.15,81.05,9.19,279,1013.2,0.0,93,Satisfactory,PM25,22,17,4,7,2026,0,2,-0.5000000000000004,0.8660254037844384,-0.4999999999999997,-0.8660254037844388,203.55849999999998,3.5010799136069117,57.37,58.14,58.43,66.09,64.65,58.97,87.85,87.7,100.36,117.93,98.07,105.24,71.6,63.3,87.46,57.64,68.67,56.16,57.98000000000001,57.37,58.43,0.5478138369913428,60.95666666666667,57.37,66.09,3.5535428330986987,62.51916666666667,57.37,66.09,2.9737134982538516,60.379583333333336,55.16,66.09,3.6802285835986006
2026-07-17 23:18:43,Delhi,Delhi,"Anand Vihar, Delhi - DPCC",28.6139,77.209,56.54,88.57,71.02,14.2,1.13,0.0,17.23,88.52,5.28,48,1010.2,0.0,94,Satisfactory,PM25,23,17,4,7,2026,0,2,-0.25881904510252157,0.9659258262890681,-0.4999999999999997,-0.8660254037844388,90.9744,4.8557323093801426,55.82,57.37,58.14,63.95,63.88,58.08,84.45,87.85,87.7,110.54,105.87,96.37,53.31,71.6,63.3,25.54,26.48,40.32,57.11000000000001,55.82,58.14,1.1816513868308798,59.245000000000005,55.82,63.95,3.0197268088355664,61.78333333333333,55.82,66.09,3.452451917467409,60.248333333333335,55.16,66.09,3.787297610223645
2026-07-18 00:18:43,Delhi,Delhi,"Anand Vihar, Delhi - DPCC",28.6139,77.209,57.35,82.89,34.85,29.8,2.28,24.65,18.52,92.44,7.26,71,1012.4,0.0,103,Moderate,CO,0,18,5,7,2026,1,2,0.0,1.0,-0.4999999999999997,-0.8660254037844388,134.4552,4.735655737704918,56.54,55.82,57.37,61.76,63.57,55.16,88.57,84.45,87.85,104.32,113.86,91.31,71.02,53.31,71.6,32.37,22.24,37.21,56.576666666666675,55.82,57.37,0.7756502648312431,58.00999999999999,55.82,61.76,2.079538410320924,61.17166666666666,55.82,66.09,3.6893035394313545,60.18416666666666,55.16,66.09,3.8383340098295813
2026-07-18 01:18:43,Delhi,Delhi,"Anand Vihar, Delhi - DPCC",28.6139,77.209,56.83,79.97,48.96,16.94,2.23,22.82,17.5,97.69,7.25,285,1014.9,0.0,103,Moderate,CO,1,18,5,7,2026,1,2,0.25881904510252074,0.9659258262890683,-0.4999999999999997,-0.8660254037844388,126.875,5.280540540540541,57.35,56.54,55.82,58.43,62.68,55.41,82.89,88.57,84.45,100.36,92.05,82.08,34.85,71.02,53.31,87.46,24.74,28.81,56.57,55.82,57.35,0.7654410493300252,57.275,55.82,58.43,0.9751051225380718,60.65333333333333,55.82,66.09,3.758017691509322,60.27541666666667,55.21,66.09,3.738431406894863
2026-07-18 02:18:43,Delhi,Delhi,"Anand Vihar, Delhi - DPCC",28.6139,77.209,55.47,83.48,70.33,8.87,1.74,29.18,16.81,95.95,8.46,284,1008.9,0.0,92,Satisfactory,PM25,2,18,5,7,2026,1,2,0.49999999999999994,0.8660254037844387,-0.4999999999999997,-0.8660254037844388,142.2126,5.387422796181921,56.83,57.35,56.54,58.14,64.13,55.21,79.97,82.89,88.57,87.7,113.79,95.94,48.96,34.85,71.02,63.3,34.04,34.35,56.90666666666667,56.54,57.35,0.41040630274487766,57.00833333333333,55.82,58.14,0.7989347073864188,60.16583333333333,55.82,66.09,3.84953706386374,60.334583333333335,55.21,66.09,3.6686663601803273
2026-07-18 03:18:43,Delhi,Delhi,"Anand Vihar, Delhi - DPCC",28.6139,77.209,57.44,89.71,72.52,19.22,1.49,15.91,18.4,98.0,4.33,41,1010.1,0.0,96,Satisfactory,PM25,3,18,5,7,2026,1,2,0.7071067811865475,0.7071067811865476,-0.4999999999999997,-0.8660254037844388,79.672,5.051546391752578,55.47,56.83,57.35,57.37,65.58,55.61,83.48,79.97,82.89,87.85,103.54,99.06,70.33,48.96,34.85,71.6,38.58,52.46,56.55000000000001,55.47,57.35,0.9707728879606466,56.56333333333333,55.47,57.37,0.7860195078155308,59.44416666666667,55.47,66.09,3.8505594831573973,60.345416666666665,55.47,66.09,3.6532272560104855
2026-07-18 04:18:43,Delhi,Delhi,"Anand Vihar, Delhi - DPCC",28.6139,77.209,56.13,93.68,31.81,32.18,0.83,32.66,16.26,98.0,3.03,45,1012.7,0.0,94,Satisfactory,PM10,4,18,5,7,2026,1,2,0.8660254037844386,0.5000000000000001,-0.4999999999999997,-0.8660254037844388,49.2678,5.677867902665121,57.44,55.47,56.83,55.82,66.09,56.18,89.71,83.48,79.97,84.45,117.93,93.52,72.52,70.33,48.96,53.31,57.64,32.45,56.580000000000005,55.47,57.44,1.0085137579624008,56.574999999999996,55.47,57.44,0.8007683809940954,58.765833333333326,55.47,66.09,3.3566960442276175,60.421666666666674,55.47,66.09,3.568200943194542
2026-07-18 05:18:43,Delhi,Delhi,"Anand Vihar, Delhi - DPCC",28.6139,77.209,55.32,93.43,76.26,10.46,0.64,35.14,13.19,98.0,4.46,71,1009.7,0.0,95,Satisfactory,NO2,5,18,5,7,2026,1,2,0.9659258262890683,0.25881904510252074,-0.4999999999999997,-0.8660254037844388,58.8274,6.906272022551093,56.13,57.44,55.47,56.54,63.95,56.5,93.68,89.71,83.48,88.57,110.54,98.68,31.81,72.52,70.33,71.02,25.54,22.0,56.34666666666667,55.47,57.44,1.0027129865184867,56.626666666666665,55.47,57.44,0.7507507353753162,57.935833333333335,55.47,63.95,2.504158208527026,60.41958333333333,55.47,66.09,3.570798813524306
2026-07-18 06:18:43,Delhi,Delhi,"Anand Vihar, Delhi - DPCC",28.6139,77.209,56.29,80.08,72.1,15.96,0.6,20.6,18.91,88.35,2.67,120,1010.3,2.5,94,Satisfactory,PM25,6,18,5,7,2026,1,2,1.0,6.123233995736766e-17,-0.4999999999999997,-0.8660254037844388,50.4897,4.4374686087393265,55.32,56.13,57.44,57.35,61.76,59.79,93.43,93.68,89.71,82.89,104.32,104.8,76.26,31.81,72.52,34.85,32.37,44.56,56.296666666666674,55.32,57.44,1.0697819092379688,56.42333333333334,55.32,57.44,0.9241139900826919,57.21666666666667,55.32,61.76,1.7436864466532775,60.370416666666664,55.32,66.09,3.6346669952922226
2026-07-18 07:18:43,Delhi,Delhi,"Anand Vihar, Delhi - DPCC",28.6139,77.209,57.04,85.12,41.04,28.46,1.88,32.22,21.54,92.96,3.63,1,1014.5,0.0,95,Satisfactory,PM25,7,18,5,7,2026,1,2,0.9659258262890683,-0.25881904510252063,-0.4999999999999997,-0.8660254037844388,78.19019999999999,4.124223602484472,56.29,55.32,56.13,56.83,58.43,61.81,80.08,93.43,93.68,79.97,100.36,105.73,72.1,76.26,31.81,48.96,87.46,64.95,55.913333333333334,55.32,56.29,0.5200320502939398,56.24666666666667,55.32,57.44,0.8051997681734209,56.76083333333333,55.32,58.43,1.0076205845575643,60.224583333333335,55.32,66.09,3.7279846276584765
2026-07-18 08:18:43,Delhi,Delhi,"Anand Vihar, Delhi - DPCC",28.6139,77.209,60.49,95.21,91.81,20.62,3.02,35.27,22.2,82.33,3.78,132,1008.7,0.0,210,Poor,PM25,8,18,5,7,2026,1,2,0.8660254037844387,-0.4999999999999998,-0.4999999999999997,-0.8660254037844388,83.916,3.548706896551724,57.04,56.29,55.32,55.47,58.14,62.39,85.12,80.08,93.43,83.48,87.7,100.13,41.04,72.1,76.26,70.33,63.3,68.85,56.216666666666676,55.32,57.04,0.8623417729258229,56.281666666666666,55.32,57.44,0.8394621293819838,56.645,55.32,58.14,0.8685986624232827,60.02583333333334,55.32,66.09,3.766736468508032
2026-07-18 09:18:43,Delhi,Delhi,"Anand Vihar, Delhi - DPCC",28.6139,77.209,61.3,94.21,45.1,23.7,3.25,44.85,24.0,75.84,1.0,116,1008.8,0.0,115,Moderate,CO,9,18,5,7,2026,1,2,0.7071067811865476,-0.7071067811865475,-0.4999999999999997,-0.8660254037844388,24.0,3.0336000000000003,60.49,57.04,56.29,57.44,57.37,63.77,95.21,85.12,80.08,89.71,87.85,101.59,91.81,41.04,72.1,72.52,71.6,88.79,57.940000000000005,56.29,60.49,2.2399776784600247,57.11833333333333,55.32,60.49,1.8096786086669199,56.84083333333333,55.32,60.49,1.3614127577518838,59.946666666666665,55.32,66.09,3.734718040305006
2026-07-18 10:18:43,Delhi,Delhi,"Anand Vihar, Delhi - DPCC",28.6139,77.209,63.1,90.91,22.95,8.14,1.32,52.08,26.74,67.49,7.05,246,1010.5,0.0,108,Moderate,PM25,10,18,5,7,2026,1,2,0.49999999999999994,-0.8660254037844387,-0.4999999999999997,-0.8660254037844388,188.517,2.4329488103821197,61.3,60.49,57.04,56.13,55.82,64.65,94.21,95.21,85.12,93.68,84.45,98.07,45.1,91.81,41.04,31.81,53.31,68.67,59.61000000000001,57.04,61.3,2.262233409707942,57.76166666666666,55.32,61.3,2.500971144708934,57.16833333333333,55.32,61.3,1.8758020506794526,59.84375,55.32,66.09,3.658023715068009
2026-07-18 11:18:43,Delhi,Delhi,"Anand Vihar, Delhi - DPCC",28.6139,77.209,64.02,109.88,68.18,27.34,1.05,49.5,28.3,61.81,5.17,117,1009.5,0.0,195,Moderate,CO,11,18,5,7,2026,1,2,0.258819045102521,-0.9659258262890682,-0.4999999999999997,-0.8660254037844388,146.311,2.109556313993174,63.1,61.3,60.49,55.32,56.54,63.88,90.91,94.21,95.21,93.43,88.57,105.87,22.95,45.1,91.81,76.26,71.02,26.48,61.63,60.49,63.1,1.3359266446921527,58.923333333333325,55.32,63.1,3.1309082814204037,57.775,55.32,63.1,2.480012829878826,59.77916666666666,55.32,66.09,3.582379482079355
2026-07-18 12:18:43,Delhi,Delhi,"Anand Vihar, Delhi - DPCC",28.6139,77.209,65.9,93.17,39.19,24.11,1.93,60.29,30.57,57.25,8.54,48,1014.2,0.0,118,Moderate,PM25,12,18,5,7,2026,1,2,1.2246467991473532e-16,-1.0,-0.4999999999999997,-0.8660254037844388,261.0678,1.8134304719670573,64.02,63.1,61.3,56.29,57.35,63.57,109.88,90.91,94.21,80.08,82.89,113.86,68.18,22.95,45.1,72.1,34.85,22.24,62.80666666666667,61.3,64.02,1.3835220754767605,60.373333333333335,56.29,64.02,3.14292644945233,58.39833333333334,55.32,64.02,3.022151050112643,59.785,55.32,66.09,3.589454360859824
2026-07-18 13:18:43,Delhi,Delhi,"Anand Vihar, Delhi - DPCC",28.6139,77.209,66.5,97.87,33.55,8.68,2.19,70.26,30.39,52.31,7.95,325,1012.7,0.0,120,Moderate,PM25,13,18,5,7,2026,1,2,-0.2588190451025208,-0.9659258262890683,-0.4999999999999997,-0.8660254037844388,241.6005,1.6664542848040778,65.9,64.02,63.1,57.04,56.83,62.68,93.17,109.88,90.91,85.12,79.97,92.05,39.19,68.18,22.95,41.04,48.96,24.74,64.34000000000002,63.1,65.9,1.427165021992157,61.974999999999994,57.04,65.9,3.094134774052443,59.11083333333334,55.32,65.9,3.6872198404102763,59.882083333333334,55.32,66.09,3.7252195490206685
2026-07-18 14:18:43,Delhi,Delhi,"Anand Vihar, Delhi - DPCC",28.6139,77.209,63.84,109.42,25.6,22.06,2.44,69.04,30.14,51.03,8.7,74,1008.1,0.0,111,Moderate,PM25,14,18,5,7,2026,1,2,-0.4999999999999997,-0.8660254037844388,-0.4999999999999997,-0.8660254037844388,262.21799999999996,1.638728323699422,66.5,65.9,64.02,60.49,55.47,64.13,97.87,93.17,109.88,95.21,83.48,113.79,33.55,39.19,68.18,91.81,70.33,34.04,65.47333333333334,64.02,66.5,1.293883044687953,63.55166666666667,60.49,66.5,2.411409684534632,59.916666666666664,55.32,66.5,4.168678302277459,60.04125,55.32,66.5,3.9261523509166887
2026-07-18 15:18:43,Delhi,Delhi,"Anand Vihar, Delhi - DPCC",28.6139,77.209,61.73,89.5,55.17,28.63,2.78,62.27,33.13,51.5,11.22,354,1012.5,0.0,110,Moderate,CO,15,18,5,7,2026,1,2,-0.7071067811865471,-0.7071067811865479,-0.4999999999999997,-0.8660254037844388,371.71860000000004,1.5089364195722237,63.84,66.5,65.9,61.3,57.44,65.58,109.42,97.87,93.17,94.21,89.71,103.54,25.6,33.55,39.19,45.1,72.52,38.58,65.41333333333334,63.84,66.5,1.3951821864297733,64.11,61.3,66.5,1.8927968723560409,60.61416666666667,55.32,66.5,4.055728739210839,60.02916666666667,55.32,66.5,3.913447181268665
2026-07-18 16:18:43,Delhi,Delhi,"Anand Vihar, Delhi - DPCC",28.6139,77.209,60.61,89.01,23.55,10.85,1.01,44.1,32.43,56.23,10.52,75,1012.7,0.0,211,Poor,PM25,16,18,5,7,2026,1,2,-0.8660254037844384,-0.5000000000000004,-0.4999999999999997,-0.8660254037844388,341.1636,1.682022135806162,61.73,63.84,66.5,63.1,56.13,66.09,89.5,109.42,97.87,90.91,93.68,117.93,55.17,25.6,33.55,22.95,31.81,57.64,64.02333333333334,61.73,66.5,2.3902789237516284,64.18166666666666,61.73,66.5,1.7692305295431365,60.971666666666664,55.32,66.5,3.9378624412313803,59.86875,55.32,66.5,3.751579739720085
2026-07-18 17:18:43,Delhi,Delhi,"Anand Vihar, Delhi - DPCC",28.6139,77.209,61.14,88.31,30.63,19.57,0.88,39.97,32.12,48.68,9.26,61,1010.3,0.0,102,Moderate,PM25,17,18,5,7,2026,1,2,-0.9659258262890683,-0.25881904510252063,-0.4999999999999997,-0.8660254037844388,297.4312,1.4698067632850242,60.61,61.73,63.84,64.02,55.32,63.95,89.01,89.5,109.42,109.88,93.43,110.54,23.55,55.17,25.6,68.18,76.26,25.54,62.06,60.61,63.84,1.6400914608637807,63.76666666666667,60.61,66.5,2.289293923170953,61.345,55.32,66.5,3.638067668919388,59.640416666666674,55.32,66.5,3.5158293958296216
2026-07-18 18:18:43,Delhi,Delhi,"Anand Vihar, Delhi - DPCC",28.6139,77.209,58.7,85.11,21.6,8.34,2.54,16.13,31.06,59.18,11.08,35,1011.1,0.0,106,Moderate,CO,18,18,5,7,2026,1,2,-1.0,-1.8369701987210297e-16,-0.4999999999999997,-0.8660254037844388,344.1448,1.8459139114160947,61.14,60.61,61.73,65.9,56.29,61.76,88.31,89.01,89.5,93.17,80.08,104.32,30.63,23.55,55.17,39.19,72.1,32.37,61.160000000000004,60.61,61.73,0.5602677931118862,63.28666666666666,60.61,66.5,2.516232633654411,61.82999999999999,56.29,66.5,3.1117022526410083,59.52333333333333,55.32,66.5,3.4113081344853287
2026-07-18 19:18:43,Delhi,Delhi,"Anand Vihar, Delhi - DPCC",28.6139,77.209,57.66,98.3,85.0,17.4,3.06,15.95,30.9,61.27,11.89,3,1012.4,0.0,113,Moderate,CO,19,18,5,7,2026,1,2,-0.9659258262890684,0.2588190451025203,-0.4999999999999997,-0.8660254037844388,367.401,1.920689655172414,58.7,61.14,60.61,66.5,57.04,58.43,85.11,88.31,89.01,97.87,85.12,100.36,21.6,30.63,23.55,33.55,41.04,87.46,60.150000000000006,58.7,61.14,1.2833939379624113,62.08666666666667,58.7,66.5,2.7285576165196335,62.030833333333334,57.04,66.5,2.7819367299953455,59.395833333333336,55.32,66.5,3.381127824013583
2026-07-18 20:18:43,Delhi,Delhi,"Anand Vihar, Delhi - DPCC",28.6139,77.209,56.84,99.2,61.93,9.7,2.15,11.66,27.19,70.96,13.4,168,1010.1,0.0,102,Moderate,CO,20,18,5,7,2026,1,2,-0.8660254037844386,0.5000000000000001,-0.4999999999999997,-0.8660254037844388,364.346,2.5172046825115286,57.66,58.7,61.14,63.84,60.49,58.14,98.3,85.11,88.31,109.42,95.21,87.7,85.0,21.6,30.63,25.6,91.81,63.3,59.166666666666664,57.66,61.14,1.786318374011813,60.61333333333334,57.66,63.84,2.2053903660502336,62.0825,57.66,66.5,2.6848840333853348,59.36375,55.32,66.5,3.394318542736554
2026-07-18 21:18:43,Delhi,Delhi,"Anand Vihar, Delhi - DPCC",28.6139,77.209,54.19,83.25,39.44,23.85,0.75,7.43,25.0,80.67,10.36,253,1010.0,0.0,90,Satisfactory,PM25,21,18,5,7,2026,1,2,-0.7071067811865477,0.7071067811865474,-0.4999999999999997,-0.8660254037844388,259.0,3.102692307692308,56.84,57.66,58.7,61.73,61.3,57.37,99.2,98.3,85.11,89.5,94.21,87.85,61.93,85.0,21.6,55.17,45.1,71.6,57.73333333333334,56.84,58.7,0.9321659365866702,59.446666666666665,56.84,61.73,1.9989363838469414,61.778333333333336,56.84,66.5,3.0619685686093723,59.309583333333336,55.32,66.5,3.424930947151141
2026-07-18 22:18:43,Delhi,Delhi,"Anand Vihar, Delhi - DPCC",28.6139,77.209,51.12,77.2,68.43,17.91,1.3,2.96,24.46,80.24,9.99,299,1014.0,0.0,86,Satisfactory,NO2,22,18,5,7,2026,1,2,-0.5000000000000004,0.8660254037844384,-0.4999999999999997,-0.8660254037844388,244.3554,3.1516103692065984,54.19,56.84,57.66,60.61,63.1,55.82,83.25,99.2,98.3,89.01,90.91,84.45,39.44,61.93,85.0,23.55,22.95,53.31,56.23,54.19,57.66,1.8136427432103297,58.190000000000005,54.19,61.14,2.56602416200634,61.185833333333335,54.19,66.5,3.7691751167339307,59.177083333333336,54.19,66.5,3.561999291026791
2026-07-18 23:18:43,Delhi,Delhi,"Anand Vihar, Delhi - DPCC",28.6139,77.209,48.23,86.77,66.34,28.55,2.7,2.19,21.48,84.74,6.78,268,1010.6,0.0,108,Moderate,CO,23,18,5,7,2026,1,2,-0.25881904510252157,0.9659258262890681,-0.4999999999999997,-0.8660254037844388,145.6344,3.7695729537366547,51.12,54.19,56.84,61.14,64.02,56.54,77.2,83.25,99.2,88.31,109.88,88.57,68.43,39.44,61.93,30.63,68.18,71.02,54.050000000000004,51.12,56.84,2.862568776466331,56.60833333333333,51.12,61.14,3.522524189649645,60.1875,51.12,66.5,4.690129141466841,58.981249999999996,51.12,66.5,3.8704367942469853
2026-07-19 00:18:43,Delhi,Delhi,"Anand Vihar, Delhi - DPCC",28.6139,77.209,49.38,77.42,67.0,15.25,2.14,15.04,19.7,92.62,3.88,151,1009.3,0.0,101,Moderate,CO,0,19,6,7,2026,1,2,0.0,1.0,-0.4999999999999997,-0.8660254037844388,76.43599999999999,4.4743961352657005,48.23,51.12,54.19,58.7,65.9,57.35,86.77,77.2,83.25,85.11,93.17,82.89,66.34,68.43,39.44,21.6,39.19,34.85,51.18,48.23,54.19,2.9804529857054476,54.45666666666667,48.23,58.7,4.096909404254224,58.87166666666666,48.23,66.5,5.636626704515801,58.635,48.23,66.5,4.429637339164661
2026-07-19 01:18:43,Delhi,Delhi,"Anand Vihar, Delhi - DPCC",28.6139,77.209,50.79,72.56,64.84,9.43,1.79,21.5,19.88,92.02,6.32,354,1010.2,0.0,89,Satisfactory,CO,1,19,6,7,2026,1,2,0.25881904510252074,0.9659258262890683,-0.4999999999999997,-0.8660254037844388,125.6416,4.407088122605364,49.38,48.23,51.12,57.66,66.5,56.83,77.42,86.77,77.2,98.3,97.87,79.97,67.0,66.34,68.43,85.0,33.55,48.96,49.576666666666675,48.23,51.12,1.4550028636858992,52.90333333333333,48.23,57.66,3.929705671760488,57.495,48.23,66.5,5.779579254897049,58.30291666666667,48.23,66.5,4.812374880737543
2026-07-19 02:18:43,Delhi,Delhi,"Anand Vihar, Delhi - DPCC",28.6139,77.209,51.88,85.84,63.84,32.79,2.61,33.47,16.82,98.0,3.91,73,1013.2,0.0,107,Moderate,CO,2,19,6,7,2026,1,2,0.49999999999999994,0.8660254037844387,-0.4999999999999997,-0.8660254037844388,65.7662,5.499438832772166,50.79,49.38,48.23,56.84,63.84,55.47,72.56,77.42,86.77,99.2,109.42,83.48,64.84,67.0,66.34,61.93,25.6,70.33,49.46666666666667,48.23,50.79,1.2821986325582286,51.75833333333333,48.23,56.84,3.1995963287056153,56.185833333333335,48.23,63.84,5.314977906963965,58.05125,48.23,66.5,5.045058979704372
2026-07-19 03:18:43,Delhi,Delhi,"Anand Vihar, Delhi - DPCC",28.6139,77.209,52.79,87.4,77.2,10.73,1.28,30.28,19.4,98.0,5.44,188,1013.5,0.0,96,Satisfactory,NO2,3,19,6,7,2026,1,2,0.7071067811865475,0.7071067811865476,-0.4999999999999997,-0.8660254037844388,105.536,4.803921568627452,51.88,50.79,49.38,54.19,61.73,57.44,85.84,72.56,77.42,83.25,89.5,89.71,63.84,64.84,67.0,39.44,55.17,72.52,50.68333333333334,49.38,51.88,1.2534086856783573,50.93166666666667,48.23,54.19,2.06292429979056,55.189166666666665,48.23,61.73,4.850236092347979,57.901666666666664,48.23,66.5,5.176429579198955
2026-07-19 04:18:43,Delhi,Delhi,"Anand Vihar, Delhi - DPCC",28.6139,77.209,53.47,77.22,45.17,16.55,0.68,18.42,13.58,98.0,3.14,338,1014.1,0.0,89,Satisfactory,PM25,4,19,6,7,2026,1,2,0.8660254037844386,0.5000000000000001,-0.4999999999999997,-0.8660254037844388,42.641200000000005,6.721536351165981,52.79,51.88,50.79,51.12,60.61,56.13,87.4,85.84,72.56,77.2,89.01,93.68,77.2,63.84,64.84,68.43,23.55,31.81,51.82,50.79,52.79,1.00134908997831,50.69833333333333,48.23,52.79,1.6606193623664502,54.44416666666667,48.23,61.14,4.421907154021632,57.70791666666667,48.23,66.5,5.2804388644741795
2026-07-19 05:18:43,Delhi,Delhi,"Anand Vihar, Delhi - DPCC",28.6139,77.209,53.78,78.28,21.34,31.47,1.82,30.22,15.31,97.29,3.47,248,1013.5,0.0,90,Satisfactory,CO,5,19,6,7,2026,1,2,0.9659258262890683,0.25881904510252074,-0.4999999999999997,-0.8660254037844388,53.1257,5.965052115266707,53.47,52.79,51.88,48.23,61.14,55.32,77.22,87.4,85.84,86.77,88.31,93.43,45.17,77.2,63.84,66.34,30.63,76.26,52.71333333333334,51.88,53.47,0.7977677189091775,51.09,48.23,53.47,2.0185242133795978,53.84916666666667,48.23,61.14,3.9745679201033832,57.59708333333333,48.23,66.5,5.342549040825296
2026-07-19 06:18:43,Delhi,Delhi,"Anand Vihar, Delhi - DPCC",28.6139,77.209,55.75,98.64,73.04,20.21,2.49,16.21,19.21,91.87,1.0,174,1009.8,0.0,106,Moderate,CO,6,19,6,7,2026,1,2,1.0,6.123233995736766e-17,-0.4999999999999997,-0.8660254037844388,19.21,4.545769421078674,53.78,53.47,52.79,49.38,58.7,56.29,78.28,77.22,87.4,77.42,85.11,80.08,21.34,45.17,77.2,67.0,21.6,72.1,53.34666666666667,52.79,53.78,0.5063924696650189,52.01499999999999,49.38,53.78,1.6908548134005483,53.23583333333334,48.23,58.7,3.248824845815427,57.53291666666667,48.23,66.5,5.380202419956915
2026-07-19 07:18:43,Delhi,Delhi,"Anand Vihar, Delhi - DPCC",28.6139,77.209,57.38,98.56,59.68,10.91,1.67,32.44,19.12,80.43,3.61,223,1014.8,6.2,99,Satisfactory,PM10,7,19,6,7,2026,1,2,0.9659258262890683,-0.25881904510252063,-0.4999999999999997,-0.8660254037844388,69.0232,3.9975149105367795,55.75,53.78,53.47,50.79,57.66,57.04,98.64,78.28,77.22,72.56,98.3,85.12,73.04,21.34,45.17,64.84,85.0,41.04,54.33333333333334,53.47,55.75,1.2366217422208203,53.07666666666666,50.79,55.75,1.7052350766585118,52.99,48.23,57.66,2.889513957241019,57.510416666666664,48.23,66.5,5.386751444348301
2026-07-19 08:18:43,Delhi,Delhi,"Anand Vihar, Delhi - DPCC",28.6139,77.209,60.9,88.97,45.6,15.7,3.2,33.35,20.17,84.59,3.83,45,1014.0,0.0,211,Poor,PM25,8,19,6,7,2026,1,2,0.8660254037844387,-0.4999999999999998,-0.4999999999999997,-0.8660254037844388,77.25110000000001,3.9957487009919697,57.38,55.75,53.78,51.88,56.84,60.49,98.56,98.64,78.28,85.84,99.2,95.21,59.68,73.04,21.34,63.84,61.93,91.81,55.63666666666668,53.78,57.38,1.8026739398274532,54.175000000000004,51.88,57.38,2.0293324025403017,52.96666666666667,48.23,57.38,2.8492242431719084,57.52458333333333,48.23,66.5,5.3859075204500755
2026-07-19 09:18:43,Delhi,Delhi,"Anand Vihar, Delhi - DPCC",28.6139,77.209,63.49,109.28,85.74,11.12,3.23,49.81,24.19,73.29,3.39,60,1014.9,0.0,115,Moderate,CO,9,19,6,7,2026,1,2,0.7071067811865476,-0.7071067811865475,-0.4999999999999997,-0.8660254037844388,82.00410000000001,2.909487892020643,60.9,57.38,55.75,52.79,54.19,61.3,88.97,98.56,98.64,87.4,83.25,94.21,45.6,59.68,73.04,77.2,39.44,45.1,58.01000000000001,55.75,60.9,2.6321664081131466,55.678333333333335,52.79,60.9,3.0655989083157644,53.305,48.23,60.9,3.5143898992052827,57.541666666666664,48.23,66.5,5.396362435588624
2026-07-19 10:18:43,Delhi,Delhi,"Anand Vihar, Delhi - DPCC",28.6139,77.209,62.9,94.52,59.85,19.32,2.72,52.67,25.69,66.52,5.91,28,1011.4,0.0,109,Moderate,CO,10,19,6,7,2026,1,2,0.49999999999999994,-0.8660254037844387,-0.4999999999999997,-0.8660254037844388,151.8279,2.492319220681903,63.49,60.9,57.38,53.47,51.12,63.1,109.28,88.97,98.56,77.22,77.2,90.91,85.74,45.6,59.68,45.17,68.43,22.95,60.59000000000001,57.38,63.49,3.066773548861865,57.461666666666666,53.47,63.49,4.01466021808409,54.07999999999999,48.23,63.49,4.588560875600397,57.63291666666667,48.23,66.5,5.480536691560082
2026-07-19 11:18:43,Delhi,Delhi,"Anand Vihar, Delhi - DPCC",28.6139,77.209,62.45,92.4,36.84,34.98,1.19,51.54,28.67,58.67,6.95,77,1009.1,0.0,106,Moderate,PM25,11,19,6,7,2026,1,2,0.258819045102521,-0.9659258262890682,-0.4999999999999997,-0.8660254037844388,199.25650000000002,1.9774182676103809,62.9,63.49,60.9,53.78,48.23,64.02,94.52,109.28,88.97,78.28,86.77,109.88,59.85,85.74,45.6,21.34,66.34,68.18,62.43000000000001,60.9,63.49,1.3574608649970237,59.03333333333333,53.78,63.49,3.9851909197260738,55.06166666666666,48.23,63.49,5.12631860346606,57.624583333333334,48.23,66.5,5.472007801900329
2026-07-19 12:18:43,Delhi,Delhi,"Anand Vihar, Delhi - DPCC",28.6139,77.209,63.02,107.79,67.85,22.52,1.28,51.91,31.11,59.25,8.75,235,1008.1,0.0,108,Moderate,PM25,12,19,6,7,2026,1,2,1.2246467991473532e-16,-1.0,-0.4999999999999997,-0.8660254037844388,272.2125,1.845219557770165,62.45,62.9,63.49,55.75,49.38,65.9,92.4,94.52,109.28,98.64,77.42,93.17,36.84,59.85,85.74,73.04,67.0,39.19,62.946666666666665,62.45,63.49,0.5215681483101695,60.47833333333333,55.75,63.49,3.1923872989766306,56.24666666666667,49.38,63.49,5.046471914900411,57.55916666666667,48.23,66.5,5.401153593902662
2026-07-19 13:18:43,Delhi,Delhi,"Anand Vihar, Delhi - DPCC",28.6139,77.209,63.46,99.07,20.08,21.42,2.26,70.58,31.03,53.25,9.11,227,1008.6,0.0,109,Moderate,PM25,13,19,6,7,2026,1,2,-0.2588190451025208,-0.9659258262890683,-0.4999999999999997,-0.8660254037844388,282.6833,1.6625039025913206,63.02,62.45,62.9,57.38,50.79,66.5,107.79,92.4,94.52,98.56,72.56,97.87,67.85,36.84,59.85,59.68,64.84,33.55,62.79,62.45,63.02,0.30049958402366383,61.69,57.38,63.49,2.2913227620745116,57.38333333333333,50.79,63.49,4.893023481231076,57.439166666666665,48.23,66.5,5.237291796560409
2026-07-19 14:18:43,Delhi,Delhi,"Anand Vihar, Delhi - DPCC",28.6139,77.209,63.26,96.9,45.41,23.43,2.59,58.15,31.18,57.52,8.77,36,1013.9,0.0,109,Moderate,PM25,14,19,6,7,2026,1,2,-0.4999999999999997,-0.8660254037844388,-0.4999999999999997,-0.8660254037844388,273.4486,1.7874456183965197,63.46,63.02,62.45,60.9,51.88,63.84,99.07,107.79,92.4,88.97,85.84,109.42,20.08,67.85,36.84,45.6,63.84,25.6,62.97666666666667,62.45,63.46,0.5063924696632965,62.70333333333334,60.9,63.49,0.9640055324880424,58.439166666666665,51.88,63.49,4.7043006597123025,57.3125,48.23,63.84,5.04173387187213
2026-07-19 15:18:43,Delhi,Delhi,"Anand Vihar, Delhi - DPCC",28.6139,77.209,63.7,97.98,35.58,19.62,1.63,49.32,33.73,50.31,10.76,352,1013.7,0.0,110,Moderate,PM25,15,19,6,7,2026,1,2,-0.7071067811865471,-0.7071067811865479,-0.4999999999999997,-0.8660254037844388,362.93479999999994,1.44860351281313,63.26,63.46,63.02,63.49,52.79,61.73,96.9,99.07,107.79,109.28,87.4,89.5,45.41,20.08,67.85,85.74,77.2,55.17,63.24666666666667,63.02,63.46,0.22030282188760814,63.096666666666664,62.45,63.49,0.39398815549150557,59.387499999999996,52.79,63.49,4.39897327896986,57.288333333333334,48.23,63.49,5.010377636263671
2026-07-19 16:18:43,Delhi,Delhi,"Anand Vihar, Delhi - DPCC",28.6139,77.209,63.13,110.79,41.49,18.22,1.52,49.24,33.73,50.25,14.44,110,1014.5,0.0,108,Moderate,PM25,16,19,6,7,2026,1,2,-0.8660254037844384,-0.5000000000000004,-0.4999999999999997,-0.8660254037844388,487.06119999999993,1.4468758997984452,63.7,63.26,63.46,62.9,53.47,60.61,97.98,96.9,99.07,94.52,77.22,89.01,35.58,45.41,20.08,59.85,45.17,23.55,63.473333333333336,63.26,63.7,0.22030282188752226,63.13166666666667,62.45,63.7,0.4422857296676024,60.296666666666674,53.47,63.7,4.0228016771068,57.37041666666667,48.23,63.7,5.101613963858105
2026-07-19 17:18:43,Delhi,Delhi,"Anand Vihar, Delhi - DPCC",28.6139,77.209,64.3,109.78,77.64,21.49,0.85,36.83,30.34,56.22,10.29,142,1014.7,0.0,112,Moderate,PM25,17,19,6,7,2026,1,2,-0.9659258262890683,-0.25881904510252063,-0.4999999999999997,-0.8660254037844388,312.1986,1.793873643905552,63.13,63.7,63.26,62.45,53.78,61.14,110.79,97.98,96.9,92.4,78.28,88.31,41.49,35.58,45.41,36.84,21.34,30.63,63.36333333333334,63.13,63.7,0.2987194893736001,63.169999999999995,62.45,63.7,0.4279252271144354,61.10166666666667,53.78,63.7,3.4596422130654214,57.47541666666666,48.23,63.7,5.196244445806973
2026-07-19 18:18:43,Delhi,Delhi,"Anand Vihar, Delhi - DPCC",28.6139,77.209,63.39,89.39,23.82,13.97,1.73,28.65,29.12,65.08,10.49,53,1010.8,0.0,109,Moderate,PM25,18,19,6,7,2026,1,2,-1.0,-1.8369701987210297e-16,-0.4999999999999997,-0.8660254037844388,305.46880000000004,2.1606905710491366,64.3,63.13,63.7,63.02,55.75,58.7,109.78,110.79,97.98,107.79,98.64,85.11,77.64,41.49,35.58,67.85,73.04,21.6,63.71000000000001,63.13,64.3,0.5850640990508876,63.47833333333333,63.02,64.3,0.46982620900461014,61.97833333333333,55.75,64.3,2.6809151535634324,57.60708333333334,48.23,64.3,5.331415081886084
2026-07-19 19:18:43,Delhi,Delhi,"Anand Vihar, Delhi - DPCC",28.6139,77.209,61.38,102.79,60.0,25.51,1.78,19.34,30.4,61.17,10.4,284,1008.1,0.0,102,Moderate,PM25,19,19,6,7,2026,1,2,-0.9659258262890684,0.2588190451025203,-0.4999999999999997,-0.8660254037844388,316.15999999999997,1.9480891719745224,63.39,64.3,63.13,63.46,57.38,57.66,89.39,109.78,110.79,99.07,98.56,98.3,23.82,77.64,41.49,20.08,59.68,85.0,63.606666666666676,63.13,64.3,0.6143560314114108,63.54,63.13,64.3,0.4191896945309907,62.615,57.38,64.3,1.843832471190964,57.8025,48.23,64.3,5.457674492818831
2026-07-19 20:18:43,Delhi,Delhi,"Anand Vihar, Delhi - DPCC",28.6139,77.209,58.37,89.89,72.65,29.18,2.53,13.13,23.57,65.28,10.96,229,1011.5,0.0,106,Moderate,CO,20,19,6,7,2026,1,2,-0.8660254037844386,0.5000000000000001,-0.4999999999999997,-0.8660254037844388,258.3272,2.656898656898657,61.38,63.39,64.3,63.26,60.9,56.84,102.79,89.39,109.78,96.9,88.97,99.2,60.0,23.82,77.64,45.41,45.6,61.93,63.02333333333334,61.38,64.3,1.4941329704319066,63.19333333333333,61.38,64.3,0.9815022499554493,62.94833333333333,60.9,64.3,0.9621739904397715,57.9575,48.23,64.3,5.506061679403107
2026-07-19 21:18:43,Delhi,Delhi,"Anand Vihar, Delhi - DPCC",28.6139,77.209,57.6,100.14,23.83,8.85,1.17,9.2,26.07,76.61,10.75,252,1013.1,0.0,96,Satisfactory,PM25,21,19,6,7,2026,1,2,-0.7071067811865477,0.7071067811865474,-0.4999999999999997,-0.8660254037844388,280.2525,2.8300701884004433,58.37,61.38,63.39,63.7,63.49,54.19,89.89,102.79,89.39,97.98,109.28,83.25,72.65,60.0,23.82,35.58,85.74,39.44,61.046666666666674,58.37,63.39,2.526545731494293,62.37833333333333,58.37,64.3,2.195061882195471,62.737500000000004,58.37,64.3,1.549651720402187,58.02125,48.23,64.3,5.501415875066602
2026-07-19 22:18:43,Delhi,Delhi,"Anand Vihar, Delhi - DPCC",28.6139,77.209,56.74,94.55,32.82,25.75,1.53,0.0,24.58,81.61,10.6,351,1010.0,0.0,95,Satisfactory,PM10,22,19,6,7,2026,1,2,-0.5000000000000004,0.8660254037844384,-0.4999999999999997,-0.8660254037844388,260.54799999999994,3.190383111806099,57.6,58.37,61.38,63.13,62.9,51.12,100.14,89.89,102.79,110.79,94.52,77.2,23.83,72.65,60.0,41.49,59.85,68.43,59.116666666666674,57.6,61.38,1.9975568410767086,61.36166666666667,57.6,64.3,2.79197003326816,62.24666666666667,57.6,64.3,2.118152425339047,58.16333333333333,48.23,64.3,5.441877606493737
2026-07-19 23:18:43,Delhi,Delhi,"Anand Vihar, Delhi - DPCC",28.6139,77.209,54.34,85.34,37.25,12.33,1.22,0.0,20.79,91.59,8.46,173,1014.5,0.0,90,Satisfactory,PM25,23,19,6,7,2026,1,2,-0.25881904510252157,0.9659258262890681,-0.4999999999999997,-0.8660254037844388,175.88340000000002,4.20330426801285,56.74,57.6,58.37,64.3,62.45,48.23,94.55,100.14,89.89,109.78,92.4,86.77,32.82,23.83,72.65,77.64,36.84,66.34,57.570000000000014,56.74,58.37,0.8154140052754061,60.296666666666674,56.74,64.3,3.1749939632489528,61.73333333333334,56.74,64.3,2.6300132503410834,58.3975,48.23,64.3,5.2429001682192125
2026-07-20 00:18:43,Delhi,Delhi,"Anand Vihar, Delhi - DPCC",28.6139,77.209,52.75,90.26,69.93,17.75,1.07,24.63,20.28,91.07,8.84,265,1008.8,0.0,195,Moderate,CO,0,20,0,7,2026,0,2,0.0,1.0,-0.4999999999999997,-0.8660254037844388,179.2752,4.279605263157894,54.34,56.74,57.6,63.39,63.02,49.38,85.34,94.55,100.14,89.39,107.79,77.42,37.25,32.82,23.83,23.82,67.85,67.0,56.22666666666667,54.34,57.6,1.6895364255714758,58.63666666666666,54.34,63.39,3.2657168687237923,61.057500000000005,54.34,64.3,3.367672854441981,58.65208333333334,49.38,64.3,4.862249416068447
2026-07-20 01:18:43,Delhi,Delhi,"Anand Vihar, Delhi - DPCC",28.6139,77.209,51.56,84.36,24.21,8.71,1.17,28.45,16.83,94.99,5.45,192,1012.9,0.0,86,Satisfactory,PM25,1,20,0,7,2026,0,2,0.25881904510252074,0.9659258262890683,-0.4999999999999997,-0.8660254037844388,91.72349999999999,5.327537857543466,52.75,54.34,56.74,61.38,63.46,50.79,90.26,85.34,94.55,102.79,99.07,72.56,69.93,37.25,32.82,60.0,20.08,64.84,54.610000000000014,52.75,56.74,2.0086562672592283,56.86333333333334,52.75,61.38,3.050079780377385,60.201666666666675,52.75,64.3,4.057845002043076,58.7925,50.79,64.3,4.625748588066581
2026-07-20 02:18:43,Delhi,Delhi,"Anand Vihar, Delhi - DPCC",28.6139,77.209,51.49,87.99,41.07,29.92,1.3,19.09,16.4,94.3,1.24,5,1008.8,0.0,88,Satisfactory,PM10,2,20,0,7,2026,0,2,0.49999999999999994,0.8660254037844387,-0.4999999999999997,-0.8660254037844388,20.336,5.419540229885058,51.56,52.75,54.34,58.37,63.26,51.88,84.36,90.26,85.34,89.89,96.9,85.84,24.21,69.93,37.25,72.65,45.41,63.84,52.88333333333335,51.56,54.34,1.3947879169728268,55.22666666666667,51.56,58.37,2.762894617365416,59.21,51.56,64.3,4.606201353511459,58.82458333333333,51.56,64.3,4.570167896417946
2026-07-20 03:18:43,Delhi,Delhi,"Anand Vihar, Delhi - DPCC",28.6139,77.209,51.84,92.57,50.55,24.94,1.38,23.09,15.82,98.0,3.02,174,1009.1,0.0,93,Satisfactory,PM10,3,20,0,7,2026,0,2,0.7071067811865475,0.7071067811865476,-0.4999999999999997,-0.8660254037844388,47.7764,5.826397146254459,51.49,51.56,52.75,57.6,63.7,52.79,87.99,84.36,90.26,100.14,97.98,87.4,41.07,24.21,69.93,23.83,35.58,77.2,51.93333333333334,51.49,52.75,0.7081195755898533,54.080000000000005,51.49,57.6,2.6214881269996253,58.229166666666664,51.49,64.3,4.908614798741505,58.80833333333334,51.49,64.3,4.596551322238334
2026-07-20 04:18:43,Delhi,Delhi,"Anand Vihar, Delhi - DPCC",28.6139,77.209,50.38,73.49,53.13,28.33,1.22,20.47,17.13,95.51,3.15,239,1012.2,1.0,84,Satisfactory,PM25,4,20,0,7,2026,0,2,0.8660254037844386,0.5000000000000001,-0.4999999999999997,-0.8660254037844388,53.9595,5.268063982349697,51.84,51.49,51.56,56.74,63.13,53.47,92.57,87.99,84.36,94.55,110.79,77.22,50.55,41.07,24.21,32.82,41.49,45.17,51.63,51.49,51.84,0.18520259177526857,53.120000000000005,51.49,56.74,2.0716466880237805,57.240833333333335,51.49,64.3,4.900920986421975,58.76874999999999,51.49,64.3,4.654358698177903
2026-07-20 05:18:43,Delhi,Delhi,"Anand Vihar, Delhi - DPCC",28.6139,77.209,50.34,72.21,65.57,16.48,1.61,20.92,19.38,92.27,4.04,348,1012.9,0.0,84,Satisfactory,PM25,5,20,0,7,2026,0,2,0.9659258262890683,0.25881904510252074,-0.4999999999999997,-0.8660254037844388,78.2952,4.52747791952895,50.38,51.84,51.49,54.34,64.3,53.78,73.49,92.57,87.99,85.34,109.78,78.28,53.13,50.55,41.07,37.25,77.64,21.34,51.23666666666668,50.38,51.84,0.7622554252569674,52.06,50.38,54.34,1.3505702499314043,56.178333333333335,50.38,64.3,4.890167934155453,58.64000000000001,50.38,64.3,4.846095694294618
2026-07-20 06:18:43,Delhi,Delhi,"Anand Vihar, Delhi - DPCC",28.6139,77.209,50.3,81.17,70.52,23.75,0.74,31.39,17.36,88.95,4.12,105,1013.6,0.0,88,Satisfactory,NO2,6,20,0,7,2026,0,2,1.0,6.123233995736766e-17,-0.4999999999999997,-0.8660254037844388,71.5232,4.844771241830066,50.34,50.38,51.84,52.75,63.39,55.75,72.21,73.49,92.57,90.26,89.39,98.64,65.57,53.13,50.55,69.93,23.82,73.04,50.85333333333333,50.34,51.84,0.8547124272723243,51.39333333333334,50.34,52.75,0.9179905591379257,55.01500000000001,50.34,63.39,4.420363004427221,58.49666666666666,50.34,64.3,5.0429638168413415
2026-07-20 07:18:43,Delhi,Delhi,"Anand Vihar, Delhi - DPCC",28.6139,77.209,51.18,83.12,20.5,10.23,0.88,19.64,19.52,88.24,2.65,234,1008.4,0.0,85,Satisfactory,PM25,7,20,0,7,2026,0,2,0.9659258262890683,-0.25881904510252063,-0.4999999999999997,-0.8660254037844388,51.727999999999994,4.300194931773879,50.3,50.34,50.38,51.56,61.38,57.38,81.17,72.21,73.49,84.36,102.79,98.56,70.52,65.57,53.13,24.21,60.0,59.68,50.34,50.3,50.38,0.04000000000632508,50.98500000000001,50.3,51.84,0.7166519378328992,53.92416666666667,50.3,61.38,3.7264081129476607,58.26958333333332,50.3,64.3,5.288739867308466
2026-07-20 08:18:43,Delhi,Delhi,"Anand Vihar, Delhi - DPCC",28.6139,77.209,52.42,92.68,61.45,34.85,2.02,30.2,22.91,81.14,1.61,85,1013.8,0.0,201,Poor,CO,8,20,0,7,2026,0,2,0.8660254037844387,-0.4999999999999998,-0.4999999999999997,-0.8660254037844388,36.8851,3.393559180259306,51.18,50.3,50.34,51.49,58.37,60.9,83.12,81.17,72.21,87.99,89.89,88.97,20.5,70.52,65.57,41.07,72.65,45.6,50.606666666666676,50.3,51.18,0.49692387076270605,50.921666666666674,50.3,51.84,0.6710116740164122,53.07416666666666,50.3,58.37,2.9544772136640844,58.01125,50.3,64.3,5.4819738689636255
2026-07-20 09:18:43,Delhi,Delhi,"Anand Vihar, Delhi - DPCC",28.6139,77.209,55.71,96.54,47.05,20.21,2.62,41.75,26.21,72.19,4.78,35,1014.4,0.0,108,Moderate,CO,9,20,0,7,2026,0,2,0.7071067811865476,-0.7071067811865475,-0.4999999999999997,-0.8660254037844388,125.28380000000001,2.653068724733554,52.42,51.18,50.3,51.84,57.6,63.49,92.68,83.12,81.17,92.57,100.14,109.28,61.45,20.5,70.52,50.55,23.83,85.74,51.300000000000004,50.3,52.42,1.065082156455706,51.076666666666675,50.3,52.42,0.8976784873585454,52.57833333333334,50.3,57.6,2.439265289285858,57.657916666666665,50.3,64.3,5.560410509686487
2026-07-20 10:18:43,Delhi,Delhi,"Anand Vihar, Delhi - DPCC",28.6139,77.209,58.39,103.12,30.17,30.07,2.65,59.03,26.36,68.81,5.77,128,1008.1,6.7,108,Moderate,CO,10,20,0,7,2026,0,2,0.49999999999999994,-0.8660254037844387,-0.4999999999999997,-0.8660254037844388,152.0972,2.514985380116959,55.71,52.42,51.18,50.38,56.74,62.9,96.54,92.68,83.12,73.49,94.55,94.52,47.05,61.45,20.5,53.13,32.82,59.85,53.10333333333333,51.18,55.71,2.3410325357272006,51.72166666666667,50.3,55.71,2.117455233686511,52.42083333333333,50.3,56.74,2.1265142554865557,57.33375,50.3,64.3,5.430897765883495
2026-07-20 11:18:43,Delhi,Delhi,"Anand Vihar, Delhi - DPCC",28.6139,77.209,58.68,91.43,30.48,30.92,1.26,58.28,28.41,60.51,5.47,339,1011.7,0.0,98,Satisfactory,PM25,11,20,0,7,2026,0,2,0.258819045102521,-0.9659258262890682,-0.4999999999999997,-0.8660254037844388,155.40269999999998,2.0574634478068683,58.39,55.71,52.42,50.34,54.34,62.45,103.12,96.54,92.68,72.21,85.34,92.4,30.17,47.05,61.45,65.57,37.25,36.84,55.50666666666667,52.42,58.39,2.9901895146182396,53.05666666666667,50.3,58.39,3.2982217431013554,52.55833333333334,50.3,58.39,2.458594695916256,57.145833333333336,50.3,64.3,5.306525856590803
2026-07-20 12:18:43,Delhi,Delhi,"Anand Vihar, Delhi - DPCC",28.6139,77.209,59.7,84.07,41.81,22.35,2.52,65.47,29.22,53.32,6.03,10,1013.6,12.5,106,Moderate,CO,12,20,0,7,2026,0,2,1.2246467991473532e-16,-1.0,-0.4999999999999997,-0.8660254037844388,176.1966,1.7643944407677037,58.68,58.39,55.71,50.3,52.75,63.02,91.43,103.12,96.54,81.17,90.26,107.79,30.48,30.17,47.05,70.52,69.93,67.85,57.59333333333334,55.71,58.68,1.6374472001663032,54.446666666666665,50.3,58.68,3.661702700475108,52.919999999999995,50.3,58.68,3.003367806616078,56.98875,50.3,64.3,5.197362468640693
2026-07-20 13:18:43,Delhi,Delhi,"Anand Vihar, Delhi - DPCC",28.6139,77.209,62.65,90.48,71.73,30.66,2.04,62.56,32.92,56.68,7.98,128,1008.8,0.0,201,Poor,CO,13,20,0,7,2026,0,2,-0.2588190451025208,-0.9659258262890683,-0.4999999999999997,-0.8660254037844388,262.70160000000004,1.6709905660377358,59.7,58.68,58.39,51.18,51.56,63.46,84.07,91.43,103.12,83.12,84.36,99.07,41.81,30.48,30.17,20.5,24.21,20.08,58.92333333333334,58.39,59.7,0.6880649194169217,56.01333333333333,51.18,59.7,3.541647450928291,53.49916666666667,50.3,59.7,3.581983854421047,56.85041666666667,50.3,64.3,5.072538579934868
2026-07-20 14:18:43,Delhi,Delhi,"Anand Vihar, Delhi - DPCC",28.6139,77.209,62.39,92.49,28.85,29.52,0.74,65.45,33.2,54.8,7.47,347,1008.8,0.0,106,Moderate,PM25,14,20,0,7,2026,0,2,-0.4999999999999997,-0.8660254037844388,-0.4999999999999997,-0.8660254037844388,248.00400000000002,1.6023391812865495,62.65,59.7,58.68,52.42,51.49,63.26,90.48,84.07,91.43,92.68,87.99,96.9,71.73,41.81,30.48,61.45,41.07,45.41,60.34333333333334,58.68,62.65,2.061706412982202,57.925000000000004,52.42,62.65,3.5063870294079584,54.42333333333334,50.3,62.65,4.378304639372562,56.81666666666666,50.3,64.3,5.029159033050183
2026-07-20 15:18:43,Delhi,Delhi,"Anand Vihar, Delhi - DPCC",28.6139,77.209,61.71,91.7,69.52,34.65,1.83,50.27,34.2,46.51,8.79,274,1013.4,0.0,125,Moderate,O3,15,20,0,7,2026,0,2,-0.7071067811865471,-0.7071067811865479,-0.4999999999999997,-0.8660254037844388,300.618,1.321306818181818,62.39,62.65,59.7,55.71,51.84,63.7,92.49,90.48,84.07,96.54,92.57,97.98,28.85,71.73,41.81,47.05,50.55,35.58,61.580000000000005,59.7,62.65,1.6333095236354822,59.586666666666666,55.71,62.65,2.6282364175749473,55.33166666666667,50.3,62.65,4.822556533121344,56.78041666666667,50.3,64.3,4.9836257790686105
2026-07-20 16:18:43,Delhi,Delhi,"Anand Vihar, Delhi - DPCC",28.6139,77.209,61.5,91.37,40.45,29.19,1.02,51.53,32.09,52.01,10.16,279,1013.6,0.0,195,Moderate,CO,16,20,0,7,2026,0,2,-0.8660254037844384,-0.5000000000000004,-0.4999999999999997,-0.8660254037844388,326.03440000000006,1.5717739498337864,61.71,62.39,62.65,58.39,50.38,63.13,91.7,92.49,90.48,103.12,73.49,110.79,69.52,28.85,71.73,30.17,53.13,41.49,62.25000000000001,61.71,62.65,0.4853864439786571,60.586666666666666,58.39,62.65,1.8983220661066127,56.15416666666667,50.3,62.65,5.010905304403275,56.6975,50.3,64.3,4.878948790912643
2026-07-20 17:18:43,Delhi,Delhi,"Anand Vihar, Delhi - DPCC",28.6139,77.209,60.46,97.93,60.71,24.41,1.47,32.45,29.99,54.9,9.03,232,1012.8,0.0,210,Poor,PM25,17,20,0,7,2026,0,2,-0.9659258262890683,-0.25881904510252063,-0.4999999999999997,-0.8660254037844388,270.80969999999996,1.771539206195547,61.5,61.71,62.39,58.68,50.34,64.3,91.37,91.7,92.49,91.43,72.21,109.78,40.45,69.52,28.85,30.48,65.57,77.64,61.866666666666674,61.5,62.39,0.4652239604014974,61.105,58.68,62.65,1.5757506147866986,57.08083333333334,50.3,62.65,4.872308503319051,56.629583333333336,50.3,64.3,4.796155597402244
2026-07-20 18:18:43,Delhi,Delhi,"Anand Vihar, Delhi - DPCC",28.6139,77.209,60.59,103.58,47.34,24.52,1.42,32.55,29.46,58.82,11.84,184,1011.2,0.0,211,Poor,PM25,18,20,0,7,2026,0,2,-1.0,-1.8369701987210297e-16,-0.4999999999999997,-0.8660254037844388,348.8064,1.9310571240971766,60.46,61.5,61.71,59.7,50.3,63.39,97.93,91.37,91.7,84.07,81.17,89.39,60.71,40.45,69.52,41.81,70.52,23.82,61.223333333333336,60.46,61.71,0.6693529213589632,61.401666666666664,59.7,62.65,1.1333387254776714,57.92416666666666,50.3,62.65,4.457666446866027,56.46958333333333,50.3,63.39,4.588709659651594
2026-07-20 19:18:43,Delhi,Delhi,"Anand Vihar, Delhi - DPCC",28.6139,77.209,60.05,99.08,40.8,33.7,2.84,13.53,31.81,60.72,10.49,14,1009.8,0.0,210,Poor,PM25,19,20,0,7,2026,0,2,-0.9659258262890684,0.2588190451025203,-0.4999999999999997,-0.8660254037844388,333.6869,1.8506552880219445,60.59,60.46,61.5,62.65,51.18,61.38,103.58,97.93,91.37,90.48,83.12,102.79,47.34,60.71,40.45,71.73,20.5,60.0,60.85,60.46,61.5,0.5666568626589823,61.550000000000004,60.46,62.65,0.9003776985247361,58.781666666666666,51.18,62.65,3.7987290538076706,56.352916666666665,50.3,62.65,4.438237487196215
2026-07-20 20:18:43,Delhi,Delhi,"Anand Vihar, Delhi - DPCC",28.6139,77.209,58.81,94.85,59.14,12.36,1.36,13.44,28.79,68.3,11.13,237,1014.4,11.7,98,Satisfactory,PM25,20,20,0,7,2026,0,2,-0.8660254037844386,0.5000000000000001,-0.4999999999999997,-0.8660254037844388,320.4327,2.292715676401477,60.05,60.59,60.46,62.39,52.42,58.37,99.08,103.58,97.93,92.49,92.68,89.89,40.8,47.34,60.71,28.85,61.45,72.65,60.366666666666674,60.05,60.59,0.2818391976499335,61.116666666666674,60.05,62.39,0.8907000991733025,59.520833333333336,52.42,62.65,2.9542064257699985,56.29749999999999,50.3,62.65,4.380669246071702
2026-07-20 21:18:43,Delhi,Delhi,"Anand Vihar, Delhi - DPCC",28.6139,77.209,59.04,89.56,61.03,29.46,0.85,0.02,27.5,79.17,9.38,132,1008.9,4.6,98,Satisfactory,PM25,21,20,0,7,2026,0,2,-0.7071067811865477,0.7071067811865474,-0.4999999999999997,-0.8660254037844388,257.95000000000005,2.7778947368421054,58.81,60.05,60.59,61.71,55.71,57.6,94.85,99.08,103.58,91.7,96.54,100.14,59.14,40.8,47.34,69.52,47.05,23.83,59.81666666666667,58.81,60.59,0.912651813854591,60.52,58.81,61.71,1.0516653460110843,60.053333333333335,55.71,62.65,1.9698054049406801,56.31583333333333,50.3,62.65,4.3906292672371
2026-07-20 22:18:43,Delhi,Delhi,"Anand Vihar, Delhi - DPCC",28.6139,77.209,57.92,81.59,51.23,18.58,1.87,0.0,20.59,80.84,6.87,152,1010.9,0.0,96,Satisfactory,PM25,22,20,0,7,2026,0,2,-0.5000000000000004,0.8660254037844384,-0.4999999999999997,-0.8660254037844388,141.4533,3.744326076887448,59.04,58.81,60.05,61.5,58.39,56.74,89.56,94.85,99.08,91.37,103.12,94.55,61.03,59.14,40.8,40.45,30.17,32.82,59.300000000000004,58.81,60.05,0.6596211033607476,60.074999999999996,58.81,61.5,1.011548318173966,60.33083333333334,58.39,62.65,1.4746245027947384,56.37583333333334,50.3,62.65,4.418690457852755
2026-07-20 23:18:43,Delhi,Delhi,"Anand Vihar, Delhi - DPCC",28.6139,77.209,60.28,94.82,79.5,33.04,1.28,0.0,18.29,84.69,5.48,338,1013.0,0.0,210,Poor,PM25,23,20,0,7,2026,0,2,-0.25881904510252157,0.9659258262890681,-0.4999999999999997,-0.8660254037844388,100.2292,4.390357698289269,57.92,59.04,58.81,60.46,58.68,54.34,81.59,89.56,94.85,97.93,91.43,85.34,51.23,61.03,59.14,60.71,30.48,37.25,58.59,57.92,59.04,0.5915234568459625,59.47833333333333,57.92,60.59,1.0576845780605861,60.291666666666664,57.92,62.65,1.5358316274510657,56.425000000000004,50.3,62.65,4.429470475762574
2026-07-21 00:18:43,Delhi,Delhi,"Anand Vihar, Delhi - DPCC",28.6139,77.209,59.48,102.58,64.51,27.9,0.99,35.62,19.52,93.6,6.26,131,1014.0,0.0,102,Moderate,PM10,0,21,1,7,2026,0,2,0.0,1.0,-0.4999999999999997,-0.8660254037844388,122.1952,4.56140350877193,60.28,57.92,59.04,60.59,59.7,52.75,94.82,81.59,89.56,103.58,84.07,90.26,79.5,51.23,61.03,47.34,41.81,69.93,59.080000000000005,57.92,60.28,1.180508365069429,59.44833333333333,57.92,60.59,1.0263608851993524,60.425000000000004,57.92,62.65,1.450263298978447,56.67249999999999,50.3,62.65,4.473635084533084
2026-07-21 01:18:43,Delhi,Delhi,"Anand Vihar, Delhi - DPCC",28.6139,77.209,57.11,95.04,70.16,27.4,1.75,16.13,18.13,97.17,6.02,268,1013.6,0.0,95,Satisfactory,PM25,1,21,1,7,2026,0,2,0.25881904510252074,0.9659258262890683,-0.4999999999999997,-0.8660254037844388,109.14259999999999,5.079456351280712,59.48,60.28,57.92,60.05,62.65,51.56,102.58,94.82,81.59,99.08,90.48,84.36,64.51,79.5,51.23,40.8,71.73,24.21,59.22666666666667,57.92,60.28,1.2002222016494268,59.26333333333333,57.92,60.28,0.8671024545387832,60.406666666666666,57.92,62.65,1.4616076661324617,56.95291666666666,50.3,62.65,4.427764652603012
2026-07-21 02:18:43,Delhi,Delhi,"Anand Vihar, Delhi - DPCC",28.6139,77.209,58.6,96.69,71.24,29.67,0.69,24.47,16.65,98.0,4.9,43,1011.2,0.0,98,Satisfactory,PM25,2,21,1,7,2026,0,2,0.49999999999999994,0.8660254037844387,-0.4999999999999997,-0.8660254037844388,81.585,5.552407932011332,57.11,59.48,60.28,58.81,62.39,51.49,95.04,102.58,94.82,94.85,92.49,87.99,70.16,64.51,79.5,59.14,28.85,41.07,58.95666666666667,57.11,60.28,1.6485245928806356,58.77333333333333,57.11,60.28,1.1257649251363018,59.945,57.11,62.39,1.5602185161643203,57.18416666666667,50.3,62.65,4.276197942165421
2026-07-21 03:18:43,Delhi,Delhi,"Anand Vihar, Delhi - DPCC",28.6139,77.209,58.36,99.72,51.36,12.27,0.87,19.71,19.04,98.0,3.37,287,1011.0,0.0,100,Satisfactory,PM10,3,21,1,7,2026,0,2,0.7071067811865475,0.7071067811865476,-0.4999999999999997,-0.8660254037844388,64.1648,4.8902195608782435,58.6,57.11,59.48,59.04,61.71,51.84,96.69,95.04,102.58,89.56,91.7,92.57,71.24,70.16,64.51,61.03,69.52,50.55,58.39666666666667,57.11,59.48,1.198012242563652,58.73833333333334,57.11,60.28,1.127659818680767,59.62916666666666,57.11,61.71,1.3951569369744858,57.48041666666666,50.3,62.65,4.1075206519014795
2026-07-21 04:18:43,Delhi,Delhi,"Anand Vihar, Delhi - DPCC",28.6139,77.209,59.57,102.52,34.33,9.13,1.97,29.06,15.71,98.0,1.3,198,1009.8,0.0,102,Moderate,PM10,4,21,1,7,2026,0,2,0.8660254037844386,0.5000000000000001,-0.4999999999999997,-0.8660254037844388,20.423000000000002,5.864751645721125,58.36,58.6,57.11,57.92,61.5,50.38,99.72,96.69,95.04,81.59,91.37,73.49,51.36,71.24,70.16,51.23,40.45,53.13,58.02333333333334,57.11,58.6,0.8000208330615417,58.625,57.11,60.28,1.1254465780304561,59.349999999999994,57.11,61.5,1.2705331736931054,57.75208333333334,50.3,62.65,3.9300281879359398
2026-07-21 05:18:43,Delhi,Delhi,"Anand Vihar, Delhi - DPCC",28.6139,77.209,61.12,109.06,73.58,27.42,1.89,32.23,17.79,98.0,3.17,244,1009.8,0.0,106,Moderate,PM10,5,21,1,7,2026,0,2,0.9659258262890683,0.25881904510252074,-0.4999999999999997,-0.8660254037844388,56.394299999999994,5.215540180947313,59.57,58.36,58.6,60.28,60.46,50.34,102.52,99.72,96.69,94.82,97.93,72.21,34.33,51.36,71.24,79.5,60.71,65.57,58.84333333333334,58.36,59.57,0.6406507108653592,58.9,57.11,60.28,1.1203035302990383,59.189166666666665,57.11,60.59,1.0817616804700798,58.135,50.3,62.65,3.6156423447594195
2026-07-21 06:18:43,Delhi,Delhi,"Anand Vihar, Delhi - DPCC",28.6139,77.209,61.5,105.62,41.59,33.35,1.77,29.9,21.5,89.33,5.28,182,1008.4,0.0,104,Moderate,PM10,6,21,1,7,2026,0,2,1.0,6.123233995736766e-17,-0.4999999999999997,-0.8660254037844388,113.52000000000001,3.970222222222222,61.12,59.57,58.36,59.48,60.59,50.3,109.06,102.52,99.72,102.58,103.58,81.17,73.58,34.33,51.36,64.51,47.34,70.52,59.68333333333334,58.36,61.12,1.3834859353575273,59.04,57.11,61.12,1.3551236105981246,59.24416666666667,57.11,61.12,1.165765127859576,58.58416666666667,50.3,62.65,3.256980352180946
2026-07-21 07:18:43,Delhi,Delhi,"Anand Vihar, Delhi - DPCC",28.6139,77.209,61.59,101.86,69.1,25.3,1.28,31.4,21.82,85.53,1.07,86,1011.9,0.0,103,Moderate,PM25,7,21,1,7,2026,0,2,0.9659258262890683,-0.25881904510252063,-0.4999999999999997,-0.8660254037844388,23.3474,3.748028045574058,61.5,61.12,59.57,57.11,60.05,51.18,105.62,109.06,102.52,95.04,99.08,83.12,41.59,73.58,34.33,70.16,40.8,20.5,60.73,59.57,61.5,1.0223991392790406,59.376666666666665,57.11,61.5,1.6946818777184096,59.32,57.11,61.5,1.2847921657182662,59.05083333333332,51.18,62.65,2.7868494236583445
2026-07-21 08:18:43,Delhi,Delhi,"Anand Vihar, Delhi - DPCC",28.6139,77.209,62.43,92.87,64.79,15.48,2.28,23.71,23.69,80.28,2.1,157,1008.2,0.0,106,Moderate,PM25,8,21,1,7,2026,0,2,0.8660254037844387,-0.4999999999999998,-0.4999999999999997,-0.8660254037844388,49.749,3.2515188335358443,61.59,61.5,61.12,58.6,58.81,52.42,101.86,105.62,109.06,96.69,94.85,92.68,69.1,41.59,73.58,71.24,59.14,61.45,61.403333333333336,61.12,61.59,0.24946609655763372,60.123333333333335,58.36,61.59,1.4680417796054925,59.44833333333333,57.11,61.59,1.4327331371977048,59.48458333333334,52.42,62.65,2.2709143516992225
2026-07-21 09:18:43,Delhi,Delhi,"Anand Vihar, Delhi - DPCC",28.6139,77.209,65.2,105.52,70.42,33.24,1.12,27.01,27.47,73.63,3.04,65,1012.7,0.0,115,Moderate,PM25,9,21,1,7,2026,0,2,0.7071067811865476,-0.7071067811865475,-0.4999999999999997,-0.8660254037844388,83.5088,2.5862311204776955,62.43,61.59,61.5,58.36,59.04,55.71,92.87,101.86,105.62,99.72,89.56,96.54,64.79,69.1,41.59,51.36,61.03,47.05,61.84,61.5,62.43,0.5129327441275917,60.76166666666668,58.36,62.43,1.5053958504882734,59.75,57.11,62.43,1.6506417484779476,59.901666666666664,55.71,62.65,1.7840395459319587
2026-07-21 10:18:43,Delhi,Delhi,"Anand Vihar, Delhi - DPCC",28.6139,77.209,65.84,106.78,70.59,20.99,1.05,56.28,28.97,64.95,4.69,182,1010.9,0.0,195,Moderate,CO,10,21,1,7,2026,0,2,0.49999999999999994,-0.8660254037844387,-0.4999999999999997,-0.8660254037844388,135.8693,2.1671671671671673,65.2,62.43,61.59,59.57,57.92,58.39,105.52,92.87,101.86,102.52,81.59,103.12,70.42,64.79,69.1,34.33,51.23,30.17,63.073333333333345,61.59,65.2,1.8890297333105437,61.90166666666667,59.57,65.2,1.8689185821397898,60.26333333333334,57.11,65.2,2.2564466568371837,60.297083333333326,57.11,65.2,1.8644744665003272
2026-07-21 11:18:43,Delhi,Delhi,"Anand Vihar, Delhi - DPCC",28.6139,77.209,63.42,92.9,62.05,33.02,1.43,49.36,29.49,66.7,5.85,1,1012.4,0.0,109,Moderate,PM25,11,21,1,7,2026,0,2,0.258819045102521,-0.9659258262890682,-0.4999999999999997,-0.8660254037844388,172.51649999999998,2.1876024926205315,65.84,65.2,62.43,61.12,60.28,58.68,106.78,105.52,92.87,109.06,94.82,91.43,70.59,70.42,64.79,73.58,79.5,30.48,64.49000000000001,62.43,65.84,1.8124844826915432,62.946666666666665,61.12,65.84,2.048703655160378,60.923333333333325,57.11,65.84,2.6352137513210847,60.60750000000001,57.11,65.84,2.1338722711458114
2026-07-21 12:18:43,Delhi,Delhi,"Anand Vihar, Delhi - DPCC",28.6139,77.209,63.66,95.41,67.39,25.13,1.77,58.1,27.79,59.91,5.66,162,1011.5,0.0,110,Moderate,PM25,12,21,1,7,2026,0,2,1.2246467991473532e-16,-1.0,-0.4999999999999997,-0.8660254037844388,157.2914,2.080930878777353,63.42,65.84,65.2,61.5,59.48,59.7,92.9,106.78,105.52,105.62,102.58,84.07,62.05,70.59,70.42,41.59,64.51,41.81,64.82000000000001,63.42,65.84,1.2539537471523998,63.330000000000005,61.5,65.84,1.8434532812091708,61.185,57.11,65.84,2.7200551464998353,60.805,57.11,65.84,2.166816940162149
2026-07-21 13:18:43,Delhi,Delhi,"Anand Vihar, Delhi - DPCC",28.6139,77.209,62.27,90.17,25.91,28.45,1.09,51.39,31.41,51.97,8.13,225,1010.4,0.0,196,Moderate,CO,13,21,1,7,2026,0,2,-0.2588190451025208,-0.9659258262890683,-0.4999999999999997,-0.8660254037844388,255.36330000000004,1.603517432891083,63.66,63.42,65.84,61.59,57.11,62.65,95.41,92.9,106.78,101.86,95.04,90.48,67.39,62.05,70.59,69.1,70.16,71.73,64.30666666666667,63.42,65.84,1.3333166665616218,63.69,61.59,65.84,1.6108382910773167,61.53333333333333,57.11,65.84,2.7493514386730538,60.97,57.11,65.84,2.228899123860825
2026-07-21 14:18:43,Delhi,Delhi,"Anand Vihar, Delhi - DPCC",28.6139,77.209,62.43,108.4,50.81,11.76,1.12,59.49,32.66,49.05,7.29,192,1013.8,0.0,106,Moderate,PM25,14,21,1,7,2026,0,2,-0.4999999999999997,-0.8660254037844388,-0.4999999999999997,-0.8660254037844388,238.09139999999996,1.4572192513368984,62.27,63.66,63.42,62.43,58.6,62.39,90.17,95.41,92.9,92.87,96.69,92.49,25.91,67.39,62.05,64.79,71.24,28.85,63.116666666666674,62.27,63.66,0.7429894570794778,63.803333333333335,62.27,65.84,1.449367678219564,61.96333333333333,58.36,65.84,2.372307405089548,60.95416666666667,57.11,65.84,2.21776800579681
2026-07-21 15:18:43,Delhi,Delhi,"Anand Vihar, Delhi - DPCC",28.6139,77.209,63.24,94.01,68.43,28.45,1.39,68.05,33.56,47.34,8.04,278,1011.0,0.0,109,Moderate,PM25,15,21,1,7,2026,0,2,-0.7071067811865471,-0.7071067811865479,-0.4999999999999997,-0.8660254037844388,269.8224,1.3697916666666667,62.43,62.27,63.66,65.2,58.36,61.71,108.4,90.17,95.41,105.52,99.72,91.7,50.81,25.91,67.39,70.42,51.36,69.52,62.78666666666667,62.27,63.66,0.7605480480096801,63.803333333333335,62.27,65.84,1.449367678219564,62.282500000000006,58.36,65.84,2.1232399127920103,60.95583333333334,57.11,65.84,2.2189086950798984
2026-07-21 16:18:43,Delhi,Delhi,"Anand Vihar, Delhi - DPCC",28.6139,77.209,63.39,108.68,53.99,33.85,1.3,41.06,31.74,54.23,11.12,80,1008.5,0.0,109,Moderate,PM25,16,21,1,7,2026,0,2,-0.8660254037844384,-0.5000000000000004,-0.4999999999999997,-0.8660254037844388,352.94879999999995,1.6563836285888822,63.24,62.43,62.27,65.84,59.57,61.5,94.01,108.4,90.17,106.78,102.52,91.37,68.43,50.81,25.91,70.59,34.33,40.45,62.646666666666675,62.27,63.24,0.5200320502924548,63.47666666666667,62.27,65.84,1.2829445298482474,62.68916666666667,59.57,65.84,1.7356133751152945,61.01958333333334,57.11,65.84,2.2630577221146857
2026-07-21 17:18:43,Delhi,Delhi,"Anand Vihar, Delhi - DPCC",28.6139,77.209,62.48,94.41,79.8,32.12,1.73,46.45,32.11,54.63,11.88,219,1011.3,0.0,106,Moderate,PM25,17,21,1,7,2026,0,2,-0.9659258262890683,-0.25881904510252063,-0.4999999999999997,-0.8660254037844388,381.46680000000003,1.6499546964663245,63.39,63.24,62.43,63.42,61.12,60.46,108.68,94.01,108.4,92.9,109.06,97.93,53.99,68.43,50.81,62.05,73.58,60.71,63.02,62.43,63.39,0.5164300533450316,63.068333333333335,62.27,63.66,0.5747144218370556,63.0075,61.12,65.84,1.4359610339105384,61.09833333333333,57.11,65.84,2.312838772678612
2026-07-21 18:18:43,Delhi,Delhi,"Anand Vihar, Delhi - DPCC",28.6139,77.209,64.22,101.34,60.11,25.01,0.64,28.53,29.01,55.3,11.72,122,1008.4,0.0,112,Moderate,PM25,18,21,1,7,2026,0,2,-1.0,-1.8369701987210297e-16,-0.4999999999999997,-0.8660254037844388,339.9972,1.8427190936354547,62.48,63.39,63.24,63.66,61.5,60.59,94.41,108.68,94.01,95.41,105.62,103.58,79.8,53.99,68.43,67.39,41.59,47.34,63.03666666666667,62.48,63.39,0.4878865988437097,62.91166666666667,62.27,63.66,0.5876535260402077,63.12083333333334,61.5,65.84,1.3226451343861996,61.1825,57.11,65.84,2.3253204547741384
2026-07-21 19:18:43,Delhi,Delhi,"Anand Vihar, Delhi - DPCC",28.6139,77.209,62.35,109.26,58.83,15.25,1.86,22.0,31.38,65.18,10.55,216,1011.5,0.0,106,Moderate,PM10,19,21,1,7,2026,0,2,-0.9659258262890684,0.2588190451025203,-0.4999999999999997,-0.8660254037844388,331.059,2.0129709697344045,64.22,62.48,63.39,62.27,61.59,60.05,101.34,94.41,108.68,90.17,101.86,99.08,60.11,79.8,53.99,25.91,69.1,40.8,63.36333333333334,62.48,64.22,0.8703064594332319,63.005,62.27,64.22,0.7518177970764129,63.3475,61.59,65.84,1.2507388725361788,61.33375,57.11,65.84,2.4019010812994583
2026-07-21 20:18:43,Delhi,Delhi,"Anand Vihar, Delhi - DPCC",28.6139,77.209,60.36,90.53,71.97,21.47,3.28,5.99,27.78,67.52,10.5,325,1010.4,0.0,210,Poor,PM25,20,21,1,7,2026,0,2,-0.8660254037844386,0.5000000000000001,-0.4999999999999997,-0.8660254037844388,291.69,2.346073662265462,62.35,64.22,62.48,62.43,62.43,58.81,109.26,101.34,94.41,108.4,92.87,94.85,58.83,60.11,79.8,50.81,64.79,59.14,63.01666666666667,62.35,64.22,1.0441423913103427,63.01833333333334,62.35,64.22,0.7367337827651852,63.41083333333333,62.27,65.84,1.1703104353768117,61.42958333333334,57.11,65.84,2.3943256819017256
2026-07-21 21:18:43,Delhi,Delhi,"Anand Vihar, Delhi - DPCC",28.6139,77.209,58.75,85.48,42.14,27.5,0.98,1.44,26.35,71.88,11.28,249,1014.2,0.0,98,Satisfactory,PM25,21,21,1,7,2026,0,2,-0.7071067811865477,0.7071067811865474,-0.4999999999999997,-0.8660254037844388,297.228,2.6281535648994514,60.36,62.35,64.22,63.24,65.2,59.04,90.53,109.26,101.34,94.01,105.52,89.56,71.97,58.83,60.11,68.43,70.42,61.03,62.31,60.36,64.22,1.9303108557945021,62.673333333333325,60.36,64.22,1.3206311622354947,63.23833333333334,60.36,65.84,1.4477056037578413,61.494166666666665,57.11,65.84,2.340902681086615
2026-07-21 22:18:43,Delhi,Delhi,"Anand Vihar, Delhi - DPCC",28.6139,77.209,55.55,91.19,72.79,16.77,1.47,0.0,21.94,76.99,9.0,295,1010.1,0.0,92,Satisfactory,PM25,22,21,1,7,2026,0,2,-0.5000000000000004,0.8660254037844384,-0.4999999999999997,-0.8660254037844388,197.46,3.3561464690496945,58.75,60.36,62.35,63.39,65.84,57.92,85.48,90.53,109.26,108.68,106.78,81.59,42.14,71.97,58.83,53.99,70.59,51.23,60.48666666666667,58.75,62.35,1.8033394947518466,61.92499999999999,58.75,64.22,2.0214722357729165,62.70083333333333,58.75,65.84,1.806163479630743,61.48208333333333,57.11,65.84,2.354828488477365
2026-07-21 23:18:43,Delhi,Delhi,"Anand Vihar, Delhi - DPCC",28.6139,77.209,57.69,84.91,64.1,13.09,0.85,0.0,21.6,87.03,7.64,24,1013.6,0.0,96,Satisfactory,PM25,23,21,1,7,2026,0,2,-0.25881904510252157,0.9659258262890681,-0.4999999999999997,-0.8660254037844388,165.024,3.8508849557522122,55.55,58.75,60.36,62.48,63.42,60.28,91.19,85.48,90.53,94.41,92.9,94.82,72.79,42.14,71.97,79.8,62.05,79.5,58.220000000000006,55.55,60.36,2.4484076457973734,60.61833333333333,55.55,64.22,3.12031675742501,61.843333333333334,55.55,64.22,2.4925501119548916,61.38333333333333,55.55,65.84,2.5521272740966676
2026-07-22 00:18:43,Delhi,Delhi,"Anand Vihar, Delhi - DPCC",28.6139,77.209,57.28,90.34,57.96,31.3,0.78,34.45,17.26,98.0,6.04,235,1014.5,0.9,95,Satisfactory,PM25,0,22,2,7,2026,0,2,0.0,1.0,-0.4999999999999997,-0.8660254037844388,104.25040000000001,5.3669222343921135,57.69,55.55,58.75,64.22,63.66,59.48,84.91,91.19,85.48,101.34,95.41,102.58,64.1,72.79,42.14,60.11,67.39,64.51,57.330000000000005,55.55,58.75,1.630092021942088,59.82,55.55,64.22,3.161240262934884,61.365833333333335,55.55,64.22,2.70301332971303,61.27541666666667,55.55,65.84,2.6535537765282307
2026-07-22 01:18:43,Delhi,Delhi,"Anand Vihar, Delhi - DPCC",28.6139,77.209,57.38,81.41,72.75,29.94,2.06,23.48,20.32,97.05,4.38,259,1008.7,0.0,202,Poor,CO,1,22,2,7,2026,0,2,0.25881904510252074,0.9659258262890683,-0.4999999999999997,-0.8660254037844388,89.0016,4.552063789868668,57.28,57.69,55.55,62.35,62.27,57.11,90.34,84.91,91.19,109.26,90.17,95.04,57.96,64.1,72.79,58.83,25.91,70.16,56.84,55.55,57.69,1.1358256908519715,58.663333333333334,55.55,62.35,2.4096279104183718,60.83416666666667,55.55,64.22,2.834974613749883,61.18375,55.55,65.84,2.754357516025592
2026-07-22 02:18:43,Delhi,Delhi,"Anand Vihar, Delhi - DPCC",28.6139,77.209,57.99,93.71,27.74,22.22,1.47,19.51,16.1,98.0,3.65,19,1012.2,10.7,97,Satisfactory,PM25,2,22,2,7,2026,0,2,0.49999999999999994,0.8660254037844387,-0.4999999999999997,-0.8660254037844388,58.765,5.730994152046783,57.38,57.28,57.69,60.36,62.43,58.6,81.41,90.34,84.91,90.53,108.4,96.69,72.75,57.96,64.1,71.97,50.81,71.24,57.45000000000001,57.28,57.69,0.21377558326245133,57.835,55.55,60.36,1.6105992673537648,60.42666666666667,55.55,64.22,2.9585756196132476,61.195,55.55,65.84,2.7374948878252314
2026-07-22 03:18:43,Delhi,Delhi,"Anand Vihar, Delhi - DPCC",28.6139,77.209,58.5,96.91,66.21,11.82,2.44,15.2,16.53,98.0,1.75,135,1014.9,15.0,105,Moderate,CO,3,22,2,7,2026,0,2,0.7071067811865475,0.7071067811865476,-0.4999999999999997,-0.8660254037844388,28.927500000000002,5.590416428978893,57.99,57.38,57.28,58.75,63.24,58.36,93.71,81.41,90.34,85.48,94.01,99.72,27.74,72.75,57.96,42.14,68.43,51.36,57.55000000000001,57.28,57.99,0.3843175770104407,57.440000000000005,55.55,58.75,1.066058159764494,60.056666666666665,55.55,64.22,2.9628927306491426,61.16958333333334,55.55,65.84,2.7653264280411642
2026-07-22 04:18:43,Delhi,Delhi,"Anand Vihar, Delhi - DPCC",28.6139,77.209,59.77,85.1,36.4,32.97,1.38,31.54,20.36,98.0,4.04,59,1009.0,0.0,100,Satisfactory,PM25,4,22,2,7,2026,0,2,0.8660254037844386,0.5000000000000001,-0.4999999999999997,-0.8660254037844388,82.2544,4.588014981273409,58.5,57.99,57.38,55.55,63.39,59.57,96.91,93.71,81.41,91.19,108.68,102.52,66.21,27.74,72.75,72.79,53.99,34.33,57.95666666666668,57.38,58.5,0.5607435539820341,57.39833333333334,55.55,58.5,1.0079169939370627,59.66166666666666,55.55,64.22,2.812041747179257,61.17541666666667,55.55,65.84,2.759283112893848
2026-07-22 05:18:43,Delhi,Delhi,"Anand Vihar, Delhi - DPCC",28.6139,77.209,61.9,88.38,78.33,8.39,1.92,29.07,16.87,97.47,2.94,101,1011.1,0.0,104,Moderate,PM25,5,22,2,7,2026,0,2,0.9659258262890683,0.25881904510252074,-0.4999999999999997,-0.8660254037844388,49.5978,5.454392837157246,59.77,58.5,57.99,57.69,62.48,61.12,85.1,96.91,93.71,84.91,94.41,109.06,36.4,66.21,27.74,64.1,79.8,73.58,58.75333333333334,57.99,59.77,0.9166424239212344,58.10166666666667,57.28,59.77,0.9295034516703923,59.35999999999999,55.55,64.22,2.5584547893388843,61.18375,55.55,65.84,2.754521677880346
2026-07-22 06:18:43,Delhi,Delhi,"Anand Vihar, Delhi - DPCC",28.6139,77.209,62.57,108.24,38.29,34.73,0.77,31.54,18.55,86.73,1.0,164,1009.8,0.0,106,Moderate,PM25,6,22,2,7,2026,0,2,1.0,6.123233995736766e-17,-0.4999999999999997,-0.8660254037844388,18.55,4.4363171355498725,61.9,59.77,58.5,57.28,64.22,61.5,88.38,85.1,96.91,90.34,101.34,105.62,78.33,36.4,66.21,57.96,60.11,41.59,60.05666666666667,58.5,61.9,1.7180318196505688,58.803333333333335,57.28,61.9,1.7676952980271277,59.31166666666666,55.55,64.22,2.498940987819886,61.21625,55.55,65.84,2.7583356867628117
2026-07-22 07:18:43,Delhi,Delhi,"Anand Vihar, Delhi - DPCC",28.6139,77.209,62.06,107.62,39.01,27.58,0.87,19.22,22.48,90.06,1.0,232,1010.8,5.9,105,Moderate,PM10,7,22,2,7,2026,0,2,0.9659258262890683,-0.25881904510252063,-0.4999999999999997,-0.8660254037844388,22.48,3.835604770017036,62.57,61.9,59.77,57.38,62.35,61.59,108.24,88.38,85.1,81.41,109.26,101.86,38.29,78.33,36.4,72.75,58.83,69.1,61.413333333333334,59.77,62.57,1.4620647500475055,59.685,57.38,62.57,2.1366773270666317,59.17416666666667,55.55,62.57,2.2358624869625188,61.260833333333345,55.55,65.84,2.7717361011633943
2026-07-22 08:18:43,Delhi,Delhi,"Anand Vihar, Delhi - DPCC",28.6139,77.209,64.39,94.27,35.47,28.33,1.33,17.06,24.76,88.28,3.12,106,1013.0,0.0,113,Moderate,PM25,8,22,2,7,2026,0,2,0.8660254037844387,-0.4999999999999998,-0.4999999999999997,-0.8660254037844388,77.25120000000001,3.4270186335403725,62.06,62.57,61.9,57.99,60.36,62.43,107.62,108.24,88.38,93.71,90.53,92.87,39.01,38.29,78.33,27.74,71.97,64.79,62.17666666666668,61.9,62.57,0.34990474894071727,60.464999999999996,57.99,62.57,1.9750518980524692,59.15,55.55,62.57,2.199690060812323,61.28041666666667,55.55,65.84,2.7758202534944227
2026-07-22 09:18:43,Delhi,Delhi,"Anand Vihar, Delhi - DPCC",28.6139,77.209,65.53,107.05,47.59,10.0,2.12,41.21,26.82,75.11,4.23,342,1009.3,1.1,116,Moderate,PM25,9,22,2,7,2026,0,2,0.7071067811865476,-0.7071067811865475,-0.4999999999999997,-0.8660254037844388,113.44860000000001,2.6998562185478074,64.39,62.06,62.57,58.5,58.75,65.2,94.27,107.62,108.24,96.91,85.48,105.52,35.47,39.01,38.29,66.21,42.14,70.42,63.00666666666667,62.06,64.39,1.224840125620905,61.531666666666666,58.5,64.39,2.09558981355307,59.48583333333334,55.55,64.39,2.660572249905999,61.36208333333334,55.55,65.84,2.8392206205019965
2026-07-22 10:18:43,Delhi,Delhi,"Anand Vihar, Delhi - DPCC",28.6139,77.209,65.47,116.76,28.52,16.23,2.41,41.04,27.27,70.65,2.59,99,1009.5,0.0,116,Moderate,PM25,10,22,2,7,2026,0,2,0.49999999999999994,-0.8660254037844387,-0.4999999999999997,-0.8660254037844388,70.6293,2.4991156703218964,65.53,64.39,62.06,59.77,55.55,65.84,107.05,94.27,107.62,85.1,91.19,106.78,47.59,35.47,39.01,36.4,72.79,70.59,63.99333333333334,62.06,65.53,1.7686812413012036,62.703333333333326,59.77,65.53,2.0256521583597342,60.05083333333334,55.55,65.53,3.1626354324816006,61.37583333333333,55.55,65.84,2.8593430632966848
2026-07-22 11:18:43,Delhi,Delhi,"Anand Vihar, Delhi - DPCC",28.6139,77.209,66.8,115.76,37.08,17.81,1.62,67.79,28.98,61.11,3.87,262,1014.7,0.0,121,Moderate,PM25,11,22,2,7,2026,0,2,0.258819045102521,-0.9659258262890682,-0.4999999999999997,-0.8660254037844388,112.1526,2.0383589059372915,65.47,65.53,64.39,61.9,57.69,63.42,116.76,107.05,94.27,88.38,84.91,92.9,28.52,47.59,35.47,78.33,64.1,62.05,65.13000000000001,64.39,65.53,0.6415605972915784,63.653333333333336,61.9,65.53,1.6823396406990792,60.877500000000005,57.28,65.53,3.1756778088236204,61.36041666666666,55.55,65.53,2.83512208028942
2026-07-22 12:18:43,Delhi,Delhi,"Anand Vihar, Delhi - DPCC",28.6139,77.209,66.28,93.35,56.25,26.11,1.93,50.07,29.59,60.15,5.46,57,1008.3,0.0,125,Moderate,O3,12,22,2,7,2026,0,2,1.2246467991473532e-16,-1.0,-0.4999999999999997,-0.8660254037844388,161.5614,1.9663288656423668,66.8,65.47,65.53,62.57,57.28,63.66,115.76,116.76,107.05,108.24,90.34,95.41,37.08,28.52,47.59,38.29,57.96,67.39,65.93333333333334,65.47,66.8,0.7511546667166709,64.47000000000001,62.06,66.8,1.8426611191428808,61.63666666666666,57.28,66.8,3.4236353175943064,61.501250000000006,55.55,66.8,3.0198132860507045
2026-07-22 13:18:43,Delhi,Delhi,"Anand Vihar, Delhi - DPCC",28.6139,77.209,64.9,112.32,25.88,27.01,1.34,57.75,28.61,49.33,8.81,182,1013.5,0.0,114,Moderate,PM25,13,22,2,7,2026,0,2,-0.2588190451025208,-0.9659258262890683,-0.4999999999999997,-0.8660254037844388,252.0541,1.6659912191827084,66.28,66.8,65.47,62.06,57.38,62.27,93.35,115.76,116.76,107.62,81.41,90.17,56.25,37.08,28.52,39.01,72.75,25.91,66.18333333333334,65.47,66.8,0.6702487100548326,65.08833333333332,62.06,66.8,1.6940533246234024,62.38666666666666,57.38,66.8,3.3678164853192643,61.61041666666667,55.55,66.8,3.145967023745226
2026-07-22 14:18:43,Delhi,Delhi,"Anand Vihar, Delhi - DPCC",28.6139,77.209,65.29,97.91,59.67,27.17,0.62,59.27,34.48,50.74,10.34,112,1014.1,0.0,116,Moderate,PM25,14,22,2,7,2026,0,2,-0.4999999999999997,-0.8660254037844388,-0.4999999999999997,-0.8660254037844388,356.5232,1.4301014656144309,64.9,66.28,66.8,64.39,57.99,62.43,112.32,93.35,115.76,94.27,93.71,108.4,25.88,56.25,37.08,35.47,27.74,50.81,65.99333333333334,64.9,66.8,0.9819029144117105,65.56166666666667,64.39,66.8,0.8797139686668782,63.01333333333334,57.99,66.8,3.0346733636822902,61.72,55.55,66.8,3.2149893501750135
2026-07-22 15:18:43,Delhi,Delhi,"Anand Vihar, Delhi - DPCC",28.6139,77.209,65.67,101.2,62.78,12.26,1.15,47.23,31.48,49.66,10.15,121,1008.1,0.0,117,Moderate,PM25,15,22,2,7,2026,0,2,-0.7071067811865471,-0.7071067811865479,-0.4999999999999997,-0.8660254037844388,319.522,1.5289408866995071,65.29,64.9,66.28,65.53,58.5,63.24,97.91,112.32,93.35,107.05,96.91,94.01,59.67,25.88,56.25,47.59,66.21,68.43,65.49000000000001,64.9,66.28,0.7114070564712031,65.71166666666666,64.9,66.8,0.6979231094236953,63.62166666666667,58.5,66.8,2.6424879231971574,61.839166666666664,55.55,66.8,3.2944722037754217
2026-07-22 16:18:43,Delhi,Delhi,"Anand Vihar, Delhi - DPCC",28.6139,77.209,63.95,102.59,47.3,28.71,2.05,46.72,32.53,53.07,8.62,254,1009.1,0.0,202,Poor,CO,16,22,2,7,2026,0,2,-0.8660254037844384,-0.5000000000000004,-0.4999999999999997,-0.8660254037844388,280.4086,1.5827617059349834,65.67,65.29,64.9,65.47,59.77,63.39,101.2,97.91,112.32,116.76,85.1,108.68,62.78,59.67,25.88,28.52,36.4,53.99,65.28666666666668,64.9,65.67,0.3850108223549202,65.735,64.9,66.8,0.6929574301506364,64.21916666666667,59.77,66.8,2.1424347166604507,61.940416666666664,55.55,66.8,3.3757349977985402
2026-07-22 17:18:43,Delhi,Delhi,"Anand Vihar, Delhi - DPCC",28.6139,77.209,64.68,96.45,49.41,17.67,2.42,26.38,32.08,51.5,9.68,309,1011.3,0.0,114,Moderate,PM25,17,22,2,7,2026,0,2,-0.9659258262890683,-0.25881904510252063,-0.4999999999999997,-0.8660254037844388,310.53439999999995,1.55683192261185,63.95,65.67,65.29,66.8,61.9,62.48,102.59,101.2,97.91,115.76,88.38,94.41,47.3,62.78,59.67,37.08,78.33,79.8,64.97000000000001,63.95,65.67,0.9035485598445478,65.48166666666667,63.95,66.8,1.0131024956378456,64.56750000000001,61.9,66.8,1.6323887961569161,61.963750000000005,55.55,66.8,3.3881029866026324
2026-07-22 18:18:43,Delhi,Delhi,"Anand Vihar, Delhi - DPCC",28.6139,77.209,63.68,110.81,62.38,15.84,0.96,38.04,30.58,52.39,9.64,169,1014.4,0.0,110,Moderate,PM25,18,22,2,7,2026,0,2,-1.0,-1.8369701987210297e-16,-0.4999999999999997,-0.8660254037844388,294.7912,1.6589613679544015,64.68,63.95,65.67,66.28,62.57,64.22,96.45,102.59,101.2,93.35,108.24,101.34,49.41,47.3,62.78,56.25,38.29,60.11,64.76666666666667,63.95,65.67,0.8632689808689618,65.12833333333334,63.95,66.28,0.810861681587941,64.79916666666666,62.06,66.8,1.4001523185539346,62.05541666666667,55.55,66.8,3.4321522961630864
2026-07-22 19:18:43,Delhi,Delhi,"Anand Vihar, Delhi - DPCC",28.6139,77.209,63.57,99.85,49.01,34.85,3.2,25.27,29.42,59.12,11.92,328,1009.9,0.0,115,Moderate,CO,19,22,2,7,2026,0,2,-0.9659258262890684,0.2588190451025203,-0.4999999999999997,-0.8660254037844388,350.6864,1.9434582511505587,63.68,64.68,63.95,64.9,62.06,62.35,110.81,96.45,102.59,112.32,107.62,109.26,62.38,49.41,47.3,25.88,39.01,58.83,64.10333333333334,63.68,64.68,0.5173329037773441,64.69500000000001,63.68,65.67,0.765787176701825,64.89166666666667,62.06,66.8,1.2701240693395255,62.032916666666665,55.55,66.8,3.4190902415276674
2026-07-22 20:18:43,Delhi,Delhi,"Anand Vihar, Delhi - DPCC",28.6139,77.209,61.79,106.36,82.5,13.22,2.57,0.0,28.2,64.77,10.01,149,1013.8,0.0,107,Moderate,CO,20,22,2,7,2026,0,2,-0.8660254037844386,0.5000000000000001,-0.4999999999999997,-0.8660254037844388,282.282,2.2181506849315067,63.57,63.68,64.68,65.29,64.39,60.36,99.85,110.81,96.45,97.91,94.27,90.53,49.01,62.38,49.41,59.67,35.47,71.97,63.97666666666667,63.57,64.68,0.6115826463616585,64.47333333333333,63.57,65.67,0.8787415243788221,65.0175,63.57,66.8,1.0128189733253021,62.08375,55.55,66.8,3.4330501237490667
2026-07-22 21:18:43,Delhi,Delhi,"Anand Vihar, Delhi - DPCC",28.6139,77.209,60.3,96.75,77.26,20.92,2.14,9.73,22.05,77.36,8.96,330,1014.5,0.0,210,Poor,PM25,21,22,2,7,2026,0,2,-0.7071067811865477,0.7071067811865474,-0.4999999999999997,-0.8660254037844388,197.568,3.356182212581345,61.79,63.57,63.68,65.67,65.53,58.75,106.36,99.85,110.81,101.2,107.05,85.48,82.5,49.01,62.38,62.78,47.59,42.14,63.01333333333334,61.79,63.68,1.0608644274038708,63.89000000000001,61.79,65.67,1.2924859767134549,64.80083333333333,61.79,66.8,1.3732341277791695,62.14333333333334,55.55,66.8,3.414189911768639
2026-07-22 22:18:43,Delhi,Delhi,"Anand Vihar, Delhi - DPCC",28.6139,77.209,59.74,92.22,56.02,11.19,0.72,0.0,22.53,75.91,10.54,207,1011.6,0.0,100,Satisfactory,PM25,22,22,2,7,2026,0,2,-0.5000000000000004,0.8660254037844384,-0.4999999999999997,-0.8660254037844388,237.4662,3.226094347641309,60.3,61.79,63.57,63.95,65.47,55.55,96.75,106.36,99.85,102.59,116.76,91.19,77.26,82.5,49.01,47.3,28.52,72.79,61.88666666666666,60.3,63.57,1.6371418183319322,62.995000000000005,60.3,64.68,1.6288738441023938,64.365,60.3,66.8,1.8632791231883477,62.20791666666667,55.55,66.8,3.3614631637798476
2026-07-22 23:18:43,Delhi,Delhi,"Anand Vihar, Delhi - DPCC",28.6139,77.209,56.98,89.46,28.45,21.86,1.89,0.0,23.8,91.07,6.13,26,1014.4,14.5,95,Satisfactory,PM25,23,22,2,7,2026,0,2,-0.25881904510252157,0.9659258262890681,-0.4999999999999997,-0.8660254037844388,145.894,3.6721774193548384,59.74,60.3,61.79,64.68,66.8,57.69,92.22,96.75,106.36,96.45,115.76,84.91,56.02,77.26,82.5,49.41,37.08,64.1,60.61000000000001,59.74,61.79,1.0595753866517048,62.29333333333333,59.74,64.68,1.9997566518623098,63.887499999999996,59.74,66.8,2.248705182988745,62.3825,57.28,66.8,3.099216240333569
2026-07-23 00:18:43,Delhi,Delhi,"Anand Vihar, Delhi - DPCC",28.6139,77.209,53.08,79.76,20.6,15.42,0.84,31.5,17.81,95.97,5.39,74,1014.3,0.0,88,Satisfactory,PM25,0,23,3,7,2026,0,2,0.0,1.0,-0.4999999999999997,-0.8660254037844388,95.99589999999999,5.10207336523126,56.98,59.74,60.3,63.68,66.28,57.28,89.46,92.22,96.75,110.81,93.35,90.34,28.45,56.02,77.26,62.38,56.25,57.96,59.00666666666667,56.98,60.3,1.7773388346997316,61.01,56.98,63.68,2.5553395077759937,63.06916666666667,56.98,66.28,2.8093721664630738,62.352916666666665,56.98,66.8,3.1489452743068167
2026-07-23 01:18:43,Delhi,Delhi,"Anand Vihar, Delhi - DPCC",28.6139,77.209,52.57,77.94,31.98,21.67,2.08,37.79,16.68,98.0,5.47,338,1014.1,0.0,202,Poor,CO,1,23,3,7,2026,0,2,0.25881904510252074,0.9659258262890683,-0.4999999999999997,-0.8660254037844388,91.2396,5.542986425339366,53.08,56.98,59.74,63.57,64.9,57.38,79.76,89.46,92.22,99.85,112.32,81.41,20.6,28.45,56.02,49.01,25.88,72.75,56.6,53.08,59.74,3.346221749973993,59.24333333333333,53.08,63.57,3.7330452269785717,61.969166666666666,53.08,65.67,3.8349148582070804,62.17791666666667,53.08,66.8,3.5360392718242837
2026-07-23 02:18:43,Delhi,Delhi,"Anand Vihar, Delhi - DPCC",28.6139,77.209,52.3,86.77,45.31,11.96,1.65,15.44,16.56,98.0,4.74,226,1013.6,0.0,87,Satisfactory,PM25,2,23,3,7,2026,0,2,0.49999999999999994,0.8660254037844387,-0.4999999999999997,-0.8660254037844388,78.4944,5.580865603644647,52.57,53.08,56.98,61.79,65.29,57.99,77.94,79.76,89.46,106.36,97.91,93.71,31.98,20.6,28.45,82.5,59.67,27.74,54.21,52.57,56.98,2.412405438561172,57.410000000000004,52.57,61.79,3.8813605861863447,60.94166666666667,52.57,65.67,4.561277399495888,61.9775,52.57,66.8,3.9337461402144083
2026-07-23 03:18:43,Delhi,Delhi,"Anand Vihar, Delhi - DPCC",28.6139,77.209,54.73,82.33,29.77,17.09,1.82,29.38,17.15,98.0,2.05,96,1013.9,0.0,91,Satisfactory,PM25,3,23,3,7,2026,0,2,0.7071067811865475,0.7071067811865476,-0.4999999999999997,-0.8660254037844388,35.15749999999999,5.3994490358126725,52.3,52.57,53.08,60.3,65.67,58.5,86.77,77.94,79.76,96.75,101.2,96.91,45.31,31.98,20.6,77.26,62.78,66.21,52.650000000000006,52.3,53.08,0.3961060464066034,55.828333333333326,52.3,60.3,3.6672192007933573,59.85916666666666,52.3,65.67,4.9595316097267945,61.74041666666667,52.3,66.8,4.335470968014014
2026-07-23 04:18:43,Delhi,Delhi,"Anand Vihar, Delhi - DPCC",28.6139,77.209,55.09,93.14,50.6,24.79,1.47,34.21,19.05,95.21,1.0,186,1013.8,0.0,93,Satisfactory,PM10,4,23,3,7,2026,0,2,0.8660254037844386,0.5000000000000001,-0.4999999999999997,-0.8660254037844388,19.05,4.74862842892768,54.73,52.3,52.57,59.74,63.95,59.77,82.33,86.77,77.94,92.22,102.59,85.1,29.77,45.31,31.98,56.02,47.3,36.4,53.199999999999996,52.3,54.73,1.3318783728252948,54.9,52.3,59.74,2.942182863113849,58.9475,52.3,64.68,4.797114899982782,61.583333333333336,52.3,66.8,4.522256715081651
2026-07-23 05:18:43,Delhi,Delhi,"Anand Vihar, Delhi - DPCC",28.6139,77.209,57.72,95.64,75.86,30.72,2.02,23.54,16.31,97.8,4.78,354,1009.7,1.5,201,Poor,CO,5,23,3,7,2026,0,2,0.9659258262890683,0.25881904510252074,-0.4999999999999997,-0.8660254037844388,77.9618,5.649913344887349,55.09,54.73,52.3,56.98,64.68,61.9,93.14,82.33,86.77,89.46,96.45,88.38,50.6,29.77,45.31,28.45,49.41,78.33,54.04,52.3,55.09,1.5175967843928733,54.12499999999999,52.3,56.98,1.804934901873416,58.20916666666667,52.3,64.68,4.636310167546756,61.38833333333333,52.3,66.8,4.70120767709618
2026-07-23 06:18:43,Delhi,Delhi,"Anand Vihar, Delhi - DPCC",28.6139,77.209,59.41,83.21,63.55,25.74,2.21,23.89,19.6,90.22,3.85,171,1013.8,0.0,102,Moderate,CO,6,23,3,7,2026,0,2,1.0,6.123233995736766e-17,-0.4999999999999997,-0.8660254037844388,75.46000000000001,4.379611650485437,57.72,55.09,54.73,53.08,63.68,62.57,95.64,93.14,82.33,79.76,110.81,108.24,75.86,50.6,29.77,20.6,62.38,38.29,55.84666666666667,54.73,57.72,1.6323092027347381,54.248333333333335,52.3,57.72,2.0479591467281435,57.62916666666667,52.3,63.68,4.164567986616615,61.21416666666667,52.3,66.8,4.758507179747639
2026-07-23 07:18:43,Delhi,Delhi,"Anand Vihar, Delhi - DPCC",28.6139,77.209,61.21,98.76,50.86,14.93,0.68,25.26,19.53,87.26,1.82,18,1008.7,0.0,102,Moderate,PM25,7,23,3,7,2026,0,2,0.9659258262890683,-0.25881904510252063,-0.4999999999999997,-0.8660254037844388,35.5446,4.2503653190453,59.41,57.72,55.09,52.57,63.57,62.06,83.21,95.64,93.14,77.94,99.85,107.62,63.55,75.86,50.6,31.98,49.01,39.01,57.40666666666667,55.09,59.41,2.1769780277559407,55.303333333333335,52.3,59.41,2.8131950992896773,57.27333333333333,52.3,63.57,3.7636933826745675,61.0825,52.3,66.8,4.763076508527514
2026-07-23 08:18:43,Delhi,Delhi,"Anand Vihar, Delhi - DPCC",28.6139,77.209,62.01,86.84,39.73,28.6,2.39,15.95,23.06,87.01,2.88,312,1014.5,0.0,105,Moderate,CO,8,23,3,7,2026,0,2,0.8660254037844387,-0.4999999999999998,-0.4999999999999997,-0.8660254037844388,66.41279999999999,3.6163757273482964,61.21,59.41,57.72,52.3,61.79,64.39,98.76,83.21,95.64,86.77,106.36,94.27,50.86,63.55,75.86,45.31,82.5,35.47,59.44666666666668,57.72,61.21,1.7452888968109814,56.74333333333334,52.3,61.21,3.3029179018963606,57.076666666666675,52.3,61.79,3.4536471718864457,61.047083333333326,52.3,66.8,4.758650228032454
2026-07-23 09:18:43,Delhi,Delhi,"Anand Vihar, Delhi - DPCC",28.6139,77.209,62.73,107.31,93.29,20.59,1.77,36.55,24.2,71.79,2.38,213,1008.1,0.0,113,Moderate,NO2,9,23,3,7,2026,0,2,0.7071067811865476,-0.7071067811865475,-0.4999999999999997,-0.8660254037844388,57.596,2.8488095238095243,62.01,61.21,59.41,54.73,60.3,65.53,86.84,98.76,83.21,82.33,96.75,107.05,39.73,50.86,63.55,29.77,77.26,47.59,60.87666666666667,59.41,62.01,1.3316656236951365,58.36166666666667,54.73,62.01,3.060290291241577,57.095,52.3,62.01,3.481414289415425,60.947916666666664,52.3,66.8,4.71051273786866
2026-07-23 10:18:43,Delhi,Delhi,"Anand Vihar, Delhi - DPCC",28.6139,77.209,63.65,91.23,37.6,31.7,2.28,36.13,27.17,63.17,4.52,233,1013.1,0.0,110,Moderate,PM25,10,23,3,7,2026,0,2,0.49999999999999994,-0.8660254037844387,-0.4999999999999997,-0.8660254037844388,122.80839999999999,2.242456514022009,62.73,62.01,61.21,55.09,59.74,65.47,107.31,86.84,98.76,93.14,92.22,116.76,93.29,39.73,50.86,50.6,56.02,28.52,61.98333333333334,61.21,62.73,0.7603507962323034,59.69499999999999,55.09,62.73,2.900122411209703,57.29749999999999,52.3,62.73,3.7454435955268606,60.831250000000004,52.3,66.8,4.626008996870862
2026-07-23 11:18:43,Delhi,Delhi,"Anand Vihar, Delhi - DPCC",28.6139,77.209,64.86,116.23,72.93,23.52,1.48,52.43,28.99,64.69,7.77,329,1008.4,0.0,114,Moderate,PM25,11,23,3,7,2026,0,2,0.258819045102521,-0.9659258262890682,-0.4999999999999997,-0.8660254037844388,225.25229999999996,2.1570523507835944,63.65,62.73,62.01,57.72,56.98,66.8,91.23,107.31,86.84,95.64,89.46,115.76,37.6,93.29,39.73,75.86,28.45,37.08,62.796666666666674,62.01,63.65,0.822030007561114,61.12166666666667,57.72,63.65,2.203510078639862,57.623333333333335,52.3,63.65,4.127802262118664,60.75541666666667,52.3,66.8,4.561123030252657
2026-07-23 12:18:43,Delhi,Delhi,"Anand Vihar, Delhi - DPCC",28.6139,77.209,64.79,93.78,79.79,29.26,1.5,68.87,32.44,60.47,7.48,293,1008.6,0.0,114,Moderate,PM25,12,23,3,7,2026,0,2,1.2246467991473532e-16,-1.0,-0.4999999999999997,-0.8660254037844388,242.6512,1.8083133971291867,64.86,63.65,62.73,59.41,53.08,66.28,116.23,91.23,107.31,83.21,79.76,93.35,72.93,37.6,93.29,63.55,20.6,56.25,63.74666666666667,62.73,64.86,1.0682852303250816,62.31166666666667,59.41,64.86,1.907064935094616,58.279999999999994,52.3,64.86,4.614278235690178,60.674583333333324,52.3,66.28,4.465530767583135
2026-07-23 13:18:43,Delhi,Delhi,"Anand Vihar, Delhi - DPCC",28.6139,77.209,65.27,110.59,70.31,33.64,2.51,62.08,33.3,50.54,6.87,144,1010.6,0.0,116,Moderate,PM25,13,23,3,7,2026,0,2,-0.2588190451025208,-0.9659258262890683,-0.4999999999999997,-0.8660254037844388,228.771,1.4734693877551022,64.79,64.86,63.65,61.21,52.57,64.9,93.78,116.23,91.23,98.76,77.94,112.32,79.79,72.93,37.6,50.86,31.98,25.88,64.43333333333334,63.65,64.86,0.6792888438142937,63.208333333333336,61.21,64.86,1.4888172039130305,59.255833333333335,52.3,64.86,4.6526658210562095,60.61249999999999,52.3,65.67,4.393996150875965
2026-07-23 14:18:43,Delhi,Delhi,"Anand Vihar, Delhi - DPCC",28.6139,77.209,66.27,101.66,22.07,15.78,2.29,53.42,34.72,52.73,11.0,61,1009.8,0.0,119,Moderate,PM25,14,23,3,7,2026,0,2,-0.4999999999999997,-0.8660254037844388,-0.4999999999999997,-0.8660254037844388,381.91999999999996,1.4762038073908175,65.27,64.79,64.86,62.01,52.3,65.29,110.59,93.78,116.23,86.84,86.77,97.91,70.31,79.79,72.93,39.73,45.31,59.67,64.97333333333334,64.79,65.27,0.25929391302233085,63.88499999999999,62.01,65.27,1.3109347809867324,60.314166666666665,52.3,65.27,4.432824788558757,60.62791666666667,52.3,65.67,4.410312006281797
2026-07-23 15:18:43,Delhi,Delhi,"Anand Vihar, Delhi - DPCC",28.6139,77.209,67.43,114.2,54.47,30.2,1.84,67.43,32.38,52.12,7.93,133,1010.0,0.0,123,Moderate,PM25,15,23,3,7,2026,0,2,-0.7071067811865471,-0.7071067811865479,-0.4999999999999997,-0.8660254037844388,256.77340000000004,1.5614140203714797,66.27,65.27,64.79,62.73,54.73,65.67,101.66,110.59,93.78,107.31,82.33,101.2,22.07,70.31,79.79,93.29,29.77,62.78,65.44333333333333,64.79,66.27,0.7550717405189505,64.595,62.73,66.27,1.2442467600925156,61.47833333333333,54.73,66.27,3.944282014012303,60.66875000000001,52.3,66.27,4.4596142477943275
2026-07-23 16:18:43,Delhi,Delhi,"Anand Vihar, Delhi - DPCC",28.6139,77.209,64.54,95.53,79.43,29.65,2.25,55.42,33.13,51.06,10.64,79,1014.0,0.0,113,Moderate,PM25,16,23,3,7,2026,0,2,-0.8660254037844384,-0.5000000000000004,-0.4999999999999997,-0.8660254037844388,352.50320000000005,1.4960445355991796,67.43,66.27,65.27,63.65,55.09,63.95,114.2,101.66,110.59,91.23,93.14,102.59,54.47,22.07,70.31,37.6,50.6,47.3,66.32333333333332,65.27,67.43,1.0809872031296714,65.37833333333334,63.65,67.43,1.312865822034907,62.53666666666667,55.09,67.43,3.662741976699847,60.74208333333333,52.3,67.43,4.558797495113047
2026-07-23 17:18:43,Delhi,Delhi,"Anand Vihar, Delhi - DPCC",28.6139,77.209,62.49,97.77,75.8,17.28,2.72,48.57,28.17,56.76,13.15,133,1008.1,0.0,109,Moderate,CO,17,23,3,7,2026,0,2,-0.9659258262890683,-0.25881904510252063,-0.4999999999999997,-0.8660254037844388,370.43550000000005,1.945834761741515,64.54,67.43,66.27,64.86,57.72,64.68,95.53,114.2,101.66,116.23,95.64,96.45,79.43,54.47,22.07,72.93,75.86,49.41,66.08,64.54,67.43,1.4543383375256371,65.52666666666666,64.54,67.43,1.1137085196169545,63.32416666666666,57.72,67.43,2.839511668430297,60.76666666666667,52.3,67.43,4.578396972803847
2026-07-23 18:18:43,Delhi,Delhi,"Anand Vihar, Delhi - DPCC",28.6139,77.209,61.05,89.13,35.84,33.59,1.41,37.69,33.1,58.56,7.7,7,1011.7,0.0,101,Moderate,PM25,18,23,3,7,2026,0,2,-1.0,-1.8369701987210297e-16,-0.4999999999999997,-0.8660254037844388,254.87,1.7173020527859237,62.49,64.54,67.43,64.79,59.41,63.68,97.77,95.53,114.2,93.78,83.21,110.81,75.8,79.43,54.47,79.79,63.55,62.38,64.82000000000001,62.49,67.43,2.481874291739456,65.13166666666666,62.49,67.43,1.6758569946947643,63.721666666666664,59.41,67.43,2.2579992484633116,60.675416666666656,52.3,67.43,4.518442381835885
2026-07-23 19:18:43,Delhi,Delhi,"Anand Vihar, Delhi - DPCC",28.6139,77.209,60.23,99.91,76.21,28.96,1.78,18.38,26.79,62.12,11.13,283,1012.3,12.4,210,Poor,PM25,19,23,3,7,2026,0,2,-0.9659258262890684,0.2588190451025203,-0.4999999999999997,-0.8660254037844388,298.1727,2.235336451961137,61.05,62.49,64.54,65.27,61.21,63.57,89.13,97.77,95.53,110.59,98.76,99.85,35.84,75.8,79.43,70.31,50.86,49.01,62.693333333333335,61.05,64.54,1.7538624043325666,64.50833333333334,61.05,67.43,2.3771614725691945,63.85833333333333,61.05,67.43,2.009237002778319,60.56583333333334,52.3,67.43,4.474079858441274
2026-07-23 20:18:43,Delhi,Delhi,"Anand Vihar, Delhi - DPCC",28.6139,77.209,57.5,82.33,85.22,10.13,1.3,5.11,27.98,76.12,8.33,334,1011.7,0.0,105,Moderate,NO2,20,23,3,7,2026,0,2,-0.8660254037844386,0.5000000000000001,-0.4999999999999997,-0.8660254037844388,233.0734,2.6266390614216704,60.23,61.05,62.49,66.27,62.01,61.79,99.91,89.13,97.77,101.66,86.84,106.36,76.21,35.84,75.8,22.07,39.73,82.5,61.25666666666666,60.23,62.49,1.144086243834632,63.66833333333333,60.23,67.43,2.889459580383036,63.776666666666664,60.23,67.43,2.1421838191788742,60.42666666666667,52.3,67.43,4.428283273868436
2026-07-23 21:18:43,Delhi,Delhi,"Anand Vihar, Delhi - DPCC",28.6139,77.209,55.91,85.4,63.39,29.64,2.34,11.13,27.09,77.01,10.4,308,1008.0,0.0,104,Moderate,CO,21,23,3,7,2026,0,2,-0.7071067811865477,0.7071067811865474,-0.4999999999999997,-0.8660254037844388,281.736,2.741545033819865,57.5,60.23,61.05,67.43,62.73,60.3,82.33,99.91,89.13,114.2,107.31,96.75,85.22,76.21,35.84,54.47,93.29,77.26,59.59333333333333,57.5,61.05,1.858664395024592,62.20666666666667,57.5,67.43,3.4700355425654155,63.40083333333333,57.5,67.43,2.7807600606941616,60.24791666666667,52.3,67.43,4.457347601985662
2026-07-23 22:18:43,Delhi,Delhi,"Anand Vihar, Delhi - DPCC",28.6139,77.209,55.58,81.75,38.22,17.09,1.85,2.5,25.18,81.56,8.57,303,1011.3,0.0,92,Satisfactory,PM25,22,23,3,7,2026,0,2,-0.5000000000000004,0.8660254037844384,-0.4999999999999997,-0.8660254037844388,215.7926,3.115355233002292,55.91,57.5,60.23,64.54,63.65,59.74,85.4,82.33,99.91,95.53,91.23,92.22,63.39,85.22,76.21,79.43,37.6,56.02,57.879999999999995,55.91,60.23,2.184925628024746,60.28666666666666,55.91,64.54,3.176543194522493,62.83249999999999,55.91,67.43,3.5271083314548877,60.065,52.3,67.43,4.544344789429738
2026-07-23 23:18:43,Delhi,Delhi,"Anand Vihar, Delhi - DPCC",28.6139,77.209,56.47,81.86,54.77,25.96,1.57,3.83,18.81,83.5,8.31,172,1012.7,0.0,94,Satisfactory,PM25,23,23,3,7,2026,0,2,-0.25881904510252157,0.9659258262890681,-0.4999999999999997,-0.8660254037844388,156.3111,4.215042907622413,55.58,55.91,57.5,62.49,64.86,56.98,81.75,85.4,82.33,97.77,116.23,89.46,38.22,63.39,85.22,75.8,72.93,28.45,56.330000000000005,55.58,57.5,1.0265963179360331,58.79333333333333,55.58,62.49,2.868230581154013,62.16,55.58,67.43,4.082655107558444,59.89166666666667,52.3,67.43,4.635698593445783
2026-07-24 00:18:43,Delhi,Delhi,"Anand Vihar, Delhi - DPCC",28.6139,77.209,55.67,99.04,49.1,32.46,2.44,18.69,18.19,91.06,9.11,90,1012.8,0.0,105,Moderate,CO,0,24,4,7,2026,0,2,0.0,1.0,-0.4999999999999997,-0.8660254037844388,165.7109,4.745179781136009,56.47,55.58,55.91,61.05,64.79,53.08,81.86,81.75,85.4,89.13,93.78,79.76,54.77,38.22,63.39,35.84,79.79,20.6,55.98666666666666,55.58,56.47,0.44992591982821195,57.79,55.58,61.05,2.3162987717478027,61.46083333333333,55.58,67.43,4.291311429840432,59.870416666666664,52.3,67.43,4.6507703701894085
2026-07-24 01:18:43,Delhi,Delhi,"Anand Vihar, Delhi - DPCC",28.6139,77.209,55.54,85.95,23.24,28.6,2.15,29.95,17.82,95.11,5.45,224,1010.9,0.0,102,Moderate,CO,1,24,4,7,2026,0,2,0.25881904510252074,0.9659258262890683,-0.4999999999999997,-0.8660254037844388,97.119,5.053666312433581,55.67,56.47,55.58,60.23,65.27,52.57,99.04,81.86,81.75,99.91,110.59,77.94,49.1,54.77,38.22,76.21,70.31,31.98,55.906666666666666,55.58,56.47,0.48993196806626893,56.89333333333334,55.58,60.23,1.781512466043114,60.70083333333333,55.58,67.43,4.452661019156467,59.97833333333333,52.3,67.43,4.514404642404372
2026-07-24 02:18:43,Delhi,Delhi,"Anand Vihar, Delhi - DPCC",28.6139,77.209,55.85,91.68,64.95,33.28,1.9,15.3,17.16,98.0,2.05,72,1009.9,0.0,95,Satisfactory,CO,2,24,4,7,2026,0,2,0.49999999999999994,0.8660254037844387,-0.4999999999999997,-0.8660254037844388,35.178,5.39647577092511,55.54,55.67,56.47,57.5,66.27,52.3,85.95,99.04,81.86,82.33,101.66,86.77,23.24,49.1,54.77,85.22,22.07,45.31,55.89333333333334,55.54,56.47,0.5036202272876784,56.11166666666666,55.54,57.5,0.761719545939967,59.88999999999999,55.54,67.43,4.430838213332512,60.102083333333326,52.3,67.43,4.3398276655492305
2026-07-24 03:18:43,Delhi,Delhi,"Anand Vihar, Delhi - DPCC",28.6139,77.209,56.01,99.38,77.56,13.62,1.28,34.25,17.42,98.0,5.34,357,1008.1,0.0,99,Satisfactory,PM10,3,24,4,7,2026,0,2,0.7071067811865475,0.7071067811865476,-0.4999999999999997,-0.8660254037844388,93.0228,5.320304017372421,55.85,55.54,55.67,55.91,67.43,54.73,91.68,85.95,99.04,85.4,114.2,82.33,64.95,23.24,49.1,63.39,54.47,29.77,55.68666666666667,55.54,55.85,0.15567059238456904,55.836666666666666,55.54,56.47,0.3430257521921339,59.02166666666667,55.54,67.43,4.073470339410979,60.25,54.73,67.43,4.117127533904504
2026-07-24 04:18:43,Delhi,Delhi,"Anand Vihar, Delhi - DPCC",28.6139,77.209,55.8,80.72,42.07,8.69,2.01,37.32,20.68,98.0,4.04,167,1011.6,0.0,201,Poor,CO,4,24,4,7,2026,0,2,0.8660254037844386,0.5000000000000001,-0.4999999999999997,-0.8660254037844388,83.5472,4.520295202952029,56.01,55.85,55.54,55.58,64.54,55.09,99.38,91.68,85.95,81.75,95.53,93.14,77.56,64.95,23.24,38.22,79.43,50.6,55.800000000000004,55.54,56.01,0.23895606290695068,55.85333333333333,55.54,56.47,0.349666507785604,58.06999999999999,55.54,64.54,3.1626628596226887,60.303333333333335,55.09,67.43,4.050259966607234
2026-07-24 05:18:43,Delhi,Delhi,"Anand Vihar, Delhi - DPCC",28.6139,77.209,55.45,95.84,74.89,22.5,2.2,18.04,17.26,98.0,3.88,162,1009.7,0.0,102,Moderate,CO,5,24,4,7,2026,0,2,0.9659258262890683,0.25881904510252074,-0.4999999999999997,-0.8660254037844388,66.9688,5.3669222343921135,55.8,56.01,55.85,56.47,62.49,57.72,80.72,99.38,91.68,81.86,97.77,95.64,42.07,77.56,64.95,54.77,75.8,75.86,55.88666666666666,55.8,56.01,0.10969655114585576,55.88999999999999,55.54,56.47,0.3260061349120819,57.34166666666667,55.54,62.49,2.4671140053009144,60.33291666666667,55.54,67.43,4.01294695916869
2026-07-24 06:18:43,Delhi,Delhi,"Anand Vihar, Delhi - DPCC",28.6139,77.209,57.35,99.07,79.42,13.19,0.79,23.43,19.74,92.88,1.0,227,1012.0,0.0,99,Satisfactory,NO2,6,24,4,7,2026,0,2,1.0,6.123233995736766e-17,-0.4999999999999997,-0.8660254037844388,19.74,4.478302796528448,55.45,55.8,56.01,55.67,61.05,59.41,95.84,80.72,99.38,99.04,89.13,83.21,74.89,42.07,77.56,49.1,35.84,63.55,55.75333333333333,55.45,56.01,0.2829016319029256,55.72,55.45,56.01,0.20746083967898576,56.754999999999995,55.45,61.05,1.9044469490690978,60.23833333333334,55.45,67.43,4.102951924255684
2026-07-24 07:18:43,Delhi,Delhi,"Anand Vihar, Delhi - DPCC",28.6139,77.209,60.35,103.01,44.97,8.46,1.96,16.58,19.64,88.4,1.47,112,1010.4,0.0,210,Poor,PM25,7,24,4,7,2026,0,2,0.9659258262890683,-0.25881904510252063,-0.4999999999999997,-0.8660254037844388,28.8708,4.282945736434109,57.35,55.45,55.8,55.54,60.23,61.21,99.07,95.84,80.72,85.95,99.91,98.76,79.42,74.89,42.07,23.24,76.21,50.86,56.20000000000001,55.45,57.35,1.0111874208077611,56.0,55.45,57.35,0.6927048433498325,56.446666666666665,55.45,60.23,1.370542913880591,60.1525,55.45,67.43,4.14239192611769
2026-07-24 08:18:43,Delhi,Delhi,"Anand Vihar, Delhi - DPCC",28.6139,77.209,59.73,90.84,51.13,22.37,2.44,27.22,22.09,77.42,2.39,173,1010.4,0.0,105,Moderate,CO,8,24,4,7,2026,0,2,0.8660254037844387,-0.4999999999999998,-0.4999999999999997,-0.8660254037844388,52.795100000000005,3.352966652230403,60.35,57.35,55.45,55.85,57.5,62.01,103.01,99.07,95.84,91.68,82.33,86.84,44.97,79.42,74.89,64.95,85.22,39.73,57.71666666666667,55.45,60.35,2.4704925284915675,56.80166666666667,55.45,60.35,1.8576373883691606,56.45666666666667,55.45,60.35,1.4007616975537844,60.11666666666667,55.45,67.43,4.136561969502699
2026-07-24 09:18:43,Delhi,Delhi,"Anand Vihar, Delhi - DPCC",28.6139,77.209,62.57,99.17,68.36,15.69,1.15,41.44,27.16,77.42,1.9,268,1014.4,0.0,106,Moderate,PM25,9,24,4,7,2026,0,2,0.7071067811865476,-0.7071067811865475,-0.4999999999999997,-0.8660254037844388,51.604,2.749289772727273,59.73,60.35,57.35,56.01,55.91,62.73,90.84,103.01,99.07,99.38,85.4,107.31,51.13,44.97,79.42,77.56,63.39,93.29,59.14333333333334,57.35,60.35,1.5837087274281763,57.44833333333333,55.45,60.35,2.117285211459948,56.642500000000005,55.45,60.35,1.6731903385721936,60.02166666666667,55.45,67.43,4.117325711489508
2026-07-24 10:18:43,Delhi,Delhi,"Anand Vihar, Delhi - DPCC",28.6139,77.209,65.04,91.45,71.67,11.93,2.44,35.96,29.14,65.92,7.42,72,1008.8,0.0,115,Moderate,PM25,10,24,4,7,2026,0,2,0.49999999999999994,-0.8660254037844387,-0.4999999999999997,-0.8660254037844388,216.21880000000002,2.1871267418712677,62.57,59.73,60.35,55.8,55.58,63.65,99.17,90.84,103.01,80.72,81.75,91.23,68.36,51.13,44.97,42.07,38.22,37.6,60.88333333333333,59.73,62.57,1.4932291630327912,58.541666666666664,55.45,62.57,2.8073077256807815,57.1975,55.45,62.57,2.3683063568720186,60.01500000000001,55.45,67.43,4.112876915461848
2026-07-24 11:18:43,Delhi,Delhi,"Anand Vihar, Delhi - DPCC",28.6139,77.209,65.75,108.49,69.64,26.32,0.74,51.0,27.41,63.92,5.1,312,1010.6,13.5,117,Moderate,PM25,11,24,4,7,2026,0,2,0.258819045102521,-0.9659258262890682,-0.4999999999999997,-0.8660254037844388,139.791,2.24991200281591,65.04,62.57,59.73,55.45,56.47,64.86,91.45,99.17,90.84,95.84,81.86,116.23,71.67,68.36,51.13,74.89,54.77,72.93,62.446666666666665,59.73,65.04,2.6571475934413424,60.08166666666667,55.45,65.04,3.4608346777427874,57.98583333333334,55.45,65.04,3.2069312953871876,60.072916666666664,55.45,67.43,4.175598347299563
2026-07-24 12:18:43,Delhi,Delhi,"Anand Vihar, Delhi - DPCC",28.6139,77.209,66.17,97.33,48.65,21.35,1.68,61.76,32.48,55.09,4.48,156,1008.9,0.0,119,Moderate,PM25,12,24,4,7,2026,0,2,1.2246467991473532e-16,-1.0,-0.4999999999999997,-0.8660254037844388,145.5104,1.6454599761051376,65.75,65.04,62.57,57.35,55.67,64.79,108.49,91.45,99.17,99.07,99.04,93.78,69.64,71.67,68.36,79.42,49.1,79.79,64.45333333333333,62.57,65.75,1.6692014058616251,61.79833333333334,57.35,65.75,3.252164919967473,58.759166666666665,55.45,65.75,3.860481501606092,60.11000000000001,55.45,67.43,4.2236363891587425
2026-07-24 13:18:43,Delhi,Delhi,"Anand Vihar, Delhi - DPCC",28.6139,77.209,66.92,104.7,51.13,8.91,2.08,60.12,32.59,56.49,7.31,166,1008.1,0.0,202,Poor,CO,13,24,4,7,2026,0,2,-0.2588190451025208,-0.9659258262890683,-0.4999999999999997,-0.8660254037844388,238.2329,1.6817505209883894,66.17,65.75,65.04,60.35,55.54,65.27,97.33,108.49,91.45,103.01,85.95,110.59,48.65,69.64,71.67,44.97,23.24,70.31,65.65333333333334,65.04,66.17,0.571168393146909,63.26833333333334,59.73,66.17,2.8014740167752863,59.634166666666665,55.45,66.17,4.265362519674362,60.16750000000001,55.45,67.43,4.29884337326052
2026-07-24 14:18:43,Delhi,Delhi,"Anand Vihar, Delhi - DPCC",28.6139,77.209,63.57,110.87,52.53,26.62,1.63,59.28,31.48,44.41,6.56,193,1009.8,0.0,110,Moderate,PM25,14,24,4,7,2026,0,2,-0.4999999999999997,-0.8660254037844388,-0.4999999999999997,-0.8660254037844388,206.50879999999998,1.3673029556650245,66.92,66.17,65.75,59.73,55.85,66.27,104.7,97.33,108.49,90.84,91.68,101.66,51.13,48.65,69.64,51.13,64.95,22.07,66.27999999999999,65.75,66.92,0.5927056605065236,64.36333333333334,59.73,66.92,2.7153317783775646,60.5825,55.45,66.92,4.529254654716723,60.23624999999999,55.45,67.43,4.396087996607078
2026-07-24 15:18:43,Delhi,Delhi,"Anand Vihar, Delhi - DPCC",28.6139,77.209,62.35,89.7,20.81,19.42,1.01,43.86,32.36,56.01,9.66,30,1011.2,0.0,195,Moderate,CO,15,24,4,7,2026,0,2,-0.7071067811865471,-0.7071067811865479,-0.4999999999999997,-0.8660254037844388,312.5976,1.678956834532374,63.57,66.92,66.17,62.57,56.01,67.43,110.87,104.7,97.33,99.17,99.38,114.2,52.53,51.13,48.65,68.36,77.56,54.47,65.55333333333333,63.57,66.92,1.7580766005297004,65.00333333333334,62.57,66.92,1.6473696205366508,61.225833333333334,55.45,66.92,4.34027325979567,60.12375,55.45,67.43,4.267636360878873
2026-07-24 16:18:43,Delhi,Delhi,"Anand Vihar, Delhi - DPCC",28.6139,77.209,62.96,103.2,32.71,30.98,1.54,59.62,31.28,53.45,11.97,262,1011.3,0.0,108,Moderate,PM25,16,24,4,7,2026,0,2,-0.8660254037844384,-0.5000000000000004,-0.4999999999999997,-0.8660254037844388,374.4216,1.655824039653036,62.35,63.57,66.92,65.04,55.8,64.54,89.7,110.87,104.7,91.45,80.72,95.53,20.81,52.53,51.13,71.67,42.07,79.43,64.28,62.35,66.92,2.366284006622446,64.96666666666667,62.35,66.92,1.7134837806839813,61.75416666666667,55.45,66.92,4.021836889991603,59.912083333333335,55.45,66.92,4.007559139129832
2026-07-24 17:18:43,Delhi,Delhi,"Anand Vihar, Delhi - DPCC",28.6139,77.209,62.6,110.11,73.45,34.37,2.14,38.37,33.22,54.9,9.1,104,1010.0,0.0,107,Moderate,PM10,17,24,4,7,2026,0,2,-0.9659258262890683,-0.25881904510252063,-0.4999999999999997,-0.8660254037844388,302.30199999999996,1.604324956165985,62.96,62.35,63.57,65.75,55.45,62.49,103.2,89.7,110.87,108.49,95.84,97.77,32.71,20.81,52.53,69.64,74.89,75.8,62.96,62.35,63.57,0.6099999999980515,64.62,62.35,66.92,1.8963333040371368,62.350833333333334,55.45,66.92,3.5631535019962617,59.84625,55.45,66.92,3.940648603091037
2026-07-24 18:18:43,Delhi,Delhi,"Anand Vihar, Delhi - DPCC",28.6139,77.209,60.81,101.49,56.43,19.22,1.44,24.57,34.03,62.62,12.1,162,1014.8,5.5,211,Poor,PM25,18,24,4,7,2026,0,2,-1.0,-1.8369701987210297e-16,-0.4999999999999997,-0.8660254037844388,411.763,1.7876106194690264,62.6,62.96,62.35,66.17,57.35,61.05,110.11,103.2,89.7,97.33,99.07,89.13,73.45,32.71,20.81,48.65,79.42,35.84,62.63666666666666,62.35,62.96,0.3066485501858228,64.095,62.35,66.92,1.956024028482372,62.946666666666665,57.35,66.92,2.8258074737653693,59.850833333333334,55.45,66.92,3.943919829711079
2026-07-24 19:18:43,Delhi,Delhi,"Anand Vihar, Delhi - DPCC",28.6139,77.209,59.16,91.46,51.42,21.66,1.84,22.34,28.93,59.21,10.41,270,1008.7,0.0,99,Satisfactory,PM25,19,24,4,7,2026,0,2,-0.9659258262890684,0.2588190451025203,-0.4999999999999997,-0.8660254037844388,301.1613,1.9782826595389242,60.81,62.6,62.96,66.92,60.35,60.23,101.49,110.11,103.2,104.7,103.01,99.91,56.43,73.45,32.71,51.13,44.97,76.21,62.123333333333335,60.81,62.96,1.1515352071609624,63.20166666666666,60.81,66.92,2.040954841898044,63.23500000000001,59.73,66.92,2.337094155336799,59.84083333333333,55.45,66.92,3.941050308766909
2026-07-24 20:18:43,Delhi,Delhi,"Anand Vihar, Delhi - DPCC",28.6139,77.209,57.58,101.95,82.58,32.91,2.57,0.32,27.8,66.45,8.66,109,1011.6,0.0,107,Moderate,CO,20,24,4,7,2026,0,2,-0.8660254037844386,0.5000000000000001,-0.4999999999999997,-0.8660254037844388,240.74800000000002,2.3072916666666665,59.16,60.81,62.6,63.57,59.73,57.5,91.46,101.49,110.11,110.87,90.84,82.33,51.42,56.43,73.45,52.53,51.13,85.22,60.85666666666666,59.16,62.6,1.7204747406839984,61.90833333333333,59.16,63.57,1.6309680152188974,63.13583333333333,59.16,66.92,2.4908284796733513,59.79624999999999,55.45,66.92,3.9425083744500236
2026-07-24 21:18:43,Delhi,Delhi,"Anand Vihar, Delhi - DPCC",28.6139,77.209,56.12,96.83,56.69,29.04,2.18,0.0,24.26,75.29,8.55,17,1012.2,0.0,102,Moderate,CO,21,24,4,7,2026,0,2,-0.7071067811865477,0.7071067811865474,-0.4999999999999997,-0.8660254037844388,207.42300000000003,2.9806017418844024,57.58,59.16,60.81,62.35,62.57,55.91,101.95,91.46,101.49,89.7,99.17,85.4,82.58,51.42,56.43,20.81,68.36,63.39,59.18333333333333,57.58,60.81,1.615126414040777,60.91,57.58,62.96,2.1584068198558866,62.95666666666667,57.58,66.92,2.814392662832677,59.799583333333324,55.45,66.92,3.940515833775035
2026-07-24 22:18:43,Delhi,Delhi,"Anand Vihar, Delhi - DPCC",28.6139,77.209,56.95,94.93,79.49,27.26,0.96,5.6,22.5,80.11,8.76,236,1014.2,0.0,99,Satisfactory,NO2,22,24,4,7,2026,0,2,-0.5000000000000004,0.8660254037844384,-0.4999999999999997,-0.8660254037844388,197.1,3.408936170212766,56.12,57.58,59.16,62.96,65.04,55.58,96.83,101.95,91.46,103.2,91.45,81.75,56.69,82.58,51.42,32.71,71.67,38.22,57.62,56.12,59.16,1.5203946855995618,59.87166666666667,56.12,62.96,2.745734267307574,62.419166666666676,56.12,66.92,3.4410951172644118,59.80833333333334,55.45,66.92,3.9317267659793846
2026-07-24 23:18:43,Delhi,Delhi,"Anand Vihar, Delhi - DPCC",28.6139,77.209,57.03,97.7,52.65,12.17,1.15,0.0,20.27,85.64,8.83,132,1008.5,0.0,98,Satisfactory,PM10,23,24,4,7,2026,0,2,-0.25881904510252157,0.9659258262890681,-0.4999999999999997,-0.8660254037844388,178.98409999999998,4.026328161730136,56.95,56.12,57.58,62.6,65.75,56.47,94.93,96.83,101.95,110.11,108.49,81.86,79.49,56.69,82.58,73.45,69.64,54.77,56.883333333333326,56.12,57.58,0.7322795458927971,58.87,56.12,62.6,2.476836692234751,61.745,56.12,66.92,3.666079154033196,59.865416666666675,55.45,66.92,3.87723565708606
2026-07-25 00:18:43,Delhi,Delhi,"Anand Vihar, Delhi - DPCC",28.6139,77.209,53.94,95.22,31.57,18.51,2.67,25.68,18.31,90.25,6.66,284,1011.0,0.0,108,Moderate,CO,0,25,5,7,2026,1,2,0.0,1.0,-0.4999999999999997,-0.8660254037844388,121.9446,4.673744174003107,57.03,56.95,56.12,60.81,66.17,55.67,97.7,94.93,96.83,101.49,97.33,99.04,52.65,79.49,56.69,56.43,48.65,49.1,56.699999999999996,56.12,57.03,0.5038849074934548,57.94166666666667,56.12,60.81,1.7306347583089385,61.01833333333334,56.12,66.92,3.6642767693536284,59.88875000000001,55.45,66.92,3.8575485710825115
2026-07-25 01:18:43,Delhi,Delhi,"Anand Vihar, Delhi - DPCC",28.6139,77.209,53.0,90.87,78.43,9.61,2.39,22.52,15.75,91.31,6.11,220,1010.5,0.0,105,Moderate,CO,1,25,5,7,2026,1,2,0.25881904510252074,0.9659258262890683,-0.4999999999999997,-0.8660254037844388,96.2325,5.45134328358209,53.94,57.03,56.95,59.16,66.92,55.54,95.22,97.7,94.93,91.46,104.7,85.95,31.57,52.65,79.49,51.42,51.13,23.24,55.97333333333333,53.94,57.03,1.7613725708473105,56.796666666666674,53.94,59.16,1.7259972962513659,59.99916666666667,53.94,66.92,3.799460388321571,59.81666666666667,53.94,66.92,3.954748017770265
2026-07-25 02:18:43,Delhi,Delhi,"Anand Vihar, Delhi - DPCC",28.6139,77.209,52.25,81.57,64.37,34.15,1.6,35.74,18.69,98.0,3.28,72,1010.0,0.0,87,Satisfactory,PM25,2,25,5,7,2026,1,2,0.49999999999999994,0.8660254037844387,-0.4999999999999997,-0.8660254037844388,61.303200000000004,4.977145759268664,53.0,53.94,57.03,57.58,63.57,55.85,90.87,95.22,97.7,101.95,110.87,91.68,78.43,31.57,52.65,82.58,52.53,64.95,54.656666666666666,53.0,57.03,2.1084196293275412,55.77,53.0,57.58,1.8654972527453226,58.839166666666664,53.0,63.57,3.6148442902045925,59.71083333333334,53.0,66.92,4.105293419229727
2026-07-25 03:18:43,Delhi,Delhi,"Anand Vihar, Delhi - DPCC",28.6139,77.209,50.5,83.29,59.17,28.77,0.94,33.54,16.52,98.0,3.88,279,1010.7,0.0,84,Satisfactory,PM25,3,25,5,7,2026,1,2,0.7071067811865475,0.7071067811865476,-0.4999999999999997,-0.8660254037844388,64.0976,5.593607305936073,52.25,53.0,53.94,56.12,62.35,56.01,81.57,90.87,95.22,96.83,89.7,99.38,64.37,78.43,31.57,56.69,20.81,77.56,53.06333333333333,52.25,53.94,0.8467782078762922,54.88166666666667,52.25,57.03,2.0870976658189724,57.895833333333336,52.25,62.96,3.7428221203048055,59.560833333333335,52.25,66.92,4.313008550144911
2026-07-25 04:18:43,Delhi,Delhi,"Anand Vihar, Delhi - DPCC",28.6139,77.209,49.39,75.83,68.48,11.36,2.74,28.87,16.25,98.0,2.71,212,1012.4,4.0,109,Moderate,CO,4,25,5,7,2026,1,2,0.8660254037844386,0.5000000000000001,-0.4999999999999997,-0.8660254037844388,44.0375,5.681159420289855,50.5,52.25,53.0,56.95,62.96,55.8,83.29,81.57,90.87,94.93,103.2,80.72,59.17,64.37,78.43,79.49,32.71,42.07,51.916666666666664,50.5,53.0,1.2829003598621942,53.945,50.5,57.03,2.6146261683078755,56.90833333333333,50.5,62.96,4.014210741701094,59.331250000000004,50.5,66.92,4.644174764059854
2026-07-25 05:18:43,Delhi,Delhi,"Anand Vihar, Delhi - DPCC",28.6139,77.209,51.77,81.47,40.79,8.52,2.42,18.57,19.45,98.0,1.0,88,1011.5,0.0,105,Moderate,CO,5,25,5,7,2026,1,2,0.9659258262890683,0.25881904510252074,-0.4999999999999997,-0.8660254037844388,19.45,4.792176039119805,49.39,50.5,52.25,57.03,62.6,55.45,75.83,83.29,81.57,97.7,110.11,95.84,68.48,59.17,64.37,52.65,73.45,74.89,50.71333333333333,49.39,52.25,1.4418853398710048,52.685,49.39,57.03,2.6971744474542807,55.777499999999996,49.39,62.6,4.065486943886266,59.064166666666665,49.39,66.92,5.024803622956362
2026-07-25 06:18:43,Delhi,Delhi,"Anand Vihar, Delhi - DPCC",28.6139,77.209,54.47,94.73,39.98,18.8,1.53,30.65,19.28,88.18,4.93,232,1010.8,0.0,95,Satisfactory,PM10,6,25,5,7,2026,1,2,1.0,6.123233995736766e-17,-0.4999999999999997,-0.8660254037844388,95.0504,4.348126232741618,51.77,49.39,50.5,53.94,60.81,57.35,81.47,75.83,83.29,95.22,101.49,99.07,40.79,68.48,59.17,31.57,56.43,79.42,50.553333333333335,49.39,51.77,1.1908960212104895,51.80833333333333,49.39,53.94,1.6565435903310723,54.875,49.39,60.81,3.587218471690426,58.91083333333333,49.39,66.92,5.193212055103798
2026-07-25 07:18:43,Delhi,Delhi,"Anand Vihar, Delhi - DPCC",28.6139,77.209,55.68,81.9,71.9,23.2,2.69,16.81,21.12,84.74,1.72,199,1010.7,0.0,108,Moderate,CO,7,25,5,7,2026,1,2,0.9659258262890683,-0.25881904510252063,-0.4999999999999997,-0.8660254037844388,36.3264,3.830922242314647,54.47,51.77,49.39,53.0,59.16,60.35,94.73,81.47,75.83,90.87,91.46,103.01,39.98,40.79,68.48,78.43,51.42,44.97,51.876666666666665,49.39,54.47,2.5416792349418422,51.89666666666667,49.39,54.47,1.8007961202387577,54.346666666666664,49.39,59.16,3.0620799031596135,58.79083333333333,49.39,66.92,5.263643073556297
2026-07-25 08:18:43,Delhi,Delhi,"Anand Vihar, Delhi - DPCC",28.6139,77.209,58.3,88.02,63.79,28.13,1.55,22.32,26.14,85.22,1.87,304,1010.6,0.0,97,Satisfactory,PM25,8,25,5,7,2026,1,2,0.8660254037844387,-0.4999999999999998,-0.4999999999999997,-0.8660254037844388,48.881800000000005,3.140014738393515,55.68,54.47,51.77,52.25,57.58,59.73,81.9,94.73,81.47,81.57,101.95,90.84,71.9,39.98,40.79,64.37,82.58,51.13,53.97333333333333,51.77,55.68,2.001757561078233,52.343333333333334,49.39,55.68,2.371224718719626,54.05666666666667,49.39,57.58,2.709244555333964,58.596250000000005,49.39,66.92,5.289752860586879
2026-07-25 09:18:43,Delhi,Delhi,"Anand Vihar, Delhi - DPCC",28.6139,77.209,61.53,95.71,60.98,11.89,2.91,49.09,26.28,70.48,5.45,55,1009.9,0.0,111,Moderate,CO,9,25,5,7,2026,1,2,0.7071067811865476,-0.7071067811865475,-0.4999999999999997,-0.8660254037844388,143.226,2.5835777126099706,58.3,55.68,54.47,50.5,56.12,62.57,88.02,81.9,94.73,83.29,96.83,99.17,63.79,71.9,39.98,59.17,56.69,68.36,56.15,54.47,58.3,1.9577793542684647,53.35166666666666,49.39,58.3,3.390760485004356,54.11666666666667,49.39,58.3,2.8007931776986124,58.53666666666667,49.39,66.92,5.284478228257513
2026-07-25 10:18:43,Delhi,Delhi,"Anand Vihar, Delhi - DPCC",28.6139,77.209,63.54,90.18,20.06,24.2,1.22,57.59,27.29,64.91,3.01,97,1009.0,0.0,110,Moderate,PM25,10,25,5,7,2026,1,2,0.49999999999999994,-0.8660254037844387,-0.4999999999999997,-0.8660254037844388,82.1429,2.294450335807706,61.53,58.3,55.68,49.39,56.95,65.04,95.71,88.02,81.9,75.83,94.93,91.45,60.98,63.79,71.9,68.48,79.49,71.67,58.50333333333333,55.68,61.53,2.930295775742176,55.19,49.39,61.53,4.380926842575707,54.567499999999995,49.39,61.53,3.50057170655422,58.49333333333333,49.39,66.92,5.254143430513287
2026-07-25 11:18:43,Delhi,Delhi,"Anand Vihar, Delhi - DPCC",28.6139,77.209,64.19,101.7,21.23,8.45,1.74,60.72,27.18,68.53,3.9,302,1012.8,0.0,112,Moderate,PM25,11,25,5,7,2026,1,2,0.258819045102521,-0.9659258262890682,-0.4999999999999997,-0.8660254037844388,106.002,2.4318665720369057,63.54,61.53,58.3,51.77,57.03,65.75,90.18,95.71,88.02,81.47,97.7,108.49,20.06,60.98,63.79,40.79,52.65,69.64,61.12333333333333,58.3,63.54,2.6435645127992675,57.548333333333325,51.77,63.54,4.442402127978407,55.116666666666674,49.39,63.54,4.327548819814679,58.43083333333333,49.39,66.92,5.181299078892057
2026-07-25 12:18:43,Delhi,Delhi,"Anand Vihar, Delhi - DPCC",28.6139,77.209,65.98,100.99,49.92,33.88,2.22,66.98,30.53,55.75,4.22,29,1012.2,0.0,118,Moderate,PM25,12,25,5,7,2026,1,2,1.2246467991473532e-16,-1.0,-0.4999999999999997,-0.8660254037844388,128.8366,1.7681573104979385,64.19,63.54,61.53,54.47,53.94,66.17,101.7,90.18,95.71,94.73,95.22,97.33,21.23,20.06,60.98,39.98,31.57,48.65,63.086666666666666,61.53,64.19,1.3867347739676177,59.61833333333334,54.47,64.19,4.091158352675575,55.71333333333333,49.39,64.19,5.048824045500582,58.365833333333335,49.39,66.92,5.094546032313623
2026-07-25 13:18:43,Delhi,Delhi,"Anand Vihar, Delhi - DPCC",28.6139,77.209,66.67,107.57,28.47,8.69,2.35,65.0,32.56,50.31,9.17,183,1013.2,0.0,120,Moderate,PM25,13,25,5,7,2026,1,2,-0.2588190451025208,-0.9659258262890683,-0.4999999999999997,-0.8660254037844388,298.5752,1.4991060786650774,65.98,64.19,63.54,55.68,53.0,66.92,100.99,101.7,90.18,81.9,90.87,104.7,49.92,21.23,20.06,71.9,78.43,51.13,64.57,63.54,65.98,1.2636059512352904,61.53666666666666,55.68,65.98,3.887758565892071,56.71666666666667,49.39,65.98,5.804202761531534,58.35791666666666,49.39,66.92,5.082023714646759
2026-07-25 14:18:43,Delhi,Delhi,"Anand Vihar, Delhi - DPCC",28.6139,77.209,68.04,101.11,23.96,22.36,0.74,67.45,33.42,52.71,9.03,230,1008.5,0.0,125,Moderate,PM25,14,25,5,7,2026,1,2,-0.4999999999999997,-0.8660254037844388,-0.4999999999999997,-0.8660254037844388,301.7826,1.5313771063335269,66.67,65.98,64.19,58.3,52.25,63.57,107.57,100.99,101.7,88.02,81.57,110.87,28.47,49.92,21.23,63.79,64.37,52.53,65.61333333333333,64.19,66.67,1.2800130207658968,63.36833333333333,58.3,66.67,3.082008544223588,57.85583333333333,49.39,66.67,6.326418573703255,58.347500000000004,49.39,66.67,5.063934928148456
2026-07-25 15:18:43,Delhi,Delhi,"Anand Vihar, Delhi - DPCC",28.6139,77.209,66.68,111.98,66.82,16.91,1.31,57.26,33.64,48.88,10.06,338,1012.2,0.0,120,Moderate,PM25,15,25,5,7,2026,1,2,-0.7071067811865471,-0.7071067811865479,-0.4999999999999997,-0.8660254037844388,338.4184,1.4110854503464203,68.04,66.67,65.98,61.53,50.5,62.35,101.11,107.57,100.99,95.71,83.29,89.7,23.96,28.47,49.92,60.98,59.17,20.81,66.89666666666666,65.98,68.04,1.0485386656341418,64.99166666666667,61.53,68.04,2.3587743992733246,59.171666666666674,49.39,68.04,6.686310075388589,58.53375,49.39,68.04,5.339095194880883
2026-07-25 16:18:43,Delhi,Delhi,"Anand Vihar, Delhi - DPCC",28.6139,77.209,65.92,104.03,62.84,31.42,0.69,49.92,33.02,49.93,11.56,108,1013.6,0.0,118,Moderate,PM25,16,25,5,7,2026,1,2,-0.8660254037844384,-0.5000000000000004,-0.4999999999999997,-0.8660254037844388,381.7112000000001,1.4676660787771898,66.68,68.04,66.67,63.54,49.39,62.96,111.98,101.11,107.57,90.18,75.83,103.2,66.82,23.96,28.47,20.06,68.48,32.71,67.13,66.67,68.04,0.7880989785530871,65.85000000000001,63.54,68.04,1.6891417939298583,60.52,49.39,68.04,6.404085343818399,58.71416666666667,49.39,68.04,5.542927272987017
2026-07-25 17:18:43,Delhi,Delhi,"Anand Vihar, Delhi - DPCC",28.6139,77.209,66.06,114.29,23.98,12.61,1.28,33.83,32.46,56.86,12.63,178,1009.5,0.0,118,Moderate,PM25,17,25,5,7,2026,1,2,-0.9659258262890683,-0.25881904510252063,-0.4999999999999997,-0.8660254037844388,409.9698,1.6993424985056784,65.92,66.68,68.04,64.19,51.77,62.6,104.03,111.98,101.11,101.7,81.47,110.11,62.84,66.82,23.96,21.23,40.79,73.45,66.88,65.92,68.04,1.074057726566174,66.24666666666667,64.19,68.04,1.2641782574729126,61.8975,51.77,68.04,5.5074199948796805,58.8375,49.39,68.04,5.672913713428054
2026-07-25 18:18:43,Delhi,Delhi,"Anand Vihar, Delhi - DPCC",28.6139,77.209,62.19,90.23,58.97,9.97,1.43,32.75,34.26,57.47,9.98,120,1008.1,0.0,105,Moderate,PM25,18,25,5,7,2026,1,2,-1.0,-1.8369701987210297e-16,-0.4999999999999997,-0.8660254037844388,341.9148,1.6298922291548497,66.06,65.92,66.68,65.98,54.47,60.81,114.29,104.03,111.98,100.99,94.73,101.49,23.98,62.84,66.82,49.92,39.98,56.43,66.22,65.92,66.68,0.40447496831904983,66.55833333333334,65.92,68.04,0.8016087990205982,63.08833333333334,54.47,68.04,4.586457998248478,58.98166666666666,49.39,68.04,5.814876473821017
2026-07-25 19:18:43,Delhi,Delhi,"Anand Vihar, Delhi - DPCC",28.6139,77.209,60.71,109.21,66.49,22.69,1.96,11.94,30.06,60.17,8.51,165,1009.3,0.0,211,Poor,PM25,19,25,5,7,2026,1,2,-0.9659258262890684,0.2588190451025203,-0.4999999999999997,-0.8660254037844388,255.8106,1.9372182871860917,62.19,66.06,65.92,66.67,55.68,59.16,90.23,114.29,104.03,107.57,81.9,91.46,58.97,23.98,62.84,28.47,71.9,51.42,64.72333333333333,62.19,66.06,2.195047455826519,65.92666666666668,62.19,68.04,1.9782180533670355,63.73166666666666,55.68,68.04,3.7289575275704996,59.03916666666667,49.39,68.04,5.840508403024272
2026-07-25 20:18:43,Delhi,Delhi,"Anand Vihar, Delhi - DPCC",28.6139,77.209,58.69,97.49,86.37,15.75,1.5,3.9,24.52,67.76,12.98,57,1010.2,0.0,106,Moderate,NO2,20,25,5,7,2026,1,2,-0.8660254037844386,0.5000000000000001,-0.4999999999999997,-0.8660254037844388,318.2696,2.6551724137931036,60.71,62.19,66.06,68.04,58.3,57.58,109.21,90.23,114.29,101.11,88.02,101.95,66.49,58.97,23.98,23.96,63.79,82.58,62.98666666666667,60.71,66.06,2.7625411007496283,64.93333333333334,60.71,68.04,2.8392792512655873,64.15083333333332,58.3,68.04,2.9410741956371766,59.10375,49.39,68.04,5.850463981971673
2026-07-25 21:18:43,Delhi,Delhi,"Anand Vihar, Delhi - DPCC",28.6139,77.209,57.19,92.94,55.62,25.27,1.69,0.0,26.58,71.91,8.52,244,1008.4,0.0,95,Satisfactory,PM25,21,25,5,7,2026,1,2,-0.7071067811865477,0.7071067811865474,-0.4999999999999997,-0.8660254037844388,226.46159999999998,2.607324147933285,58.69,60.71,62.19,66.68,61.53,56.12,97.49,109.21,90.23,111.98,95.71,96.83,86.37,66.49,58.97,66.82,60.98,56.69,60.529999999999994,58.69,62.19,1.7569291391511328,63.375,58.69,66.68,3.3185825287312958,64.18333333333334,58.69,68.04,2.8718835546580905,59.150000000000006,49.39,68.04,5.842276209179761
2026-07-25 22:18:43,Delhi,Delhi,"Anand Vihar, Delhi - DPCC",28.6139,77.209,54.4,96.26,45.04,34.0,0.65,0.0,21.17,83.7,8.97,92,1014.5,0.0,96,Satisfactory,PM10,22,25,5,7,2026,1,2,-0.5000000000000004,0.8660254037844384,-0.4999999999999997,-0.8660254037844388,189.89490000000004,3.7753721244925575,57.19,58.69,60.71,65.92,63.54,56.95,92.94,97.49,109.21,104.03,90.18,94.93,55.62,86.37,66.49,62.84,20.06,79.49,58.86333333333332,57.19,60.71,1.7663899154298186,61.79333333333333,57.19,66.06,3.6711342479766733,63.821666666666665,57.19,68.04,3.4512417615939537,59.194583333333334,49.39,68.04,5.822196641464806
2026-07-25 23:18:43,Delhi,Delhi,"Anand Vihar, Delhi - DPCC",28.6139,77.209,53.06,78.78,74.67,33.19,1.69,0.0,22.91,88.03,6.12,8,1010.8,0.0,93,Satisfactory,NO2,23,25,5,7,2026,1,2,-0.25881904510252157,0.9659258262890681,-0.4999999999999997,-0.8660254037844388,140.2092,3.68172312839816,54.4,57.19,58.69,66.06,64.19,57.03,96.26,92.94,97.49,114.29,101.7,97.7,45.04,55.62,86.37,23.98,21.23,52.65,56.75999999999999,54.4,58.69,2.177085207335583,59.873333333333335,54.4,66.06,4.071848065272971,63.059999999999995,54.4,68.04,4.397815573461699,59.08833333333333,49.39,68.04,5.887836885343022
2026-07-26 00:18:43,Delhi,Delhi,"Anand Vihar, Delhi - DPCC",28.6139,77.209,52.34,83.5,54.75,24.67,1.49,22.61,19.49,95.29,7.19,249,1014.5,0.0,87,Satisfactory,PM25,0,26,6,7,2026,1,2,0.0,1.0,-0.4999999999999997,-0.8660254037844388,140.13309999999998,4.650561249389947,53.06,54.4,57.19,62.19,65.98,53.94,78.78,96.26,92.94,90.23,100.99,95.22,74.67,45.04,55.62,58.97,49.92,31.57,54.883333333333326,53.06,57.19,2.1069962822305275,57.706666666666656,53.06,62.19,3.5462581218330973,62.1325,53.06,68.04,5.23231762484591,58.92291666666666,49.39,68.04,6.00282432017135
2026-07-26 01:18:43,Delhi,Delhi,"Anand Vihar, Delhi - DPCC",28.6139,77.209,51.46,80.68,49.1,14.92,1.76,22.27,18.83,95.73,8.38,165,1014.9,0.0,87,Satisfactory,CO,1,26,6,7,2026,1,2,0.25881904510252074,0.9659258262890683,-0.4999999999999997,-0.8660254037844388,157.7954,4.827534039334343,52.34,53.06,54.4,60.71,66.67,53.0,83.5,78.78,96.26,109.21,107.57,90.87,54.75,74.67,45.04,66.49,28.47,78.43,53.26666666666666,52.34,54.4,1.0454345189124543,56.065,52.34,60.71,3.3289683086506736,60.99583333333334,52.34,68.04,5.774035076149646,58.856249999999996,49.39,68.04,6.0690890459628415
2026-07-26 02:18:43,Delhi,Delhi,"Anand Vihar, Delhi - DPCC",28.6139,77.209,50.11,88.09,49.8,24.2,1.0,28.52,15.66,98.0,3.11,299,1013.0,0.0,88,Satisfactory,PM10,2,26,6,7,2026,1,2,0.49999999999999994,0.8660254037844387,-0.4999999999999997,-0.8660254037844388,48.7026,5.88235294117647,51.46,52.34,53.06,58.69,68.04,52.25,80.68,83.5,78.78,97.49,101.11,81.57,49.1,54.75,74.67,86.37,23.96,64.37,52.28666666666666,51.46,53.06,0.8013322240706332,54.52333333333333,51.46,58.69,2.855861808047997,59.72833333333333,51.46,68.04,6.0767183627848365,58.79208333333333,49.39,68.04,6.141407556526631
2026-07-26 03:18:43,Delhi,Delhi,"Anand Vihar, Delhi - DPCC",28.6139,77.209,53.26,83.57,59.09,14.99,0.75,25.34,17.16,95.02,3.28,261,1008.5,0.0,89,Satisfactory,PM25,3,26,6,7,2026,1,2,0.7071067811865475,0.7071067811865476,-0.4999999999999997,-0.8660254037844388,56.2848,5.2323788546255505,50.11,51.46,52.34,57.19,66.68,50.5,88.09,80.68,83.5,92.94,111.98,83.29,49.8,49.1,54.75,55.62,66.82,59.17,51.303333333333335,50.11,52.34,1.123224524898857,53.093333333333334,50.11,57.19,2.474943770405129,58.23416666666666,50.11,66.68,6.0515189052506795,58.70291666666666,49.39,68.04,6.255005980719817
2026-07-26 04:18:43,Delhi,Delhi,"Anand Vihar, Delhi - DPCC",28.6139,77.209,53.66,90.26,54.05,33.67,1.92,15.37,19.65,96.33,2.45,332,1008.7,0.0,95,Satisfactory,CO,4,26,6,7,2026,1,2,0.8660254037844386,0.5000000000000001,-0.4999999999999997,-0.8660254037844388,48.1425,4.664891041162228,53.26,50.11,51.46,54.4,65.92,49.39,83.57,88.09,80.68,96.26,104.03,75.83,59.09,49.8,49.1,45.04,62.84,68.48,51.60999999999999,50.11,53.26,1.5803480629281759,52.43833333333333,50.11,54.4,1.503175527563947,57.115833333333335,50.11,66.06,5.56965717621887,58.81791666666666,49.39,68.04,6.121584747337952
2026-07-26 05:18:43,Delhi,Delhi,"Anand Vihar, Delhi - DPCC",28.6139,77.209,55.57,84.66,79.51,9.04,0.88,20.62,17.42,97.31,2.91,25,1008.2,0.0,99,Satisfactory,NO2,5,26,6,7,2026,1,2,0.9659258262890683,0.25881904510252074,-0.4999999999999997,-0.8660254037844388,50.69220000000001,5.282844733984799,53.66,53.26,50.11,53.06,66.06,51.77,90.26,83.57,88.09,78.78,114.29,81.47,54.05,59.09,49.8,74.67,23.98,40.79,52.34333333333333,50.11,53.66,1.9444365079204728,52.315,50.11,53.66,1.3304698418229859,56.09416666666667,50.11,66.06,4.890953538437243,58.99583333333334,50.11,68.04,5.893460573910029
2026-07-26 06:18:43,Delhi,Delhi,"Anand Vihar, Delhi - DPCC",28.6139,77.209,56.72,87.77,69.97,16.81,2.2,17.35,19.2,88.83,4.17,269,1009.0,0.0,102,Moderate,CO,6,26,6,7,2026,1,2,1.0,6.123233995736766e-17,-0.4999999999999997,-0.8660254037844388,80.064,4.397524752475247,55.57,53.66,53.26,52.34,62.19,54.47,84.66,90.26,83.57,83.5,90.23,94.73,79.51,54.05,59.09,54.75,58.97,39.98,54.16333333333333,53.26,55.57,1.2345174495864615,52.73333333333334,50.11,55.57,1.8889538550920597,55.22,50.11,62.19,3.752848615022058,59.15416666666667,50.11,68.04,5.739937067271025
2026-07-26 07:18:43,Delhi,Delhi,"Anand Vihar, Delhi - DPCC",28.6139,77.209,57.39,102.16,54.71,17.88,2.69,23.23,19.12,89.58,1.95,59,1013.1,0.0,108,Moderate,CO,7,26,6,7,2026,1,2,0.9659258262890683,-0.25881904510252063,-0.4999999999999997,-0.8660254037844388,37.284,4.452286282306162,56.72,55.57,53.66,51.46,60.71,55.68,87.77,84.66,90.26,80.68,109.21,81.9,69.97,79.51,54.05,49.1,66.49,71.9,55.31666666666666,53.66,56.72,1.5456498094112856,53.46333333333333,50.11,56.72,2.4650409056782743,54.764166666666675,50.11,60.71,3.105688207535407,59.24791666666667,50.11,68.04,5.678146497311207
2026-07-26 08:18:43,Delhi,Delhi,"Anand Vihar, Delhi - DPCC",28.6139,77.209,59.14,83.39,71.23,11.92,2.86,36.41,23.47,85.98,2.89,52,1011.4,0.0,110,Moderate,CO,8,26,6,7,2026,1,2,0.8660254037844387,-0.4999999999999998,-0.4999999999999997,-0.8660254037844388,67.8283,3.513690232938292,57.39,56.72,55.57,50.11,58.69,58.3,102.16,87.77,84.66,88.09,97.49,88.02,54.71,69.97,79.51,49.8,86.37,63.79,56.559999999999995,55.57,57.39,0.9204890004771719,54.45166666666666,50.11,57.39,2.6805478295802123,54.487500000000004,50.11,58.69,2.6409678838707227,59.31916666666666,50.11,68.04,5.64204319810433
2026-07-26 09:18:43,Delhi,Delhi,"Anand Vihar, Delhi - DPCC",28.6139,77.209,60.17,102.33,39.75,25.72,1.14,46.61,25.18,75.19,1.71,94,1013.1,0.0,210,Poor,PM25,9,26,6,7,2026,1,2,0.7071067811865476,-0.7071067811865475,-0.4999999999999997,-0.8660254037844388,43.0578,2.8720397249809015,59.14,57.39,56.72,53.26,57.19,61.53,83.39,102.16,87.77,83.57,92.94,95.71,71.23,54.71,69.97,59.09,55.62,60.98,57.75,56.72,59.14,1.249519907804245,55.95666666666667,53.26,59.14,2.2568532665344474,54.525,50.11,59.14,2.708399393133796,59.354166666666664,50.11,68.04,5.638050014944393
2026-07-26 10:18:43,Delhi,Delhi,"Anand Vihar, Delhi - DPCC",28.6139,77.209,60.55,103.0,21.84,15.65,1.7,36.7,28.56,65.99,3.18,232,1008.8,0.0,211,Poor,PM25,10,26,6,7,2026,1,2,0.49999999999999994,-0.8660254037844387,-0.4999999999999997,-0.8660254037844388,90.8208,2.2324086603518265,60.17,59.14,57.39,53.66,54.4,63.54,102.33,83.39,102.16,90.26,96.26,90.18,39.75,71.23,54.71,54.05,45.04,20.06,58.9,57.39,60.17,1.40545366341221,57.10833333333333,53.66,60.17,2.365970554902833,54.77333333333333,50.11,60.17,3.0853534741754154,59.29750000000001,50.11,68.04,5.622042217526666
2026-07-26 11:18:43,Delhi,Delhi,"Anand Vihar, Delhi - DPCC",28.6139,77.209,63.86,89.46,73.32,15.29,2.07,63.47,28.96,61.87,3.63,177,1010.2,0.0,202,Poor,CO,11,26,6,7,2026,1,2,0.258819045102521,-0.9659258262890682,-0.4999999999999997,-0.8660254037844388,105.1248,2.065086782376502,60.55,60.17,59.14,55.57,53.06,64.19,103.0,102.33,83.39,84.66,78.78,101.7,21.84,39.75,71.23,79.51,74.67,21.23,59.953333333333326,59.14,60.55,0.7295432360949078,58.25666666666667,55.57,60.55,2.0015560613350867,55.285833333333336,50.11,60.55,3.500546602339663,59.17291666666667,50.11,68.04,5.5566908193923155
2026-07-26 12:18:43,Delhi,Delhi,"Anand Vihar, Delhi - DPCC",28.6139,77.209,63.36,105.67,57.96,14.27,2.57,69.86,28.55,48.91,7.07,135,1013.0,0.0,109,Moderate,PM25,12,26,6,7,2026,1,2,1.2246467991473532e-16,-1.0,-0.4999999999999997,-0.8660254037844388,201.8485,1.6551607445008458,63.86,60.55,60.17,56.72,52.34,65.98,89.46,103.0,102.33,87.77,83.5,100.99,73.32,21.84,39.75,69.97,54.75,49.92,61.526666666666664,60.17,63.86,2.0296387199034664,59.63833333333333,56.72,63.86,2.559542276788421,56.185833333333335,50.11,63.86,4.195604752884201,59.159166666666664,50.11,68.04,5.544130399265333
2026-07-26 13:18:43,Delhi,Delhi,"Anand Vihar, Delhi - DPCC",28.6139,77.209,64.68,97.08,21.11,26.88,2.02,60.27,30.36,55.34,7.59,214,1012.6,2.9,201,Poor,CO,13,26,6,7,2026,1,2,-0.2588190451025208,-0.9659258262890683,-0.4999999999999997,-0.8660254037844388,230.4324,1.764668367346939,63.36,63.86,60.55,57.39,51.46,66.67,105.67,89.46,103.0,102.16,80.68,107.57,57.96,73.32,21.84,54.71,49.1,28.47,62.589999999999996,60.55,63.86,1.7842925769048492,60.745000000000005,57.39,63.86,2.4796027907712586,57.104166666666664,50.11,63.86,4.474089970106359,59.050000000000004,50.11,68.04,5.428575760050579
2026-07-26 14:18:43,Delhi,Delhi,"Anand Vihar, Delhi - DPCC",28.6139,77.209,65.21,111.55,39.27,17.62,1.16,54.65,29.93,51.29,9.23,56,1013.1,0.0,115,Moderate,PM25,14,26,6,7,2026,1,2,-0.4999999999999997,-0.8660254037844388,-0.4999999999999997,-0.8660254037844388,276.2539,1.6582605884254769,64.68,63.36,63.86,59.14,50.11,68.04,97.08,105.67,89.46,83.39,88.09,101.11,21.11,57.96,73.32,71.23,49.8,23.96,63.96666666666667,63.36,64.68,0.6664332924837171,61.96,59.14,64.68,2.2853008554675354,58.20583333333334,50.11,64.68,4.584210962806514,58.967083333333335,50.11,68.04,5.32126372630859
2026-07-26 15:18:43,Delhi,Delhi,"Anand Vihar, Delhi - DPCC",28.6139,77.209,63.8,99.74,26.41,30.05,2.04,56.0,33.58,46.83,8.54,38,1014.8,0.0,201,Poor,CO,15,26,6,7,2026,1,2,-0.7071067811865471,-0.7071067811865479,-0.4999999999999997,-0.8660254037844388,286.7732,1.354251012145749,65.21,64.68,63.36,60.17,53.26,66.68,111.55,97.08,105.67,102.33,83.57,111.98,39.27,21.11,57.96,39.75,59.09,66.82,64.41666666666667,63.36,65.21,0.9526979234419262,62.971666666666664,60.17,65.21,2.125195677265348,59.46416666666667,53.26,65.21,4.217710405019095,58.84916666666666,50.11,66.68,5.139730086523892
2026-07-26 16:18:43,Delhi,Delhi,"Anand Vihar, Delhi - DPCC",28.6139,77.209,64.9,92.0,54.02,18.75,2.3,36.53,33.08,54.73,9.33,188,1011.9,2.4,114,Moderate,PM25,16,26,6,7,2026,1,2,-0.8660254037844384,-0.5000000000000004,-0.4999999999999997,-0.8660254037844388,308.6364,1.6059272300469483,63.8,65.21,64.68,60.55,53.66,65.92,99.74,111.55,97.08,103.0,90.26,104.03,26.41,39.27,21.11,21.84,54.05,62.84,64.56333333333333,63.8,65.21,0.7122031545356405,63.576666666666675,60.55,65.21,1.6262185175022843,60.3425,53.66,65.21,3.893234516440061,58.729166666666664,50.11,66.06,4.980091597434796
2026-07-26 17:18:43,Delhi,Delhi,"Anand Vihar, Delhi - DPCC",28.6139,77.209,65.13,116.69,62.72,21.32,2.49,28.43,33.71,48.04,9.73,37,1013.3,0.0,115,Moderate,PM25,17,26,6,7,2026,1,2,-0.9659258262890683,-0.25881904510252063,-0.4999999999999997,-0.8660254037844388,327.99830000000003,1.3840391817919908,64.9,63.8,65.21,63.86,55.57,66.06,92.0,99.74,111.55,89.46,84.66,114.29,54.02,26.41,39.27,73.32,79.51,23.98,64.63666666666667,63.8,65.21,0.7409678355573197,64.30166666666666,63.36,65.21,0.7293398841879816,61.27916666666667,55.57,65.21,3.46825724728337,58.68666666666667,50.11,66.06,4.9200474252456905
2026-07-26 18:18:43,Delhi,Delhi,"Anand Vihar, Delhi - DPCC",28.6139,77.209,60.99,96.62,26.96,26.17,1.55,35.42,32.67,55.62,9.62,232,1013.9,0.0,211,Poor,PM25,18,26,6,7,2026,1,2,-1.0,-1.8369701987210297e-16,-0.4999999999999997,-0.8660254037844388,314.2854,1.6519156519156517,65.13,64.9,63.8,63.36,56.72,62.19,116.69,92.0,99.74,105.67,87.77,90.23,62.72,54.02,26.41,57.96,69.97,58.97,64.61,63.8,65.13,0.71084456809993,64.51333333333334,63.36,65.21,0.7592013347375892,62.07583333333333,56.72,65.21,3.1179114756030626,58.647916666666674,50.11,65.21,4.862779648081659
2026-07-26 19:18:43,Delhi,Delhi,"Anand Vihar, Delhi - DPCC",28.6139,77.209,58.6,101.59,59.31,33.97,1.28,15.08,30.24,56.14,12.24,75,1012.2,0.0,101,Moderate,PM10,19,26,6,7,2026,1,2,-0.9659258262890684,0.2588190451025203,-0.4999999999999997,-0.8660254037844388,370.13759999999996,1.797055057618438,60.99,65.13,64.9,64.68,57.39,60.71,96.62,116.69,92.0,97.08,102.16,109.21,26.96,62.72,54.02,21.11,54.71,66.49,63.67333333333334,60.99,65.13,2.3266786055084485,64.11833333333333,60.99,65.21,1.6142789928222872,62.431666666666665,57.39,65.21,2.6613353904771864,58.59791666666667,50.11,65.21,4.8308402178239165
2026-07-26 20:18:43,Delhi,Delhi,"Anand Vihar, Delhi - DPCC",28.6139,77.209,55.86,94.55,50.41,12.73,2.62,15.5,28.09,76.9,7.5,108,1011.5,0.0,108,Moderate,CO,20,26,6,7,2026,1,2,-0.8660254037844386,0.5000000000000001,-0.4999999999999997,-0.8660254037844388,210.675,2.643520110003438,58.6,60.99,65.13,65.21,59.14,58.69,101.59,96.62,116.69,111.55,83.39,97.49,59.31,26.96,62.72,39.27,71.23,86.37,61.57333333333333,58.6,65.13,3.3038512880169475,63.105,58.6,65.21,2.7204760612805754,62.5325,58.6,65.21,2.468916306251191,58.51,50.11,65.21,4.809885653526507
2026-07-26 21:18:43,Delhi,Delhi,"Anand Vihar, Delhi - DPCC",28.6139,77.209,55.39,95.1,49.69,16.1,0.95,2.87,28.02,74.21,7.41,290,1010.1,0.0,95,Satisfactory,PM10,21,26,6,7,2026,1,2,-0.7071067811865477,0.7071067811865474,-0.4999999999999997,-0.8660254037844388,207.6282,2.5572019297036523,55.86,58.6,60.99,63.8,60.17,57.19,94.55,101.59,96.62,99.74,102.33,92.94,50.41,59.31,26.96,26.41,39.75,55.62,58.48333333333333,55.86,60.99,2.5669891572291568,61.54666666666666,55.86,65.13,3.75482445217714,62.259166666666665,55.86,65.21,3.002539707809039,58.392083333333325,50.11,65.21,4.839876911089051
2026-07-26 22:18:43,Delhi,Delhi,"Anand Vihar, Delhi - DPCC",28.6139,77.209,55.18,78.58,24.89,25.36,1.62,5.99,26.31,73.74,7.64,38,1014.5,0.0,92,Satisfactory,PM25,22,26,6,7,2026,1,2,-0.5000000000000004,0.8660254037844384,-0.4999999999999997,-0.8660254037844388,201.0084,2.7001098498718417,55.39,55.86,58.6,64.9,60.55,54.4,95.1,94.55,101.59,92.0,103.0,96.26,49.69,50.41,59.31,54.02,21.84,45.04,56.61666666666667,55.39,58.6,1.733618566274755,60.145,55.39,65.13,4.278610755841282,61.86083333333334,55.39,65.21,3.568606701204137,58.31708333333333,50.11,65.21,4.873146897889078
2026-07-26 23:18:43,Delhi,Delhi,"Anand Vihar, Delhi - DPCC",28.6139,77.209,53.33,75.35,37.8,23.78,1.53,4.23,19.75,87.88,6.61,308,1011.4,4.0,89,Satisfactory,PM25,23,26,6,7,2026,1,2,-0.25881904510252157,0.9659258262890681,-0.4999999999999997,-0.8660254037844388,130.5475,4.235180722891566,55.18,55.39,55.86,65.13,63.86,53.06,78.58,95.1,94.55,116.69,89.46,78.78,24.89,49.69,50.41,62.72,73.32,74.67,55.47666666666667,55.18,55.86,0.34818577416779345,58.525,55.18,65.13,3.945309873761591,61.41333333333333,55.18,65.21,4.0518981709661785,58.349583333333335,50.11,65.21,4.848425543784635
2026-07-27 00:18:43,Delhi,Delhi,"Anand Vihar, Delhi - DPCC",28.6139,77.209,52.95,93.45,76.95,30.3,1.37,37.65,19.28,93.65,4.01,67,1008.2,0.0,96,Satisfactory,NO2,0,27,0,7,2026,0,2,0.0,1.0,-0.4999999999999997,-0.8660254037844388,77.3128,4.617850098619329,53.33,55.18,55.39,60.99,63.36,52.34,75.35,78.58,95.1,96.62,105.67,83.5,37.8,24.89,49.69,26.96,57.96,54.75,54.63333333333333,53.33,55.39,1.1335931074830339,56.55833333333334,53.33,60.99,2.756181537320684,60.53583333333333,53.33,65.21,4.579705147978907,58.36083333333334,50.11,65.21,4.8359153772819505
2026-07-27 01:18:43,Delhi,Delhi,"Anand Vihar, Delhi - DPCC",28.6139,77.209,54.16,90.14,43.69,28.09,2.57,38.15,17.58,93.27,4.84,328,1008.6,0.0,107,Moderate,CO,1,27,0,7,2026,0,2,0.25881904510252074,0.9659258262890683,-0.4999999999999997,-0.8660254037844388,85.0872,5.019913885898816,52.95,53.33,55.18,58.6,64.68,51.46,93.45,75.35,78.58,101.59,97.08,80.68,76.95,37.8,24.89,59.31,21.11,49.1,53.82,52.95,55.18,1.193021374494149,55.218333333333334,52.95,58.6,2.0292601278957347,59.66833333333333,52.95,65.21,4.965782614019386,58.38625,50.11,65.21,4.804395462581084
2026-07-27 02:18:43,Delhi,Delhi,"Anand Vihar, Delhi - DPCC",28.6139,77.209,53.72,84.05,29.53,32.91,0.61,37.35,15.74,98.0,5.59,253,1009.8,0.0,89,Satisfactory,PM25,2,27,0,7,2026,0,2,0.49999999999999994,0.8660254037844387,-0.4999999999999997,-0.8660254037844388,87.9866,5.854241338112305,54.16,52.95,53.33,55.86,65.21,50.11,90.14,93.45,75.35,94.55,111.55,88.09,43.69,76.95,37.8,50.41,39.27,49.8,53.48,52.95,54.16,0.6187891401761952,54.47833333333333,52.95,55.86,1.1822253028367364,58.791666666666664,52.95,65.21,4.929054553144954,58.498749999999994,50.11,65.21,4.664740369773159
2026-07-27 03:18:43,Delhi,Delhi,"Anand Vihar, Delhi - DPCC",28.6139,77.209,51.97,81.08,61.39,32.46,0.89,29.28,17.82,98.0,2.72,25,1012.8,0.0,86,Satisfactory,PM25,3,27,0,7,2026,0,2,0.7071067811865475,0.7071067811865476,-0.4999999999999997,-0.8660254037844388,48.470400000000005,5.207226354941551,53.72,54.16,52.95,55.39,63.8,53.26,84.05,90.14,93.45,95.1,99.74,83.57,29.53,43.69,76.95,49.69,26.41,59.09,53.61000000000001,52.95,54.16,0.6124540799112723,54.12166666666667,52.95,55.39,0.98904836417003,57.83416666666667,52.95,65.13,4.678543787301466,58.649166666666666,52.95,65.21,4.435027490397303
2026-07-27 04:18:43,Delhi,Delhi,"Anand Vihar, Delhi - DPCC",28.6139,77.209,54.43,92.64,65.18,21.98,2.56,29.7,17.77,98.0,4.28,182,1009.6,0.0,107,Moderate,CO,4,27,0,7,2026,0,2,0.8660254037844386,0.5000000000000001,-0.4999999999999997,-0.8660254037844388,76.0556,5.221097496004262,51.97,53.72,54.16,55.18,64.9,53.66,81.08,84.05,90.14,78.58,92.0,90.26,61.39,29.53,43.69,24.89,54.02,54.05,53.28333333333333,51.97,54.16,1.15846162359112,53.55166666666667,51.97,55.18,1.092033271776738,56.84833333333333,51.97,65.13,4.551836459223386,58.595416666666665,51.97,65.21,4.5103581070269
2026-07-27 05:18:43,Delhi,Delhi,"Anand Vihar, Delhi - DPCC",28.6139,77.209,55.32,96.86,43.72,20.59,2.49,28.05,17.61,96.98,2.51,11,1014.3,10.2,106,Moderate,CO,5,27,0,7,2026,0,2,0.9659258262890683,0.25881904510252074,-0.4999999999999997,-0.8660254037844388,44.2011,5.211176786673832,54.43,51.97,53.72,53.33,65.13,55.57,92.64,81.08,84.05,75.35,116.69,84.66,65.18,61.39,29.53,37.8,62.72,79.51,53.373333333333335,51.97,54.43,1.2661095265945042,53.42666666666667,51.97,54.43,0.8931890430739763,55.975833333333334,51.97,65.13,3.8114098043860087,58.6275,51.97,65.21,4.47633511781196
2026-07-27 06:18:43,Delhi,Delhi,"Anand Vihar, Delhi - DPCC",28.6139,77.209,56.95,80.51,70.55,20.58,0.81,32.67,18.74,88.52,2.43,5,1010.9,1.9,95,Satisfactory,PM25,6,27,0,7,2026,0,2,1.0,6.123233995736766e-17,-0.4999999999999997,-0.8660254037844388,45.538199999999996,4.484295845997973,55.32,54.43,51.97,52.95,60.99,56.72,96.86,92.64,81.08,93.45,96.62,87.77,43.72,65.18,61.39,76.95,26.96,69.97,53.906666666666666,51.97,55.32,1.7352329334510816,53.758333333333326,51.97,55.32,1.1750985774254883,55.15833333333333,51.97,60.99,2.493755230874758,58.61708333333333,51.97,65.21,4.484043671166421
2026-07-27 07:18:43,Delhi,Delhi,"Anand Vihar, Delhi - DPCC",28.6139,77.209,59.38,95.72,24.14,34.15,2.55,21.48,18.93,81.76,2.05,176,1013.4,0.0,107,Moderate,CO,7,27,0,7,2026,0,2,0.9659258262890683,-0.25881904510252063,-0.4999999999999997,-0.8660254037844388,38.80649999999999,4.10235825388861,56.95,55.32,54.43,54.16,58.6,57.39,80.51,96.86,92.64,90.14,101.59,102.16,70.55,43.72,65.18,43.69,59.31,54.71,55.56666666666666,54.43,56.95,1.2779801772065524,54.425000000000004,51.97,56.95,1.6595752468631062,54.821666666666665,51.97,58.6,1.8153027963467394,58.626666666666665,51.97,65.21,4.480056935456025
2026-07-27 08:18:43,Delhi,Delhi,"Anand Vihar, Delhi - DPCC",28.6139,77.209,61.7,99.69,86.95,11.57,2.41,26.23,24.16,76.83,2.31,134,1008.8,0.0,107,Moderate,NO2,8,27,0,7,2026,0,2,0.8660254037844387,-0.4999999999999998,-0.4999999999999997,-0.8660254037844388,55.8096,3.053656597774245,59.38,56.95,55.32,53.72,55.86,59.14,95.72,80.51,96.86,84.05,94.55,83.39,24.14,70.55,43.72,29.53,50.41,71.23,57.21666666666667,55.32,59.38,2.0430940588559627,55.29500000000001,51.97,59.38,2.5965881460102076,54.88666666666666,51.97,59.38,1.9702437935597357,58.70958333333334,51.97,65.21,4.474585702625999
2026-07-27 09:18:43,Delhi,Delhi,"Anand Vihar, Delhi - DPCC",28.6139,77.209,64.06,90.92,74.07,13.98,1.28,33.34,23.55,75.85,1.43,128,1014.8,0.0,111,Moderate,PM25,9,27,0,7,2026,0,2,0.7071067811865476,-0.7071067811865475,-0.4999999999999997,-0.8660254037844388,33.6765,3.0896130346232176,61.7,59.38,56.95,51.97,55.39,60.17,99.69,95.72,80.51,81.08,95.1,102.33,86.95,24.14,70.55,61.39,49.69,39.75,59.34333333333334,56.95,61.7,2.3752122712153723,56.625,51.97,61.7,3.511163624783199,55.373333333333335,51.97,61.7,2.785228351445721,58.81625,51.97,65.21,4.515617163751293
2026-07-27 10:18:43,Delhi,Delhi,"Anand Vihar, Delhi - DPCC",28.6139,77.209,66.69,93.72,52.87,28.07,1.08,37.1,26.67,67.93,2.73,182,1010.7,0.0,195,Moderate,CO,10,27,0,7,2026,0,2,0.49999999999999994,-0.8660254037844387,-0.4999999999999997,-0.8660254037844388,72.8091,2.4550054210336105,64.06,61.7,59.38,54.43,55.18,60.55,90.92,99.69,95.72,92.64,78.58,103.0,74.07,86.95,24.14,65.18,24.89,21.84,61.71333333333333,59.38,64.06,2.340028489854686,58.64000000000001,54.43,64.06,3.765373819423594,56.09583333333333,51.97,64.06,3.748045450227332,58.97833333333333,51.97,65.21,4.634568285008412
2026-07-27 11:18:43,Delhi,Delhi,"Anand Vihar, Delhi - DPCC",28.6139,77.209,69.07,99.6,66.14,26.59,2.23,61.68,28.74,58.1,5.24,193,1014.7,0.0,128,Moderate,PM25,11,27,0,7,2026,0,2,0.258819045102521,-0.9659258262890682,-0.4999999999999997,-0.8660254037844388,150.5976,1.95359784801614,66.69,64.06,61.7,55.32,53.33,63.86,93.72,90.92,99.69,96.86,75.35,89.46,52.87,74.07,86.95,43.72,37.8,73.32,64.14999999999999,61.7,66.69,2.4962171379905596,60.68333333333334,55.32,66.69,4.310854516991637,57.05500000000001,51.97,66.69,4.813653875837334,59.23416666666666,51.97,66.69,4.887655183051047
2026-07-27 12:18:43,Delhi,Delhi,"Anand Vihar, Delhi - DPCC",28.6139,77.209,68.91,123.19,39.12,19.07,1.99,48.89,30.04,57.46,7.93,168,1014.0,0.0,128,Moderate,PM25,12,27,0,7,2026,0,2,1.2246467991473532e-16,-1.0,-0.4999999999999997,-0.8660254037844388,238.2172,1.851159793814433,69.07,66.69,64.06,56.95,52.95,63.36,99.6,93.72,90.92,80.51,93.45,105.67,66.14,52.87,74.07,70.55,76.95,57.96,66.60666666666667,64.06,69.07,2.506039371863632,62.975,56.95,69.07,4.538232034614407,58.36666666666667,51.97,69.07,5.758178899828003,59.45125000000001,51.97,69.07,5.207291136306936
2026-07-27 13:18:43,Delhi,Delhi,"Anand Vihar, Delhi - DPCC",28.6139,77.209,67.22,116.04,44.2,33.26,2.69,52.87,31.5,52.97,8.19,232,1008.2,0.0,122,Moderate,PM25,13,27,0,7,2026,0,2,-0.2588190451025208,-0.9659258262890683,-0.4999999999999997,-0.8660254037844388,257.98499999999996,1.6298461538461537,68.91,69.07,66.69,59.38,54.16,64.68,123.19,99.6,93.72,95.72,90.14,97.08,39.12,66.14,52.87,24.14,43.69,21.11,68.22333333333334,66.69,69.07,1.3303132463184755,64.96833333333332,59.38,69.07,3.9512297663723643,59.69666666666666,51.97,69.07,6.218138179892971,59.6825,51.97,69.07,5.503245880150292
2026-07-27 14:18:43,Delhi,Delhi,"Anand Vihar, Delhi - DPCC",28.6139,77.209,68.55,120.71,50.5,19.08,2.51,66.85,34.74,47.98,5.32,92,1012.6,0.0,127,Moderate,PM25,14,27,0,7,2026,0,2,-0.4999999999999997,-0.8660254037844388,-0.4999999999999997,-0.8660254037844388,184.81680000000003,1.3424734191382204,67.22,68.91,69.07,61.7,53.72,65.21,116.04,123.19,99.6,99.69,84.05,111.55,44.2,39.12,66.14,86.95,29.53,39.27,68.39999999999999,67.22,69.07,1.025036584711508,66.27499999999999,61.7,69.07,2.8864285891045895,60.785,51.97,69.07,6.303317308442388,59.78833333333333,51.97,69.07,5.626573338741059
2026-07-27 15:18:43,Delhi,Delhi,"Anand Vihar, Delhi - DPCC",28.6139,77.209,67.23,97.25,32.27,10.28,1.96,47.0,33.41,51.85,10.16,58,1013.2,0.0,122,Moderate,PM25,15,27,0,7,2026,0,2,-0.7071067811865471,-0.7071067811865479,-0.4999999999999997,-0.8660254037844388,339.44559999999996,1.5068294100552166,68.55,67.22,68.91,64.06,51.97,63.8,120.71,116.04,123.19,90.92,81.08,99.74,50.5,44.2,39.12,74.07,61.39,26.41,68.22666666666667,67.22,68.91,0.8901872462186802,67.41666666666667,64.06,69.07,1.901679959053826,62.020833333333336,51.97,69.07,6.245751222497875,59.9275,51.97,69.07,5.804979309403996
2026-07-27 16:18:43,Delhi,Delhi,"Anand Vihar, Delhi - DPCC",28.6139,77.209,66.88,98.4,65.41,9.29,2.71,37.37,30.7,53.47,10.22,4,1011.5,0.0,121,Moderate,PM25,16,27,0,7,2026,0,2,-0.8660254037844384,-0.5000000000000004,-0.4999999999999997,-0.8660254037844388,313.754,1.6867507886435331,67.23,68.55,67.22,66.69,54.43,64.9,97.25,120.71,116.04,93.72,92.64,92.0,32.27,50.5,44.2,52.87,65.18,54.02,67.66666666666667,67.22,68.55,0.7650054466018406,67.945,66.69,69.07,1.017324923512783,63.2925,54.43,69.07,5.525264493874765,60.07041666666667,51.97,69.07,5.944998247827028
2026-07-27 17:18:43,Delhi,Delhi,"Anand Vihar, Delhi - DPCC",28.6139,77.209,63.68,90.8,57.56,19.25,1.97,31.08,32.56,55.56,7.47,213,1010.6,0.0,110,Moderate,PM25,17,27,0,7,2026,0,2,-0.9659258262890683,-0.25881904510252063,-0.4999999999999997,-0.8660254037844388,243.22320000000002,1.6555423122765196,66.88,67.23,68.55,69.07,55.32,65.13,98.4,97.25,120.71,99.6,96.86,116.69,65.41,32.27,50.5,66.14,43.72,62.72,67.55333333333334,66.88,68.55,0.8807004787840771,67.97666666666667,66.88,69.07,0.9724128067168577,64.33,55.32,69.07,4.83569492984679,60.15291666666667,51.97,69.07,6.028091109757382
2026-07-27 18:18:43,Delhi,Delhi,"Anand Vihar, Delhi - DPCC",28.6139,77.209,61.33,93.85,31.97,25.11,1.85,24.56,29.83,53.92,9.37,192,1014.4,0.0,102,Moderate,PM25,18,27,0,7,2026,0,2,-1.0,-1.8369701987210297e-16,-0.4999999999999997,-0.8660254037844388,279.5071,1.748945831981836,63.68,66.88,67.23,68.91,56.95,60.99,90.8,98.4,97.25,123.19,80.51,96.62,57.56,65.41,32.27,39.12,70.55,26.96,65.92999999999999,63.68,67.23,1.9563997546507261,67.07833333333333,63.68,68.91,1.8521276053952067,65.02666666666667,56.95,69.07,3.938639205090932,60.092499999999994,51.97,69.07,5.983138081671489
2026-07-27 19:18:43,Delhi,Delhi,"Anand Vihar, Delhi - DPCC",28.6139,77.209,60.78,93.65,38.77,24.81,1.52,18.41,29.77,65.0,11.42,108,1011.6,0.0,211,Poor,PM25,19,27,0,7,2026,0,2,-0.9659258262890684,0.2588190451025203,-0.4999999999999997,-0.8660254037844388,339.97339999999997,2.1124471888202794,61.33,63.68,66.88,67.22,59.38,58.6,93.85,90.8,98.4,116.04,95.72,101.59,31.97,57.56,65.41,44.2,24.14,59.31,63.96333333333334,61.33,66.88,2.7858272260373647,65.815,61.33,68.55,2.7299871794571424,65.39166666666667,59.38,69.07,3.2679680462813177,60.10666666666666,51.97,69.07,5.985757492049185
2026-07-27 20:18:43,Delhi,Delhi,"Anand Vihar, Delhi - DPCC",28.6139,77.209,59.87,107.48,35.49,19.81,1.66,0.0,28.09,70.84,9.19,105,1008.4,6.7,105,Moderate,PM10,20,27,0,7,2026,0,2,-0.8660254037844386,0.5000000000000001,-0.4999999999999997,-0.8660254037844388,258.14709999999997,2.435201100034376,60.78,61.33,63.68,68.55,61.7,55.86,93.65,93.85,90.8,120.71,99.69,94.55,38.77,31.97,57.56,50.5,86.95,50.41,61.93,60.78,63.68,1.5402921800742926,64.74166666666666,60.78,68.55,3.278081247722069,65.50833333333334,60.78,69.07,3.0516726660319673,60.1975,51.97,69.07,5.978436068579031
2026-07-27 21:18:43,Delhi,Delhi,"Anand Vihar, Delhi - DPCC",28.6139,77.209,58.05,91.19,26.12,21.33,2.13,0.0,25.51,77.47,8.6,3,1012.5,0.0,101,Moderate,CO,21,27,0,7,2026,0,2,-0.7071067811865477,0.7071067811865474,-0.4999999999999997,-0.8660254037844388,219.386,2.922293474160694,59.87,60.78,61.33,67.23,64.06,55.39,107.48,93.65,93.85,97.25,90.92,95.1,35.49,38.77,31.97,32.27,74.07,49.69,60.66,59.87,61.33,0.7373601562318209,63.294999999999995,59.87,67.23,3.1749566926181045,65.35583333333334,59.87,69.07,3.295287153533515,60.364583333333336,51.97,69.07,5.90755741414749
2026-07-27 22:18:43,Delhi,Delhi,"Anand Vihar, Delhi - DPCC",28.6139,77.209,57.84,100.3,53.5,8.84,1.62,0.0,21.0,87.4,9.26,6,1011.5,0.0,96,Satisfactory,PM25,22,27,0,7,2026,0,2,-0.5000000000000004,0.8660254037844384,-0.4999999999999997,-0.8660254037844388,194.46,3.972727272727273,58.05,59.87,60.78,66.88,66.69,55.18,91.19,107.48,93.65,98.4,93.72,78.58,26.12,35.49,38.77,65.41,52.87,24.89,59.56666666666666,58.05,60.78,1.3900479608026952,61.76499999999999,58.05,66.88,3.110696063584575,64.855,58.05,69.07,3.909593096706964,60.47541666666667,51.97,69.07,5.834672956943897
2026-07-27 23:18:43,Delhi,Delhi,"Anand Vihar, Delhi - DPCC",28.6139,77.209,58.05,86.57,39.04,33.99,1.37,0.0,19.2,88.67,7.65,353,1012.1,13.6,97,Satisfactory,PM25,23,27,0,7,2026,0,2,-0.25881904510252157,0.9659258262890681,-0.4999999999999997,-0.8660254037844388,146.88,4.38960396039604,57.84,58.05,59.87,63.68,69.07,53.33,100.3,91.19,107.48,90.8,99.6,75.35,53.5,26.12,35.49,57.56,66.14,37.8,58.586666666666666,57.84,59.87,1.1163482132972147,60.25833333333333,57.84,63.68,2.191085727822469,64.11749999999999,57.84,69.07,4.342707837701828,60.58625,51.97,69.07,5.754421976411562
2026-07-28 00:18:43,Delhi,Delhi,"Anand Vihar, Delhi - DPCC",28.6139,77.209,54.51,94.39,43.99,8.92,2.41,28.65,20.87,89.05,5.32,213,1009.5,0.0,105,Moderate,CO,0,28,1,7,2026,0,2,0.0,1.0,-0.4999999999999997,-0.8660254037844388,111.0284,4.071787837219936,58.05,57.84,58.05,61.33,68.91,52.95,86.57,100.3,91.19,93.85,123.19,93.45,39.04,53.5,26.12,31.97,39.12,76.95,57.98,57.84,58.05,0.12124355652428417,59.32,57.84,61.33,1.5421024609281655,63.19916666666666,57.84,68.91,4.365333390024305,60.782916666666665,51.97,69.07,5.573456876837806
2026-07-28 01:18:43,Delhi,Delhi,"Anand Vihar, Delhi - DPCC",28.6139,77.209,55.1,88.88,65.55,28.6,2.06,21.15,18.54,96.09,7.07,15,1009.7,0.0,202,Poor,CO,1,28,1,7,2026,0,2,0.25881904510252074,0.9659258262890683,-0.4999999999999997,-0.8660254037844388,131.0778,4.917604912998977,54.51,58.05,57.84,60.78,67.22,54.16,94.39,86.57,100.3,93.65,116.04,90.14,43.99,39.04,53.5,38.77,44.2,43.69,56.800000000000004,54.51,58.05,1.9859758306683521,58.18333333333333,54.51,60.78,2.155659218584292,61.99916666666667,54.51,68.55,4.624298390681664,60.84791666666666,51.97,69.07,5.486553506898257
2026-07-28 02:18:43,Delhi,Delhi,"Anand Vihar, Delhi - DPCC",28.6139,77.209,55.68,92.07,33.34,9.44,1.95,16.18,17.76,95.14,5.32,325,1011.3,0.0,98,Satisfactory,CO,2,28,1,7,2026,0,2,0.49999999999999994,0.8660254037844387,-0.4999999999999997,-0.8660254037844388,94.48320000000001,5.071428571428571,55.1,54.51,58.05,59.87,68.55,53.72,88.88,94.39,86.57,107.48,120.71,84.05,65.55,43.99,39.04,35.49,50.5,29.53,55.88666666666666,54.51,58.05,1.8965846496616818,57.23666666666667,54.51,59.87,2.030838907118803,60.98916666666667,54.51,68.55,4.703245413992639,60.887083333333344,51.97,69.07,5.439891686235177
2026-07-28 03:18:43,Delhi,Delhi,"Anand Vihar, Delhi - DPCC",28.6139,77.209,55.25,84.12,70.06,16.34,1.5,23.69,17.95,98.0,5.67,101,1010.1,0.0,92,Satisfactory,PM25,3,28,1,7,2026,0,2,0.7071067811865475,0.7071067811865476,-0.4999999999999997,-0.8660254037844388,101.7765,5.171503957783641,55.68,55.1,54.51,58.05,67.23,51.97,92.07,88.88,94.39,91.19,97.25,81.08,33.34,65.55,43.99,26.12,32.27,61.39,55.096666666666664,54.51,55.68,0.5850071224630145,56.538333333333334,54.51,58.05,1.6238400988605801,59.916666666666664,54.51,67.23,4.269805900066506,60.96875,51.97,69.07,5.3414387513835795
2026-07-28 04:18:43,Delhi,Delhi,"Anand Vihar, Delhi - DPCC",28.6139,77.209,55.81,96.05,64.2,16.03,0.73,18.56,17.73,98.0,4.14,239,1008.9,0.0,96,Satisfactory,PM10,4,28,1,7,2026,0,2,0.8660254037844386,0.5000000000000001,-0.4999999999999997,-0.8660254037844388,73.4022,5.232247730912974,55.25,55.68,55.1,57.84,66.88,54.43,84.12,92.07,88.88,100.3,98.4,92.64,70.06,33.34,65.55,53.5,65.41,65.18,55.343333333333334,55.1,55.68,0.301053705063422,56.071666666666665,54.51,58.05,1.5001522144994368,58.91833333333333,54.51,66.88,3.7764409250783104,61.10541666666666,54.43,69.07,5.139322387382291
2026-07-28 05:18:43,Delhi,Delhi,"Anand Vihar, Delhi - DPCC",28.6139,77.209,57.35,80.59,61.07,8.52,2.16,30.89,18.65,97.93,1.79,24,1013.8,0.0,102,Moderate,CO,5,28,1,7,2026,0,2,0.9659258262890683,0.25881904510252074,-0.4999999999999997,-0.8660254037844388,33.3835,4.983715012722647,55.81,55.25,55.68,58.05,63.68,55.32,96.05,84.12,92.07,86.57,90.8,96.86,64.2,70.06,33.34,39.04,57.56,43.72,55.580000000000005,55.25,55.81,0.2930870177934182,55.73333333333334,54.51,58.05,1.2253108449155172,57.99583333333334,54.51,63.68,2.9067021560941972,61.16291666666667,54.51,69.07,5.068622554644288
2026-07-28 06:18:43,Delhi,Delhi,"Anand Vihar, Delhi - DPCC",28.6139,77.209,59.04,90.68,50.17,20.5,0.95,29.76,19.68,93.66,2.78,306,1011.6,0.0,98,Satisfactory,PM25,6,28,1,7,2026,0,2,1.0,6.123233995736766e-17,-0.4999999999999997,-0.8660254037844388,54.71039999999999,4.529013539651838,57.35,55.81,55.25,54.51,61.33,56.95,80.59,96.05,84.12,94.39,93.85,80.51,61.07,64.2,70.06,43.99,31.97,70.55,56.13666666666666,55.25,57.35,1.0874434851210764,55.61666666666667,54.51,57.35,0.9666367811477011,57.468333333333334,54.51,61.33,2.290422086283126,61.2475,54.51,69.07,4.983095118149085
2026-07-28 07:18:43,Delhi,Delhi,"Anand Vihar, Delhi - DPCC",28.6139,77.209,60.19,87.04,46.28,30.75,1.91,33.11,23.14,92.63,1.04,6,1008.9,0.0,210,Poor,PM25,7,28,1,7,2026,0,2,0.9659258262890683,-0.25881904510252063,-0.4999999999999997,-0.8660254037844388,24.0656,3.837199668599834,59.04,57.35,55.81,55.1,60.78,59.38,90.68,80.59,96.05,88.88,93.65,95.72,50.17,61.07,64.2,65.55,38.77,24.14,57.4,55.81,59.04,1.6155803910665374,56.37166666666667,55.1,59.04,1.5327285039000036,57.277499999999996,54.51,60.78,2.018708520542106,61.334583333333335,54.51,69.07,4.922623001017284
2026-07-28 08:18:43,Delhi,Delhi,"Anand Vihar, Delhi - DPCC",28.6139,77.209,61.34,86.31,46.54,28.32,3.16,17.19,22.4,76.65,3.6,50,1009.5,0.0,114,Moderate,CO,8,28,1,7,2026,0,2,0.8660254037844387,-0.4999999999999998,-0.4999999999999997,-0.8660254037844388,80.64,3.275641025641026,60.19,59.04,57.35,55.68,59.87,61.7,87.04,90.68,80.59,92.07,107.48,99.69,46.28,50.17,61.07,33.34,35.49,86.95,58.85999999999999,57.35,60.19,1.428530713704971,57.22,55.25,60.19,2.0194454684395,57.22833333333333,54.51,60.19,1.9309245705024056,61.36833333333333,54.51,69.07,4.911403471307412
2026-07-28 09:18:43,Delhi,Delhi,"Anand Vihar, Delhi - DPCC",28.6139,77.209,62.5,90.88,51.36,13.15,3.04,43.52,23.94,74.08,5.12,112,1010.7,11.0,113,Moderate,CO,9,28,1,7,2026,0,2,0.7071067811865476,-0.7071067811865475,-0.4999999999999997,-0.8660254037844388,122.57280000000002,2.970328789093825,61.34,60.19,59.04,55.25,58.05,64.06,86.31,87.04,90.68,84.12,91.19,90.92,46.54,46.28,50.17,70.06,26.12,74.07,60.19,59.04,61.34,1.1499999999992134,58.16333333333333,55.25,61.34,2.4353370745478853,57.35083333333333,54.51,61.34,2.1481597127577268,61.35333333333333,54.51,69.07,4.910896196141275
2026-07-28 10:18:43,Delhi,Delhi,"Anand Vihar, Delhi - DPCC",28.6139,77.209,62.08,101.76,46.17,34.48,1.38,50.92,25.46,74.71,3.24,45,1013.1,0.0,126,Moderate,O3,10,28,1,7,2026,0,2,0.49999999999999994,-0.8660254037844387,-0.4999999999999997,-0.8660254037844388,82.49040000000001,2.8235071806500374,62.5,61.34,60.19,55.81,57.84,66.69,90.88,86.31,87.04,96.05,100.3,93.72,51.36,46.54,46.28,64.2,53.5,52.87,61.343333333333334,60.19,62.5,1.1550036074970964,59.37166666666666,55.81,62.5,2.498522896966805,57.721666666666664,54.51,62.5,2.613520208222636,61.28833333333333,54.51,69.07,4.883762507727372
2026-07-28 11:18:43,Delhi,Delhi,"Anand Vihar, Delhi - DPCC",28.6139,77.209,64.49,115.32,45.47,30.54,0.72,64.5,28.8,61.9,8.93,320,1013.9,0.0,113,Moderate,PM25,11,28,1,7,2026,0,2,0.258819045102521,-0.9659258262890682,-0.4999999999999997,-0.8660254037844388,257.184,2.077181208053691,62.08,62.5,61.34,57.35,58.05,69.07,101.76,90.88,86.31,80.59,86.57,99.6,46.17,51.36,46.54,61.07,39.04,66.14,61.973333333333336,61.34,62.5,0.5873102530444863,60.416666666666664,57.35,62.5,1.9652243298583907,58.074999999999996,54.51,62.5,2.9016969956468,61.096250000000005,54.51,69.07,4.750923766009545
2026-07-28 12:18:43,Delhi,Delhi,"Anand Vihar, Delhi - DPCC",28.6139,77.209,64.99,112.38,60.53,10.37,2.1,62.8,30.83,52.5,7.59,95,1013.3,0.0,115,Moderate,PM25,12,28,1,7,2026,0,2,1.2246467991473532e-16,-1.0,-0.4999999999999997,-0.8660254037844388,233.9997,1.6493873704052782,64.49,62.08,62.5,59.04,54.51,68.91,115.32,101.76,90.88,90.68,94.39,123.19,45.47,46.17,51.36,50.17,43.99,39.12,63.02333333333333,62.08,64.49,1.2874134275091922,61.60666666666666,59.04,64.49,1.8974474081426662,58.61166666666667,54.51,64.49,3.441904423514149,60.90541666666667,54.51,68.91,4.502183990954321
2026-07-28 13:18:43,Delhi,Delhi,"Anand Vihar, Delhi - DPCC",28.6139,77.209,67.56,96.74,55.67,23.91,2.11,59.25,31.17,47.5,6.66,290,1008.9,0.0,123,Moderate,PM25,13,28,1,7,2026,0,2,-0.2588190451025208,-0.9659258262890683,-0.4999999999999997,-0.8660254037844388,207.59220000000002,1.4765309294373639,64.99,64.49,62.08,60.19,55.1,67.22,112.38,115.32,101.76,87.04,88.88,116.04,60.53,45.47,46.17,46.28,65.55,44.2,63.85333333333333,62.08,64.99,1.5559670090753213,62.59833333333333,60.19,64.99,1.8417536932682645,59.48500000000001,55.1,64.99,3.6309365183104205,60.74208333333333,54.51,68.55,4.26396628908958
2026-07-28 14:18:43,Delhi,Delhi,"Anand Vihar, Delhi - DPCC",28.6139,77.209,68.22,107.15,39.94,32.32,0.82,51.21,33.17,53.38,11.6,253,1010.9,0.0,126,Moderate,PM25,14,28,1,7,2026,0,2,-0.4999999999999997,-0.8660254037844388,-0.4999999999999997,-0.8660254037844388,384.772,1.5621890547263682,67.56,64.99,64.49,61.34,55.68,68.55,96.74,112.38,115.32,86.31,92.07,120.71,55.67,60.53,45.47,46.54,33.34,50.5,65.67999999999999,64.49,67.56,1.6472097619905983,63.82666666666666,61.34,67.56,2.311948673017475,60.52333333333333,55.25,67.56,4.02334626294026,60.75625,54.51,68.55,4.286927360668919
2026-07-28 15:18:43,Delhi,Delhi,"Anand Vihar, Delhi - DPCC",28.6139,77.209,68.79,103.66,36.65,22.1,1.55,59.52,32.43,46.19,8.37,169,1011.9,0.0,128,Moderate,PM25,15,28,1,7,2026,0,2,-0.7071067811865471,-0.7071067811865479,-0.4999999999999997,-0.8660254037844388,271.4391,1.381693090038887,68.22,67.56,64.99,62.5,55.25,67.23,107.15,96.74,112.38,90.88,84.12,97.25,39.94,55.67,60.53,51.36,70.06,32.27,66.92333333333333,64.99,68.22,1.7065266869669,64.97333333333334,62.08,68.22,2.5280163501582105,61.56833333333333,55.25,68.22,4.271863194381973,60.74250000000001,54.51,68.22,4.261295220531118
2026-07-28 16:18:43,Delhi,Delhi,"Anand Vihar, Delhi - DPCC",28.6139,77.209,65.19,101.5,36.76,33.15,2.1,42.13,33.61,53.79,10.57,144,1013.8,0.0,115,Moderate,PM25,16,28,1,7,2026,0,2,-0.8660254037844384,-0.5000000000000004,-0.4999999999999997,-0.8660254037844388,355.2577,1.5541750939034962,68.79,68.22,67.56,62.08,55.81,66.88,103.66,107.15,96.74,101.76,96.05,98.4,36.65,39.94,55.67,46.17,64.2,65.41,68.19,67.56,68.79,0.6155485358577902,66.02166666666666,62.08,68.79,2.6003801004213245,62.69666666666666,55.81,68.79,4.2393231306496135,60.807500000000005,54.51,68.79,4.374937763532438
2026-07-28 17:18:43,Delhi,Delhi,"Anand Vihar, Delhi - DPCC",28.6139,77.209,64.16,95.55,44.43,34.68,2.32,40.19,33.88,52.74,8.93,94,1008.5,0.0,112,Moderate,PM25,17,28,1,7,2026,0,2,-0.9659258262890683,-0.25881904510252063,-0.4999999999999997,-0.8660254037844388,302.5484,1.5120412844036697,65.19,68.79,68.22,64.49,57.35,63.68,101.5,103.66,107.15,115.32,80.59,90.8,36.76,36.65,39.94,45.47,61.07,57.56,67.39999999999999,65.19,68.79,1.9350193797470854,66.54,64.49,68.79,1.8629439068314804,63.47833333333333,57.35,68.79,3.6822543325654764,60.73708333333334,54.51,68.79,4.28563777321276
2026-07-28 18:18:43,Delhi,Delhi,"Anand Vihar, Delhi - DPCC",28.6139,77.209,63.09,94.62,54.42,33.47,2.19,32.24,31.74,56.19,9.15,347,1011.4,0.0,108,Moderate,PM25,18,28,1,7,2026,0,2,-1.0,-1.8369701987210297e-16,-0.4999999999999997,-0.8660254037844388,290.421,1.7162492364080637,64.16,65.19,68.79,64.99,59.04,61.33,95.55,101.5,103.66,112.38,90.68,93.85,44.43,36.76,36.65,60.53,50.17,31.97,66.04666666666667,64.16,68.79,2.430973741801897,66.485,64.16,68.79,1.9388940146383826,64.04583333333333,59.04,68.79,3.1361889389203452,60.757083333333334,54.51,68.79,4.30106102093387
2026-07-28 19:18:43,Delhi,Delhi,"Anand Vihar, Delhi - DPCC",28.6139,77.209,63.67,114.55,54.43,21.88,3.04,13.07,28.41,65.22,4.72,223,1008.0,0.0,113,Moderate,CO,19,28,1,7,2026,0,2,-0.9659258262890684,0.2588190451025203,-0.4999999999999997,-0.8660254037844388,134.0952,2.217613056783407,63.09,64.16,65.19,67.56,60.19,60.78,94.62,95.55,101.5,96.74,87.04,93.65,54.42,44.43,36.76,55.67,46.28,38.77,64.14666666666666,63.09,65.19,1.0500634901426438,66.16833333333334,63.09,68.79,2.3446058659542817,64.38333333333334,60.19,68.79,2.7416131062282805,60.83041666666666,54.51,68.79,4.326184662249596
2026-07-28 20:18:43,Delhi,Delhi,"Anand Vihar, Delhi - DPCC",28.6139,77.209,60.18,88.45,57.69,29.71,2.86,17.82,24.59,73.33,8.85,182,1013.6,0.0,210,Poor,PM25,20,28,1,7,2026,0,2,-0.8660254037844386,0.5000000000000001,-0.4999999999999997,-0.8660254037844388,217.6215,2.8655724892536147,63.67,63.09,64.16,68.22,61.34,59.87,114.55,94.62,95.55,107.15,86.31,107.48,54.43,54.42,44.43,39.94,46.54,35.49,63.64000000000001,63.09,64.16,0.5356304696311615,65.52,63.09,68.79,2.419454483969602,64.67333333333333,61.34,68.79,2.4233047807913723,60.95083333333333,54.51,68.79,4.3647689481820295
2026-07-28 21:18:43,Delhi,Delhi,"Anand Vihar, Delhi - DPCC",28.6139,77.209,56.78,85.23,54.59,34.02,1.04,0.0,23.24,75.82,8.78,126,1009.6,0.0,195,Moderate,CO,21,28,1,7,2026,0,2,-0.7071067811865477,0.7071067811865474,-0.4999999999999997,-0.8660254037844388,204.04719999999998,3.1278877887788776,60.18,63.67,63.09,68.79,62.5,58.05,88.45,114.55,94.62,103.66,90.88,91.19,57.69,54.43,54.42,36.65,51.36,26.12,62.31333333333333,60.18,63.67,1.8701425970580028,64.17999999999999,60.18,68.79,2.8185386284386342,64.57666666666667,60.18,68.79,2.586033583882846,60.963750000000005,54.51,68.79,4.3618891125789006
2026-07-28 22:18:43,Delhi,Delhi,"Anand Vihar, Delhi - DPCC",28.6139,77.209,56.36,95.67,40.34,20.2,0.82,0.0,26.04,75.86,7.97,220,1008.3,0.0,96,Satisfactory,PM10,22,28,1,7,2026,0,2,-0.5000000000000004,0.8660254037844384,-0.4999999999999997,-0.8660254037844388,207.53879999999998,2.8054733727810652,56.78,60.18,63.67,65.19,62.08,57.84,85.23,88.45,114.55,101.5,101.76,100.3,54.59,57.69,54.43,36.76,46.17,53.5,60.21,56.78,63.67,3.4450979666764,62.178333333333335,56.78,65.19,3.1365166453675237,64.10000000000001,56.78,68.79,3.402034150862777,60.91083333333333,54.51,68.79,4.406252392331505
2026-07-28 23:18:43,Delhi,Delhi,"Anand Vihar, Delhi - DPCC",28.6139,77.209,55.48,93.47,70.52,20.52,2.27,0.0,22.61,85.48,5.81,176,1010.2,0.0,103,Moderate,CO,23,28,1,7,2026,0,2,-0.25881904510252157,0.9659258262890681,-0.4999999999999997,-0.8660254037844388,131.36409999999998,3.6204997882253287,56.36,56.78,60.18,64.16,64.49,58.05,95.67,85.23,88.45,95.55,115.32,86.57,40.34,54.59,57.69,44.43,45.47,39.04,57.77333333333333,56.36,60.18,2.094787180916386,60.706666666666656,56.36,64.16,3.4921836530554424,63.623333333333335,56.36,68.79,4.049835761727869,60.84916666666666,54.51,68.79,4.46111305731479
2026-07-29 00:18:43,Delhi,Delhi,"Anand Vihar, Delhi - DPCC",28.6139,77.209,53.66,76.94,22.79,11.0,1.36,29.85,18.82,92.99,6.38,291,1011.6,0.0,89,Satisfactory,PM25,0,29,2,7,2026,0,2,0.0,1.0,-0.4999999999999997,-0.8660254037844388,120.0716,4.691725529767911,55.48,56.36,56.78,63.09,64.99,54.51,93.47,95.67,85.23,94.62,112.38,94.39,70.52,40.34,54.59,54.42,60.53,43.99,56.20666666666667,55.48,56.78,0.6634254542387483,59.26,55.48,63.67,3.5724557380044772,62.8725,55.48,68.79,4.663305743198243,60.74208333333333,54.51,68.79,4.5609523978399436
2026-07-29 01:18:43,Delhi,Delhi,"Anand Vihar, Delhi - DPCC",28.6139,77.209,52.91,93.21,27.67,33.59,1.86,22.64,17.91,98.0,1.0,8,1010.5,0.0,93,Satisfactory,PM10,1,29,2,7,2026,0,2,0.25881904510252074,0.9659258262890683,-0.4999999999999997,-0.8660254037844388,17.91,5.182443151771549,53.66,55.48,56.36,63.67,67.56,55.1,76.94,93.47,95.67,114.55,96.74,88.88,22.79,70.52,40.34,54.43,55.67,65.55,55.166666666666664,53.66,56.36,1.3770015734675334,57.68833333333333,53.66,63.67,3.624430529982319,61.928333333333335,53.66,68.79,5.299224357194085,60.70666666666667,53.66,68.79,4.614436389030129
2026-07-29 02:18:43,Delhi,Delhi,"Anand Vihar, Delhi - DPCC",28.6139,77.209,51.07,78.34,71.78,22.19,1.76,39.04,17.37,98.0,1.49,292,1013.3,0.0,90,Satisfactory,NO2,2,29,2,7,2026,0,2,0.49999999999999994,0.8660254037844387,-0.4999999999999997,-0.8660254037844388,25.881300000000003,5.334784975503538,52.91,53.66,55.48,60.18,68.22,55.68,93.21,76.94,93.47,88.45,107.15,92.07,27.67,22.79,70.52,57.69,39.94,33.34,54.01666666666667,52.91,55.48,1.3216025625475487,55.895,52.91,60.18,2.586052977029162,60.7075,52.91,68.79,5.564734944271853,60.61541666666667,52.91,68.79,4.749796315236215
2026-07-29 03:18:43,Delhi,Delhi,"Anand Vihar, Delhi - DPCC",28.6139,77.209,52.42,78.79,75.36,11.49,1.3,16.37,15.79,98.0,4.16,228,1014.6,0.0,94,Satisfactory,NO2,3,29,2,7,2026,0,2,0.7071067811865475,0.7071067811865476,-0.4999999999999997,-0.8660254037844388,65.68639999999999,5.836807623585468,51.07,52.91,53.66,56.78,68.79,55.25,78.34,93.21,76.94,85.23,103.66,84.12,71.78,27.67,22.79,54.59,36.65,70.06,52.54666666666666,51.07,53.66,1.3326790061123015,54.376666666666665,51.07,56.78,2.214756570521505,59.278333333333336,51.07,68.79,5.661372839183327,60.42333333333334,51.07,68.79,5.042274044142342
2026-07-29 04:18:43,Delhi,Delhi,"Anand Vihar, Delhi - DPCC",28.6139,77.209,53.7,92.35,41.73,13.87,2.64,22.68,17.65,98.0,1.82,105,1013.7,12.0,108,Moderate,CO,4,29,2,7,2026,0,2,0.8660254037844386,0.5000000000000001,-0.4999999999999997,-0.8660254037844388,32.123,5.254691689008044,52.42,51.07,52.91,56.36,65.19,55.81,78.79,78.34,93.21,95.67,101.5,96.05,75.36,71.78,27.67,40.34,36.76,64.2,52.13333333333333,51.07,52.91,0.9529078304497973,53.65,51.07,56.36,1.9702791680372533,57.91416666666666,51.07,65.19,5.1061112374974,60.30541666666667,51.07,68.79,5.199165467454438
2026-07-29 05:18:43,Delhi,Delhi,"Anand Vihar, Delhi - DPCC",28.6139,77.209,56.59,89.6,36.62,20.53,1.59,29.59,20.94,95.46,2.33,52,1012.9,12.9,94,Satisfactory,PM25,5,29,2,7,2026,0,2,0.9659258262890683,0.25881904510252074,-0.4999999999999997,-0.8660254037844388,48.790200000000006,4.350957155879671,53.7,52.42,51.07,55.48,64.16,57.35,92.35,78.79,78.34,93.47,95.55,80.59,41.73,75.36,71.78,70.52,44.43,61.07,52.39666666666667,51.07,53.7,1.3151552506576931,53.20666666666667,51.07,55.48,1.4757461389643798,56.95666666666667,51.07,64.16,4.676982969497532,60.217499999999994,51.07,68.79,5.295435483179968
2026-07-29 06:18:43,Delhi,Delhi,"Anand Vihar, Delhi - DPCC",28.6139,77.209,59.04,102.4,27.36,30.21,1.71,37.14,20.47,94.25,1.0,244,1010.0,0.0,102,Moderate,PM10,6,29,2,7,2026,0,2,1.0,6.123233995736766e-17,-0.4999999999999997,-0.8660254037844388,20.47,4.389846297158827,56.59,53.7,52.42,53.66,63.09,59.04,89.6,92.35,78.79,76.94,94.62,90.68,36.62,41.73,75.36,22.79,54.42,50.17,54.23666666666667,52.42,56.59,2.136172589781121,53.39166666666667,51.07,56.59,1.8418839992432388,56.32583333333334,51.07,63.67,4.0908644526184474,60.185833333333335,51.07,68.79,5.315562808491141
2026-07-29 07:18:43,Delhi,Delhi,"Anand Vihar, Delhi - DPCC",28.6139,77.209,60.25,107.27,65.73,19.59,0.72,19.21,17.4,91.51,2.35,137,1011.8,0.0,210,Poor,PM25,7,29,2,7,2026,0,2,0.9659258262890683,-0.25881904510252063,-0.4999999999999997,-0.8660254037844388,40.89,4.973369565217392,59.04,56.59,53.7,52.91,63.67,60.19,102.4,89.6,92.35,93.21,114.55,87.04,27.36,36.62,41.73,27.67,54.43,46.28,56.44333333333333,53.7,59.04,2.673019516077606,54.288333333333334,51.07,59.04,2.96547747701246,55.98833333333334,51.07,63.67,3.6223142610851493,60.185833333333335,51.07,68.79,5.315562808491141
2026-07-29 08:18:43,Delhi,Delhi,"Anand Vihar, Delhi - DPCC",28.6139,77.209,61.44,103.12,92.07,10.08,1.16,37.1,22.69,77.11,1.0,62,1008.8,0.0,112,Moderate,NO2,8,29,2,7,2026,0,2,0.8660254037844387,-0.4999999999999998,-0.4999999999999997,-0.8660254037844388,22.69,3.254959898691431,60.25,59.04,56.59,51.07,60.18,61.34,107.27,102.4,89.6,78.34,88.45,86.31,65.73,27.36,36.62,71.78,57.69,46.54,58.626666666666665,56.59,60.25,1.864680490950486,55.51166666666666,51.07,60.25,3.7049340974797493,55.70333333333334,51.07,60.25,3.052746403824079,60.18833333333333,51.07,68.79,5.3155789628360015
2026-07-29 09:18:43,Delhi,Delhi,"Anand Vihar, Delhi - DPCC",28.6139,77.209,61.9,108.63,46.9,28.21,1.72,46.14,24.67,75.97,2.95,35,1011.1,0.0,106,Moderate,PM10,9,29,2,7,2026,0,2,0.7071067811865476,-0.7071067811865475,-0.4999999999999997,-0.8660254037844388,72.77650000000001,2.959485781067394,61.44,60.25,59.04,52.42,56.78,62.5,103.12,107.27,102.4,78.79,85.23,90.88,92.07,65.73,27.36,75.36,54.59,51.36,60.24333333333334,59.04,61.44,1.2000138888075607,57.24,52.42,61.44,3.636663305834247,55.80833333333333,51.07,61.44,3.236838618532669,60.1925,51.07,68.79,5.316560059809816
2026-07-29 10:18:43,Delhi,Delhi,"Anand Vihar, Delhi - DPCC",28.6139,77.209,62.52,109.15,73.11,9.21,0.97,38.51,25.83,63.95,8.21,354,1011.9,0.0,106,Moderate,PM10,10,29,2,7,2026,0,2,0.49999999999999994,-0.8660254037844387,-0.4999999999999997,-0.8660254037844388,212.0643,2.3835259038389864,61.9,61.44,60.25,53.7,56.36,62.08,108.63,103.12,107.27,92.35,95.67,101.76,46.9,92.07,65.73,41.73,40.34,46.17,61.196666666666665,60.25,61.9,0.8514888920772005,58.82,53.7,61.9,3.150599942868205,56.23500000000001,51.07,61.9,3.6832310420459833,60.1675,51.07,68.79,5.306639196819125
2026-07-29 11:18:43,Delhi,Delhi,"Anand Vihar, Delhi - DPCC",28.6139,77.209,62.35,102.11,24.19,14.91,1.03,43.71,26.68,69.67,7.63,138,1009.9,0.0,195,Moderate,CO,11,29,2,7,2026,0,2,0.258819045102521,-0.9659258262890682,-0.4999999999999997,-0.8660254037844388,203.5684,2.5169797687861273,62.52,61.9,61.44,56.59,55.48,64.49,109.15,108.63,103.12,89.6,93.47,115.32,73.11,46.9,92.07,36.62,70.52,45.47,61.95333333333334,61.44,62.52,0.5419717089763245,60.29,56.59,62.52,2.1973438511077457,56.748333333333335,51.07,62.52,4.107106553575701,60.18583333333333,51.07,68.79,5.314288300885385
2026-07-29 12:18:43,Delhi,Delhi,"Anand Vihar, Delhi - DPCC",28.6139,77.209,63.43,108.29,29.86,28.34,2.27,49.79,28.98,58.81,5.79,202,1009.9,0.0,109,Moderate,PM25,12,29,2,7,2026,0,2,1.2246467991473532e-16,-1.0,-0.4999999999999997,-0.8660254037844388,167.7942,1.9616410940627085,62.35,62.52,61.9,59.04,53.66,64.99,102.11,109.15,108.63,102.4,76.94,112.38,24.19,73.11,46.9,27.36,22.79,60.53,62.25666666666667,61.9,62.52,0.3203643758763748,61.25,59.04,62.52,1.3539276199269086,57.32083333333333,51.07,62.52,4.3837353485424755,60.096666666666664,51.07,68.79,5.256569940201656
2026-07-29 13:18:43,Delhi,Delhi,"Anand Vihar, Delhi - DPCC",28.6139,77.209,60.92,102.32,74.25,29.74,1.2,71.97,31.79,57.98,7.18,212,1010.2,0.0,211,Poor,PM25,13,29,2,7,2026,0,2,-0.2588190451025208,-0.9659258262890683,-0.4999999999999997,-0.8660254037844388,228.2522,1.7682220189082036,63.43,62.35,62.52,60.25,52.91,67.56,108.29,102.11,109.15,107.27,93.21,96.74,29.86,24.19,73.11,65.73,27.67,55.67,62.76666666666667,62.35,63.43,0.5807179464512476,61.98166666666666,60.25,63.43,1.0790628650211003,58.135,51.07,63.43,4.546270199545219,60.03166666666667,51.07,68.79,5.202800806477587
2026-07-29 14:18:43,Delhi,Delhi,"Anand Vihar, Delhi - DPCC",28.6139,77.209,61.97,87.67,45.76,28.37,1.88,71.68,33.64,49.7,9.76,30,1014.6,0.0,104,Moderate,PM25,14,29,2,7,2026,0,2,-0.4999999999999997,-0.8660254037844388,-0.4999999999999997,-0.8660254037844388,328.3264,1.4347575057736721,60.92,63.43,62.35,61.44,51.07,68.22,102.32,108.29,102.11,103.12,78.34,107.15,74.25,29.86,24.19,92.07,71.78,39.94,62.23333333333333,60.92,63.43,1.2590604962950178,62.093333333333334,60.92,63.43,0.8804014235946769,58.8025,51.07,63.43,4.290192038507474,59.754999999999995,51.07,68.79,4.95574501923293
2026-07-29 15:18:43,Delhi,Delhi,"Anand Vihar, Delhi - DPCC",28.6139,77.209,62.49,98.68,59.73,27.08,2.56,67.21,34.37,54.3,9.43,347,1009.1,13.1,107,Moderate,CO,15,29,2,7,2026,0,2,-0.7071067811865471,-0.7071067811865479,-0.4999999999999997,-0.8660254037844388,324.10909999999996,1.5351993214588635,61.97,60.92,63.43,61.9,52.42,68.79,87.67,102.32,108.29,108.63,78.79,103.66,45.76,74.25,29.86,46.9,75.36,36.65,62.10666666666666,60.92,63.43,1.2605686547470079,62.18166666666667,60.92,63.43,0.8266901878379382,59.71083333333333,52.42,63.43,3.6030781242844485,59.49458333333333,51.07,68.79,4.6461241249086145
2026-07-29 16:18:43,Delhi,Delhi,"Anand Vihar, Delhi - DPCC",28.6139,77.209,61.65,91.72,38.32,34.33,2.15,53.38,31.09,51.63,9.28,266,1012.6,0.0,103,Moderate,PM25,16,29,2,7,2026,0,2,-0.8660254037844384,-0.5000000000000004,-0.4999999999999997,-0.8660254037844388,288.5152,1.6089124337799936,62.49,61.97,60.92,62.52,53.7,65.19,98.68,87.67,102.32,109.15,92.35,101.5,59.73,45.76,74.25,73.11,41.73,36.76,61.79333333333333,60.92,62.49,0.7997708004989589,62.28,60.92,63.43,0.8215594926728368,60.550000000000004,53.7,63.43,2.8431896301033865,59.23208333333333,51.07,65.19,4.260040803199829
2026-07-29 17:18:43,Delhi,Delhi,"Anand Vihar, Delhi - DPCC",28.6139,77.209,62.33,103.97,63.97,23.86,1.59,44.79,31.55,53.95,9.62,358,1013.5,0.0,106,Moderate,PM25,17,29,2,7,2026,0,2,-0.9659258262890683,-0.25881904510252063,-0.4999999999999997,-0.8660254037844388,303.51099999999997,1.6574500768049159,61.65,62.49,61.97,62.35,56.59,64.16,91.72,98.68,87.67,102.11,89.6,95.55,38.32,59.73,45.76,24.19,36.62,44.43,62.03666666666667,61.65,62.49,0.4239496825458158,62.135,60.92,63.43,0.8471068409597832,61.2125,56.59,63.43,1.8572125985906358,59.08458333333334,51.07,64.16,4.103181140409771
2026-07-29 18:18:43,Delhi,Delhi,"Anand Vihar, Delhi - DPCC",28.6139,77.209,62.24,109.44,54.68,22.24,0.95,32.89,28.82,60.43,9.29,156,1011.9,0.0,107,Moderate,PM10,18,29,2,7,2026,0,2,-1.0,-1.8369701987210297e-16,-0.4999999999999997,-0.8660254037844388,267.7378,2.0264922870556674,62.33,61.65,62.49,63.43,59.04,63.09,103.97,91.72,98.68,108.29,102.4,94.62,63.97,38.32,59.73,29.86,27.36,54.42,62.156666666666666,61.65,62.49,0.4460194315617583,62.13166666666666,60.92,63.43,0.8461304076012931,61.69083333333333,59.04,63.43,1.1707531246116811,59.00833333333333,51.07,63.67,4.020942639499459
2026-07-29 19:18:43,Delhi,Delhi,"Anand Vihar, Delhi - DPCC",28.6139,77.209,59.92,102.43,69.23,10.5,2.05,18.85,27.25,61.56,10.75,87,1009.7,0.0,201,Poor,CO,19,29,2,7,2026,0,2,-0.9659258262890684,0.2588190451025203,-0.4999999999999997,-0.8660254037844388,292.9375,2.1791150442477876,62.24,62.33,61.65,60.92,60.25,63.67,109.44,103.97,91.72,102.32,107.27,114.55,54.68,63.97,38.32,74.25,65.73,54.43,62.07333333333333,61.65,62.33,0.36936883102217716,61.93333333333334,60.92,62.49,0.5778811873279387,61.9575,60.25,63.43,0.8256471291164953,58.97291666666667,51.07,63.67,3.987028401079487
2026-07-29 20:18:43,Delhi,Delhi,"Anand Vihar, Delhi - DPCC",28.6139,77.209,59.19,93.79,94.95,30.66,2.73,16.2,26.14,71.61,10.57,94,1008.7,0.0,115,Moderate,NO2,20,29,2,7,2026,0,2,-0.8660254037844386,0.5000000000000001,-0.4999999999999997,-0.8660254037844388,276.2998,2.6385408990420043,59.92,62.24,62.33,61.97,61.44,60.18,102.43,109.44,103.97,87.67,103.12,88.45,69.23,54.68,63.97,45.76,92.07,57.69,61.49666666666667,59.92,62.33,1.366174708201993,61.76666666666667,59.92,62.49,0.9518123064278805,61.93,59.92,63.43,0.8906279704895361,58.81666666666667,51.07,63.43,3.8666103194295154
2026-07-29 21:18:43,Delhi,Delhi,"Anand Vihar, Delhi - DPCC",28.6139,77.209,55.38,89.2,41.68,24.9,0.67,10.93,22.46,76.56,6.02,343,1014.3,0.0,92,Satisfactory,PM25,21,29,2,7,2026,0,2,-0.7071067811865477,0.7071067811865474,-0.4999999999999997,-0.8660254037844388,135.20919999999998,3.2634271099744243,59.19,59.92,62.24,62.49,61.9,56.78,93.79,102.43,109.44,98.68,108.63,85.23,94.95,69.23,54.68,59.73,46.9,54.59,60.449999999999996,59.19,62.24,1.592576528772693,61.303333333333335,59.19,62.49,1.4028209674322678,61.74250000000001,59.19,63.43,1.1897679300068815,58.775416666666665,51.07,63.43,3.856701653606035
2026-07-29 22:18:43,Delhi,Delhi,"Anand Vihar, Delhi - DPCC",28.6139,77.209,56.04,96.23,36.38,24.91,2.42,0.0,19.92,89.18,7.57,355,1012.2,0.0,105,Moderate,CO,22,29,2,7,2026,0,2,-0.5000000000000004,0.8660254037844384,-0.4999999999999997,-0.8660254037844388,150.79440000000002,4.262906309751434,55.38,59.19,59.92,61.65,62.52,56.36,89.2,93.79,102.43,91.72,109.15,95.67,41.68,94.95,69.23,38.32,73.11,40.34,58.163333333333334,55.38,59.92,2.437915776504892,60.11833333333333,55.38,62.33,2.6492218983444364,61.19916666666666,55.38,63.43,2.184347035087855,58.717083333333335,51.07,63.43,3.8985554506059383
2026-07-29 23:18:43,Delhi,Delhi,"Anand Vihar, Delhi - DPCC",28.6139,77.209,56.1,94.61,47.26,20.8,1.63,0.0,22.59,85.66,6.85,319,1009.9,0.0,95,Satisfactory,PM10,23,29,2,7,2026,0,2,-0.25881904510252157,0.9659258262890681,-0.4999999999999997,-0.8660254037844388,154.7415,3.6311996608732513,56.04,55.38,59.19,62.33,62.35,55.48,96.23,89.2,93.79,103.97,102.11,93.47,36.38,41.68,94.95,63.97,24.19,70.52,56.870000000000005,55.38,59.19,2.0360992117277497,59.18333333333334,55.38,62.33,2.970970660687813,60.659166666666664,55.38,63.43,2.5912140304334748,58.70375000000001,51.07,63.43,3.907504276889923
2026-07-30 00:18:43,Delhi,Delhi,"Anand Vihar, Delhi - DPCC",28.6139,77.209,55.6,77.98,48.28,11.21,2.47,38.96,18.31,92.47,7.33,232,1012.2,0.0,106,Moderate,CO,0,30,3,7,2026,0,2,0.0,1.0,-0.4999999999999997,-0.8660254037844388,134.2123,4.788710512687727,56.1,56.04,55.38,62.24,63.43,53.66,94.61,96.23,89.2,109.44,108.29,76.94,47.26,36.38,41.68,54.68,29.86,22.79,55.84,55.38,56.1,0.39949968710696265,58.145,55.38,62.24,2.730199626401189,60.13833333333333,55.38,63.43,2.8369344316880345,58.72958333333333,51.07,63.43,3.8872617826262563
2026-07-30 01:18:43,Delhi,Delhi,"Anand Vihar, Delhi - DPCC",28.6139,77.209,54.14,93.03,34.45,20.43,1.66,29.02,17.93,98.0,6.87,238,1011.7,6.3,93,Satisfactory,PM10,1,30,3,7,2026,0,2,0.25881904510252074,0.9659258262890683,-0.4999999999999997,-0.8660254037844388,123.1791,5.176967776016904,55.6,56.1,56.04,59.92,60.92,52.91,77.98,94.61,96.23,102.43,102.32,93.21,48.28,47.26,36.38,69.23,74.25,27.67,55.913333333333334,55.6,56.1,0.27300793638992055,57.038333333333334,55.38,59.92,1.9813976548557677,59.48583333333334,55.38,62.49,2.9105215350621876,58.81041666666667,51.07,63.43,3.7963672328512486
2026-07-30 02:18:43,Delhi,Delhi,"Anand Vihar, Delhi - DPCC",28.6139,77.209,53.02,76.38,44.89,31.13,2.19,37.1,18.4,96.26,4.95,41,1008.3,0.0,102,Moderate,CO,2,30,3,7,2026,0,2,0.49999999999999994,0.8660254037844387,-0.4999999999999997,-0.8660254037844388,91.08,4.961855670103094,54.14,55.6,56.1,59.19,61.97,51.07,93.03,77.98,94.61,93.79,87.67,78.34,34.45,48.28,47.26,94.95,45.76,71.78,55.28,54.14,56.1,1.0184301645172682,56.074999999999996,54.14,59.19,1.6827328962141699,58.92083333333334,54.14,62.49,3.2455969007910377,58.86166666666666,51.07,63.43,3.72080013212056
2026-07-30 03:18:43,Delhi,Delhi,"Anand Vihar, Delhi - DPCC",28.6139,77.209,54.49,91.24,39.09,12.77,0.83,33.43,15.66,94.21,2.86,308,1012.2,0.0,91,Satisfactory,PM10,3,30,3,7,2026,0,2,0.7071067811865475,0.7071067811865476,-0.4999999999999997,-0.8660254037844388,44.7876,5.6548619447779105,53.02,54.14,55.6,55.38,62.49,52.42,76.38,93.03,77.98,89.2,98.68,78.79,44.89,34.45,48.28,41.68,59.73,75.36,54.25333333333333,53.02,55.6,1.293728461978092,55.04666666666666,53.02,56.1,1.2200765003343237,58.175000000000004,53.02,62.49,3.4996116667684674,58.94291666666667,52.42,63.43,3.5611227823559313
2026-07-30 04:18:43,Delhi,Delhi,"Anand Vihar, Delhi - DPCC",28.6139,77.209,56.09,93.92,46.4,18.24,2.3,27.95,18.15,98.0,3.53,329,1009.9,0.0,104,Moderate,CO,4,30,3,7,2026,0,2,0.8660254037844386,0.5000000000000001,-0.4999999999999997,-0.8660254037844388,64.06949999999999,5.117493472584857,54.49,53.02,54.14,56.04,61.65,53.7,91.24,76.38,93.03,96.23,91.72,92.35,39.09,44.89,34.45,36.38,38.32,41.73,53.88333333333333,53.02,54.49,0.7678758580215128,54.89833333333333,53.02,56.1,1.225535257211337,57.50833333333333,53.02,62.33,3.3621795780641572,59.02916666666666,53.02,63.43,3.418480359898888
2026-07-30 05:18:43,Delhi,Delhi,"Anand Vihar, Delhi - DPCC",28.6139,77.209,58.03,89.83,30.4,10.66,1.32,18.4,16.82,98.0,1.32,7,1008.8,0.0,97,Satisfactory,PM25,5,30,3,7,2026,0,2,0.9659258262890683,0.25881904510252074,-0.4999999999999997,-0.8660254037844388,22.2024,5.499438832772166,56.09,54.49,53.02,56.1,62.33,56.59,93.92,91.24,76.38,94.61,103.97,89.6,46.4,39.09,44.89,47.26,63.97,36.62,54.53333333333333,53.02,56.09,1.5354586719713947,54.906666666666666,53.02,56.1,1.2349844803348986,57.04500000000001,53.02,62.33,3.113444453276231,59.128750000000004,53.02,63.43,3.288840568134707
2026-07-30 06:18:43,Delhi,Delhi,"Anand Vihar, Delhi - DPCC",28.6139,77.209,58.47,83.92,62.3,17.72,0.7,18.95,20.72,93.45,1.0,323,1013.6,0.0,97,Satisfactory,PM25,6,30,3,7,2026,0,2,1.0,6.123233995736766e-17,-0.4999999999999997,-0.8660254037844388,20.72,4.302486187845304,58.03,56.09,54.49,55.6,62.24,59.04,89.83,93.92,91.24,77.98,109.44,102.4,30.4,46.4,39.09,48.28,54.68,27.36,56.20333333333334,54.49,58.03,1.7727191919003578,55.22833333333333,53.02,58.03,1.751358520311602,56.68666666666667,53.02,62.24,2.6650442033971555,59.18875,53.02,63.43,3.2534561055029925
2026-07-30 07:18:43,Delhi,Delhi,"Anand Vihar, Delhi - DPCC",28.6139,77.209,61.99,97.8,34.77,26.34,2.52,24.32,19.15,86.79,4.4,144,1008.2,0.0,106,Moderate,CO,7,30,3,7,2026,0,2,0.9659258262890683,-0.25881904510252063,-0.4999999999999997,-0.8660254037844388,84.26,4.307196029776676,58.47,58.03,56.09,54.14,59.92,60.25,83.92,89.83,93.92,93.03,102.43,107.27,62.3,30.4,46.4,34.45,69.23,65.73,57.53,56.09,58.47,1.2663332894614567,55.70666666666667,53.02,58.47,2.206070412898922,56.3725,53.02,59.92,2.116674600319224,59.165,53.02,63.43,3.2566680758900897
2026-07-30 08:18:43,Delhi,Delhi,"Anand Vihar, Delhi - DPCC",28.6139,77.209,63.68,93.01,41.2,23.47,1.98,25.73,24.52,80.59,2.95,12,1012.8,0.0,110,Moderate,PM25,8,30,3,7,2026,0,2,0.8660254037844387,-0.4999999999999998,-0.4999999999999997,-0.8660254037844388,72.334,3.1579153605015677,61.99,58.47,58.03,53.02,59.19,61.44,97.8,83.92,89.83,76.38,93.79,103.12,34.77,62.3,30.4,44.89,94.95,92.07,59.49666666666667,58.03,61.99,2.1704684594186636,57.01500000000001,53.02,61.99,3.1965340605101167,56.54500000000001,53.02,61.99,2.4844589679921345,59.237500000000004,53.02,63.43,3.3009395895582445
2026-07-30 09:18:43,Delhi,Delhi,"Anand Vihar, Delhi - DPCC",28.6139,77.209,63.74,90.03,93.04,34.63,2.31,27.58,27.42,77.91,3.82,244,1013.0,2.0,113,Moderate,NO2,9,30,3,7,2026,0,2,0.7071067811865476,-0.7071067811865475,-0.4999999999999997,-0.8660254037844388,104.7444,2.7413793103448274,63.68,61.99,58.47,54.49,55.38,61.9,93.01,97.8,83.92,91.24,89.2,108.63,41.2,34.77,62.3,39.09,41.68,46.9,61.379999999999995,58.47,63.68,2.6580255830216366,58.79166666666668,54.49,63.68,3.481726104487236,56.91916666666666,53.02,63.68,3.164147043857425,59.33083333333334,53.02,63.68,3.39621517814048
2026-07-30 10:18:43,Delhi,Delhi,"Anand Vihar, Delhi - DPCC",28.6139,77.209,66.48,96.15,75.66,30.17,1.09,57.43,27.26,66.05,3.51,95,1014.4,0.0,196,Moderate,CO,10,30,3,7,2026,0,2,0.49999999999999994,-0.8660254037844387,-0.4999999999999997,-0.8660254037844388,95.6826,2.3372257607926397,63.74,63.68,61.99,56.09,56.04,62.52,90.03,93.01,97.8,93.92,96.23,109.15,93.04,41.2,34.77,46.4,36.38,73.11,63.13666666666666,61.99,63.74,0.9934955124863377,60.333333333333336,56.09,63.74,3.235222815613753,57.615833333333335,53.02,63.74,3.6737482922965286,59.407500000000006,53.02,63.74,3.4765515772910796
2026-07-30 11:18:43,Delhi,Delhi,"Anand Vihar, Delhi - DPCC",28.6139,77.209,68.49,114.39,68.39,16.01,1.72,60.01,27.48,62.28,5.04,250,1009.8,0.0,127,Moderate,PM25,11,30,3,7,2026,0,2,0.258819045102521,-0.9659258262890682,-0.4999999999999997,-0.8660254037844388,138.4992,2.186797752808989,66.48,63.74,63.68,58.03,56.1,62.35,96.15,90.03,93.01,89.83,94.61,102.11,75.66,93.04,41.2,30.4,47.26,24.19,64.63333333333334,63.68,66.48,1.5995416010001762,62.065,58.03,66.48,3.289892095495082,58.48583333333334,53.02,66.48,4.425834196322028,59.5725,53.02,66.48,3.716395226326274
2026-07-30 12:18:43,Delhi,Delhi,"Anand Vihar, Delhi - DPCC",28.6139,77.209,69.72,118.6,32.53,13.31,2.01,59.74,29.62,61.75,7.56,357,1012.8,0.0,201,Poor,CO,12,30,3,7,2026,0,2,1.2246467991473532e-16,-1.0,-0.4999999999999997,-0.8660254037844388,223.9272,2.0166557805355976,68.49,66.48,63.74,58.47,55.6,63.43,114.39,96.15,90.03,83.92,77.98,108.29,68.39,75.66,93.04,62.3,48.28,29.86,66.23666666666666,63.74,68.49,2.3843307936043336,63.80833333333334,58.47,68.49,3.4894436041678016,59.51833333333334,53.02,68.49,5.196734697399086,59.828333333333326,53.02,68.49,4.106744893853063
2026-07-30 13:18:43,Delhi,Delhi,"Anand Vihar, Delhi - DPCC",28.6139,77.209,69.73,112.21,73.95,27.62,1.72,60.09,30.72,49.17,6.8,6,1012.0,0.0,131,Moderate,PM25,13,30,3,7,2026,0,2,-0.2588190451025208,-0.9659258262890683,-0.4999999999999997,-0.8660254037844388,208.896,1.550126103404792,69.72,68.49,66.48,61.99,54.14,60.92,118.6,114.39,96.15,97.8,93.03,102.32,32.53,68.39,75.66,34.77,34.45,74.25,68.23,66.48,69.72,1.6355732939847567,65.68333333333334,61.99,69.72,3.0409647591952536,60.69499999999999,53.02,69.72,5.7931989906660855,60.09041666666666,53.02,69.72,4.525904645738638
2026-07-30 14:18:43,Delhi,Delhi,"Anand Vihar, Delhi - DPCC",28.6139,77.209,68.62,101.28,21.91,26.2,1.48,62.33,32.31,51.59,8.61,24,1010.9,0.0,127,Moderate,PM25,14,30,3,7,2026,0,2,-0.4999999999999997,-0.8660254037844388,-0.4999999999999997,-0.8660254037844388,278.1891,1.5487841489042329,69.73,69.72,68.49,63.68,53.02,61.97,112.21,118.6,114.39,93.01,76.38,87.67,73.95,32.53,68.39,41.2,44.89,45.76,69.31333333333333,68.49,69.73,0.7130451131094705,66.97333333333333,63.68,69.73,2.7924015948046135,61.994166666666665,53.02,69.73,5.935883878938533,60.4575,53.02,69.73,4.934911346721407
2026-07-30 15:18:43,Delhi,Delhi,"Anand Vihar, Delhi - DPCC",28.6139,77.209,68.72,116.11,59.72,19.91,2.08,44.12,32.93,54.01,12.54,124,1009.4,0.0,202,Poor,CO,15,30,3,7,2026,0,2,-0.7071067811865471,-0.7071067811865479,-0.4999999999999997,-0.8660254037844388,412.94219999999996,1.591806660772178,68.62,69.73,69.72,63.74,54.49,62.49,101.28,112.21,118.6,90.03,91.24,98.68,21.91,73.95,32.53,93.04,39.09,59.73,69.35666666666667,68.62,69.73,0.6379916404854243,67.79666666666667,63.74,69.73,2.314551072382563,63.29416666666666,54.49,69.73,5.48276549053872,60.73458333333334,53.02,69.73,5.202938951389272
2026-07-30 16:18:43,Delhi,Delhi,"Anand Vihar, Delhi - DPCC",28.6139,77.209,65.48,111.19,58.05,28.86,1.31,54.09,32.15,49.7,11.31,122,1014.3,5.6,116,Moderate,PM25,16,30,3,7,2026,0,2,-0.8660254037844384,-0.5000000000000004,-0.4999999999999997,-0.8660254037844388,363.6165,1.4992458521870289,68.72,68.62,69.73,66.48,56.09,61.65,116.11,101.28,112.21,96.15,93.92,91.72,59.72,21.91,73.95,75.66,46.4,38.32,69.02333333333334,68.62,69.73,0.6140304009813738,68.62666666666667,66.48,69.73,1.1872938417540932,64.48,56.09,69.73,4.914910523554346,60.99416666666667,53.02,69.73,5.444148766988374
2026-07-30 17:18:43,Delhi,Delhi,"Anand Vihar, Delhi - DPCC",28.6139,77.209,64.0,107.19,37.36,30.94,1.56,50.02,30.48,53.88,10.92,322,1009.7,0.0,125,Moderate,O3,17,30,3,7,2026,0,2,-0.9659258262890683,-0.25881904510252063,-0.4999999999999997,-0.8660254037844388,332.8416,1.7115628970775096,65.48,68.72,68.62,68.49,58.03,62.33,111.19,116.11,101.28,114.39,89.83,103.97,58.05,59.72,21.91,68.39,30.4,63.97,67.60666666666667,65.48,68.72,1.8424259369998097,68.46,65.48,69.73,1.5604486534328996,65.2625,58.03,69.73,4.1448766293735515,61.15375,53.02,69.73,5.519817114566426
2026-07-30 18:18:43,Delhi,Delhi,"Anand Vihar, Delhi - DPCC",28.6139,77.209,62.01,107.58,72.66,16.09,2.41,18.86,32.95,58.0,7.37,81,1012.1,0.0,105,Moderate,PM10,18,30,3,7,2026,0,2,-1.0,-1.8369701987210297e-16,-0.4999999999999997,-0.8660254037844388,242.84150000000002,1.7083946980854197,64.0,65.48,68.72,69.72,58.47,62.24,107.19,111.19,116.11,118.6,83.92,109.44,37.36,58.05,59.72,32.53,62.3,54.68,66.06666666666666,64.0,68.72,2.414069869189777,67.71166666666666,64.0,69.73,2.3960669161497368,65.76,58.47,69.73,3.507068187635798,61.223333333333336,53.02,69.73,5.545754872102519
2026-07-30 19:18:43,Delhi,Delhi,"Anand Vihar, Delhi - DPCC",28.6139,77.209,61.25,101.22,54.07,14.27,3.03,25.08,28.1,63.89,12.2,36,1012.1,0.0,113,Moderate,CO,19,30,3,7,2026,0,2,-0.9659258262890684,0.2588190451025203,-0.4999999999999997,-0.8660254037844388,342.82,2.1955326460481097,62.01,64.0,65.48,69.73,61.99,59.92,107.58,107.19,111.19,112.21,97.8,102.43,72.66,37.36,58.05,73.95,34.77,69.23,63.830000000000005,62.01,65.48,1.7412351937624775,66.42666666666666,62.01,69.73,3.0748636826154536,66.05499999999999,61.99,69.73,2.9413803191389474,61.213750000000005,53.02,69.73,5.544120122686931
2026-07-30 20:18:43,Delhi,Delhi,"Anand Vihar, Delhi - DPCC",28.6139,77.209,58.77,92.94,44.37,33.85,2.81,12.85,28.04,66.41,12.59,332,1008.5,0.0,110,Moderate,CO,20,30,3,7,2026,0,2,-0.8660254037844386,0.5000000000000001,-0.4999999999999997,-0.8660254037844388,353.0236,2.286845730027548,61.25,62.01,64.0,68.62,63.68,59.19,101.22,107.58,107.19,101.28,93.01,93.79,54.07,72.66,37.36,21.91,41.2,94.95,62.419999999999995,61.25,64.0,1.4201056298731136,65.01333333333334,61.25,68.72,3.1992103192299868,65.99333333333333,61.25,69.73,3.040440558188656,61.26916666666667,53.02,69.73,5.537268920817267
2026-07-30 21:18:43,Delhi,Delhi,"Anand Vihar, Delhi - DPCC",28.6139,77.209,56.52,90.88,66.96,30.64,1.88,0.0,23.38,76.37,11.19,135,1008.0,0.0,94,Satisfactory,PM25,21,30,3,7,2026,0,2,-0.7071067811865477,0.7071067811865474,-0.4999999999999997,-0.8660254037844388,261.62219999999996,3.132485643970468,58.77,61.25,62.01,68.72,63.74,55.38,92.94,101.22,107.58,116.11,90.03,89.2,44.37,54.07,72.66,59.72,93.04,41.68,60.67666666666667,58.77,62.01,1.6943828768407032,63.37166666666667,58.77,68.72,3.4921478586491443,65.58416666666666,58.77,69.73,3.649446927794355,61.25166666666667,53.02,69.73,5.5447842053643095
2026-07-30 22:18:43,Delhi,Delhi,"Anand Vihar, Delhi - DPCC",28.6139,77.209,54.69,78.21,40.85,24.6,2.44,0.0,22.47,75.79,6.52,184,1013.7,0.0,105,Moderate,CO,22,30,3,7,2026,0,2,-0.5000000000000004,0.8660254037844384,-0.4999999999999997,-0.8660254037844388,146.50439999999998,3.229228802726886,56.52,58.77,61.25,65.48,66.48,56.04,90.88,92.94,101.22,111.19,96.15,96.23,66.96,44.37,54.07,58.05,75.66,36.38,58.84666666666667,56.52,61.25,2.365931810794924,61.33833333333333,56.52,65.48,3.301802033233978,64.9825,56.52,69.73,4.481448882996314,61.29916666666667,53.02,69.73,5.496973805148819
2026-07-30 23:18:43,Delhi,Delhi,"Anand Vihar, Delhi - DPCC",28.6139,77.209,53.9,88.48,46.24,30.22,2.63,0.0,22.81,89.92,7.48,349,1011.5,0.0,108,Moderate,CO,23,30,3,7,2026,0,2,-0.25881904510252157,0.9659258262890681,-0.4999999999999997,-0.8660254037844388,170.6188,3.776564468710626,54.69,56.52,58.77,64.0,68.49,56.1,78.21,90.88,92.94,107.19,114.39,94.61,40.85,66.96,44.37,37.36,68.39,47.26,56.660000000000004,54.69,58.77,2.0435997651199878,59.53999999999999,54.69,64.0,3.5256885852272273,64.0,54.69,69.73,5.334506878462479,61.242916666666666,53.02,69.73,5.559679752402553
2026-07-31 00:18:43,Delhi,Delhi,"Anand Vihar, Delhi - DPCC",28.6139,77.209,54.18,81.59,57.28,22.08,2.5,27.29,20.74,94.3,9.38,119,1009.2,0.0,106,Moderate,CO,0,31,4,7,2026,0,2,0.0,1.0,-0.4999999999999997,-0.8660254037844388,194.5412,4.337626494940203,53.9,54.69,56.52,62.01,69.72,55.6,88.48,78.21,90.88,107.58,118.6,77.98,46.24,40.85,66.96,72.66,32.53,48.28,55.03666666666667,53.9,56.52,1.3439618050123772,57.856666666666676,53.9,62.01,3.3784236955521787,62.784166666666664,53.9,69.73,5.8553587862018714,61.151250000000005,53.02,69.73,5.665295043930384
2026-07-31 01:18:43,Delhi,Delhi,"Anand Vihar, Delhi - DPCC",28.6139,77.209,53.44,82.92,47.94,20.6,1.17,36.26,17.01,92.95,4.48,63,1010.3,1.0,89,Satisfactory,PM25,1,31,4,7,2026,0,2,0.25881904510252074,0.9659258262890683,-0.4999999999999997,-0.8660254037844388,76.20480000000002,5.161021654636313,54.18,53.9,54.69,61.25,69.73,54.14,81.59,88.48,78.21,101.22,112.21,93.03,57.28,46.24,40.85,54.07,73.95,34.45,54.25666666666666,53.9,54.69,0.4005413004076824,56.55166666666667,53.9,61.25,2.9366063179576187,61.48916666666668,53.9,69.73,5.900224122604981,61.092083333333335,53.02,69.73,5.732804139084208
2026-07-31 02:18:43,Delhi,Delhi,"Anand Vihar, Delhi - DPCC",28.6139,77.209,55.41,89.32,65.74,9.06,2.66,17.38,19.4,96.67,5.09,316,1011.6,9.4,108,Moderate,CO,2,31,4,7,2026,0,2,0.49999999999999994,0.8660254037844387,-0.4999999999999997,-0.8660254037844388,98.746,4.738725490196079,53.44,54.18,53.9,58.77,68.62,53.02,82.92,81.59,88.48,92.94,101.28,76.38,47.94,57.28,46.24,44.37,21.91,44.89,53.839999999999996,53.44,54.18,0.3736308338440883,55.25,53.44,58.77,2.027826422552509,60.13166666666667,53.44,68.72,5.702496794998644,61.06291666666667,53.02,69.73,5.7713629459273115
2026-07-31 03:18:43,Delhi,Delhi,"Anand Vihar, Delhi - DPCC",28.6139,77.209,54.15,83.93,20.47,26.73,1.31,29.29,17.92,98.0,3.81,356,1012.4,0.0,90,Satisfactory,PM25,3,31,4,7,2026,0,2,0.7071067811865475,0.7071067811865476,-0.4999999999999997,-0.8660254037844388,68.27520000000001,5.179704016913319,55.41,53.44,54.18,56.52,68.72,54.49,89.32,82.92,81.59,90.88,116.11,91.24,65.74,47.94,57.28,66.96,59.72,39.09,54.343333333333334,53.44,55.41,0.9951046846097439,54.69,53.44,56.52,1.1237437430313815,59.030833333333334,53.44,68.72,5.1645953081504725,61.1625,53.44,69.73,5.645804329033968
2026-07-31 04:18:43,Delhi,Delhi,"Anand Vihar, Delhi - DPCC",28.6139,77.209,56.84,89.73,24.11,12.55,2.34,31.21,16.63,95.5,3.42,301,1014.7,1.6,104,Moderate,CO,4,31,4,7,2026,0,2,0.8660254037844386,0.5000000000000001,-0.4999999999999997,-0.8660254037844388,56.874599999999994,5.416903006239365,54.15,55.41,53.44,54.69,65.48,56.09,83.93,89.32,82.92,78.21,111.19,93.92,20.47,65.74,47.94,40.85,58.05,46.4,54.333333333333336,53.44,55.41,0.9977140538913243,54.294999999999995,53.44,55.41,0.6812561926340395,57.81666666666666,53.44,65.48,4.323883635919213,61.14833333333334,53.44,69.73,5.663673463526022
2026-07-31 05:18:43,Delhi,Delhi,"Anand Vihar, Delhi - DPCC",28.6139,77.209,57.72,95.07,76.7,25.45,1.08,33.22,18.23,98.0,1.0,280,1010.4,0.0,195,Moderate,CO,5,31,4,7,2026,0,2,0.9659258262890683,0.25881904510252074,-0.4999999999999997,-0.8660254037844388,18.23,5.096203848153926,56.84,54.15,55.41,53.9,64.0,58.03,89.73,83.93,89.32,88.48,107.19,89.83,24.11,20.47,65.74,46.24,37.36,30.4,55.46666666666666,54.15,56.84,1.345894993427064,54.653333333333336,53.44,56.84,1.2546818985977488,57.096666666666664,53.44,64.0,3.5886445487077703,61.17958333333333,53.44,69.73,5.6365542042191885
2026-07-31 06:18:43,Delhi,Delhi,"Anand Vihar, Delhi - DPCC",28.6139,77.209,58.48,96.49,73.35,13.67,2.76,32.55,20.72,84.25,2.26,343,1009.4,0.0,109,Moderate,CO,6,31,4,7,2026,0,2,1.0,6.123233995736766e-17,-0.4999999999999997,-0.8660254037844388,46.82719999999999,3.8789134438305712,57.72,56.84,54.15,54.18,62.01,58.47,95.07,89.73,83.93,81.59,107.58,83.92,76.7,24.11,20.47,57.28,72.66,62.3,56.23666666666666,54.15,57.72,1.8599014310795814,55.29,53.44,57.72,1.689733706831375,56.57333333333333,53.44,62.01,2.877942236243086,61.166666666666664,53.44,69.73,5.644435248575528
2026-07-31 07:18:43,Delhi,Delhi,"Anand Vihar, Delhi - DPCC",28.6139,77.209,58.42,92.74,79.35,32.0,1.32,25.57,19.49,87.87,2.79,308,1010.6,0.0,99,Satisfactory,NO2,7,31,4,7,2026,0,2,0.9659258262890683,-0.25881904510252063,-0.4999999999999997,-0.8660254037844388,54.3771,4.288433382137629,58.48,57.72,56.84,53.44,61.25,61.99,96.49,95.07,89.73,82.92,101.22,97.8,73.35,76.7,24.11,47.94,54.07,34.77,57.68,56.84,58.48,0.8207313811462578,56.00666666666666,53.44,58.48,2.0069047477816855,56.27916666666667,53.44,61.25,2.4148723223668975,61.16708333333333,53.44,69.73,5.644227893564567
2026-07-31 08:18:43,Delhi,Delhi,"Anand Vihar, Delhi - DPCC",28.6139,77.209,59.94,94.95,89.42,32.14,3.23,37.13,22.74,81.03,2.62,208,1012.9,0.0,115,Moderate,CO,8,31,4,7,2026,0,2,0.8660254037844387,-0.4999999999999998,-0.4999999999999997,-0.8660254037844388,59.5788,3.413226621735468,58.42,58.48,57.72,55.41,58.77,63.68,92.74,96.49,95.07,89.32,92.94,93.01,79.35,73.35,76.7,65.74,44.37,41.2,58.20666666666667,57.72,58.48,0.42253205006423117,56.836666666666666,54.15,58.48,1.74592859724233,56.04333333333333,53.44,58.77,1.985269999193396,61.01833333333334,53.44,69.73,5.668587483489215
2026-07-31 09:18:43,Delhi,Delhi,"Anand Vihar, Delhi - DPCC",28.6139,77.209,62.09,107.56,59.53,26.71,1.54,50.15,23.6,77.93,3.04,340,1014.1,9.9,125,Moderate,O3,9,31,4,7,2026,0,2,0.7071067811865476,-0.7071067811865475,-0.4999999999999997,-0.8660254037844388,71.744,3.1678861788617887,59.94,58.42,58.48,54.15,56.52,63.74,94.95,92.74,96.49,83.93,90.88,90.03,89.42,79.35,73.35,20.47,66.96,93.04,58.946666666666665,58.42,59.94,0.8607748447366185,57.59166666666667,54.15,59.94,1.9706081971484035,56.14083333333334,53.44,59.94,2.152999845177351,60.86249999999999,53.44,69.73,5.643587550023675
2026-07-31 10:18:43,Delhi,Delhi,"Anand Vihar, Delhi - DPCC",28.6139,77.209,63.16,102.25,77.3,21.41,1.47,47.65,27.39,68.19,6.7,281,1011.0,0.0,108,Moderate,PM25,10,31,4,7,2026,0,2,0.49999999999999994,-0.8660254037844387,-0.4999999999999997,-0.8660254037844388,183.513,2.401902078196548,62.09,59.94,58.42,56.84,54.69,66.48,107.56,94.95,92.74,89.73,78.21,96.15,59.53,89.42,79.35,24.11,40.85,75.66,60.150000000000006,58.42,62.09,1.8439902385852862,58.91499999999999,56.84,62.09,1.860061826929869,56.605,53.44,62.09,2.7576818327917065,60.79375000000001,53.44,69.73,5.616997350820993
2026-07-31 11:18:43,Delhi,Delhi,"Anand Vihar, Delhi - DPCC",28.6139,77.209,63.53,101.59,28.89,29.91,1.53,62.44,28.66,62.77,6.36,59,1014.5,0.0,110,Moderate,PM25,11,31,4,7,2026,0,2,0.258819045102521,-0.9659258262890682,-0.4999999999999997,-0.8660254037844388,182.2776,2.1163182737693864,63.16,62.09,59.94,57.72,53.9,68.49,102.25,107.56,94.95,95.07,88.48,114.39,77.3,59.53,89.42,76.7,46.24,68.39,61.73,59.94,63.16,1.639908534034003,59.968333333333334,57.72,63.16,2.207101417395277,57.310833333333335,53.44,63.16,3.2609994517390986,60.65541666666667,53.44,69.73,5.510746796362797
2026-07-31 12:18:43,Delhi,Delhi,"Anand Vihar, Delhi - DPCC",28.6139,77.209,64.86,107.02,20.88,28.2,0.8,54.78,31.82,51.58,9.56,5,1013.8,0.0,114,Moderate,PM25,12,31,4,7,2026,0,2,1.2246467991473532e-16,-1.0,-0.4999999999999997,-0.8660254037844388,304.1992,1.571602681291895,63.53,63.16,62.09,58.48,54.18,69.72,101.59,102.25,107.56,96.49,81.59,118.6,28.89,77.3,59.53,73.35,57.28,32.53,62.92666666666667,62.09,63.53,0.7478190511953282,60.93666666666667,58.42,63.53,2.296124270737136,58.11333333333334,53.44,63.53,3.519962121008342,60.44875,53.44,69.73,5.292854340071818
2026-07-31 13:18:43,Delhi,Delhi,"Anand Vihar, Delhi - DPCC",28.6139,77.209,65.77,117.36,27.2,27.92,0.88,59.55,34.83,58.02,8.38,1,1009.8,0.0,117,Moderate,PM25,13,31,4,7,2026,0,2,-0.2588190451025208,-0.9659258262890683,-0.4999999999999997,-0.8660254037844388,291.8754,1.6193134245046052,64.86,63.53,63.16,58.42,53.44,69.73,107.02,101.59,102.25,92.74,82.92,112.21,20.88,28.89,77.3,79.35,47.94,73.95,63.849999999999994,63.16,64.86,0.894035793465335,62.0,58.42,64.86,2.405585167896028,59.00333333333333,53.44,64.86,3.7759124925659084,60.24625,53.44,69.73,5.008028174406759
2026-07-31 14:18:43,Delhi,Delhi,"Anand Vihar, Delhi - DPCC",28.6139,77.209,68.32,103.95,52.43,13.12,1.01,62.7,33.51,48.64,9.04,44,1012.0,0.0,195,Moderate,CO,14,31,4,7,2026,0,2,-0.4999999999999997,-0.8660254037844388,-0.4999999999999997,-0.8660254037844388,302.93039999999996,1.409446537235584,65.77,64.86,63.53,59.94,55.41,68.62,117.36,107.02,101.59,94.95,89.32,101.28,27.2,20.88,28.89,89.42,65.74,21.91,64.71999999999998,63.53,65.77,1.126543385758857,63.224999999999994,59.94,65.77,2.0652820630609354,60.030833333333334,54.15,65.77,3.801921663229449,60.081250000000004,53.44,68.72,4.740046149564343
2026-07-31 15:18:43,Delhi,Delhi,"Anand Vihar, Delhi - DPCC",28.6139,77.209,65.67,96.62,20.08,31.04,2.17,60.58,30.56,55.5,9.96,336,1012.7,0.0,117,Moderate,PM25,15,31,4,7,2026,0,2,-0.7071067811865471,-0.7071067811865479,-0.4999999999999997,-0.8660254037844388,304.37760000000003,1.758555133079848,68.32,65.77,64.86,62.09,54.15,68.72,103.95,117.36,107.02,107.56,83.93,116.11,52.43,27.2,20.88,59.53,20.47,59.72,66.31666666666666,64.86,68.32,1.793609024656735,64.62166666666666,62.09,68.32,2.226687375153444,61.10666666666666,54.15,68.32,4.182972699655182,60.068749999999994,53.44,68.72,4.716888540128942
2026-07-31 16:18:43,Delhi,Delhi,"Anand Vihar, Delhi - DPCC",28.6139,77.209,62.81,101.92,51.06,31.19,2.03,40.29,35.76,50.5,8.94,5,1010.2,0.0,201,Poor,CO,16,31,4,7,2026,0,2,-0.8660254037844384,-0.5000000000000004,-0.4999999999999997,-0.8660254037844388,319.6944,1.3737758433079434,65.67,68.32,65.77,63.16,56.84,65.48,96.62,103.95,117.36,102.25,89.73,111.19,20.08,52.43,27.2,77.3,24.11,58.05,66.58666666666666,65.67,68.32,1.501943185786346,65.21833333333333,63.16,68.32,1.8624866889907352,62.06666666666666,56.84,68.32,3.739706681092242,59.94166666666666,53.44,68.32,4.510230560641518
2026-07-31 17:18:43,Delhi,Delhi,"Anand Vihar, Delhi - DPCC",28.6139,77.209,62.17,94.6,35.91,11.49,1.72,29.66,31.85,50.14,10.9,207,1013.8,6.6,105,Moderate,PM25,17,31,4,7,2026,0,2,-0.9659258262890683,-0.25881904510252063,-0.4999999999999997,-0.8660254037844388,347.165,1.526331811263318,62.81,65.67,68.32,63.53,57.72,64.0,101.92,96.62,103.95,101.59,95.07,107.19,51.06,20.08,52.43,28.89,76.7,37.36,65.60000000000001,62.81,68.32,2.7556668884313362,65.16,62.81,68.32,1.9435637370564938,62.564166666666665,57.72,68.32,3.358894456468799,59.83041666666666,53.44,68.32,4.399245468078087
2026-07-31 18:18:43,Delhi,Delhi,"Anand Vihar, Delhi - DPCC",28.6139,77.209,62.74,99.57,54.05,29.36,1.83,23.96,30.37,58.0,9.89,313,1014.8,0.0,107,Moderate,PM25,18,31,4,7,2026,0,2,-1.0,-1.8369701987210297e-16,-0.4999999999999997,-0.8660254037844388,300.3593,1.8489002231431304,62.17,62.81,65.67,64.86,58.48,62.01,94.6,101.92,96.62,107.02,96.49,107.58,35.91,51.06,20.08,20.88,73.35,72.66,63.55000000000001,62.17,65.67,1.8636523280905128,64.93333333333334,62.17,68.32,2.229893868924637,62.935,58.42,68.32,3.002167398881835,59.75416666666666,53.44,68.32,4.3392845700310945
2026-07-31 19:18:43,Delhi,Delhi,"Anand Vihar, Delhi - DPCC",28.6139,77.209,61.81,105.85,60.93,24.06,1.87,12.35,30.74,61.64,12.75,76,1009.4,0.0,104,Moderate,PM10,19,31,4,7,2026,0,2,-0.9659258262890684,0.2588190451025203,-0.4999999999999997,-0.8660254037844388,391.935,1.9420289855072466,62.74,62.17,62.81,65.77,58.42,61.25,99.57,94.6,101.92,117.36,92.74,101.22,54.05,35.91,51.06,27.2,79.35,54.07,62.57333333333333,62.17,62.81,0.35104605585403625,64.58,62.17,68.32,2.4049282733589044,63.29,58.42,68.32,2.6598325306133277,59.78458333333333,53.44,68.32,4.35830140343554
2026-07-31 20:18:43,Delhi,Delhi,"Anand Vihar, Delhi - DPCC",28.6139,77.209,60.68,94.68,60.85,9.55,2.1,14.31,29.98,63.93,7.75,5,1011.2,8.8,211,Poor,PM25,20,31,4,7,2026,0,2,-0.8660254037844386,0.5000000000000001,-0.4999999999999997,-0.8660254037844388,232.345,2.063589412524209,61.81,62.74,62.17,68.32,59.94,58.77,105.85,99.57,94.6,103.95,94.95,92.94,60.93,54.05,35.91,52.43,89.42,44.37,62.24,61.81,62.74,0.46893496350495806,63.92000000000001,61.81,68.32,2.5519247637814635,63.5725,59.94,68.32,2.242920681124942,59.807916666666664,53.44,68.32,4.367976328935943
2026-07-31 21:18:43,Delhi,Delhi,"Anand Vihar, Delhi - DPCC",28.6139,77.209,60.43,98.66,39.41,21.94,2.14,0.0,25.04,77.17,9.64,107,1012.4,0.0,210,Poor,PM25,21,31,4,7,2026,0,2,-0.7071067811865477,0.7071067811865474,-0.4999999999999997,-0.8660254037844388,241.3856,2.9635176651305684,60.68,61.81,62.74,65.67,62.09,56.52,94.68,105.85,99.57,96.62,107.56,90.88,60.85,60.93,54.05,20.08,59.53,66.96,61.74333333333334,60.68,62.74,1.031616853938914,62.64666666666667,60.68,65.67,1.671582084932663,63.63416666666666,60.68,68.32,2.141866044250886,59.887499999999996,53.44,68.32,4.3656427884701605
2026-07-31 22:18:43,Delhi,Delhi,"Anand Vihar, Delhi - DPCC",28.6139,77.209,60.84,92.74,38.36,26.02,2.15,5.14,23.08,80.94,6.21,90,1008.6,0.0,211,Poor,PM25,22,31,4,7,2026,0,2,-0.5000000000000004,0.8660254037844384,-0.4999999999999997,-0.8660254037844388,143.3268,3.361295681063123,60.43,60.68,61.81,62.81,63.16,54.69,98.66,94.68,105.85,101.92,102.25,78.21,39.41,60.85,60.93,51.06,77.3,40.85,60.97333333333333,60.43,61.81,0.7352777253058607,61.77333333333333,60.43,62.81,1.0166349721841543,63.49583333333334,60.43,68.32,2.298538896909481,60.050416666666656,53.44,68.32,4.3070745434909945
2026-07-31 23:18:43,Delhi,Delhi,"Anand Vihar, Delhi - DPCC",28.6139,77.209,57.36,87.11,41.62,34.7,2.32,0.0,19.84,88.48,8.9,320,1010.4,0.0,104,Moderate,CO,23,31,4,7,2026,0,2,-0.25881904510252157,0.9659258262890681,-0.4999999999999997,-0.8660254037844388,176.576,4.245681381957774,60.84,60.43,60.68,62.17,63.53,53.9,92.74,98.66,94.68,94.6,101.59,88.48,38.36,39.41,60.85,35.91,28.89,46.24,60.65,60.43,60.84,0.20663978319211482,61.445,60.43,62.74,0.9292308647484887,63.3025,60.43,68.32,2.423525324810905,60.30666666666667,53.44,68.32,4.154536197277918
2026-08-01 00:18:43,Delhi,Delhi,"Anand Vihar, Delhi - DPCC",28.6139,77.209,55.88,98.7,69.71,34.48,1.31,20.89,20.12,93.66,6.32,119,1012.0,0.0,99,Satisfactory,PM10,0,1,5,8,2026,1,2,0.0,1.0,-0.8660254037844384,-0.5000000000000004,127.15840000000001,4.434659090909091,57.36,60.84,60.43,62.74,64.86,54.18,87.11,92.74,98.66,99.57,107.02,81.59,41.62,38.36,39.41,54.05,20.88,57.28,59.54333333333333,57.36,60.84,1.9019025562134404,60.64333333333334,57.36,62.74,1.8233449116028297,62.788333333333334,57.36,68.32,2.964906355514374,60.45083333333333,53.44,68.32,3.978871280484749
2026-08-01 01:18:43,Delhi,Delhi,"Anand Vihar, Delhi - DPCC",28.6139,77.209,53.73,86.77,70.96,9.34,2.56,31.64,17.44,98.0,7.57,106,1010.9,0.0,107,Moderate,CO,1,1,5,8,2026,1,2,0.25881904510252074,0.9659258262890683,-0.8660254037844384,-0.5000000000000004,132.0208,5.314533622559653,55.88,57.36,60.84,61.81,65.77,53.44,98.7,87.11,92.74,105.85,117.36,82.92,69.71,41.62,38.36,60.93,27.2,47.94,58.026666666666664,55.88,60.84,2.5463176026041,59.5,55.88,61.81,2.326929307048522,62.04,55.88,68.32,3.4825617530255255,60.52166666666667,53.44,68.32,3.8761889246668324
2026-08-01 02:18:43,Delhi,Delhi,"Anand Vihar, Delhi - DPCC",28.6139,77.209,53.38,75.15,64.01,19.28,1.76,17.87,14.4,98.0,7.26,282,1010.1,0.0,89,Satisfactory,PM25,2,1,5,8,2026,1,2,0.49999999999999994,0.8660254037844387,-0.8660254037844384,-0.5000000000000004,104.544,6.363636363636363,53.73,55.88,57.36,60.68,68.32,55.41,86.77,98.7,87.11,94.68,103.95,89.32,70.96,69.71,41.62,60.85,52.43,65.74,55.656666666666666,53.73,57.36,1.8252762348017113,58.15333333333333,53.73,60.84,2.9714889645879636,61.03666666666666,53.73,68.32,4.00537895910743,60.53375,53.73,68.32,3.8535390989266203
2026-08-01 03:18:43,Delhi,Delhi,"Anand Vihar, Delhi - DPCC",28.6139,77.209,52.22,87.17,67.06,26.01,2.58,22.13,14.35,98.0,6.69,178,1010.2,0.0,107,Moderate,CO,3,1,5,8,2026,1,2,0.7071067811865475,0.7071067811865476,-0.8660254037844384,-0.5000000000000004,96.00150000000001,6.384364820846906,53.38,53.73,55.88,60.43,65.67,54.15,75.15,86.77,98.7,98.66,96.62,83.93,64.01,70.96,69.71,39.41,20.08,20.47,54.330000000000005,53.38,55.88,1.3536986370676456,56.93666666666667,53.38,60.84,3.2145834359475085,59.791666666666664,53.38,65.67,3.8547605357374377,60.44916666666666,53.38,68.32,3.990729383770895
2026-08-01 04:18:43,Delhi,Delhi,"Anand Vihar, Delhi - DPCC",28.6139,77.209,52.77,75.96,54.31,10.59,0.95,17.14,15.69,98.0,2.48,326,1008.5,0.0,88,Satisfactory,PM25,4,1,5,8,2026,1,2,0.8660254037844386,0.5000000000000001,-0.8660254037844384,-0.5000000000000004,38.9112,5.871779508687838,52.22,53.38,53.73,60.84,62.81,56.84,87.17,75.15,86.77,92.74,101.92,89.73,67.06,64.01,70.96,38.36,51.06,24.11,53.10999999999999,52.22,53.73,0.7903796556079802,55.568333333333335,52.22,60.84,3.1773348370400223,58.67083333333333,52.22,62.81,3.944513930957173,60.36875,52.22,68.32,4.1398417450323794
2026-08-01 05:18:43,Delhi,Delhi,"Anand Vihar, Delhi - DPCC",28.6139,77.209,54.58,90.97,34.02,21.22,1.46,17.24,20.99,96.38,6.16,99,1011.3,0.0,91,Satisfactory,PM10,5,1,5,8,2026,1,2,0.9659258262890683,0.25881904510252074,-0.8660254037844384,-0.5000000000000004,129.2984,4.382901318781264,52.77,52.22,53.38,57.36,62.17,57.72,75.96,87.17,75.15,87.11,94.6,95.07,54.31,67.06,64.01,41.62,35.91,76.7,52.79,52.22,53.38,0.5802585630553325,54.22333333333333,52.22,57.36,1.9830952238024742,57.83416666666667,52.22,62.74,4.050118872179924,60.19916666666666,52.22,68.32,4.367764244181838
2026-08-01 06:18:43,Delhi,Delhi,"Anand Vihar, Delhi - DPCC",28.6139,77.209,56.76,90.08,54.54,18.4,0.88,24.64,21.03,98.0,3.61,336,1013.4,0.0,94,Satisfactory,PM25,6,1,5,8,2026,1,2,1.0,6.123233995736766e-17,-0.8660254037844384,-0.5000000000000004,75.9183,4.448479346345891,54.58,52.77,52.22,55.88,62.74,58.48,90.97,75.96,87.17,98.7,99.57,96.49,34.02,54.31,67.06,69.71,54.05,73.35,53.19,52.22,54.58,1.2347874310985583,53.76,52.22,55.88,1.3163434202371118,57.20166666666666,52.22,62.74,3.9013700002419696,60.068333333333335,52.22,68.32,4.490556919723333
2026-08-01 07:18:43,Delhi,Delhi,"Anand Vihar, Delhi - DPCC",28.6139,77.209,59.35,106.51,51.32,30.31,1.87,36.85,22.54,90.11,4.65,203,1013.1,0.0,105,Moderate,PM10,7,1,5,8,2026,1,2,0.9659258262890683,-0.25881904510252063,-0.8660254037844384,-0.5000000000000004,104.811,3.8279524214103655,56.76,54.58,52.77,53.73,61.81,58.42,90.08,90.97,75.96,86.77,105.85,92.74,54.54,34.02,54.31,70.96,60.93,79.35,54.70333333333334,52.77,56.76,1.9978571854194433,53.906666666666666,52.22,56.76,1.6149509796486685,56.703333333333326,52.22,61.81,3.4898484815594215,59.99666666666667,52.22,68.32,4.530554881715003
2026-08-01 08:18:43,Delhi,Delhi,"Anand Vihar, Delhi - DPCC",28.6139,77.209,63.73,91.23,52.21,16.69,2.34,21.96,22.15,82.49,2.55,102,1013.0,0.0,110,Moderate,PM25,8,1,5,8,2026,1,2,0.8660254037844387,-0.4999999999999998,-0.8660254037844384,-0.5000000000000004,56.482499999999995,3.563282937365011,59.35,56.76,54.58,53.38,60.68,59.94,106.51,90.08,90.97,75.15,94.68,94.95,51.32,54.54,34.02,64.01,60.85,89.42,56.89666666666667,54.58,59.35,2.3879349516542225,54.843333333333334,52.22,59.35,2.734042184507797,56.498333333333335,52.22,60.84,3.224789868653442,60.03541666666666,52.22,68.32,4.52044916887753
2026-08-01 09:18:43,Delhi,Delhi,"Anand Vihar, Delhi - DPCC",28.6139,77.209,65.59,94.06,49.68,31.09,2.38,27.55,23.35,70.04,3.72,144,1013.0,0.0,117,Moderate,PM25,9,1,5,8,2026,1,2,0.7071067811865476,-0.7071067811865475,-0.8660254037844384,-0.5000000000000004,86.86200000000001,2.876386036960986,63.73,59.35,56.76,52.22,60.43,62.09,91.23,106.51,90.08,87.17,98.66,107.56,52.21,51.32,54.54,67.06,39.41,59.53,59.946666666666665,56.76,63.73,3.523099960735077,56.56833333333333,52.22,63.73,4.389821940200775,56.7525,52.22,63.73,3.6733366674901227,60.193333333333335,52.22,68.32,4.582741411052933
2026-08-01 10:18:43,Delhi,Delhi,"Anand Vihar, Delhi - DPCC",28.6139,77.209,67.9,120.36,26.45,31.28,0.95,47.67,23.43,70.0,2.48,201,1010.7,0.0,124,Moderate,PM25,10,1,5,8,2026,1,2,0.49999999999999994,-0.8660254037844387,-0.8660254037844384,-0.5000000000000004,58.1064,2.865329512893983,65.59,63.73,59.35,52.77,60.84,63.16,94.06,91.23,106.51,75.96,92.74,102.25,49.68,52.21,51.32,54.31,38.36,77.3,62.89000000000001,59.35,65.59,3.2036853778106664,58.79666666666666,52.77,65.59,5.0802034080013,57.182500000000005,52.22,65.59,4.377483970169513,60.339166666666664,52.22,68.32,4.699912965583263
2026-08-01 11:18:43,Delhi,Delhi,"Anand Vihar, Delhi - DPCC",28.6139,77.209,69.74,101.84,72.99,12.51,1.09,46.52,30.37,65.42,5.24,90,1010.6,0.0,196,Moderate,CO,11,1,5,8,2026,1,2,0.258819045102521,-0.9659258262890682,-0.8660254037844384,-0.5000000000000004,159.1388,2.0854319413452345,67.9,65.59,63.73,54.58,57.36,63.53,120.36,94.06,91.23,90.97,87.11,101.59,26.45,49.68,52.21,34.02,41.62,28.89,65.74000000000001,63.73,67.9,2.089042843025864,61.318333333333335,54.58,67.9,5.24289010629328,57.770833333333336,52.22,67.9,5.2925324035308785,60.53666666666667,52.22,68.32,4.918130315180874
2026-08-01 12:18:43,Delhi,Delhi,"Anand Vihar, Delhi - DPCC",28.6139,77.209,71.31,105.94,62.99,14.15,2.77,62.28,31.63,55.23,7.04,90,1009.0,0.0,136,Moderate,PM25,12,1,5,8,2026,1,2,1.2246467991473532e-16,-1.0,-0.8660254037844384,-0.5000000000000004,222.6752,1.692614158749617,69.74,67.9,65.59,56.76,55.88,64.86,101.84,120.36,94.06,90.08,98.7,107.02,72.99,26.45,49.68,54.54,69.71,20.88,67.74333333333333,65.59,69.74,2.079431011919046,63.845,56.76,69.74,4.993086219964681,58.8025,52.22,69.74,6.313333833317315,60.795416666666675,52.22,69.74,5.235574781922332
2026-08-01 13:18:43,Delhi,Delhi,"Anand Vihar, Delhi - DPCC",28.6139,77.209,71.92,103.81,65.12,9.23,1.04,69.8,30.55,52.86,10.06,17,1012.3,0.0,195,Moderate,CO,13,1,5,8,2026,1,2,-0.2588190451025208,-0.9659258262890683,-0.8660254037844384,-0.5000000000000004,307.333,1.6754358161648177,71.31,69.74,67.9,59.35,53.73,65.77,105.94,101.84,120.36,106.51,86.77,117.36,62.99,72.99,26.45,51.32,70.96,27.2,69.64999999999999,67.9,71.31,1.7067805951548527,66.27,59.35,71.31,4.356599591424614,60.08833333333333,52.22,71.31,7.17632576707269,61.064166666666665,52.22,71.31,5.60574543518144
2026-08-01 14:18:43,Delhi,Delhi,"Anand Vihar, Delhi - DPCC",28.6139,77.209,72.2,113.68,25.55,32.73,2.31,49.7,30.63,48.31,8.58,301,1012.3,0.0,139,Moderate,PM25,14,1,5,8,2026,1,2,-0.4999999999999997,-0.8660254037844388,-0.8660254037844384,-0.5000000000000004,262.8054,1.5273474549478345,71.92,71.31,69.74,63.73,53.38,68.32,103.81,105.94,101.84,91.23,75.15,103.95,65.12,62.99,72.99,52.21,64.01,52.43,70.99000000000001,69.74,71.92,1.124677731617832,68.36500000000001,63.73,71.92,3.243508902408174,61.604166666666664,52.22,71.92,7.618655880418949,61.32041666666667,52.22,71.92,5.959607135553858
2026-08-01 15:18:43,Delhi,Delhi,"Anand Vihar, Delhi - DPCC",28.6139,77.209,72.85,105.52,33.28,16.84,1.08,53.1,33.08,55.55,10.22,346,1014.5,0.0,195,Moderate,CO,15,1,5,8,2026,1,2,-0.7071067811865471,-0.7071067811865479,-0.8660254037844384,-0.5000000000000004,338.0776,1.629988262910798,72.2,71.92,71.31,65.59,52.22,65.67,113.68,103.81,105.94,94.06,87.17,96.62,25.55,65.12,62.99,49.68,67.06,20.08,71.81,71.31,72.2,0.45508241011592954,69.77666666666667,65.59,72.2,2.6026499316403844,63.17249999999999,52.22,72.2,7.7083297624889155,61.48208333333334,52.22,72.2,6.205302766790331
2026-08-01 16:18:43,Delhi,Delhi,"Anand Vihar, Delhi - DPCC",28.6139,77.209,70.98,121.03,42.02,22.72,1.74,37.94,32.05,51.04,9.85,298,1013.6,0.0,135,Moderate,PM25,16,1,5,8,2026,1,2,-0.8660254037844384,-0.5000000000000004,-0.8660254037844384,-0.5000000000000004,315.69249999999994,1.5443267776096825,72.85,72.2,71.92,67.9,52.77,62.81,105.52,113.68,103.81,120.36,75.96,101.92,33.28,25.55,65.12,26.45,54.31,51.06,72.32333333333334,71.92,72.85,0.47710935154343176,70.98666666666666,67.9,72.85,1.843992046259325,64.89166666666667,52.77,72.85,7.3350476646320315,61.78125,52.22,72.85,6.577880795580673
2026-08-01 17:18:43,Delhi,Delhi,"Anand Vihar, Delhi - DPCC",28.6139,77.209,69.64,116.15,60.04,21.88,1.4,44.07,33.54,54.53,7.6,156,1009.9,0.0,130,Moderate,PM25,17,1,5,8,2026,1,2,-0.9659258262890683,-0.25881904510252063,-0.8660254037844384,-0.5000000000000004,254.90399999999997,1.5787492762015056,70.98,72.85,72.2,69.74,54.58,62.17,121.03,105.52,113.68,101.84,90.97,94.6,42.02,33.28,25.55,72.99,34.02,35.91,72.01,70.98,72.85,0.9493682109681615,71.5,69.74,72.85,1.0856334556382177,66.40916666666668,54.58,72.85,6.426730341222305,62.12166666666667,52.22,72.85,6.839633009902236
2026-08-01 18:18:43,Delhi,Delhi,"Anand Vihar, Delhi - DPCC",28.6139,77.209,66.31,97.12,69.38,23.84,1.95,35.51,29.02,54.06,9.66,71,1013.1,0.0,119,Moderate,PM25,18,1,5,8,2026,1,2,-1.0,-1.8369701987210297e-16,-0.8660254037844384,-0.5000000000000004,280.3332,1.8007994670219853,69.64,70.98,72.85,71.31,56.76,62.74,116.15,121.03,105.52,105.94,90.08,99.57,60.04,42.02,33.28,62.99,54.54,54.05,71.15666666666667,69.64,72.85,1.6122758242094613,71.48333333333333,69.64,72.85,1.1183320914056079,67.66416666666667,56.76,72.85,5.27377983877581,62.432916666666664,52.22,72.85,7.009779801271805
2026-08-01 19:18:43,Delhi,Delhi,"Anand Vihar, Delhi - DPCC",28.6139,77.209,63.64,92.17,72.67,8.0,1.14,13.92,28.45,65.83,12.0,154,1012.8,0.0,110,Moderate,PM25,19,1,5,8,2026,1,2,-0.9659258262890684,0.2588190451025203,-0.8660254037844384,-0.5000000000000004,341.4,2.2353140916808147,66.31,69.64,70.98,71.92,59.35,61.81,97.12,116.15,121.03,103.81,106.51,105.85,69.38,60.04,42.02,65.12,51.32,60.93,68.97666666666667,66.31,70.98,2.404627483276881,70.64999999999999,66.31,72.85,2.4008331887078262,68.46,59.35,72.85,4.059478246814854,62.58166666666667,52.22,72.85,7.054316388576872
2026-08-01 20:18:43,Delhi,Delhi,"Anand Vihar, Delhi - DPCC",28.6139,77.209,61.37,90.7,80.0,15.44,1.94,3.8,30.85,67.28,7.66,170,1013.2,0.0,102,Moderate,PM25,20,1,5,8,2026,1,2,-0.8660254037844386,0.5000000000000001,-0.8660254037844384,-0.5000000000000004,236.311,2.1124018838304552,63.64,66.31,69.64,72.2,63.73,60.68,92.17,97.12,116.15,113.68,91.23,94.68,72.67,69.38,60.04,25.55,52.21,60.85,66.52999999999999,63.64,69.64,3.006043911854483,69.27,63.64,72.85,3.6033539931570675,68.8175,63.64,72.85,3.302610881766575,62.657916666666665,52.22,72.85,7.055502927358923
2026-08-01 21:18:43,Delhi,Delhi,"Anand Vihar, Delhi - DPCC",28.6139,77.209,59.9,105.33,26.53,20.77,2.25,1.97,23.3,74.34,8.06,182,1015.0,0.0,104,Moderate,PM10,21,1,5,8,2026,1,2,-0.7071067811865477,0.7071067811865474,-0.8660254037844384,-0.5000000000000004,187.79800000000003,3.0592592592592593,61.37,63.64,66.31,72.85,65.59,60.43,90.7,92.17,97.12,105.52,94.06,98.66,80.0,72.67,69.38,33.28,49.68,39.41,63.77333333333333,61.37,66.31,2.47269758226335,67.46499999999999,61.37,72.85,4.454160975986498,68.62083333333332,61.37,72.85,3.6816262669771826,62.68666666666667,52.22,72.85,7.048495162654956
2026-08-01 22:18:43,Delhi,Delhi,"Anand Vihar, Delhi - DPCC",28.6139,77.209,58.17,86.1,44.85,24.58,1.07,0.0,23.11,78.89,7.83,285,1012.2,0.0,195,Moderate,CO,22,1,5,8,2026,1,2,-0.5000000000000004,0.8660254037844384,-0.8660254037844384,-0.5000000000000004,180.9513,3.27208627125674,59.9,61.37,63.64,70.98,67.9,60.84,105.33,90.7,92.17,121.03,120.36,92.74,26.53,80.0,72.67,42.02,26.45,38.36,61.63666666666666,59.9,63.64,1.8842062873611354,65.30666666666667,59.9,70.98,4.460455881035894,68.14666666666666,59.9,72.85,4.403171033643205,62.66458333333333,52.22,72.85,7.056698316010662
2026-08-01 23:18:43,Delhi,Delhi,"Anand Vihar, Delhi - DPCC",28.6139,77.209,55.4,89.9,32.79,26.58,2.71,0.0,23.84,82.68,7.75,321,1014.8,0.0,109,Moderate,CO,23,1,5,8,2026,1,2,-0.25881904510252157,0.9659258262890681,-0.8660254037844384,-0.5000000000000004,184.76,3.3285024154589373,58.17,59.9,61.37,69.64,69.74,57.36,86.1,105.33,90.7,116.15,101.84,87.11,44.85,26.53,80.0,60.04,72.99,41.62,59.81333333333333,58.17,61.37,1.601759449271771,63.17166666666666,58.17,69.64,4.2631979389500225,67.33583333333333,58.17,72.85,5.26438023345804,62.553333333333335,52.22,72.85,7.107576891976733
2026-08-02 00:18:43,Delhi,Delhi,"Anand Vihar, Delhi - DPCC",28.6139,77.209,55.28,80.79,48.71,22.52,1.68,35.06,19.43,90.25,7.05,124,1010.4,0.0,92,Satisfactory,PM25,0,2,6,8,2026,1,2,0.0,1.0,-0.8660254037844384,-0.5000000000000004,136.98149999999998,4.417523250122369,55.4,58.17,59.9,66.31,71.31,55.88,89.9,86.1,105.33,97.12,105.94,98.7,32.79,44.85,26.53,69.38,62.99,69.71,57.82333333333333,55.4,59.9,2.269941262088432,60.79833333333334,55.4,66.31,3.889408266904846,66.14083333333333,55.4,72.85,6.211415383035145,62.47166666666667,52.22,72.85,7.180727023060372
2026-08-02 01:18:43,Delhi,Delhi,"Anand Vihar, Delhi - DPCC",28.6139,77.209,53.94,89.62,71.06,33.15,2.74,34.53,17.54,98.0,4.47,191,1013.8,0.0,109,Moderate,CO,1,2,6,8,2026,1,2,0.25881904510252074,0.9659258262890683,-0.8660254037844384,-0.5000000000000004,78.40379999999999,5.28586839266451,55.28,55.4,58.17,63.64,71.92,53.73,80.79,89.9,86.1,92.17,103.81,86.77,48.71,32.79,44.85,72.67,65.12,70.96,56.28333333333333,55.28,58.17,1.63500254841752,58.96,55.28,63.64,3.32969067632432,64.80499999999999,55.28,72.85,6.70293355045519,62.446666666666665,52.22,72.85,7.205675098364327
2026-08-02 02:18:43,Delhi,Delhi,"Anand Vihar, Delhi - DPCC",28.6139,77.209,54.02,79.33,77.93,22.23,1.82,37.68,16.23,94.72,5.9,106,1011.5,0.0,97,Satisfactory,NO2,2,2,6,8,2026,1,2,0.49999999999999994,0.8660254037844387,-0.8660254037844384,-0.5000000000000004,95.757,5.497388276262333,53.94,55.28,55.4,61.37,72.2,53.38,89.62,80.79,89.9,90.7,113.68,75.15,71.06,48.71,32.79,80.0,25.55,64.01,54.873333333333335,53.94,55.4,0.8105142400549891,57.343333333333334,53.94,61.37,2.934298326119518,63.30666666666667,53.94,72.85,6.972070689326767,62.45541666666666,52.22,72.85,7.194749280561782
2026-08-02 03:18:43,Delhi,Delhi,"Anand Vihar, Delhi - DPCC",28.6139,77.209,54.18,77.59,65.06,11.8,0.82,29.04,16.57,98.0,2.67,175,1011.0,0.0,90,Satisfactory,PM25,3,2,6,8,2026,1,2,0.7071067811865475,0.7071067811865476,-0.8660254037844384,-0.5000000000000004,44.2419,5.577689243027888,54.02,53.94,55.28,59.9,72.85,52.22,79.33,89.62,80.79,105.33,105.52,87.17,77.93,71.06,48.71,26.53,33.28,67.06,54.413333333333334,53.94,55.28,0.7516204716024941,56.11833333333334,53.94,59.9,2.4032179815130856,61.791666666666664,53.94,72.85,6.837833034380147,62.48208333333334,52.22,72.85,7.160755351926518
2026-08-02 04:18:43,Delhi,Delhi,"Anand Vihar, Delhi - DPCC",28.6139,77.209,54.59,83.71,40.31,13.31,2.49,18.67,18.74,98.0,3.78,323,1013.5,0.0,106,Moderate,CO,4,2,6,8,2026,1,2,0.8660254037844386,0.5000000000000001,-0.8660254037844384,-0.5000000000000004,70.8372,4.964539007092199,54.18,54.02,53.94,58.17,70.98,52.77,77.59,79.33,89.62,86.1,121.03,75.96,65.06,77.93,71.06,44.85,42.02,54.31,54.04666666666666,53.94,54.18,0.12220201852664887,55.165,53.94,58.17,1.6050140186307351,60.23583333333334,53.94,70.98,6.185899594067034,62.56375,52.77,72.85,7.048933815463295
2026-08-02 05:18:43,Delhi,Delhi,"Anand Vihar, Delhi - DPCC",28.6139,77.209,54.24,88.39,37.54,18.86,2.28,21.1,19.85,95.47,4.24,191,1014.6,0.0,103,Moderate,CO,5,2,6,8,2026,1,2,0.9659258262890683,0.25881904510252074,-0.8660254037844384,-0.5000000000000004,84.16400000000002,4.578896882494004,54.59,54.18,54.02,55.4,69.64,54.58,83.71,77.59,79.33,89.9,116.15,90.97,40.31,65.06,77.93,32.79,60.04,34.02,54.26333333333333,54.02,54.59,0.29399546481530836,54.568333333333335,53.94,55.4,0.6395128354207246,58.87,53.94,69.64,5.351050873851363,62.63958333333334,53.94,72.85,6.948058520921095
2026-08-02 06:18:43,Delhi,Delhi,"Anand Vihar, Delhi - DPCC",28.6139,77.209,57.41,101.46,34.91,24.56,1.48,15.3,20.73,91.57,1.32,203,1014.2,0.0,101,Moderate,PM10,6,2,6,8,2026,1,2,1.0,6.123233995736766e-17,-0.8660254037844384,-0.5000000000000004,27.3636,4.213989875747814,54.24,54.59,54.18,55.28,66.31,56.76,88.39,83.71,77.59,80.79,97.12,90.08,37.54,40.31,65.06,48.71,69.38,54.54,54.336666666666666,54.18,54.59,0.22143471573347162,54.375,53.94,55.28,0.49734294003352664,57.586666666666666,53.94,66.31,4.270957596122775,62.625416666666666,53.94,72.85,6.965530648137602
2026-08-02 07:18:43,Delhi,Delhi,"Anand Vihar, Delhi - DPCC",28.6139,77.209,57.91,87.7,42.0,24.79,0.74,28.25,21.15,88.38,3.49,286,1012.8,0.0,96,Satisfactory,PM25,7,2,6,8,2026,1,2,0.9659258262890683,-0.25881904510252063,-0.8660254037844384,-0.5000000000000004,73.8135,3.9900677200902934,57.41,54.24,54.59,53.94,63.64,59.35,101.46,88.39,83.71,89.62,92.17,106.51,34.91,37.54,40.31,71.06,72.67,51.32,55.413333333333334,54.24,57.41,1.737996931335569,54.73,53.94,57.41,1.3321261201557393,56.845000000000006,53.94,63.64,3.275053087702979,62.652499999999996,53.94,72.85,6.942960307108652
2026-08-02 08:18:43,Delhi,Delhi,"Anand Vihar, Delhi - DPCC",28.6139,77.209,60.34,89.04,71.2,8.85,1.36,22.8,25.54,78.41,2.81,43,1013.1,0.0,210,Poor,PM25,8,2,6,8,2026,1,2,0.8660254037844387,-0.4999999999999998,-0.8660254037844384,-0.5000000000000004,71.7674,2.9544084400904294,57.91,57.41,54.24,54.02,61.37,63.73,87.7,101.46,88.39,79.33,90.7,91.23,42.0,34.91,37.54,77.93,80.0,52.21,56.52,54.24,57.91,1.9903014846998477,55.39166666666667,54.02,57.91,1.773938180058098,56.3675,53.94,61.37,2.526438833975265,62.5925,53.94,72.85,6.978870127812158
2026-08-02 09:18:43,Delhi,Delhi,"Anand Vihar, Delhi - DPCC",28.6139,77.209,58.91,105.48,37.99,12.88,2.52,29.22,27.54,79.43,6.59,349,1014.2,0.0,106,Moderate,CO,9,2,6,8,2026,1,2,0.7071067811865476,-0.7071067811865475,-0.8660254037844384,-0.5000000000000004,181.4886,2.7831114225648217,60.34,57.91,57.41,54.18,59.9,65.59,89.04,87.7,101.46,77.59,105.33,94.06,71.2,42.0,34.91,65.06,26.53,49.68,58.553333333333335,57.41,60.34,1.5673650925459506,56.44499999999999,54.18,60.34,2.5172107579623058,56.28166666666667,53.94,60.34,2.352545365549796,62.451249999999995,53.94,72.85,6.989145194047524
2026-08-02 10:18:43,Delhi,Delhi,"Anand Vihar, Delhi - DPCC",28.6139,77.209,61.02,103.01,29.65,25.08,0.72,42.9,25.69,68.25,3.42,306,1008.5,0.0,102,Moderate,PM10,10,2,6,8,2026,1,2,0.49999999999999994,-0.8660254037844387,-0.8660254037844384,-0.5000000000000004,87.8598,2.5571375046834017,58.91,60.34,57.91,54.59,58.17,67.9,105.48,89.04,87.7,83.71,86.1,120.36,37.99,71.2,42.0,40.31,44.85,26.45,59.053333333333335,57.91,60.34,1.2213244177250893,57.23333333333333,54.24,60.34,2.404118688140794,56.19916666666666,53.94,60.34,2.228193146244245,62.17291666666667,53.94,72.85,6.991724598574963
2026-08-02 11:18:43,Delhi,Delhi,"Anand Vihar, Delhi - DPCC",28.6139,77.209,63.63,102.91,69.94,11.01,2.63,66.69,27.94,62.47,5.89,205,1012.3,0.0,110,Moderate,PM25,11,2,6,8,2026,1,2,0.258819045102521,-0.9659258262890682,-0.8660254037844384,-0.5000000000000004,164.5666,2.15860400829302,61.02,58.91,60.34,54.24,55.4,69.74,103.01,105.48,89.04,88.39,89.9,101.84,29.65,37.99,71.2,37.54,32.79,72.99,60.09,58.91,61.02,1.0769865365909184,58.305,54.24,61.02,2.4232106800691384,56.43666666666667,53.94,61.02,2.581272883088849,61.88625,53.94,72.85,6.886957940477965
2026-08-02 12:18:43,Delhi,Delhi,"Anand Vihar, Delhi - DPCC",28.6139,77.209,63.83,95.41,72.61,30.13,1.96,73.15,31.44,54.77,7.55,304,1010.9,5.2,111,Moderate,PM25,12,2,6,8,2026,1,2,1.2246467991473532e-16,-1.0,-0.8660254037844384,-0.5000000000000004,237.372,1.6883477188655982,63.63,61.02,58.91,57.41,55.28,71.31,102.91,103.01,105.48,101.46,80.79,105.94,69.94,29.65,37.99,34.91,48.71,62.99,61.18666666666667,58.91,63.63,2.3644097219668474,59.870000000000005,57.41,63.63,2.3019904430733678,57.1225,53.94,63.63,3.2796566477716573,61.63166666666666,53.94,72.85,6.694248450635819
2026-08-02 13:18:43,Delhi,Delhi,"Anand Vihar, Delhi - DPCC",28.6139,77.209,63.25,102.81,68.7,28.16,1.83,65.78,30.69,52.15,5.23,91,1014.2,0.0,109,Moderate,PM25,13,2,6,8,2026,1,2,-0.2588190451025208,-0.9659258262890683,-0.8660254037844384,-0.5000000000000004,160.50870000000003,1.6456295361312716,63.83,63.63,61.02,57.91,53.94,71.92,95.41,102.91,103.01,87.7,89.62,103.81,72.61,69.94,29.65,42.0,71.06,65.12,62.826666666666675,61.02,63.83,1.5678116383453675,60.940000000000005,57.91,63.83,2.418941917450913,57.83500000000001,53.94,63.83,3.739488297517829,61.32,53.94,72.85,6.391330405152408
2026-08-02 14:18:43,Delhi,Delhi,"Anand Vihar, Delhi - DPCC",28.6139,77.209,62.18,98.87,37.96,16.73,1.17,67.11,34.02,54.99,7.27,164,1011.8,0.0,105,Moderate,PM25,14,2,6,8,2026,1,2,-0.4999999999999997,-0.8660254037844388,-0.8660254037844384,-0.5000000000000004,247.3254,1.5702455739577383,63.25,63.83,63.63,60.34,54.02,72.2,102.81,95.41,102.91,89.04,79.33,113.68,68.7,72.61,69.94,71.2,77.93,25.55,63.56999999999999,63.25,63.83,0.29461839724937583,61.830000000000005,58.91,63.83,2.0326829560954858,58.61083333333334,54.02,63.83,3.822774951960075,60.95875,53.94,72.85,5.999138570407934
2026-08-02 15:18:43,Delhi,Delhi,"Anand Vihar, Delhi - DPCC",28.6139,77.209,62.18,92.21,74.71,12.72,2.44,47.07,33.32,47.19,9.97,332,1012.0,0.0,105,Moderate,CO,15,2,6,8,2026,1,2,-0.7071067811865471,-0.7071067811865479,-0.8660254037844384,-0.5000000000000004,332.2004,1.375,62.18,63.25,63.83,58.91,54.18,72.85,98.87,102.81,95.41,105.48,77.59,105.52,37.96,68.7,72.61,37.99,65.06,33.28,63.086666666666666,62.18,63.83,0.8370384300204888,62.13666666666666,58.91,63.83,1.8972155034860292,59.29083333333333,54.18,63.83,3.6539404839988894,60.54125,53.94,72.85,5.511666135294863
2026-08-02 16:18:43,Delhi,Delhi,"Anand Vihar, Delhi - DPCC",28.6139,77.209,61.41,103.29,43.1,14.64,1.87,46.02,31.26,50.0,9.55,254,1014.8,0.0,102,Moderate,PM10,16,2,6,8,2026,1,2,-0.8660254037844384,-0.5000000000000004,-0.8660254037844384,-0.5000000000000004,298.533,1.5499070055796649,62.18,62.18,63.25,61.02,54.59,70.98,92.21,98.87,102.81,103.01,83.71,121.03,74.71,37.96,68.7,29.65,40.31,42.02,62.53666666666667,62.18,63.25,0.6177647880311855,62.68166666666667,61.02,63.83,1.0775419558735233,59.9575,54.24,63.83,3.3542025877993624,60.096666666666664,53.94,70.98,4.86844825440272
2026-08-02 17:18:43,Delhi,Delhi,"Anand Vihar, Delhi - DPCC",28.6139,77.209,60.55,94.0,50.4,15.26,1.77,47.88,32.1,56.11,8.72,91,1010.5,0.0,210,Poor,PM25,17,2,6,8,2026,1,2,-0.9659258262890683,-0.25881904510252063,-0.8660254037844384,-0.5000000000000004,279.91200000000003,1.6951661631419939,61.41,62.18,62.18,63.63,54.24,69.64,103.29,92.21,98.87,102.91,88.39,116.15,43.1,74.71,37.96,69.94,37.54,60.04,61.923333333333325,61.41,62.18,0.4445597072760136,62.74666666666667,61.41,63.83,0.9629260961609364,60.52583333333334,54.24,63.83,2.910499670732372,59.697916666666664,53.94,69.64,4.296626562646613
2026-08-02 18:18:43,Delhi,Delhi,"Anand Vihar, Delhi - DPCC",28.6139,77.209,60.67,93.64,25.94,28.47,1.91,21.86,29.83,58.17,11.0,46,1013.3,0.0,211,Poor,PM25,18,2,6,8,2026,1,2,-1.0,-1.8369701987210297e-16,-0.8660254037844384,-0.5000000000000004,328.13,1.8867985728186834,60.55,61.41,62.18,63.83,57.41,66.31,94.0,103.29,92.21,95.41,101.46,97.12,50.4,43.1,74.71,72.61,34.91,69.38,61.379999999999995,60.55,62.18,0.8154140052758518,62.23333333333334,60.55,63.83,1.1916487178139972,61.05166666666667,57.41,63.83,2.1394979586696037,59.31916666666667,53.94,66.31,3.7477018078523345
2026-08-02 19:18:43,Delhi,Delhi,"Anand Vihar, Delhi - DPCC",28.6139,77.209,58.28,100.81,80.97,18.12,2.34,25.07,26.15,62.11,9.79,31,1011.4,0.0,104,Moderate,CO,19,2,6,8,2026,1,2,-0.9659258262890684,0.2588190451025203,-0.8660254037844384,-0.5000000000000004,256.00849999999997,2.2876611418047883,60.67,60.55,61.41,63.25,57.91,63.64,93.64,94.0,103.29,102.81,87.7,92.17,25.94,50.4,43.1,68.7,42.0,72.67,60.876666666666665,60.55,61.41,0.46576102599224045,61.70666666666667,60.55,63.25,1.0325244145625543,61.323333333333345,57.91,63.83,1.8178475450294411,59.08416666666667,53.94,63.83,3.455737405314928
2026-08-02 20:18:43,Delhi,Delhi,"Anand Vihar, Delhi - DPCC",28.6139,77.209,55.46,92.17,76.09,33.18,1.42,11.74,27.52,68.54,11.29,130,1009.2,0.0,95,Satisfactory,NO2,20,2,6,8,2026,1,2,-0.8660254037844386,0.5000000000000001,-0.8660254037844384,-0.5000000000000004,310.70079999999996,2.403225806451613,58.28,60.67,60.55,62.18,60.34,61.37,100.81,93.64,94.0,98.87,89.04,90.7,80.97,25.94,50.4,37.96,71.2,80.0,59.833333333333336,58.28,60.67,1.3465635274035057,60.87833333333333,58.28,62.18,1.4542271716165087,61.354166666666664,58.28,63.83,1.756802148188194,58.86083333333334,53.94,63.83,3.31900183615584
2026-08-02 21:18:43,Delhi,Delhi,"Anand Vihar, Delhi - DPCC",28.6139,77.209,55.35,96.27,42.6,23.5,0.66,0.0,24.74,77.99,11.1,127,1013.7,0.0,96,Satisfactory,PM10,21,2,6,8,2026,1,2,-0.7071067811865477,0.7071067811865474,-0.8660254037844384,-0.5000000000000004,274.614,3.02991452991453,55.46,58.28,60.67,62.18,58.91,59.9,92.17,100.81,93.64,92.21,105.48,105.33,76.09,80.97,25.94,74.71,37.99,26.53,58.13666666666666,55.46,60.67,2.60795577672119,59.758333333333326,55.46,62.18,2.4783657249622686,60.9475,55.46,63.83,2.443507631552321,58.614583333333336,53.94,63.83,3.343892523713198
2026-08-02 22:18:43,Delhi,Delhi,"Anand Vihar, Delhi - DPCC",28.6139,77.209,52.21,80.22,77.28,26.81,1.79,0.0,19.17,80.28,6.92,242,1014.5,0.0,97,Satisfactory,NO2,22,2,6,8,2026,1,2,-0.5000000000000004,0.8660254037844384,-0.8660254037844384,-0.5000000000000004,132.65640000000002,3.9801685671789784,55.35,55.46,58.28,61.41,61.02,58.17,96.27,92.17,100.81,103.29,103.01,86.1,42.6,76.09,80.97,43.1,29.65,44.85,56.36333333333334,55.35,58.28,1.6607929832864419,58.620000000000005,55.35,61.41,2.702058474571024,60.65083333333333,55.35,63.83,2.8888892433954547,58.425000000000004,53.94,63.83,3.396416269873438
2026-08-02 23:18:43,Delhi,Delhi,"Anand Vihar, Delhi - DPCC",28.6139,77.209,51.02,73.11,26.13,20.7,1.77,0.0,18.35,91.61,8.98,107,1013.3,0.0,87,Satisfactory,CO,23,2,6,8,2026,1,2,-0.25881904510252157,0.9659258262890681,-0.8660254037844384,-0.5000000000000004,164.78300000000002,4.734366925064599,52.21,55.35,55.46,60.55,63.63,55.4,80.22,96.27,92.17,94.0,102.91,89.9,77.28,42.6,76.09,50.4,69.94,32.79,54.34,52.21,55.46,1.8454538737124275,57.086666666666666,52.21,60.67,3.3377517383214372,59.916666666666664,52.21,63.83,3.771253308271861,58.17666666666667,52.21,63.83,3.6259987129985087
2026-08-03 00:18:43,Delhi,Delhi,"Anand Vihar, Delhi - DPCC",28.6139,77.209,52.51,84.79,74.48,9.58,1.89,29.04,19.64,95.65,7.21,261,1013.5,0.0,94,Satisfactory,CO,0,3,0,8,2026,0,2,0.0,1.0,-0.8660254037844384,-0.5000000000000004,141.6044,4.63420542635659,51.02,52.21,55.35,60.67,63.83,55.28,73.11,80.22,96.27,93.64,95.41,80.79,26.13,77.28,42.6,25.94,72.61,48.71,52.85999999999999,51.02,55.35,2.2369845775061226,55.498333333333335,51.02,60.67,3.6159613751625983,58.865833333333335,51.02,63.83,4.354273675646058,57.994166666666665,51.02,63.83,3.873598390741331
2026-08-03 01:18:43,Delhi,Delhi,"Anand Vihar, Delhi - DPCC",28.6139,77.209,54.23,87.93,77.67,13.04,1.37,29.32,16.0,95.09,5.17,151,1010.8,0.0,97,Satisfactory,NO2,1,3,0,8,2026,0,2,0.25881904510252074,0.9659258262890683,-0.8660254037844384,-0.5000000000000004,82.72,5.593529411764706,52.51,51.02,52.21,58.28,63.25,53.94,84.79,73.11,80.22,100.81,102.81,89.62,74.48,26.13,77.28,80.97,68.7,71.06,51.913333333333334,51.02,52.51,0.7880566815487416,54.13833333333334,51.02,58.28,2.700454899950708,57.92249999999999,51.02,63.25,4.406934875851928,57.87875,51.02,63.83,3.99727767416126
2026-08-03 02:18:43,Delhi,Delhi,"Anand Vihar, Delhi - DPCC",28.6139,77.209,52.03,80.45,43.82,30.18,0.78,22.91,16.33,96.83,6.45,209,1008.7,0.0,86,Satisfactory,PM25,2,3,0,8,2026,0,2,0.49999999999999994,0.8660254037844387,-0.8660254037844384,-0.5000000000000004,105.32849999999999,5.587420657818812,54.23,52.51,51.02,55.46,62.18,54.02,87.93,84.79,73.11,92.17,98.87,79.33,77.67,74.48,26.13,76.09,37.96,77.93,52.586666666666666,51.02,54.23,1.6063727255321474,53.46333333333333,51.02,55.46,1.8211827658606334,57.17083333333333,51.02,62.18,4.1789960915671385,57.89083333333334,51.02,63.83,3.985273889084001
2026-08-03 03:18:43,Delhi,Delhi,"Anand Vihar, Delhi - DPCC",28.6139,77.209,50.78,82.1,33.19,25.55,2.59,17.14,17.01,98.0,3.03,227,1008.6,0.0,107,Moderate,CO,3,3,0,8,2026,0,2,0.7071067811865475,0.7071067811865476,-0.8660254037844384,-0.5000000000000004,51.5403,5.441421432537479,52.03,54.23,52.51,55.35,62.18,54.18,80.45,87.93,84.79,96.27,92.21,77.59,43.82,77.67,74.48,42.6,74.71,65.06,52.923333333333325,52.03,54.23,1.1567771320931148,52.89166666666667,51.02,55.35,1.5931405043710969,56.324999999999996,51.02,62.18,4.099393524989691,57.807916666666664,51.02,63.83,4.088671495907872
2026-08-03 04:18:43,Delhi,Delhi,"Anand Vihar, Delhi - DPCC",28.6139,77.209,51.31,91.13,65.69,26.8,1.13,17.96,16.39,94.67,1.91,205,1009.8,0.0,91,Satisfactory,PM10,4,3,0,8,2026,0,2,0.8660254037844386,0.5000000000000001,-0.8660254037844384,-0.5000000000000004,31.3049,5.443933294997125,50.78,52.03,54.23,52.21,61.41,54.59,82.1,80.45,87.93,80.22,103.29,83.71,33.19,43.82,77.67,77.28,43.1,40.31,52.34666666666667,50.78,54.23,1.7466634860022694,52.129999999999995,50.78,54.23,1.2349412941517233,55.375,50.78,61.41,3.9369034901695605,57.66625,50.78,63.83,4.274517834492163
2026-08-03 05:18:43,Delhi,Delhi,"Anand Vihar, Delhi - DPCC",28.6139,77.209,53.29,77.71,63.59,13.6,1.55,31.17,19.69,94.43,1.0,264,1014.6,0.0,89,Satisfactory,PM25,5,3,0,8,2026,0,2,0.9659258262890683,0.25881904510252074,-0.8660254037844384,-0.5000000000000004,19.69,4.564040599323345,51.31,50.78,52.03,51.02,60.55,54.24,91.13,82.1,80.45,73.11,94.0,88.39,65.69,33.19,43.82,26.13,50.4,37.54,51.373333333333335,50.78,52.03,0.6274020507885381,51.98,50.78,54.23,1.2772157217953175,54.53333333333333,50.78,60.67,3.5941046004238797,57.529583333333335,50.78,63.83,4.426869027208537
2026-08-03 06:18:43,Delhi,Delhi,"Anand Vihar, Delhi - DPCC",28.6139,77.209,52.99,83.43,57.96,11.27,1.2,27.69,17.77,95.83,2.21,322,1013.9,14.2,88,Satisfactory,PM25,6,3,0,8,2026,0,2,1.0,6.123233995736766e-17,-0.8660254037844384,-0.5000000000000004,39.271699999999996,5.105487480021311,53.29,51.31,50.78,52.51,60.67,57.41,77.71,91.13,82.1,84.79,93.64,101.46,63.59,65.69,33.19,74.48,25.94,34.91,51.79333333333333,50.78,53.29,1.322963844303252,52.35833333333333,50.78,54.23,1.2721700620073555,53.928333333333335,50.78,60.67,3.0607005535968597,57.49,50.78,63.83,4.461672527105809
2026-08-03 07:18:43,Delhi,Delhi,"Anand Vihar, Delhi - DPCC",28.6139,77.209,53.52,78.88,37.27,14.71,2.11,19.67,20.45,88.42,2.68,155,1012.5,0.0,101,Moderate,CO,7,3,0,8,2026,0,2,0.9659258262890683,-0.25881904510252063,-0.8660254037844384,-0.5000000000000004,54.806000000000004,4.122144522144523,52.99,53.29,51.31,54.23,58.28,57.91,83.43,77.71,91.13,87.93,100.81,87.7,57.96,63.59,65.69,77.67,80.97,42.0,52.53,51.31,53.29,1.0671457257564552,52.43833333333333,50.78,54.23,1.2984362389689375,53.288333333333334,50.78,58.28,2.2066421769217506,57.30583333333334,50.78,63.83,4.555357969675312
2026-08-03 08:18:43,Delhi,Delhi,"Anand Vihar, Delhi - DPCC",28.6139,77.209,55.52,96.61,90.94,24.23,1.42,37.54,21.33,80.04,1.45,135,1011.1,0.0,111,Moderate,NO2,8,3,0,8,2026,0,2,0.8660254037844387,-0.4999999999999998,-0.8660254037844384,-0.5000000000000004,30.928499999999996,3.584415584415585,53.52,52.99,53.29,52.03,55.46,60.34,78.88,83.43,77.71,80.45,92.17,89.04,37.27,57.96,63.59,43.82,76.09,71.2,53.26666666666667,52.99,53.52,0.26576932353749333,52.31999999999999,50.78,53.52,1.1229959928695812,52.89166666666666,50.78,55.46,1.561199034153782,57.12291666666667,50.78,63.83,4.617754469499225
2026-08-03 09:18:43,Delhi,Delhi,"Anand Vihar, Delhi - DPCC",28.6139,77.209,58.44,82.33,68.89,28.18,2.08,49.44,26.31,76.39,5.31,22,1012.6,0.0,202,Poor,CO,9,3,0,8,2026,0,2,0.7071067811865476,-0.7071067811865475,-0.8660254037844384,-0.5000000000000004,139.7061,2.797143903332113,55.52,53.52,52.99,50.78,55.35,58.91,96.61,78.88,83.43,82.1,96.27,105.48,90.94,37.27,57.96,33.19,42.6,37.99,54.01000000000001,52.99,55.52,1.334278831429252,52.90166666666667,50.78,55.52,1.698910435151837,52.896666666666675,50.78,55.52,1.57024221254585,56.92208333333334,50.78,63.83,4.5763845414273145
2026-08-03 10:18:43,Delhi,Delhi,"Anand Vihar, Delhi - DPCC",28.6139,77.209,61.53,93.85,54.21,25.51,2.09,57.64,26.49,66.2,3.2,253,1009.2,0.0,202,Poor,CO,10,3,0,8,2026,0,2,0.49999999999999994,-0.8660254037844387,-0.8660254037844384,-0.5000000000000004,84.768,2.4081484176064025,58.44,55.52,53.52,51.31,52.21,61.02,82.33,96.61,78.88,91.13,80.22,103.01,68.89,90.94,37.27,65.69,77.28,29.65,55.826666666666675,53.52,58.44,2.4742945122465616,54.178333333333335,51.31,58.44,2.482896829646327,53.15416666666667,50.78,58.44,2.153987669135585,56.9025,50.78,63.83,4.5685067962986
2026-08-03 11:18:43,Delhi,Delhi,"Anand Vihar, Delhi - DPCC",28.6139,77.209,64.18,92.82,33.66,10.67,1.55,46.47,30.23,67.46,4.8,246,1010.0,0.0,112,Moderate,PM25,11,3,0,8,2026,0,2,0.258819045102521,-0.9659258262890682,-0.8660254037844384,-0.5000000000000004,145.10399999999998,2.1601024655779697,61.53,58.44,55.52,53.29,51.02,63.63,93.85,82.33,96.61,77.71,73.11,102.91,54.21,68.89,90.94,63.59,26.13,69.94,58.49666666666667,55.52,61.53,3.00540069430573,55.88166666666666,52.99,61.53,3.4419611657698512,53.93083333333333,50.78,61.53,3.205973000321141,56.923750000000005,50.78,63.83,4.589628963406469
2026-08-03 12:18:43,Delhi,Delhi,"Anand Vihar, Delhi - DPCC",28.6139,77.209,64.67,99.05,54.29,14.63,2.03,69.09,31.53,63.17,5.84,234,1008.3,0.0,201,Poor,CO,12,3,0,8,2026,0,2,1.2246467991473532e-16,-1.0,-0.8660254037844384,-0.5000000000000004,184.1352,1.9418997848140178,64.18,61.53,58.44,52.99,52.51,63.83,92.82,93.85,82.33,83.43,84.79,95.41,33.66,54.21,68.89,57.96,74.48,72.61,61.38333333333333,58.44,64.18,2.8728093102977286,57.696666666666665,52.99,64.18,4.508120081216529,55.0275,50.78,64.18,4.212548623943843,56.94666666666666,50.78,64.18,4.625800674916546
2026-08-03 13:18:43,Delhi,Delhi,"Anand Vihar, Delhi - DPCC",28.6139,77.209,63.81,99.14,23.32,29.87,2.77,70.6,30.7,47.98,8.26,71,1010.5,0.0,111,Moderate,PM25,13,3,0,8,2026,0,2,-0.2588190451025208,-0.9659258262890683,-0.8660254037844384,-0.5000000000000004,253.582,1.513564668769716,64.67,64.18,61.53,53.52,54.23,63.25,99.05,92.82,93.85,78.88,87.93,102.81,54.29,33.66,54.21,37.27,77.67,68.7,63.46,61.53,64.67,1.6892897915987914,59.64333333333334,53.52,64.67,4.590279584803923,56.04083333333333,50.78,64.67,4.949922787888804,56.98166666666666,50.78,64.67,4.682970690998826
2026-08-03 14:18:43,Delhi,Delhi,"Anand Vihar, Delhi - DPCC",28.6139,77.209,64.89,113.03,26.14,11.55,2.09,54.06,32.59,52.12,10.51,82,1011.4,0.0,202,Poor,CO,14,3,0,8,2026,0,2,-0.4999999999999997,-0.8660254037844388,-0.8660254037844384,-0.5000000000000004,342.52090000000004,1.5516522774635306,63.81,64.67,64.18,55.52,52.03,62.18,99.14,99.05,92.82,96.61,80.45,98.87,23.32,54.29,33.66,90.94,43.82,37.96,64.22000000000001,63.81,64.67,0.43139309220228905,61.35833333333334,55.52,64.67,3.676190510116095,56.83916666666667,50.78,64.67,5.384758723949642,57.004999999999995,50.78,64.67,4.716833868086815
2026-08-03 15:18:43,Delhi,Delhi,"Anand Vihar, Delhi - DPCC",28.6139,77.209,64.91,110.02,20.16,24.96,1.89,56.75,34.14,50.85,11.49,308,1009.6,0.0,114,Moderate,PM25,15,3,0,8,2026,0,2,-0.7071067811865471,-0.7071067811865479,-0.8660254037844384,-0.5000000000000004,392.2686,1.4470688673875924,64.89,63.81,64.67,58.44,50.78,62.18,113.03,99.14,99.05,82.33,82.1,92.21,26.14,23.32,54.29,68.89,33.19,74.71,64.45666666666666,63.81,64.89,0.5707305260218526,62.919999999999995,58.44,64.89,2.5030221732939006,57.910833333333336,50.78,64.89,5.615385453188326,57.117916666666666,50.78,64.89,4.875861555232826
2026-08-03 16:18:43,Delhi,Delhi,"Anand Vihar, Delhi - DPCC",28.6139,77.209,64.71,114.93,40.14,22.31,2.05,37.56,32.02,44.08,9.82,314,1014.1,0.0,201,Poor,CO,16,3,0,8,2026,0,2,-0.8660254037844384,-0.5000000000000004,-0.8660254037844384,-0.5000000000000004,314.43640000000005,1.334948516050878,64.91,64.89,63.81,61.53,51.31,61.41,110.02,113.03,99.14,93.85,91.13,103.29,20.16,26.14,23.32,54.21,65.69,43.1,64.53666666666666,63.81,64.91,0.6293912402736281,63.998333333333335,61.53,64.91,1.2836263734699218,59.08833333333334,51.31,64.91,5.463594942615162,57.231666666666676,50.78,64.91,5.028544319285139
2026-08-03 17:18:43,Delhi,Delhi,"Anand Vihar, Delhi - DPCC",28.6139,77.209,65.07,100.63,44.27,22.95,2.66,43.92,33.19,57.91,10.79,133,1013.1,0.0,115,Moderate,PM25,17,3,0,8,2026,0,2,-0.9659258262890683,-0.25881904510252063,-0.8660254037844384,-0.5000000000000004,358.1200999999999,1.6937701082187775,64.71,64.91,64.89,64.18,53.29,60.55,114.93,110.02,113.03,92.82,77.71,94.0,40.14,20.16,26.14,33.66,63.59,50.4,64.83666666666666,64.71,64.91,0.11015141094499337,64.52833333333334,63.81,64.91,0.4397461388887046,60.205000000000005,52.99,64.91,5.085602672786662,57.369166666666665,50.78,64.91,5.190280143789429
2026-08-03 18:18:43,Delhi,Delhi,"Anand Vihar, Delhi - DPCC",28.6139,77.209,64.37,107.8,47.56,23.27,2.13,34.19,28.4,56.47,11.66,342,1012.5,0.0,112,Moderate,PM25,18,3,0,8,2026,0,2,-1.0,-1.8369701987210297e-16,-0.8660254037844384,-0.5000000000000004,331.144,1.920748299319728,65.07,64.71,64.91,64.67,52.99,60.67,100.63,114.93,110.02,99.05,83.43,93.64,44.27,40.14,20.16,54.29,57.96,25.94,64.89666666666666,64.71,65.07,0.18036999011246888,64.67666666666666,63.81,65.07,0.44876125798415295,61.18666666666667,52.99,65.07,4.755703433932299,57.557500000000005,50.78,65.07,5.388922010456534
2026-08-03 19:18:43,Delhi,Delhi,"Anand Vihar, Delhi - DPCC",28.6139,77.209,61.36,87.66,78.58,21.8,2.64,16.11,29.98,59.12,8.89,262,1009.9,0.0,108,Moderate,CO,19,3,0,8,2026,0,2,-0.9659258262890684,0.2588190451025203,-0.8660254037844384,-0.5000000000000004,266.5222,1.9083279535183988,64.37,65.07,64.71,63.81,53.52,58.28,107.8,100.63,114.93,99.14,78.88,100.81,47.56,44.27,40.14,23.32,37.27,80.97,64.71666666666665,64.37,65.07,0.3500476158084275,64.62666666666667,63.81,65.07,0.4660329029881048,62.135,53.52,65.07,4.055749006040727,57.711666666666666,50.78,65.07,5.532839248064938
2026-08-03 20:18:43,Delhi,Delhi,"Anand Vihar, Delhi - DPCC",28.6139,77.209,61.3,89.32,47.3,26.52,2.33,0.0,26.21,67.7,10.71,151,1009.4,0.0,104,Moderate,CO,20,3,0,8,2026,0,2,-0.8660254037844386,0.5000000000000001,-0.8660254037844384,-0.5000000000000004,280.70910000000003,2.488055861815509,61.36,64.37,65.07,64.89,55.52,55.46,87.66,107.8,100.63,113.03,96.61,92.17,78.58,47.56,44.27,26.14,90.94,76.09,63.6,61.36,65.07,1.971217897645969,64.21833333333333,61.36,65.07,1.420540976764675,62.788333333333334,55.52,65.07,3.0481047265871295,57.84,50.78,65.07,5.582095601505591
2026-08-03 21:18:43,Delhi,Delhi,"Anand Vihar, Delhi - DPCC",28.6139,77.209,57.2,97.68,43.64,27.7,1.06,0.0,24.88,78.44,10.01,164,1013.6,0.0,195,Moderate,CO,21,3,0,8,2026,0,2,-0.7071067811865477,0.7071067811865474,-0.8660254037844384,-0.5000000000000004,249.04879999999997,3.0309119010819168,61.3,61.36,64.37,64.91,58.44,55.35,89.32,87.66,107.8,110.02,82.33,96.27,47.3,78.58,47.56,20.16,68.89,42.6,62.343333333333334,61.3,64.37,1.7554011887124534,63.620000000000005,61.3,65.07,1.78925682896584,63.27,58.44,65.07,2.106328127766084,58.083333333333336,50.78,65.07,5.601092026030117
2026-08-03 22:18:43,Delhi,Delhi,"Anand Vihar, Delhi - DPCC",28.6139,77.209,58.79,83.85,62.3,22.68,1.76,0.0,22.74,80.34,8.61,23,1013.1,0.0,98,Satisfactory,PM25,22,3,0,8,2026,0,2,-0.5000000000000004,0.8660254037844384,-0.8660254037844384,-0.5000000000000004,195.79139999999998,3.3841617523167655,57.2,61.3,61.36,64.71,61.53,52.21,97.68,89.32,87.66,114.93,93.85,80.22,43.64,47.3,78.58,40.14,54.21,77.28,59.95333333333334,57.2,61.36,2.384645326528238,62.335,57.2,65.07,3.021660139724673,63.166666666666664,57.2,65.07,2.3777504010508244,58.16041666666667,50.78,65.07,5.574506785877768
2026-08-03 23:18:43,Delhi,Delhi,"Anand Vihar, Delhi - DPCC",28.6139,77.209,55.93,88.28,23.12,16.11,1.76,0.0,20.1,87.73,3.88,68,1014.1,0.0,93,Satisfactory,PM25,23,3,0,8,2026,0,2,-0.25881904510252157,0.9659258262890681,-0.8660254037844384,-0.5000000000000004,77.988,4.15781990521327,58.79,57.2,61.3,65.07,64.18,51.02,83.85,97.68,89.32,100.63,92.82,73.11,62.3,43.64,47.3,44.27,33.66,26.13,59.096666666666664,57.2,61.3,2.0671316681171836,61.34833333333333,57.2,65.07,3.0573676041110343,62.93833333333333,57.2,65.07,2.6635855305937253,58.434583333333336,50.78,65.07,5.429039453168313
2026-08-04 00:18:43,Delhi,Delhi,"Anand Vihar, Delhi - DPCC",28.6139,77.209,55.7,78.74,78.95,31.36,1.88,17.78,18.47,90.57,5.14,86,1011.5,0.0,99,Satisfactory,NO2,0,4,1,8,2026,0,2,0.0,1.0,-0.8660254037844384,-0.5000000000000004,94.93579999999999,4.651771956856702,55.93,58.79,57.2,64.37,64.67,52.51,88.28,83.85,97.68,107.8,99.05,84.79,23.12,62.3,43.64,47.56,54.29,74.48,57.30666666666667,55.93,58.79,1.432980576746542,59.824999999999996,55.93,64.37,3.108753769599814,62.25083333333333,55.93,65.07,3.302130051767833,58.63916666666666,50.78,65.07,5.2262097968393695
2026-08-04 01:18:43,Delhi,Delhi,"Anand Vihar, Delhi - DPCC",28.6139,77.209,57.42,96.21,72.29,8.91,1.49,34.62,17.06,93.58,6.69,182,1008.2,0.0,96,Satisfactory,PM10,1,4,1,8,2026,0,2,0.25881904510252074,0.9659258262890683,-0.8660254037844384,-0.5000000000000004,114.1314,5.181616832779624,55.7,55.93,58.79,61.36,63.81,54.23,78.74,88.28,83.85,87.66,99.14,87.93,78.95,23.12,62.3,78.58,23.32,77.67,56.80666666666667,55.7,58.79,1.7214625564713344,58.379999999999995,55.7,61.36,2.535831224667978,61.50333333333333,55.7,65.07,3.696443827477607,58.772083333333335,50.78,65.07,5.1026557272673765
2026-08-04 02:18:43,Delhi,Delhi,"Anand Vihar, Delhi - DPCC",28.6139,77.209,59.21,104.92,61.24,16.65,1.04,36.37,18.22,97.8,3.89,74,1011.6,0.0,195,Moderate,CO,2,4,1,8,2026,0,2,0.49999999999999994,0.8660254037844387,-0.8660254037844384,-0.5000000000000004,70.8758,5.088449531737774,57.42,55.7,55.93,61.3,64.89,52.03,96.21,78.74,88.28,89.32,113.03,80.45,72.29,78.95,23.12,47.3,26.14,43.82,56.35,55.7,57.42,0.9337558567417227,57.72333333333333,55.7,61.3,2.0787560382757255,60.97083333333333,55.7,65.07,3.7929467036817184,58.905,50.78,65.07,5.020076216293069
2026-08-04 03:18:43,Delhi,Delhi,"Anand Vihar, Delhi - DPCC",28.6139,77.209,58.98,99.11,27.34,31.61,0.73,22.94,17.64,98.0,3.89,47,1014.8,0.0,99,Satisfactory,PM10,3,4,1,8,2026,0,2,0.7071067811865475,0.7071067811865476,-0.8660254037844384,-0.5000000000000004,68.6196,5.257510729613734,59.21,57.42,55.7,57.2,64.91,50.78,104.92,96.21,78.74,97.68,110.02,82.1,61.24,72.29,78.95,43.64,20.16,33.19,57.443333333333335,55.7,59.21,1.7551163304273723,57.375,55.7,59.21,1.4349738673582673,60.4975,55.7,65.07,3.6093694362413267,59.20416666666667,50.78,65.07,4.8017487001831025
2026-08-04 04:18:43,Delhi,Delhi,"Anand Vihar, Delhi - DPCC",28.6139,77.209,59.36,92.38,42.88,15.09,0.7,21.7,16.88,98.0,3.52,258,1008.9,0.0,99,Satisfactory,PM25,4,4,1,8,2026,0,2,0.8660254037844386,0.5000000000000001,-0.8660254037844384,-0.5000000000000004,59.4176,5.480984340044743,58.98,59.21,57.42,58.79,64.71,51.31,99.11,104.92,96.21,83.85,114.93,91.13,27.34,61.24,72.29,62.3,40.14,65.69,58.53666666666667,57.42,59.21,0.9738754198216976,57.67166666666666,55.7,59.21,1.5692726552985596,60.00333333333333,55.7,65.07,3.346711637993194,59.54583333333334,51.31,65.07,4.455520187916046
2026-08-04 05:18:43,Delhi,Delhi,"Anand Vihar, Delhi - DPCC",28.6139,77.209,59.42,85.84,62.25,27.67,2.57,16.32,19.18,97.52,1.06,222,1008.2,0.0,107,Moderate,CO,5,4,1,8,2026,0,2,0.9659258262890683,0.25881904510252074,-0.8660254037844384,-0.5000000000000004,20.3308,4.832507433102081,59.36,58.98,59.21,55.93,65.07,53.29,92.38,99.11,104.92,88.28,100.63,77.71,42.88,27.34,61.24,23.12,44.27,63.59,59.18333333333334,58.98,59.36,0.1913983629316388,57.76666666666667,55.7,59.36,1.6648563501599123,59.5575,55.7,65.07,3.001230429492108,59.881249999999994,52.99,65.07,4.097155229944394
2026-08-04 06:18:43,Delhi,Delhi,"Anand Vihar, Delhi - DPCC",28.6139,77.209,62.07,94.75,49.03,29.98,2.7,20.76,20.17,97.29,1.4,220,1010.0,0.0,108,Moderate,CO,6,4,1,8,2026,0,2,1.0,6.123233995736766e-17,-0.8660254037844384,-0.5000000000000004,28.238,4.59565422768068,59.42,59.36,58.98,55.7,64.37,52.99,85.84,92.38,99.11,78.74,107.8,83.43,62.25,42.88,27.34,78.95,47.56,57.96,59.25333333333333,58.98,59.42,0.2386070689080975,58.348333333333336,55.7,59.42,1.495920006774341,59.08666666666667,55.7,64.37,2.4504594498076897,60.13666666666666,52.99,65.07,3.8521373701933785
2026-08-04 07:18:43,Delhi,Delhi,"Anand Vihar, Delhi - DPCC",28.6139,77.209,64.04,92.2,79.71,18.81,2.0,37.14,23.6,91.84,2.03,349,1010.5,0.0,201,Poor,CO,7,4,1,8,2026,0,2,0.9659258262890683,-0.25881904510252063,-0.8660254037844384,-0.5000000000000004,47.908,3.7333333333333334,62.07,59.42,59.36,57.42,61.36,53.52,94.75,85.84,92.38,96.21,87.66,78.88,49.03,62.25,42.88,72.29,78.58,37.27,60.28333333333333,59.36,62.07,1.5475895235277801,59.41,57.42,62.07,1.5008797420183282,58.895,55.7,62.07,2.058200891334758,60.51499999999999,53.52,65.07,3.554077878327526
2026-08-04 08:18:43,Delhi,Delhi,"Anand Vihar, Delhi - DPCC",28.6139,77.209,65.12,106.95,56.56,9.55,2.51,29.25,21.92,83.38,1.86,318,1012.1,0.0,115,Moderate,PM25,8,4,1,8,2026,0,2,0.8660254037844387,-0.4999999999999998,-0.8660254037844384,-0.5000000000000004,40.77120000000001,3.6378708551483414,64.04,62.07,59.42,59.21,61.3,55.52,92.2,94.75,85.84,104.92,89.32,96.61,79.71,49.03,62.25,61.24,47.3,90.94,61.84333333333334,59.42,64.04,2.318325545158184,60.51333333333334,58.98,64.04,2.0705522612741754,59.11833333333334,55.7,64.04,2.4567970032446325,60.953333333333326,55.52,65.07,3.2929974011616805
2026-08-04 09:18:43,Delhi,Delhi,"Anand Vihar, Delhi - DPCC",28.6139,77.209,66.67,101.29,79.77,34.73,3.3,39.15,24.48,70.89,2.63,41,1009.0,0.0,120,Moderate,PM25,9,4,1,8,2026,0,2,0.7071067811865476,-0.7071067811865475,-0.8660254037844384,-0.5000000000000004,64.3824,2.782182103610675,65.12,64.04,62.07,58.98,57.2,58.44,106.95,92.2,94.75,99.11,97.68,82.33,56.56,79.71,49.03,27.34,43.64,68.89,63.74333333333334,62.07,65.12,1.5464906509038556,61.498333333333335,58.98,65.12,2.6509350551583752,59.43666666666667,55.7,65.12,2.9609376074398828,61.35333333333333,55.7,65.12,3.185620773121694
2026-08-04 10:18:43,Delhi,Delhi,"Anand Vihar, Delhi - DPCC",28.6139,77.209,68.43,117.4,60.42,24.45,0.71,57.38,27.43,72.99,1.44,7,1014.6,0.0,126,Moderate,PM25,10,4,1,8,2026,0,2,0.49999999999999994,-0.8660254037844387,-0.8660254037844384,-0.5000000000000004,39.499199999999995,2.5673584241997887,66.67,65.12,64.04,59.36,58.79,61.53,101.29,106.95,92.2,92.38,83.85,93.85,79.77,56.56,79.71,42.88,62.3,54.21,65.27666666666669,64.04,66.67,1.3219808369764798,62.78,59.36,66.67,3.0227603279123496,60.225833333333334,55.7,66.67,3.519861718186075,61.69624999999999,55.7,66.67,3.2993106163981776
2026-08-04 11:18:43,Delhi,Delhi,"Anand Vihar, Delhi - DPCC",28.6139,77.209,71.43,120.15,35.88,13.99,2.08,45.93,30.93,61.06,1.0,137,1009.3,0.0,202,Poor,CO,11,4,1,8,2026,0,2,0.258819045102521,-0.9659258262890682,-0.8660254037844384,-0.5000000000000004,30.93,1.9123081741309114,68.43,66.67,65.12,59.42,55.93,64.18,117.4,101.29,106.95,85.84,88.28,92.82,60.42,79.77,56.56,62.25,23.12,33.66,66.74000000000001,65.12,68.43,1.6561098997348258,64.29166666666667,59.42,68.43,3.231120032847332,61.02916666666667,55.7,68.43,4.197253340705197,61.98374999999999,55.7,68.43,3.5734367971852627
2026-08-04 12:18:43,Delhi,Delhi,"Anand Vihar, Delhi - DPCC",28.6139,77.209,71.07,118.68,78.09,11.89,2.52,55.39,27.48,60.76,9.86,200,1013.1,0.0,135,Moderate,PM25,12,4,1,8,2026,0,2,1.2246467991473532e-16,-1.0,-0.8660254037844384,-0.5000000000000004,270.95279999999997,2.133426966292135,71.43,68.43,66.67,62.07,55.7,64.67,120.15,117.4,101.29,94.75,78.74,99.05,35.88,60.42,79.77,49.03,78.95,54.29,68.84333333333335,66.67,71.43,2.4067682342371475,66.29333333333334,62.07,71.43,3.3281626562815734,62.32083333333333,55.7,71.43,4.823628318135169,62.285833333333336,55.7,71.43,4.042789519805431
2026-08-04 13:18:43,Delhi,Delhi,"Anand Vihar, Delhi - DPCC",28.6139,77.209,71.55,106.48,30.81,8.42,1.06,62.96,31.27,48.39,7.92,26,1013.2,0.0,195,Moderate,CO,13,4,1,8,2026,0,2,-0.2588190451025208,-0.9659258262890683,-0.8660254037844384,-0.5000000000000004,247.6584,1.4995351719863652,71.07,71.43,68.43,64.04,57.42,63.81,118.68,120.15,117.4,92.2,96.21,99.14,78.09,35.88,60.42,79.71,72.29,23.32,70.31,68.43,71.43,1.6380476183553387,67.79333333333334,64.04,71.43,3.0614811230296857,63.60166666666667,57.42,71.43,4.944853768098625,62.5525,55.7,71.43,4.402005718740648
2026-08-04 14:18:43,Delhi,Delhi,"Anand Vihar, Delhi - DPCC",28.6139,77.209,69.46,114.53,23.36,31.9,1.66,65.72,33.17,51.0,7.52,108,1010.0,0.0,130,Moderate,PM25,14,4,1,8,2026,0,2,-0.4999999999999997,-0.8660254037844388,-0.8660254037844384,-0.5000000000000004,249.4384,1.4925373134328357,71.55,71.07,71.43,65.12,59.21,64.89,106.48,118.68,120.15,106.95,104.92,113.03,30.81,78.09,35.88,56.56,61.24,26.14,71.35,71.07,71.55,0.24979991993504816,69.045,65.12,71.55,2.738187356628532,64.77916666666667,58.98,71.55,5.020795768751758,62.875,55.7,71.55,4.76656653386254
2026-08-04 15:18:43,Delhi,Delhi,"Anand Vihar, Delhi - DPCC",28.6139,77.209,69.8,110.24,41.81,34.86,1.86,55.13,32.94,54.16,9.3,122,1010.7,0.0,131,Moderate,PM25,15,4,1,8,2026,0,2,-0.7071067811865471,-0.7071067811865479,-0.8660254037844384,-0.5000000000000004,306.342,1.595757218621096,69.46,71.55,71.07,66.67,58.98,64.91,114.53,106.48,118.68,101.29,99.11,110.02,23.36,30.81,78.09,79.77,27.34,20.16,70.69333333333333,69.46,71.55,1.094729799234926,69.76833333333333,66.67,71.55,1.9552842930548406,65.63333333333333,58.98,71.55,4.856407825718243,63.065416666666664,55.7,71.55,4.9387350775948535
2026-08-04 16:18:43,Delhi,Delhi,"Anand Vihar, Delhi - DPCC",28.6139,77.209,70.56,120.17,35.96,32.04,2.75,47.93,30.3,49.9,10.96,112,1009.6,0.0,134,Moderate,PM25,16,4,1,8,2026,0,2,-0.8660254037844384,-0.5000000000000004,-0.8660254037844384,-0.5000000000000004,332.088,1.5942492012779552,69.8,69.46,71.55,68.43,59.36,64.71,110.24,114.53,106.48,117.4,92.38,114.93,41.81,23.36,30.81,60.42,42.88,40.14,70.27,69.46,71.55,1.121472246647078,70.29,68.43,71.55,1.2557228993692253,66.53500000000001,59.36,71.55,4.50020100561181,63.269166666666656,55.7,71.55,5.11583723154962
2026-08-04 17:18:43,Delhi,Delhi,"Anand Vihar, Delhi - DPCC",28.6139,77.209,68.69,120.87,26.13,11.86,2.5,35.79,31.79,53.47,8.44,150,1009.5,0.0,127,Moderate,PM25,17,4,1,8,2026,0,2,-0.9659258262890683,-0.25881904510252063,-0.8660254037844384,-0.5000000000000004,268.3076,1.6306800853918877,70.56,69.8,69.46,71.43,59.42,65.07,120.17,110.24,114.53,120.15,85.84,100.63,35.96,41.81,23.36,35.88,62.25,44.27,69.94,69.46,70.56,0.5632051136128601,70.645,69.46,71.55,0.8650260111697404,67.46833333333333,59.42,71.55,4.011761873956855,63.512916666666676,55.7,71.55,5.322656642305903
2026-08-04 18:18:43,Delhi,Delhi,"Anand Vihar, Delhi - DPCC",28.6139,77.209,65.6,116.12,53.51,14.76,1.05,18.4,31.04,54.13,10.17,149,1009.0,0.0,195,Moderate,CO,18,4,1,8,2026,0,2,-1.0,-1.8369701987210297e-16,-0.8660254037844384,-0.5000000000000004,315.6768,1.689450686641698,68.69,70.56,69.8,71.07,62.07,64.37,120.87,120.17,110.24,118.68,94.75,107.8,26.13,35.96,41.81,78.09,49.03,47.56,69.68333333333334,68.69,70.56,0.940443157948964,70.18833333333333,68.69,71.55,1.0673221944037916,68.24083333333333,62.07,71.55,3.112909946229386,63.66374999999999,55.7,71.55,5.419117377596924
2026-08-04 19:18:43,Delhi,Delhi,"Anand Vihar, Delhi - DPCC",28.6139,77.209,63.87,106.8,91.3,25.24,1.9,15.42,31.18,64.89,7.67,243,1013.3,0.0,111,Moderate,NO2,19,4,1,8,2026,0,2,-0.9659258262890684,0.2588190451025203,-0.8660254037844384,-0.5000000000000004,239.1506,2.0164698570540707,65.6,68.69,70.56,71.55,64.04,61.36,116.12,120.87,120.17,106.48,92.2,87.66,53.51,26.13,35.96,30.81,79.71,78.58,68.28333333333333,65.6,70.56,2.5048819000769487,69.27666666666666,65.6,71.55,2.0486353181244787,68.53500000000001,64.04,71.55,2.601550237140185,63.715,55.7,71.55,5.431888133573004
2026-08-04 20:18:43,Delhi,Delhi,"Anand Vihar, Delhi - DPCC",28.6139,77.209,63.44,108.47,91.26,11.82,1.93,1.48,27.04,68.42,11.67,9,1013.0,0.0,111,Moderate,NO2,20,4,1,8,2026,0,2,-0.8660254037844386,0.5000000000000001,-0.8660254037844384,-0.5000000000000004,315.5568,2.4400855920114126,63.87,65.6,68.69,69.46,65.12,61.3,106.8,116.12,120.87,114.53,106.95,89.32,91.3,53.51,26.13,23.36,56.56,47.3,66.05333333333333,63.87,68.69,2.4417684847939953,67.99666666666666,63.87,70.56,2.6539831700044827,68.52083333333333,63.87,71.55,2.6285753429060876,63.81958333333333,55.7,71.55,5.40868824341834
2026-08-04 21:18:43,Delhi,Delhi,"Anand Vihar, Delhi - DPCC",28.6139,77.209,62.45,93.84,34.42,15.11,1.34,0.0,25.11,72.06,10.32,333,1009.5,0.0,106,Moderate,PM25,21,4,1,8,2026,0,2,-0.7071067811865477,0.7071067811865474,-0.8660254037844384,-0.5000000000000004,259.1352,2.7598621217924166,63.44,63.87,65.6,69.8,66.67,57.2,108.47,106.8,116.12,110.24,101.29,97.68,91.26,91.3,53.51,41.81,79.77,43.64,64.30333333333333,63.44,65.6,1.1433430514649656,66.99333333333333,63.44,70.56,3.0919228105932874,68.38083333333333,63.44,71.55,2.860665715062468,63.90875,55.7,71.55,5.382923330956473
2026-08-04 22:18:43,Delhi,Delhi,"Anand Vihar, Delhi - DPCC",28.6139,77.209,61.58,96.74,69.16,29.19,2.64,0.63,21.79,82.33,7.08,71,1009.8,0.0,108,Moderate,CO,22,4,1,8,2026,0,2,-0.5000000000000004,0.8660254037844384,-0.8660254037844384,-0.5000000000000004,154.2732,3.6125493637560333,62.45,63.44,63.87,70.56,68.43,58.79,93.84,108.47,106.8,120.17,117.4,83.85,34.42,91.26,91.3,35.96,60.42,62.3,63.25333333333333,62.45,63.87,0.728171225285136,65.76833333333333,62.45,70.56,3.211251573244794,68.02916666666667,62.45,71.55,3.3136260235945376,64.1275,55.7,71.55,5.202077553205467
2026-08-04 23:18:43,Delhi,Delhi,"Anand Vihar, Delhi - DPCC",28.6139,77.209,59.75,103.98,20.53,8.99,1.91,0.0,21.48,86.5,8.52,155,1011.7,0.0,103,Moderate,PM10,23,4,1,8,2026,0,2,-0.25881904510252157,0.9659258262890681,-0.8660254037844384,-0.5000000000000004,183.0096,3.847864768683274,61.58,62.45,63.44,68.69,71.43,55.93,96.74,93.84,108.47,120.87,120.15,88.28,69.16,34.42,91.26,26.13,35.88,23.12,62.49,61.58,63.44,0.9306449376641768,64.27166666666666,61.58,68.69,2.557447294993047,67.45833333333333,61.58,71.55,3.793561131787202,64.24374999999999,55.7,71.55,5.107937397474706
2026-08-05 00:18:43,Delhi,Delhi,"Anand Vihar, Delhi - DPCC",28.6139,77.209,58.18,91.33,70.99,16.42,2.4,18.06,20.67,91.61,8.13,229,1014.6,0.0,105,Moderate,CO,0,5,2,8,2026,0,2,0.0,1.0,-0.8660254037844384,-0.5000000000000004,168.04710000000003,4.227503461005998,59.75,61.58,62.45,65.6,71.07,55.7,103.98,96.74,93.84,116.12,118.68,78.74,20.53,69.16,34.42,53.51,78.09,78.95,61.26,59.75,62.45,1.3781509351301227,62.781666666666666,59.75,65.6,2.0152361317392407,66.485,59.75,71.55,4.162362746849941,64.40291666666667,55.7,71.55,4.892589319943183
2026-08-05 01:18:43,Delhi,Delhi,"Anand Vihar, Delhi - DPCC",28.6139,77.209,57.26,83.43,31.24,32.07,0.62,35.42,17.03,98.0,6.66,241,1011.0,0.0,95,Satisfactory,PM25,1,5,2,8,2026,0,2,0.25881904510252074,0.9659258262890683,-0.8660254037844384,-0.5000000000000004,113.41980000000001,5.4353854686633385,58.18,59.75,61.58,63.87,71.55,57.42,91.33,103.98,96.74,106.8,106.48,96.21,70.99,20.53,69.16,91.3,30.81,72.29,59.836666666666666,58.18,61.58,1.701656056121049,61.54500000000001,58.18,63.87,2.2073581494630052,65.41083333333334,58.18,71.55,4.519479974778605,64.50625000000001,57.42,71.55,4.724075996609074
2026-08-05 02:18:43,Delhi,Delhi,"Anand Vihar, Delhi - DPCC",28.6139,77.209,57.05,84.91,21.69,34.45,2.76,24.45,16.66,98.0,4.13,331,1013.5,0.0,109,Moderate,CO,2,5,2,8,2026,0,2,0.49999999999999994,0.8660254037844387,-0.8660254037844384,-0.5000000000000004,68.8058,5.549263873159683,57.26,58.18,59.75,63.44,69.46,59.21,83.43,91.33,103.98,108.47,114.53,104.92,31.24,70.99,20.53,91.26,23.36,61.24,58.39666666666667,57.26,59.75,1.2590604962961636,60.443333333333335,57.26,63.44,2.450948115866077,64.22,57.26,70.56,4.635950427219532,64.49958333333333,57.26,71.55,4.73461212695956
2026-08-05 03:18:43,Delhi,Delhi,"Anand Vihar, Delhi - DPCC",28.6139,77.209,59.01,86.4,32.64,15.64,1.72,27.77,14.73,98.0,4.75,328,1013.8,0.0,98,Satisfactory,PM25,3,5,2,8,2026,0,2,0.7071067811865475,0.7071067811865476,-0.8660254037844384,-0.5000000000000004,69.9675,6.230133502860776,57.05,57.26,58.18,62.45,69.8,58.98,84.91,83.43,91.33,93.84,110.24,99.11,21.69,31.24,70.99,34.42,41.81,27.34,57.49666666666666,57.05,58.18,0.601026899010024,59.37833333333334,57.05,62.45,2.2700256973584114,63.185833333333335,57.05,70.56,4.743701006853705,64.40958333333333,57.05,71.55,4.858443550344388
2026-08-05 04:18:43,Delhi,Delhi,"Anand Vihar, Delhi - DPCC",28.6139,77.209,59.04,82.99,74.23,9.2,1.31,29.23,14.15,98.0,3.41,189,1009.6,0.0,98,Satisfactory,PM25,4,5,2,8,2026,0,2,0.8660254037844386,0.5000000000000001,-0.8660254037844384,-0.5000000000000004,48.2515,6.468646864686469,59.01,57.05,57.26,61.58,70.56,59.36,86.4,84.91,83.43,96.74,120.17,92.38,32.64,21.69,31.24,69.16,35.96,42.88,57.77333333333333,57.05,59.01,1.076119572042803,58.805,57.05,61.58,1.7025480903636485,62.28666666666666,57.05,70.56,4.38507869387948,64.41083333333333,57.05,71.55,4.856989510123344
2026-08-05 05:18:43,Delhi,Delhi,"Anand Vihar, Delhi - DPCC",28.6139,77.209,59.18,89.5,44.78,11.76,1.72,31.63,18.71,98.0,4.04,53,1011.2,0.8,99,Satisfactory,PM25,5,5,2,8,2026,0,2,0.9659258262890683,0.25881904510252074,-0.8660254037844384,-0.5000000000000004,75.58840000000001,4.972095383054287,59.04,59.01,57.05,59.75,68.69,59.42,82.99,86.4,84.91,103.98,120.87,85.84,74.23,32.64,21.69,20.53,26.13,62.25,58.36666666666667,57.05,59.04,1.1403654385036168,58.38166666666666,57.05,59.75,1.074493679212495,61.32666666666666,57.05,68.69,3.5998947796071814,64.3975,57.05,71.55,4.871874248751819
2026-08-05 06:18:43,Delhi,Delhi,"Anand Vihar, Delhi - DPCC",28.6139,77.209,58.08,97.19,63.45,32.18,2.27,16.21,18.76,88.46,1.31,139,1009.1,8.1,103,Moderate,CO,6,5,2,8,2026,0,2,1.0,6.123233995736766e-17,-0.8660254037844384,-0.5000000000000004,24.5756,4.476720647773279,59.18,59.04,59.01,58.18,65.6,62.07,89.5,82.99,86.4,91.33,116.12,94.75,44.78,74.23,32.64,70.99,53.51,49.03,59.07666666666666,59.01,59.18,0.09073771725966129,58.28666666666666,57.05,59.18,0.9469459681880543,60.534166666666664,57.05,65.6,2.7864035416590887,64.3875,57.05,71.55,4.882769394157447
2026-08-05 07:18:43,Delhi,Delhi,"Anand Vihar, Delhi - DPCC",28.6139,77.209,60.57,95.72,51.34,21.94,2.12,16.2,22.59,89.45,5.13,71,1008.3,0.0,211,Poor,PM25,7,5,2,8,2026,0,2,0.9659258262890683,-0.25881904510252063,-0.8660254037844384,-0.5000000000000004,115.88669999999999,3.791860958033065,58.08,59.18,59.04,57.26,63.87,64.04,97.19,89.5,82.99,83.43,106.8,92.2,63.45,44.78,74.23,31.24,91.3,79.71,58.76666666666667,58.08,59.18,0.5987765303796698,58.27,57.05,59.18,0.9500736813536864,59.90749999999999,57.05,63.87,2.355886727482434,64.22125,57.05,71.55,5.03078981827418
2026-08-05 08:18:43,Delhi,Delhi,"Anand Vihar, Delhi - DPCC",28.6139,77.209,63.73,97.75,57.75,33.22,1.57,17.59,23.16,85.19,1.85,225,1010.9,0.0,110,Moderate,PM25,8,5,2,8,2026,0,2,0.8660254037844387,-0.4999999999999998,-0.8660254037844384,-0.5000000000000004,42.846000000000004,3.526076158940397,60.57,58.08,59.18,57.05,63.44,65.12,95.72,97.19,89.5,84.91,108.47,106.95,51.34,63.45,44.78,21.69,91.26,56.56,59.27666666666667,58.08,60.57,1.2478114173758337,58.821666666666665,57.05,60.57,1.1795832597437022,59.6325,57.05,63.44,2.0199510570129897,64.07666666666667,57.05,71.55,5.08578809819178
2026-08-05 09:18:43,Delhi,Delhi,"Anand Vihar, Delhi - DPCC",28.6139,77.209,64.5,109.51,36.44,25.56,1.56,43.23,25.11,77.25,3.1,121,1012.3,0.0,113,Moderate,PM25,9,5,2,8,2026,0,2,0.7071067811865476,-0.7071067811865475,-0.8660254037844384,-0.5000000000000004,77.841,2.9586365377250097,63.73,60.57,58.08,59.01,62.45,66.67,97.75,95.72,97.19,86.4,93.84,101.29,57.75,51.34,63.45,32.64,34.42,79.77,60.79333333333333,58.08,63.73,2.8316132033407015,59.934999999999995,58.08,63.73,2.023509327875915,59.656666666666666,57.05,63.73,2.0707413399481642,64.01875,57.05,71.55,5.0813027365036065
2026-08-05 10:18:43,Delhi,Delhi,"Anand Vihar, Delhi - DPCC",28.6139,77.209,67.02,113.73,21.37,33.89,1.36,40.32,25.15,69.91,5.69,31,1008.8,0.0,122,Moderate,PM25,10,5,2,8,2026,0,2,0.49999999999999994,-0.8660254037844387,-0.8660254037844384,-0.5000000000000004,143.1035,2.6734225621414915,64.5,63.73,60.57,59.04,61.58,68.43,109.51,97.75,95.72,82.99,96.74,117.4,36.44,57.75,51.34,74.23,69.16,60.42,62.93333333333334,60.57,64.5,2.082602538491987,60.849999999999994,58.08,64.5,2.662074379126321,59.82749999999999,57.05,64.5,2.383134395172704,63.928333333333335,57.05,71.55,5.05129313333127
2026-08-05 11:18:43,Delhi,Delhi,"Anand Vihar, Delhi - DPCC",28.6139,77.209,66.49,102.73,50.39,17.75,2.32,67.68,30.82,58.41,8.67,80,1012.6,0.0,120,Moderate,PM25,11,5,2,8,2026,0,2,0.258819045102521,-0.9659258262890682,-0.8660254037844384,-0.5000000000000004,267.2094,1.8356379635449402,67.02,64.5,63.73,59.18,59.75,71.43,113.73,109.51,97.75,89.5,103.98,120.15,21.37,36.44,57.75,44.78,20.53,35.88,65.08333333333333,63.73,67.02,1.7208234462992313,62.18000000000001,58.08,67.02,3.452900230241342,60.280833333333334,57.05,67.02,3.1430629482990504,63.86958333333333,57.05,71.55,5.004643477869206
2026-08-05 12:18:43,Delhi,Delhi,"Anand Vihar, Delhi - DPCC",28.6139,77.209,66.53,112.95,65.59,25.56,1.47,63.5,31.73,56.67,5.23,37,1013.9,0.0,120,Moderate,PM25,12,5,2,8,2026,0,2,1.2246467991473532e-16,-1.0,-0.8660254037844384,-0.5000000000000004,165.9479,1.7314390467461043,66.49,67.02,64.5,58.08,58.18,71.07,102.73,113.73,109.51,97.19,91.33,118.68,50.39,21.37,36.44,63.45,70.99,78.09,66.00333333333333,64.5,67.02,1.3286208388148681,63.39833333333333,58.08,67.02,3.472252390980142,60.8425,57.05,67.02,3.6074874787158353,63.66374999999999,57.05,71.55,4.776565814291685
2026-08-05 13:18:43,Delhi,Delhi,"Anand Vihar, Delhi - DPCC",28.6139,77.209,67.99,118.08,27.95,25.81,1.87,50.77,33.66,51.4,6.29,26,1010.5,8.5,126,Moderate,O3,13,5,2,8,2026,0,2,-0.2588190451025208,-0.9659258262890683,-0.8660254037844384,-0.5000000000000004,211.7214,1.4829774956722448,66.53,66.49,67.02,60.57,57.26,71.55,112.95,102.73,113.73,95.72,83.43,106.48,65.59,50.39,21.37,51.34,31.24,30.81,66.67999999999999,66.49,67.02,0.29512709126707376,64.80666666666666,60.57,67.02,2.445605582809138,61.53833333333333,57.05,67.02,3.8447386324060817,63.474583333333335,57.05,71.55,4.555275946556316
2026-08-05 14:18:43,Delhi,Delhi,"Anand Vihar, Delhi - DPCC",28.6139,77.209,66.76,117.77,50.17,15.26,1.92,53.33,31.34,51.21,8.83,249,1010.4,0.0,121,Moderate,PM25,14,5,2,8,2026,0,2,-0.4999999999999997,-0.8660254037844388,-0.8660254037844384,-0.5000000000000004,276.7322,1.5834879406307976,67.99,66.53,66.49,63.73,57.05,69.46,118.08,112.95,102.73,97.75,84.91,114.53,27.95,65.59,50.39,57.75,21.69,23.36,67.00333333333333,66.49,67.99,0.8547124272719264,66.04333333333334,63.73,67.99,1.607055278037169,62.4325,57.05,67.99,4.003721280372765,63.326249999999995,57.05,70.56,4.333444069097837
2026-08-05 15:18:43,Delhi,Delhi,"Anand Vihar, Delhi - DPCC",28.6139,77.209,68.29,121.62,46.55,26.65,1.86,47.73,35.6,53.04,12.81,177,1011.6,0.0,126,Moderate,PM25,15,5,2,8,2026,0,2,-0.7071067811865471,-0.7071067811865479,-0.8660254037844384,-0.5000000000000004,456.03600000000006,1.4491803278688524,66.76,67.99,66.53,64.5,59.01,69.8,117.77,118.08,112.95,109.51,86.4,110.24,50.17,27.95,65.59,36.44,32.64,41.81,67.09333333333332,66.53,67.99,0.7850053078375049,66.54833333333333,64.5,67.99,1.1441226624217695,63.24166666666667,58.08,67.99,3.792655182498664,63.213750000000005,57.05,70.56,4.200284475355485
2026-08-05 16:18:43,Delhi,Delhi,"Anand Vihar, Delhi - DPCC",28.6139,77.209,69.8,111.39,49.32,10.09,1.02,43.6,31.53,56.23,7.66,310,1009.1,7.0,195,Moderate,CO,16,5,2,8,2026,0,2,-0.8660254037844384,-0.5000000000000004,-0.8660254037844384,-0.5000000000000004,241.5198,1.7285582539194588,68.29,66.76,67.99,67.02,59.04,70.56,121.62,117.77,118.08,113.73,82.99,120.17,46.55,50.17,27.95,21.37,74.23,35.96,67.68,66.76,68.29,0.8107404023481714,67.18,66.49,68.29,0.7731494034145964,64.015,58.08,68.29,3.797471646910817,63.15083333333334,57.05,70.56,4.107625905521268
2026-08-05 17:18:43,Delhi,Delhi,"Anand Vihar, Delhi - DPCC",28.6139,77.209,69.82,121.03,68.14,10.7,2.65,28.58,28.76,57.65,12.04,244,1009.9,0.0,131,Moderate,PM25,17,5,2,8,2026,0,2,-0.9659258262890683,-0.25881904510252063,-0.8660254037844384,-0.5000000000000004,346.2704,1.9371639784946235,69.8,68.29,66.76,66.49,59.18,68.69,111.39,121.62,117.77,102.73,89.5,120.87,49.32,46.55,50.17,50.39,44.78,26.13,68.28333333333335,66.76,69.8,1.5200109648725988,67.64333333333333,66.49,69.8,1.3068690319488607,64.91166666666668,58.08,69.8,3.7862930620219815,63.119166666666665,57.05,69.8,4.050556501397527
2026-08-05 18:18:43,Delhi,Delhi,"Anand Vihar, Delhi - DPCC",28.6139,77.209,65.84,92.71,53.73,20.56,2.04,18.67,30.99,56.75,10.78,320,1011.1,0.0,201,Poor,CO,18,5,2,8,2026,0,2,-1.0,-1.8369701987210297e-16,-0.8660254037844384,-0.5000000000000004,334.07219999999995,1.7739918724601438,69.82,69.8,68.29,66.53,58.08,65.6,121.03,111.39,121.62,112.95,97.19,116.12,68.14,49.32,46.55,65.59,63.45,53.51,69.30333333333334,68.29,69.82,0.8776293826740384,68.19833333333334,66.53,69.82,1.4212025424501866,65.79833333333333,58.08,69.82,3.561176601613495,63.16625,57.05,69.82,4.124028014601339
2026-08-05 19:18:43,Delhi,Delhi,"Anand Vihar, Delhi - DPCC",28.6139,77.209,63.4,93.37,61.75,14.6,2.26,11.07,29.92,63.39,11.87,0,1013.6,0.0,109,Moderate,PM25,19,5,2,8,2026,0,2,-0.9659258262890684,0.2588190451025203,-0.8660254037844384,-0.5000000000000004,355.1504,2.05012936610608,65.84,69.82,69.8,67.99,60.57,63.87,92.71,121.03,111.39,118.08,95.72,106.8,53.73,68.14,49.32,27.95,51.34,91.3,68.48666666666666,65.84,69.82,2.2921023828208265,68.08333333333333,65.84,69.82,1.5998833290796177,66.44500000000001,60.57,69.82,2.609644698909437,63.17625,57.05,69.82,4.130471930610894
2026-08-05 20:18:43,Delhi,Delhi,"Anand Vihar, Delhi - DPCC",28.6139,77.209,60.22,99.5,61.52,24.97,1.42,18.68,24.76,65.78,11.23,260,1012.0,0.0,210,Poor,PM25,20,5,2,8,2026,0,2,-0.8660254037844386,0.5000000000000001,-0.8660254037844384,-0.5000000000000004,278.0548,2.5535714285714284,63.4,65.84,69.82,66.76,63.73,63.44,93.37,92.71,121.03,117.77,97.75,108.47,61.75,53.73,68.14,50.17,57.75,91.26,66.35333333333332,63.4,69.82,3.240637797306761,67.31833333333333,63.4,69.82,2.4984668632317204,66.68083333333333,63.4,69.82,2.110615844350866,63.156666666666666,57.05,69.82,4.128153252407375
2026-08-05 21:18:43,Delhi,Delhi,"Anand Vihar, Delhi - DPCC",28.6139,77.209,58.82,89.81,27.58,21.07,1.76,4.23,27.02,74.81,10.01,146,1010.6,0.0,98,Satisfactory,PM25,21,5,2,8,2026,0,2,-0.7071067811865477,0.7071067811865474,-0.8660254037844384,-0.5000000000000004,270.4702,2.6698786581013563,60.22,63.4,65.84,68.29,64.5,62.45,99.5,93.37,92.71,121.62,109.51,93.84,61.52,61.75,53.73,46.55,36.44,34.42,63.153333333333336,60.22,65.84,2.8181081124282175,66.22833333333334,60.22,69.82,3.8511734142553324,66.38833333333334,60.22,69.82,2.7137690440129743,63.0225,57.05,69.82,4.1706513410611254
2026-08-05 22:18:43,Delhi,Delhi,"Anand Vihar, Delhi - DPCC",28.6139,77.209,56.77,95.94,20.94,15.81,2.01,0.0,21.48,81.06,5.62,151,1008.7,0.0,201,Poor,CO,22,5,2,8,2026,0,2,-0.5000000000000004,0.8660254037844384,-0.8660254037844384,-0.5000000000000004,120.7176,3.6058718861209966,58.82,60.22,63.4,69.8,67.02,61.58,89.81,99.5,93.37,111.39,113.73,96.74,27.58,61.52,61.75,49.32,21.37,69.16,60.81333333333333,58.82,63.4,2.3469412718119025,64.65,58.82,69.82,4.6870843815746035,65.915,58.82,69.82,3.464564776549827,62.871249999999996,57.05,69.82,4.257238656483827
2026-08-05 23:18:43,Delhi,Delhi,"Anand Vihar, Delhi - DPCC",28.6139,77.209,55.52,81.62,28.47,11.4,1.6,0.0,19.84,86.65,5.04,77,1011.5,0.0,92,Satisfactory,PM25,23,5,2,8,2026,0,2,-0.25881904510252157,0.9659258262890681,-0.8660254037844384,-0.5000000000000004,99.9936,4.157869481765835,56.77,58.82,60.22,69.82,66.49,59.75,95.94,89.81,99.5,121.03,102.73,103.98,20.94,27.58,61.52,68.14,50.39,20.53,58.60333333333333,56.77,60.22,1.7351753033438415,62.47833333333333,56.77,69.82,4.839811635453131,65.06083333333333,56.77,69.82,4.324245511349337,62.67083333333333,56.77,69.82,4.430368437585415
2026-08-06 00:18:43,Delhi,Delhi,"Anand Vihar, Delhi - DPCC",28.6139,77.209,52.48,78.69,65.54,11.19,1.41,18.79,19.61,90.67,5.8,319,1013.1,0.0,87,Satisfactory,PM25,0,6,3,8,2026,0,2,0.0,1.0,-0.8660254037844384,-0.5000000000000004,113.738,4.399320718098011,55.52,56.77,58.82,65.84,66.53,58.18,81.62,95.94,89.81,92.71,112.95,91.33,28.47,20.94,27.58,53.73,65.59,70.99,57.03666666666667,55.52,58.82,1.6660832312146412,60.095000000000006,55.52,65.84,3.9384146556706225,64.14666666666666,55.52,69.82,5.086941094309069,62.49458333333333,55.52,69.82,4.631205101094665
2026-08-06 01:18:43,Delhi,Delhi,"Anand Vihar, Delhi - DPCC",28.6139,77.209,52.41,84.3,55.42,9.62,2.74,26.64,15.76,95.38,5.06,277,1010.2,0.0,109,Moderate,CO,1,6,3,8,2026,0,2,0.25881904510252074,0.9659258262890683,-0.8660254037844384,-0.5000000000000004,79.7456,5.690930787589499,52.48,55.52,56.77,63.4,67.99,57.26,78.69,81.62,95.94,93.37,118.08,83.43,65.54,28.47,20.94,61.75,27.95,31.24,54.92333333333334,52.48,56.77,2.206362013209748,57.86833333333333,52.48,63.4,3.815507393082618,62.975833333333334,52.48,69.82,6.0198708206215175,62.25708333333333,52.48,69.82,4.99403076653528
2026-08-06 02:18:43,Delhi,Delhi,"Anand Vihar, Delhi - DPCC",28.6139,77.209,53.2,88.65,62.01,26.19,1.45,32.07,18.73,98.0,5.56,340,1008.1,0.0,89,Satisfactory,PM10,2,6,3,8,2026,0,2,0.49999999999999994,0.8660254037844387,-0.8660254037844384,-0.5000000000000004,104.13879999999999,4.967055245818551,52.41,52.48,55.52,60.22,66.76,57.05,84.3,78.69,81.62,99.5,117.77,84.91,55.42,65.54,28.47,61.52,50.17,21.69,53.47,52.41,55.52,1.77569704623336,56.03666666666667,52.41,60.22,3.2203892104322365,61.6775,52.41,69.82,6.501008488199125,62.055,52.41,69.82,5.294139499812772
2026-08-06 03:18:43,Delhi,Delhi,"Anand Vihar, Delhi - DPCC",28.6139,77.209,53.11,85.42,69.74,9.08,2.79,30.06,16.45,98.0,3.87,164,1013.3,0.0,110,Moderate,CO,3,6,3,8,2026,0,2,0.7071067811865475,0.7071067811865476,-0.8660254037844384,-0.5000000000000004,63.6615,5.616045845272207,53.2,52.41,52.48,58.82,68.29,59.01,88.65,84.3,78.69,89.81,121.62,86.4,62.01,55.42,65.54,27.58,46.55,32.64,52.696666666666665,52.41,53.2,0.43730233630216536,54.86666666666667,52.41,58.82,2.614862647763455,60.54750000000001,52.41,69.82,6.7123199146319275,61.89458333333334,52.41,69.82,5.506460221109953
2026-08-06 04:18:43,Delhi,Delhi,"Anand Vihar, Delhi - DPCC",28.6139,77.209,54.0,85.56,62.5,10.42,2.02,30.41,15.64,98.0,1.0,79,1009.0,0.0,201,Poor,CO,4,6,3,8,2026,0,2,0.8660254037844386,0.5000000000000001,-0.8660254037844384,-0.5000000000000004,15.64,5.889423076923077,53.11,53.2,52.41,56.77,69.8,59.04,85.42,88.65,84.3,95.94,111.39,82.99,69.74,62.01,55.42,20.94,49.32,74.23,52.906666666666666,52.41,53.2,0.4324735059345204,53.915,52.41,56.77,1.8005860157187579,59.2825,52.41,69.82,6.548941795157777,61.64875,52.41,69.82,5.766405943046299
2026-08-06 05:18:43,Delhi,Delhi,"Anand Vihar, Delhi - DPCC",28.6139,77.209,53.64,80.82,44.25,26.95,0.69,38.93,16.92,96.83,4.09,49,1012.0,0.0,89,Satisfactory,PM25,5,6,3,8,2026,0,2,0.9659258262890683,0.25881904510252074,-0.8660254037844384,-0.5000000000000004,69.20280000000001,5.403459821428571,54.0,53.11,53.2,55.52,69.82,59.18,85.56,85.42,88.65,81.62,121.03,89.5,62.5,69.74,62.01,28.47,68.14,44.78,53.43666666666667,53.11,54.0,0.4899319680682231,53.45333333333334,52.41,55.52,1.1651552114069041,57.965833333333336,52.41,69.82,5.786023062414169,61.43875,52.41,69.82,5.9542548268845525
2026-08-06 06:18:43,Delhi,Delhi,"Anand Vihar, Delhi - DPCC",28.6139,77.209,55.48,86.79,70.3,34.49,2.02,36.86,21.04,97.58,3.78,247,1012.9,0.0,201,Poor,CO,6,6,3,8,2026,0,2,1.0,6.123233995736766e-17,-0.8660254037844384,-0.5000000000000004,79.5312,4.4274047186932854,53.64,54.0,53.11,52.48,65.84,58.08,80.82,85.56,85.42,78.69,92.71,97.19,44.25,62.5,69.74,65.54,53.73,63.45,53.583333333333336,53.11,54.0,0.44769781475363274,53.14000000000001,52.41,54.0,0.6265141658430676,56.61750000000001,52.41,65.84,4.5189924963224914,61.20791666666667,52.41,69.82,6.149804506731437
2026-08-06 07:18:43,Delhi,Delhi,"Anand Vihar, Delhi - DPCC",28.6139,77.209,59.43,90.69,40.99,28.58,1.88,18.73,23.24,83.14,2.38,341,1014.2,0.0,99,Satisfactory,PM25,7,6,3,8,2026,0,2,0.9659258262890683,-0.25881904510252063,-0.8660254037844384,-0.5000000000000004,55.31119999999999,3.4298679867986803,55.48,53.64,54.0,52.41,63.4,60.57,86.79,80.82,85.56,84.3,93.37,95.72,70.3,44.25,62.5,55.42,61.75,51.34,54.373333333333335,53.64,55.48,0.9751581068396195,53.64000000000001,52.41,55.48,1.049056719153916,55.75416666666666,52.41,63.4,3.4631763096203994,61.099583333333335,52.41,69.82,6.229682439506951
2026-08-06 08:18:43,Delhi,Delhi,"Anand Vihar, Delhi - DPCC",28.6139,77.209,60.67,101.35,45.52,21.86,2.04,37.26,21.6,85.01,1.0,343,1010.1,0.0,211,Poor,PM25,8,6,3,8,2026,0,2,0.8660254037844387,-0.4999999999999998,-0.8660254037844384,-0.5000000000000004,21.6,3.761504424778761,59.43,55.48,53.64,53.2,60.22,63.73,90.69,86.79,80.82,88.65,99.5,97.75,40.99,70.3,44.25,62.01,61.52,57.75,56.18333333333334,53.64,59.43,2.958383567648845,54.809999999999995,53.11,59.43,2.420760211173724,55.42333333333334,52.41,60.22,2.7907162108852615,61.05208333333332,52.41,69.82,6.2382362189314575
2026-08-06 09:18:43,Delhi,Delhi,"Anand Vihar, Delhi - DPCC",28.6139,77.209,61.28,106.19,40.73,11.0,3.08,39.34,26.3,72.21,4.78,59,1013.8,0.0,113,Moderate,CO,9,6,3,8,2026,0,2,0.7071067811865476,-0.7071067811865475,-0.8660254037844384,-0.5000000000000004,125.71400000000001,2.6450549450549445,60.67,59.43,55.48,53.11,58.82,64.5,101.35,90.69,86.79,85.42,89.81,109.51,45.52,40.99,70.3,69.74,27.58,36.44,58.526666666666664,55.48,60.67,2.71035668009476,56.055,53.11,60.67,3.2170716498085206,55.46083333333333,52.41,60.67,2.8631148274479568,60.92458333333334,52.41,69.82,6.2123411390180525
2026-08-06 10:18:43,Delhi,Delhi,"Anand Vihar, Delhi - DPCC",28.6139,77.209,62.1,96.52,66.23,30.17,2.14,52.88,27.01,78.0,5.27,267,1009.7,0.0,105,Moderate,PM25,10,6,3,8,2026,0,2,0.49999999999999994,-0.8660254037844387,-0.8660254037844384,-0.5000000000000004,142.3427,2.7847197429489468,61.28,60.67,59.43,54.0,56.77,67.02,106.19,101.35,90.69,85.56,95.94,113.73,40.73,45.52,40.99,62.5,20.94,21.37,60.46,59.43,61.28,0.9427088627994215,57.416666666666664,53.64,61.28,3.442398388720895,55.66583333333333,52.41,61.28,3.1943998108433416,60.790416666666665,52.41,69.82,6.16636703639478
2026-08-06 11:18:43,Delhi,Delhi,"Anand Vihar, Delhi - DPCC",28.6139,77.209,63.55,107.73,52.27,17.59,2.75,60.91,27.36,60.61,3.48,65,1008.5,0.0,110,Moderate,PM25,11,6,3,8,2026,0,2,0.258819045102521,-0.9659258262890682,-0.8660254037844384,-0.5000000000000004,95.2128,2.1371650211565587,62.1,61.28,60.67,53.64,55.52,66.49,96.52,106.19,101.35,80.82,81.62,102.73,66.23,40.73,45.52,44.25,28.47,50.39,61.35,60.67,62.1,0.7175653280366945,58.76666666666666,53.64,62.1,3.4227338001469,56.10999999999999,52.41,62.1,3.6934585910278166,60.58541666666667,52.41,69.82,6.030547584313272
2026-08-06 12:18:43,Delhi,Delhi,"Anand Vihar, Delhi - DPCC",28.6139,77.209,66.66,113.96,22.58,19.56,0.87,59.07,31.15,57.09,2.23,321,1013.6,0.0,120,Moderate,PM25,12,6,3,8,2026,0,2,1.2246467991473532e-16,-1.0,-0.8660254037844384,-0.5000000000000004,69.4645,1.7757387247278384,63.55,62.1,61.28,55.48,52.48,66.53,107.73,96.52,106.19,86.79,78.69,112.95,52.27,66.23,40.73,70.3,65.54,65.59,62.31,61.28,63.55,1.1494781424630125,60.41833333333333,55.48,63.55,2.785860130492523,56.77916666666667,52.41,63.55,4.260709412406636,60.46291666666667,52.41,69.82,5.934486886113178
2026-08-06 13:18:43,Delhi,Delhi,"Anand Vihar, Delhi - DPCC",28.6139,77.209,67.18,116.06,53.83,22.18,2.19,50.49,33.03,54.61,7.81,257,1008.3,0.0,126,Moderate,O3,13,6,3,8,2026,0,2,-0.2588190451025208,-0.9659258262890683,-0.8660254037844384,-0.5000000000000004,257.9643,1.6047605054363796,66.66,63.55,62.1,59.43,52.41,67.99,113.96,107.73,96.52,90.69,84.3,118.08,22.58,52.27,66.23,40.99,55.42,27.95,64.10333333333334,62.1,66.66,2.329814012605553,62.28166666666666,59.43,66.66,2.5512461007647955,57.96083333333333,52.41,66.66,4.881151984621097,60.46833333333333,52.41,69.82,5.940321808488645
2026-08-06 14:18:43,Delhi,Delhi,"Anand Vihar, Delhi - DPCC",28.6139,77.209,68.15,118.96,27.4,30.84,1.31,63.12,32.13,56.95,9.23,266,1011.1,0.0,125,Moderate,PM25,14,6,3,8,2026,0,2,-0.4999999999999997,-0.8660254037844388,-0.8660254037844384,-0.5000000000000004,296.5599,1.718985813462119,67.18,66.66,63.55,60.67,53.2,66.76,116.06,113.96,107.73,101.35,88.65,117.77,53.83,22.58,52.27,45.52,62.01,50.17,65.79666666666667,63.55,67.18,1.962965443743954,63.573333333333345,60.67,67.18,2.771120110472916,59.19166666666666,53.11,67.18,5.205626035765841,60.434583333333336,52.41,69.82,5.897878748489501
2026-08-06 15:18:43,Delhi,Delhi,"Anand Vihar, Delhi - DPCC",28.6139,77.209,68.0,107.67,22.25,21.29,2.58,48.08,33.91,53.0,11.1,211,1013.0,0.0,125,Moderate,PM25,15,6,3,8,2026,0,2,-0.7071067811865471,-0.7071067811865479,-0.8660254037844384,-0.5000000000000004,376.40099999999995,1.518189630478373,68.15,67.18,66.66,61.28,53.11,68.29,118.96,116.06,113.96,106.19,85.42,121.62,27.4,53.83,22.58,40.73,69.74,46.55,67.33,66.66,68.15,0.756240702421722,64.82000000000001,61.28,68.15,2.8839902912458992,60.4375,53.11,68.15,5.42561621971524,60.4925,52.41,69.82,5.969089399637903
2026-08-06 16:18:43,Delhi,Delhi,"Anand Vihar, Delhi - DPCC",28.6139,77.209,67.35,115.06,67.55,10.49,0.72,55.6,33.98,52.44,7.63,159,1008.2,12.5,123,Moderate,PM25,16,6,3,8,2026,0,2,-0.8660254037844384,-0.5000000000000004,-0.8660254037844384,-0.5000000000000004,259.26739999999995,1.4991423670668955,68.0,68.15,67.18,62.1,54.0,69.8,107.67,118.96,116.06,96.52,85.56,111.39,22.25,27.4,53.83,66.23,62.5,49.32,67.77666666666667,67.18,68.15,0.5221430199979311,65.94,62.1,68.15,2.5156072825463975,61.678333333333335,53.64,68.15,5.298658206365031,60.48041666666666,52.41,69.82,5.952890039202857
2026-08-06 17:18:43,Delhi,Delhi,"Anand Vihar, Delhi - DPCC",28.6139,77.209,66.44,118.11,30.39,14.97,2.26,45.2,35.53,55.02,10.19,337,1008.1,0.0,120,Moderate,PM25,17,6,3,8,2026,0,2,-0.9659258262890683,-0.25881904510252063,-0.8660254037844384,-0.5000000000000004,362.0507,1.5061593211059403,67.35,68.0,68.15,63.55,53.64,69.82,115.06,107.67,118.96,107.73,80.82,121.03,67.55,22.25,27.4,52.27,44.25,68.14,67.83333333333333,67.35,68.15,0.42524502740486236,66.815,63.55,68.15,1.6905709094860095,62.79083333333333,53.64,68.15,4.928513436825589,60.37833333333333,52.41,69.82,5.805301674868579
2026-08-06 18:18:43,Delhi,Delhi,"Anand Vihar, Delhi - DPCC",28.6139,77.209,64.0,92.04,67.1,20.27,1.68,19.66,32.18,59.22,13.48,74,1010.4,0.0,111,Moderate,PM25,18,6,3,8,2026,0,2,-1.0,-1.8369701987210297e-16,-0.8660254037844384,-0.5000000000000004,433.7864,1.7848101265822784,66.44,67.35,68.0,66.66,55.48,65.84,118.11,115.06,107.67,113.96,86.79,92.71,30.39,67.55,22.25,22.58,70.3,53.73,67.26333333333334,66.44,68.0,0.7836027905339804,67.29666666666667,66.44,68.15,0.6897149169526157,63.857499999999995,55.48,68.15,4.080084947867979,60.237500000000004,52.41,68.15,5.603794715850268
2026-08-06 19:18:43,Delhi,Delhi,"Anand Vihar, Delhi - DPCC",28.6139,77.209,63.41,108.45,83.53,23.41,1.12,23.23,27.65,63.09,10.43,87,1012.5,0.0,109,Moderate,PM25,19,6,3,8,2026,0,2,-0.9659258262890684,0.2588190451025203,-0.8660254037844384,-0.5000000000000004,288.3895,2.2020942408376967,64.0,66.44,67.35,67.18,59.43,63.4,92.04,118.11,115.06,116.06,90.69,93.37,67.1,30.39,67.55,53.83,40.99,61.75,65.92999999999999,64.0,67.35,1.7322528683767544,66.85333333333334,64.0,68.15,1.5272153308119327,64.5675,59.43,68.15,3.117496446013971,60.16083333333333,52.41,68.15,5.535989693275996
2026-08-06 20:18:43,Delhi,Delhi,"Anand Vihar, Delhi - DPCC",28.6139,77.209,61.68,91.48,50.73,19.68,1.37,0.0,28.38,65.92,12.5,261,1008.8,0.0,103,Moderate,PM25,20,6,3,8,2026,0,2,-0.8660254037844386,0.5000000000000001,-0.8660254037844384,-0.5000000000000004,354.75,2.243703199455412,63.41,64.0,66.44,68.15,60.67,60.22,108.45,92.04,118.11,118.96,101.35,99.5,83.53,67.1,30.39,27.4,45.52,61.52,64.61666666666666,63.41,66.44,1.6063727255319826,66.225,63.41,68.15,2.0514848281185043,64.89916666666666,60.67,68.15,2.705759709593823,60.16125,52.41,68.15,5.536244459684868
2026-08-06 21:18:43,Delhi,Delhi,"Anand Vihar, Delhi - DPCC",28.6139,77.209,58.99,95.44,24.97,30.35,1.99,0.61,24.87,73.78,8.27,177,1012.4,0.0,100,Satisfactory,CO,21,6,3,8,2026,0,2,-0.7071067811865477,0.7071067811865474,-0.8660254037844384,-0.5000000000000004,205.6749,2.85195206803247,61.68,63.41,64.0,68.0,61.28,58.82,91.48,108.45,92.04,107.67,106.19,89.81,50.73,83.53,67.1,22.25,40.73,27.58,63.03,61.68,64.0,1.2057777573002268,65.14666666666666,61.68,68.0,2.490683975671583,64.98333333333333,61.28,68.15,2.5747844864213,60.22208333333333,52.41,68.15,5.5449326487983805
2026-08-06 22:18:43,Delhi,Delhi,"Anand Vihar, Delhi - DPCC",28.6139,77.209,55.81,89.12,40.31,20.29,1.36,0.0,22.82,75.65,7.14,140,1013.6,0.0,93,Satisfactory,PM25,22,6,3,8,2026,0,2,-0.5000000000000004,0.8660254037844384,-0.8660254037844384,-0.5000000000000004,162.9348,3.175902602854744,58.99,61.68,63.41,67.35,62.1,56.77,95.44,91.48,108.45,115.06,96.52,95.94,24.97,50.73,83.53,67.55,66.23,20.94,61.35999999999999,58.99,63.41,2.227307791931821,63.645,58.99,67.35,3.0741031212372696,64.7925,58.99,68.15,2.934017180962387,60.229166666666664,52.41,68.15,5.543171997791655
2026-08-06 23:18:43,Delhi,Delhi,"Anand Vihar, Delhi - DPCC",28.6139,77.209,55.58,88.01,36.43,34.61,2.41,4.86,20.25,86.78,7.2,181,1012.5,0.0,105,Moderate,CO,23,6,3,8,2026,0,2,-0.25881904510252157,0.9659258262890681,-0.8660254037844384,-0.5000000000000004,145.8,4.083764705882353,55.81,58.99,61.68,66.44,63.55,55.52,89.12,95.44,91.48,118.11,107.73,81.62,40.31,24.97,50.73,30.39,52.27,28.47,58.826666666666675,55.81,61.68,2.9384065976875853,61.721666666666664,55.81,66.44,3.8135412239370963,64.26833333333333,55.81,68.15,3.8710084035825525,60.18916666666667,52.41,68.15,5.572604509068703
2026-08-07 00:18:43,Delhi,Delhi,"Anand Vihar, Delhi - DPCC",28.6139,77.209,54.85,85.8,56.12,25.14,0.69,40.0,21.04,91.0,6.24,306,1015.0,0.0,91,Satisfactory,PM25,0,7,4,8,2026,0,2,0.0,1.0,-0.8660254037844384,-0.5000000000000004,131.2896,4.128856624319419,55.58,55.81,58.99,64.0,66.66,52.48,88.01,89.12,95.44,92.04,113.96,78.69,36.43,40.31,24.97,67.1,22.58,65.54,56.79333333333333,55.58,58.99,1.9058418962060433,59.91166666666666,55.58,64.0,3.7017910079673433,63.604166666666664,55.58,68.15,4.617255104168537,60.19166666666666,52.41,68.15,5.570431773653422
2026-08-07 01:18:43,Delhi,Delhi,"Anand Vihar, Delhi - DPCC",28.6139,77.209,54.79,96.92,22.14,28.7,2.08,16.24,19.6,98.0,9.84,248,1008.5,0.0,202,Poor,CO,1,7,4,8,2026,0,2,0.25881904510252074,0.9659258262890683,-0.8660254037844384,-0.5000000000000004,192.864,4.757281553398058,54.85,55.58,55.81,63.41,67.18,52.41,85.8,88.01,89.12,108.45,116.06,84.3,56.12,36.43,40.31,83.53,53.83,55.42,55.413333333333334,54.85,55.81,0.5012318159638876,58.38666666666668,54.85,63.41,3.562822850868125,62.620000000000005,54.85,68.15,5.136180044989293,60.290416666666665,52.41,68.15,5.447428175927069
2026-08-07 02:18:43,Delhi,Delhi,"Anand Vihar, Delhi - DPCC",28.6139,77.209,54.34,95.24,53.63,18.25,0.71,31.81,15.66,97.45,4.97,86,1009.3,0.0,95,Satisfactory,PM10,2,7,4,8,2026,0,2,0.49999999999999994,0.8660254037844387,-0.8660254037844384,-0.5000000000000004,77.83019999999999,5.8493397358943575,54.79,54.85,55.58,61.68,68.15,53.2,96.92,85.8,88.01,91.48,118.96,88.65,22.14,56.12,36.43,50.73,27.4,62.01,55.07333333333333,54.79,55.58,0.43981056528294765,56.949999999999996,54.79,61.68,2.7851965819312636,61.5875,54.79,68.15,5.3759263472363426,60.38958333333333,53.11,68.15,5.317855467701463
2026-08-07 03:18:43,Delhi,Delhi,"Anand Vihar, Delhi - DPCC",28.6139,77.209,53.72,88.46,39.12,26.28,2.69,30.96,15.8,98.0,4.91,119,1008.1,4.6,108,Moderate,CO,3,7,4,8,2026,0,2,0.7071067811865475,0.7071067811865476,-0.8660254037844384,-0.5000000000000004,77.578,5.833333333333333,54.34,54.79,54.85,58.99,68.0,53.11,95.24,96.92,85.8,95.44,107.67,85.42,53.63,22.14,56.12,24.97,22.25,69.74,54.660000000000004,54.34,54.85,0.27874719729753483,55.72666666666667,54.34,58.99,1.6879889415124762,60.43666666666667,54.34,68.0,5.321254693693241,60.437083333333334,53.11,68.15,5.255571353680131
2026-08-07 04:18:43,Delhi,Delhi,"Anand Vihar, Delhi - DPCC",28.6139,77.209,55.25,98.54,21.55,34.73,1.31,36.07,17.69,98.0,2.53,79,1009.1,0.0,98,Satisfactory,PM10,4,7,4,8,2026,0,2,0.8660254037844386,0.5000000000000001,-0.8660254037844384,-0.5000000000000004,44.7557,5.243445692883895,53.72,54.34,54.79,55.81,67.35,54.0,88.46,95.24,96.92,89.12,115.06,85.56,39.12,53.63,22.14,40.31,67.55,62.5,54.28333333333334,53.72,54.79,0.5372460640475808,54.84833333333333,53.72,55.81,0.7739616700254057,59.24666666666666,53.72,67.35,5.06673345251048,60.462500000000006,53.64,68.15,5.21995023297949
2026-08-07 05:18:43,Delhi,Delhi,"Anand Vihar, Delhi - DPCC",28.6139,77.209,55.14,85.46,48.15,19.52,1.73,29.56,19.73,98.0,2.16,258,1011.1,0.0,92,Satisfactory,PM25,5,7,4,8,2026,0,2,0.9659258262890683,0.25881904510252074,-0.8660254037844384,-0.5000000000000004,42.616800000000005,4.727448142788229,55.25,53.72,54.34,55.58,66.44,53.64,98.54,88.46,95.24,88.01,118.11,80.82,21.55,39.12,53.63,36.43,30.39,44.25,54.43666666666667,53.72,55.25,0.7695669778093355,54.754999999999995,53.72,55.58,0.6602045137696797,58.23833333333332,53.72,66.44,4.4771964306682825,60.51458333333334,53.64,68.15,5.158540389419798
2026-08-07 06:18:43,Delhi,Delhi,"Anand Vihar, Delhi - DPCC",28.6139,77.209,58.06,96.1,55.28,14.19,2.02,23.37,20.3,93.37,3.44,100,1011.3,0.0,201,Poor,CO,6,7,4,8,2026,0,2,1.0,6.123233995736766e-17,-0.8660254037844384,-0.5000000000000004,69.83200000000001,4.383568075117371,55.14,55.25,53.72,54.85,64.0,55.48,85.46,98.54,88.46,85.8,92.04,86.79,48.15,21.55,39.12,56.12,67.1,70.3,54.70333333333334,53.72,55.25,0.8533658847965252,54.68166666666667,53.72,55.25,0.56827516809072,57.29666666666666,53.72,64.0,3.7196000110798497,60.57708333333333,53.72,68.15,5.080118518958653
2026-08-07 07:18:43,Delhi,Delhi,"Anand Vihar, Delhi - DPCC",28.6139,77.209,59.77,99.93,65.27,12.7,1.84,37.8,17.89,87.71,2.96,354,1012.0,0.0,100,Satisfactory,PM10,7,7,4,8,2026,0,2,0.9659258262890683,-0.25881904510252063,-0.8660254037844384,-0.5000000000000004,52.9544,4.643197458973001,58.06,55.14,55.25,54.79,63.41,59.43,96.1,85.46,98.54,96.92,108.45,90.69,55.28,48.15,21.55,22.14,83.53,40.99,56.15,55.14,58.06,1.655022658455466,55.21666666666666,53.72,58.06,1.5021406946982274,56.80166666666667,53.72,63.41,3.088061567136452,60.68458333333333,53.72,68.15,4.994140026215648
2026-08-07 08:18:43,Delhi,Delhi,"Anand Vihar, Delhi - DPCC",28.6139,77.209,59.92,93.51,62.5,30.91,2.77,30.04,23.13,78.23,2.24,125,1012.8,0.0,109,Moderate,CO,8,7,4,8,2026,0,2,0.8660254037844387,-0.4999999999999998,-0.8660254037844384,-0.5000000000000004,51.8112,3.2420223787816,59.77,58.06,55.14,54.34,61.68,60.67,99.93,96.1,85.46,95.24,91.48,101.35,65.27,55.28,48.15,53.63,50.73,45.52,57.656666666666666,55.14,59.77,2.341203394268446,56.046666666666674,53.72,59.77,2.3537006323380147,56.498333333333335,53.72,61.68,2.503346245377063,60.69875000000001,53.72,68.15,4.99090765684263
2026-08-07 09:18:43,Delhi,Delhi,"Anand Vihar, Delhi - DPCC",28.6139,77.209,59.11,100.85,88.03,26.88,1.85,36.65,23.14,74.34,3.32,59,1008.9,0.0,108,Moderate,NO2,9,7,4,8,2026,0,2,0.7071067811865476,-0.7071067811865475,-0.8660254037844384,-0.5000000000000004,76.8248,3.07953603976802,59.92,59.77,58.06,53.72,58.99,61.28,93.51,99.93,96.1,88.46,95.44,106.19,62.5,65.27,55.28,39.12,24.97,40.73,59.25,58.06,59.92,1.0332956982396144,56.97666666666667,53.72,59.92,2.630594356161407,56.35166666666667,53.72,59.92,2.2060694513644505,60.6675,53.72,68.15,4.993442874323327
2026-08-07 10:18:43,Delhi,Delhi,"Anand Vihar, Delhi - DPCC",28.6139,77.209,60.51,100.22,79.42,31.74,0.7,46.15,26.8,69.42,6.16,335,1014.1,0.0,210,Poor,PM25,10,7,4,8,2026,0,2,0.49999999999999994,-0.8660254037844387,-0.8660254037844384,-0.5000000000000004,165.08800000000002,2.4971223021582736,59.11,59.92,59.77,55.25,55.81,62.1,100.85,93.51,99.93,98.54,89.12,96.52,88.03,62.5,65.27,21.55,40.31,66.23,59.6,59.11,59.92,0.4309292285288123,57.875,55.14,59.92,2.17730797086711,56.36166666666666,53.72,59.92,2.219348116138404,60.57708333333334,53.72,68.15,5.001509753948358
2026-08-07 11:18:43,Delhi,Delhi,"Anand Vihar, Delhi - DPCC",28.6139,77.209,60.58,87.65,44.92,13.04,0.83,50.87,29.94,60.63,2.92,183,1009.3,0.0,211,Poor,PM25,11,7,4,8,2026,0,2,0.258819045102521,-0.9659258262890682,-0.8660254037844384,-0.5000000000000004,87.4248,1.9595992243051066,60.51,59.11,59.92,55.14,55.58,63.55,100.22,100.85,93.51,85.46,88.01,107.73,79.42,88.03,62.5,48.15,36.43,52.27,59.846666666666664,59.11,60.51,0.7028750481655525,58.751666666666665,55.14,60.51,1.9567668912438183,56.75333333333333,53.72,60.51,2.5089669490681143,60.51083333333333,53.72,68.15,4.990979616892047
2026-08-07 12:18:43,Delhi,Delhi,"Anand Vihar, Delhi - DPCC",28.6139,77.209,62.73,88.05,49.14,30.62,1.08,57.07,34.54,59.71,3.94,244,1009.0,0.0,195,Moderate,CO,12,7,4,8,2026,0,2,1.2246467991473532e-16,-1.0,-0.8660254037844384,-0.5000000000000004,136.0876,1.6800787844682048,60.58,60.51,59.11,58.06,54.85,66.66,87.65,100.22,100.85,96.1,85.8,113.96,44.92,79.42,88.03,55.28,56.12,22.58,60.06666666666666,59.11,60.58,0.8292365967163361,59.65833333333334,58.06,60.58,0.9498508654877754,57.169999999999995,53.72,60.58,2.7039936793903223,60.38708333333333,53.72,68.15,4.948991534660871
2026-08-07 13:18:43,Delhi,Delhi,"Anand Vihar, Delhi - DPCC",28.6139,77.209,62.95,109.11,22.71,25.64,1.29,54.8,31.69,55.8,10.28,113,1011.6,0.0,108,Moderate,PM25,13,7,4,8,2026,0,2,-0.2588190451025208,-0.9659258262890683,-0.8660254037844384,-0.5000000000000004,325.7732,1.7069440195778527,62.73,60.58,60.51,59.77,54.79,67.18,88.05,87.65,100.22,99.93,96.92,116.06,49.14,44.92,79.42,65.27,22.14,53.83,61.27333333333333,60.51,62.73,1.2619957738968448,60.43666666666666,59.11,62.73,1.2455306767269005,57.82666666666666,53.72,62.73,3.0269106162536166,60.223333333333336,53.72,68.15,4.795034267154769
2026-08-07 14:18:43,Delhi,Delhi,"Anand Vihar, Delhi - DPCC",28.6139,77.209,62.8,94.08,65.11,8.47,1.19,57.67,33.93,50.66,11.24,230,1010.9,0.0,107,Moderate,PM25,14,7,4,8,2026,0,2,-0.4999999999999997,-0.8660254037844388,-0.8660254037844384,-0.5000000000000004,381.3732,1.4503292298883481,62.95,62.73,60.58,59.92,54.34,68.15,109.11,88.05,87.65,93.51,95.24,118.96,22.71,49.14,44.92,62.5,53.63,27.4,62.086666666666666,60.58,62.95,1.309440083903566,60.96666666666667,59.11,62.95,1.5455570732482509,58.50666666666667,53.72,62.95,3.194632809554133,60.04708333333334,53.72,68.15,4.602069930469075
2026-08-07 15:18:43,Delhi,Delhi,"Anand Vihar, Delhi - DPCC",28.6139,77.209,63.67,107.55,21.75,8.62,1.74,55.42,32.57,44.57,8.54,355,1009.9,0.0,110,Moderate,PM25,15,7,4,8,2026,0,2,-0.7071067811865471,-0.7071067811865479,-0.8660254037844384,-0.5000000000000004,278.14779999999996,1.3276735180220436,62.8,62.95,62.73,59.11,53.72,68.0,94.08,109.11,88.05,100.85,88.46,107.67,65.11,22.71,49.14,88.03,39.12,22.25,62.82666666666666,62.73,62.95,0.11239810200028166,61.44666666666666,59.11,62.95,1.6016824487605614,59.211666666666666,53.72,62.95,3.1242419686683665,59.82416666666666,53.72,68.0,4.313007542072141
2026-08-07 16:18:43,Delhi,Delhi,"Anand Vihar, Delhi - DPCC",28.6139,77.209,61.68,91.35,75.1,31.17,1.04,57.46,32.22,52.47,8.11,29,1014.2,8.5,195,Moderate,CO,16,7,4,8,2026,0,2,-0.8660254037844384,-0.5000000000000004,-0.8660254037844384,-0.5000000000000004,261.3042,1.5794701986754967,63.67,62.8,62.95,60.51,55.25,67.35,107.55,94.08,109.11,100.22,98.54,115.06,21.75,65.11,22.71,79.42,21.55,67.55,63.14000000000001,62.8,63.67,0.4650806381692157,62.20666666666667,60.51,63.67,1.3300025062636227,60.04083333333333,55.14,63.67,2.8418606527586543,59.643750000000004,53.72,67.35,4.037927592110912
2026-08-07 17:18:43,Delhi,Delhi,"Anand Vihar, Delhi - DPCC",28.6139,77.209,60.54,94.55,22.52,26.43,1.28,39.8,32.33,52.79,10.99,17,1012.7,0.0,210,Poor,PM25,17,7,4,8,2026,0,2,-0.9659258262890683,-0.25881904510252063,-0.8660254037844384,-0.5000000000000004,355.3067,1.583858385838584,61.68,63.67,62.8,60.58,55.14,66.44,91.35,107.55,94.08,87.65,85.46,118.11,75.1,21.75,65.11,44.92,48.15,30.39,62.71666666666666,61.68,63.67,0.9976138197385181,62.40166666666667,60.58,63.67,1.0968211643962238,60.576666666666675,55.14,63.67,2.433240762041738,59.4075,53.72,66.44,3.720870924230356
2026-08-07 18:18:43,Delhi,Delhi,"Anand Vihar, Delhi - DPCC",28.6139,77.209,60.92,104.95,57.49,15.27,1.22,18.1,30.14,62.88,12.9,133,1010.5,0.0,211,Poor,PM25,18,7,4,8,2026,0,2,-1.0,-1.8369701987210297e-16,-0.8660254037844384,-0.5000000000000004,388.80600000000004,2.019267822736031,60.54,61.68,63.67,62.73,58.06,64.0,94.55,91.35,107.55,88.05,96.1,92.04,22.52,75.1,21.75,49.14,55.28,67.1,61.96333333333334,60.54,63.67,1.5841191032663495,62.395,60.54,63.67,1.11014863869701,61.026666666666664,58.06,63.67,1.7357541370376313,59.16166666666667,53.72,64.0,3.4186720873140235
2026-08-07 19:18:43,Delhi,Delhi,"Anand Vihar, Delhi - DPCC",28.6139,77.209,57.87,90.26,83.46,34.09,2.5,23.74,28.02,69.25,11.25,355,1011.1,14.4,106,Moderate,CO,19,7,4,8,2026,0,2,-0.9659258262890684,0.2588190451025203,-0.8660254037844384,-0.5000000000000004,315.225,2.3862853204686423,60.92,60.54,61.68,62.95,59.77,63.41,104.95,94.55,91.35,109.11,99.93,108.45,57.49,22.52,75.1,22.71,65.27,83.53,61.04666666666666,60.54,61.68,0.5804595880278917,62.093333333333334,60.54,63.67,1.239317016209953,61.26499999999999,59.11,63.67,1.4669045950265156,59.03333333333333,53.72,63.67,3.2843193546287104
2026-08-07 20:18:43,Delhi,Delhi,"Anand Vihar, Delhi - DPCC",28.6139,77.209,56.19,100.74,55.73,18.05,2.44,1.29,29.03,66.07,10.67,38,1011.7,0.0,105,Moderate,CO,20,7,4,8,2026,0,2,-0.8660254037844386,0.5000000000000001,-0.8660254037844384,-0.5000000000000004,309.75010000000003,2.2001332001332,57.87,60.92,60.54,62.8,59.92,61.68,90.26,104.95,94.55,94.08,93.51,91.48,83.46,57.49,22.52,65.11,62.5,50.73,59.776666666666664,57.87,60.92,1.6621171238314412,61.24666666666666,57.87,63.67,2.023913700400213,61.10666666666666,57.87,63.67,1.7231067783796215,58.8025,53.72,63.67,3.1554965846364937
2026-08-07 21:18:43,Delhi,Delhi,"Anand Vihar, Delhi - DPCC",28.6139,77.209,53.76,81.96,68.01,22.13,1.01,0.0,25.36,69.37,8.13,236,1014.5,0.0,195,Moderate,CO,21,7,4,8,2026,0,2,-0.7071067811865477,0.7071067811865474,-0.8660254037844384,-0.5000000000000004,206.17680000000001,2.631638846737481,56.19,57.87,60.92,63.67,59.11,58.99,100.74,90.26,104.95,107.55,100.85,95.44,55.73,83.46,57.49,21.75,88.03,24.97,58.326666666666675,56.19,60.92,2.3978393051524334,60.145,56.19,63.67,2.696521833770533,60.79583333333333,56.19,63.67,2.2210990659146455,58.57375,53.72,63.67,3.1367662835142447
2026-08-07 22:18:43,Delhi,Delhi,"Anand Vihar, Delhi - DPCC",28.6139,77.209,53.36,83.45,49.5,31.56,1.26,0.0,24.63,82.16,8.12,274,1011.5,0.0,89,Satisfactory,PM25,22,7,4,8,2026,0,2,-0.5000000000000004,0.8660254037844384,-0.8660254037844384,-0.5000000000000004,199.99559999999997,3.205618415918845,53.76,56.19,57.87,61.68,60.51,55.81,81.96,100.74,90.26,91.35,100.22,89.12,68.01,55.73,83.46,75.1,79.42,40.31,55.94,53.76,57.87,2.0663736351398017,58.49333333333333,53.76,61.68,3.109042725127485,60.35,53.76,63.67,2.993049524238838,58.35583333333333,53.72,63.67,3.284768427635185
2026-08-07 23:18:43,Delhi,Delhi,"Anand Vihar, Delhi - DPCC",28.6139,77.209,52.46,85.36,43.91,34.4,1.72,0.0,21.11,87.1,10.3,80,1011.8,0.0,87,Satisfactory,PM25,23,7,4,8,2026,0,2,-0.25881904510252157,0.9659258262890681,-0.8660254037844384,-0.5000000000000004,217.43300000000002,3.9393939393939394,53.36,53.76,56.19,60.54,60.58,55.58,83.45,81.96,100.74,94.55,87.65,88.01,49.5,68.01,55.73,22.52,44.92,36.43,54.43666666666667,53.36,56.19,1.5315460598148556,57.10666666666666,53.36,60.92,3.2554549093280927,59.75416666666667,53.36,63.67,3.607014525598658,58.25375,53.36,63.67,3.4032603453543513
2026-08-08 00:18:43,Delhi,Delhi,"Anand Vihar, Delhi - DPCC",28.6139,77.209,54.12,96.94,69.8,25.79,2.22,38.41,18.06,88.47,8.79,47,1010.7,0.0,102,Moderate,CO,0,8,5,8,2026,1,2,0.0,1.0,-0.8660254037844384,-0.5000000000000004,158.74739999999997,4.641657922350473,52.46,53.36,53.76,60.92,62.73,54.85,85.36,83.45,81.96,104.95,88.05,85.8,43.91,49.5,68.01,57.49,49.14,56.12,53.19333333333333,52.46,53.76,0.6658328118488734,55.75999999999999,52.46,60.92,3.222191800622978,59.07750000000001,52.46,63.67,4.157626344223683,58.12375,52.46,63.67,3.5655547924918296
2026-08-08 01:18:43,Delhi,Delhi,"Anand Vihar, Delhi - DPCC",28.6139,77.209,53.81,86.89,38.54,20.27,2.17,25.06,19.56,97.18,3.44,81,1014.8,0.0,102,Moderate,CO,1,8,5,8,2026,1,2,0.25881904510252074,0.9659258262890683,-0.8660254037844384,-0.5000000000000004,67.2864,4.7266536964980554,54.12,52.46,53.36,57.87,62.95,54.79,96.94,85.36,83.45,90.26,109.11,96.92,69.8,43.91,49.5,83.46,22.71,22.14,53.31333333333333,52.46,54.12,0.8309833532234936,54.626666666666665,52.46,57.87,2.0134514314154246,58.35999999999999,52.46,63.67,4.212565618588051,58.093333333333334,52.46,63.67,3.5976655071657047
2026-08-08 02:18:43,Delhi,Delhi,"Anand Vihar, Delhi - DPCC",28.6139,77.209,53.64,79.16,57.01,29.04,1.85,20.74,17.57,98.0,3.87,47,1010.4,0.0,92,Satisfactory,CO,2,8,5,8,2026,1,2,0.49999999999999994,0.8660254037844387,-0.8660254037844384,-0.5000000000000004,67.9959,5.277329025309639,53.81,54.12,52.46,56.19,62.8,54.34,86.89,96.94,85.36,100.74,94.08,95.24,38.54,69.8,43.91,55.73,65.11,53.63,53.46333333333333,52.46,54.12,0.8826286497358581,53.949999999999996,52.46,56.19,1.2385798319051886,57.59833333333333,52.46,63.67,4.132746903658395,58.0525,52.46,63.67,3.642075674308801
2026-08-08 03:18:43,Delhi,Delhi,"Anand Vihar, Delhi - DPCC",28.6139,77.209,55.01,83.47,65.19,13.91,1.7,35.62,16.67,98.0,4.51,296,1009.5,0.0,92,Satisfactory,PM25,3,8,5,8,2026,1,2,0.7071067811865475,0.7071067811865476,-0.8660254037844384,-0.5000000000000004,75.1817,5.546123372948499,53.64,53.81,54.12,53.76,63.67,53.72,79.16,86.89,96.94,81.96,107.55,88.46,57.01,38.54,69.8,68.01,21.75,39.12,53.85666666666666,53.64,54.12,0.24337899115268152,53.525000000000006,52.46,54.12,0.5770875150290199,56.835,52.46,63.67,3.925377804631302,58.02333333333333,52.46,63.67,3.67574620246395
2026-08-08 04:18:43,Delhi,Delhi,"Anand Vihar, Delhi - DPCC",28.6139,77.209,56.82,86.29,75.89,20.17,2.07,21.72,17.21,98.0,1.99,184,1014.5,0.0,202,Poor,CO,4,8,5,8,2026,1,2,0.8660254037844386,0.5000000000000001,-0.8660254037844384,-0.5000000000000004,34.2479,5.381658429434377,55.01,53.64,53.81,53.36,61.68,55.25,83.47,79.16,86.89,83.45,91.35,98.54,65.19,57.01,38.54,49.5,75.1,21.55,54.15333333333333,53.64,55.01,0.7467485074203105,53.73333333333334,52.46,55.01,0.8431765335141839,56.11333333333334,52.46,61.68,3.300940178283646,58.07708333333333,52.46,63.67,3.6190780463811083
2026-08-08 05:18:43,Delhi,Delhi,"Anand Vihar, Delhi - DPCC",28.6139,77.209,58.76,97.9,58.84,14.65,1.47,32.08,18.31,95.68,3.67,77,1012.2,10.9,98,Satisfactory,PM25,5,8,5,8,2026,1,2,0.9659258262890683,0.25881904510252074,-0.8660254037844384,-0.5000000000000004,67.1977,4.954945624029001,56.82,55.01,53.64,52.46,60.54,55.14,86.29,83.47,79.16,85.36,94.55,85.46,75.89,65.19,57.01,43.91,22.52,48.15,55.156666666666666,53.64,56.82,1.5950653069182907,54.31,52.46,56.82,1.4797026728374267,55.708333333333336,52.46,60.92,2.818793530874195,58.14249999999999,52.46,63.67,3.5797306796923998
2026-08-08 06:18:43,Delhi,Delhi,"Anand Vihar, Delhi - DPCC",28.6139,77.209,58.48,102.75,50.13,25.44,1.06,25.43,21.38,91.64,3.16,140,1010.2,0.0,195,Moderate,CO,6,8,5,8,2026,1,2,1.0,6.123233995736766e-17,-0.8660254037844384,-0.5000000000000004,67.5608,4.094727435210009,58.76,56.82,55.01,54.12,60.92,58.06,97.9,86.29,83.47,96.94,104.95,96.1,58.84,75.89,65.19,69.8,57.49,55.28,56.86333333333334,55.01,58.76,1.875375517952105,55.35999999999999,53.64,58.76,2.0353181569479606,55.56,52.46,60.92,2.5779696027549526,58.29333333333333,52.46,63.67,3.5235427659089
2026-08-08 07:18:43,Delhi,Delhi,"Anand Vihar, Delhi - DPCC",28.6139,77.209,58.57,103.64,64.46,16.53,2.28,15.55,19.85,82.55,2.9,41,1014.2,0.0,103,Moderate,CO,7,8,5,8,2026,1,2,0.9659258262890683,-0.25881904510252063,-0.8660254037844384,-0.5000000000000004,57.565000000000005,3.9592326139088727,58.48,58.76,56.82,53.81,57.87,59.77,102.75,97.9,86.29,86.89,90.26,99.93,50.13,58.84,75.89,38.54,83.46,65.27,58.02,56.82,58.76,1.048618138313774,56.08666666666667,53.64,58.76,2.2689703979269065,55.356666666666676,52.46,58.76,2.1826978024845682,58.310833333333335,52.46,63.67,3.5233764891164414
2026-08-08 08:18:43,Delhi,Delhi,"Anand Vihar, Delhi - DPCC",28.6139,77.209,59.7,83.92,78.95,24.1,1.86,22.04,24.77,78.87,3.02,312,1010.0,0.0,100,Satisfactory,PM25,8,8,5,8,2026,1,2,0.8660254037844387,-0.4999999999999998,-0.8660254037844384,-0.5000000000000004,74.8054,3.060535506402794,58.57,58.48,58.76,53.64,56.19,59.92,103.64,102.75,97.9,79.16,100.74,93.51,64.46,50.13,58.84,57.01,55.73,62.5,58.60333333333333,58.48,58.76,0.14294521095129295,56.88,53.64,58.76,2.142363181162751,55.415,52.46,58.76,2.2638201823870823,58.26083333333333,52.46,63.67,3.510259394189167
2026-08-08 09:18:43,Delhi,Delhi,"Anand Vihar, Delhi - DPCC",28.6139,77.209,61.83,88.4,63.91,32.19,1.51,34.1,22.45,79.38,1.03,330,1010.8,5.5,104,Moderate,PM25,9,8,5,8,2026,1,2,0.7071067811865476,-0.7071067811865475,-0.8660254037844384,-0.5000000000000004,23.1235,3.3850746268656717,59.7,58.57,58.48,55.01,53.76,59.11,83.92,103.64,102.75,83.47,81.96,100.85,78.95,64.46,50.13,65.19,68.01,88.03,58.916666666666664,58.48,59.7,0.6798774399359596,57.88999999999999,55.01,59.7,1.6901360891956605,55.7075,52.46,59.7,2.5780123597985276,58.251666666666665,52.46,63.67,3.506022975031656
2026-08-08 10:18:43,Delhi,Delhi,"Anand Vihar, Delhi - DPCC",28.6139,77.209,63.76,90.01,37.52,22.72,1.21,49.35,25.43,69.82,4.18,117,1013.5,0.0,110,Moderate,PM25,10,8,5,8,2026,1,2,0.49999999999999994,-0.8660254037844387,-0.8660254037844384,-0.5000000000000004,106.2974,2.6416950435111612,61.83,59.7,58.57,56.82,53.36,60.51,88.4,83.92,103.64,86.29,83.45,100.22,63.91,78.95,64.46,75.89,49.5,79.42,60.03333333333334,58.57,61.83,1.6553650151352515,59.026666666666664,56.82,61.83,1.6589112895715827,56.379999999999995,52.46,61.83,3.0357386400858504,58.365,52.46,63.67,3.5781948327152446
2026-08-08 11:18:43,Delhi,Delhi,"Anand Vihar, Delhi - DPCC",28.6139,77.209,63.25,101.43,60.43,23.9,1.87,44.96,30.76,63.83,3.14,6,1009.8,0.0,109,Moderate,PM25,11,8,5,8,2026,1,2,0.258819045102521,-0.9659258262890682,-0.8660254037844384,-0.5000000000000004,96.58640000000001,2.0097607052896724,63.76,61.83,59.7,58.76,52.46,60.58,90.01,88.4,83.92,97.9,85.36,87.65,37.52,63.91,78.95,58.84,43.91,44.92,61.76333333333333,59.7,63.76,2.0308208521023037,60.18333333333333,58.48,63.76,2.1572080721775175,57.24666666666666,52.46,63.76,3.538148805476969,58.500416666666666,52.46,63.76,3.7215289975641217
2026-08-08 12:18:43,Delhi,Delhi,"Anand Vihar, Delhi - DPCC",28.6139,77.209,64.4,105.16,74.54,18.42,2.64,64.59,28.2,54.16,8.56,86,1009.6,0.0,113,Moderate,PM25,12,8,5,8,2026,1,2,1.2246467991473532e-16,-1.0,-0.8660254037844384,-0.5000000000000004,241.392,1.854794520547945,63.25,63.76,61.83,58.48,54.12,62.73,101.43,90.01,88.4,102.75,96.94,88.05,60.43,37.52,63.91,50.13,69.8,49.14,62.946666666666665,61.83,63.76,1.0001166598619367,60.931666666666665,58.48,63.76,2.3360771962132816,58.145833333333336,53.64,63.76,3.5818899489043043,58.61166666666667,52.46,63.76,3.8248713154445584
2026-08-08 13:18:43,Delhi,Delhi,"Anand Vihar, Delhi - DPCC",28.6139,77.209,67.64,106.02,45.11,9.04,1.55,66.84,32.24,56.42,7.21,119,1008.9,0.0,124,Moderate,PM25,13,8,5,8,2026,1,2,-0.2588190451025208,-0.9659258262890683,-0.8660254037844384,-0.5000000000000004,232.4504,1.6973525872442838,64.4,63.25,63.76,58.57,53.81,62.95,105.16,101.43,90.01,103.64,86.89,109.11,74.54,60.43,37.52,64.46,38.54,22.71,63.80333333333334,63.25,64.4,0.576223336331745,61.91833333333333,58.57,64.4,2.3436673540985997,59.002500000000005,53.64,64.4,3.756570304752259,58.68125,52.46,64.4,3.9171288426047006
2026-08-08 14:18:43,Delhi,Delhi,"Anand Vihar, Delhi - DPCC",28.6139,77.209,65.91,106.42,44.11,33.35,1.94,52.25,33.88,54.25,8.51,241,1013.9,0.0,118,Moderate,PM25,14,8,5,8,2026,1,2,-0.4999999999999997,-0.8660254037844388,-0.8660254037844384,-0.5000000000000004,288.3188,1.5553325688073394,67.64,64.4,63.25,59.7,53.64,62.8,106.02,105.16,101.43,83.92,79.16,94.08,45.11,74.54,60.43,78.95,57.01,65.11,65.09666666666668,63.25,67.64,2.276407989208684,63.43,59.7,67.64,2.6562831174407227,60.155,53.64,67.64,4.122392288686163,58.876666666666665,52.46,67.64,4.242795086370293
2026-08-08 15:18:43,Delhi,Delhi,"Anand Vihar, Delhi - DPCC",28.6139,77.209,65.78,111.27,40.79,31.97,2.0,64.61,33.68,47.08,8.76,119,1011.2,0.0,201,Poor,CO,15,8,5,8,2026,1,2,-0.7071067811865471,-0.7071067811865479,-0.8660254037844384,-0.5000000000000004,295.03679999999997,1.3575547866205304,65.91,67.64,64.4,61.83,55.01,63.67,106.42,106.02,105.16,88.4,83.47,107.55,44.11,45.11,74.54,63.91,65.19,21.75,65.98333333333333,64.4,67.64,1.6212443780420684,64.465,61.83,67.64,2.0537453590940693,61.1775,55.01,67.64,3.873734690779216,59.00625,52.46,67.64,4.411951961286068
2026-08-08 16:18:43,Delhi,Delhi,"Anand Vihar, Delhi - DPCC",28.6139,77.209,68.48,118.92,30.21,16.53,2.55,49.58,33.78,48.83,13.81,197,1009.4,0.0,126,Moderate,PM25,16,8,5,8,2026,1,2,-0.8660254037844384,-0.5000000000000004,-0.8660254037844384,-0.5000000000000004,466.50180000000006,1.4039677975848188,65.78,65.91,67.64,63.76,56.82,61.68,111.27,106.42,106.02,90.01,86.29,91.35,40.79,44.11,45.11,37.52,75.89,75.1,66.44333333333334,65.78,67.64,1.0383801487571693,65.12333333333333,63.25,67.64,1.629412982232244,62.074999999999996,56.82,67.64,3.5489166080523673,59.094166666666666,52.46,67.64,4.528412637392163
2026-08-08 17:18:43,Delhi,Delhi,"Anand Vihar, Delhi - DPCC",28.6139,77.209,65.45,114.21,31.88,32.86,1.57,44.39,31.44,48.41,10.84,241,1014.7,0.0,116,Moderate,PM25,17,8,5,8,2026,1,2,-0.9659258262890683,-0.25881904510252063,-0.8660254037844384,-0.5000000000000004,340.8096,1.4922934648581998,68.48,65.78,65.91,63.25,58.76,60.54,118.92,111.27,106.42,101.43,97.9,94.55,30.21,40.79,44.11,60.43,58.84,22.52,66.72333333333334,65.78,68.48,1.5227059247710757,65.91000000000001,63.25,68.48,1.947839829144116,63.04666666666666,58.48,68.48,3.5754499610878607,59.377500000000005,52.46,68.48,4.895120241006676
2026-08-08 18:18:43,Delhi,Delhi,"Anand Vihar, Delhi - DPCC",28.6139,77.209,63.61,89.88,62.64,30.42,2.0,37.63,30.54,54.49,12.68,65,1014.5,0.0,110,Moderate,PM25,18,8,5,8,2026,1,2,-1.0,-1.8369701987210297e-16,-0.8660254037844384,-0.5000000000000004,387.24719999999996,1.7276474318325936,65.45,68.48,65.78,64.4,58.48,60.92,114.21,118.92,111.27,105.16,102.75,104.95,31.88,30.21,40.79,74.54,50.13,57.49,66.57000000000001,65.45,68.48,1.6623176591733633,66.27666666666667,64.4,68.48,1.503311899329871,63.604166666666664,58.48,68.48,3.3614538476227347,59.58208333333332,52.46,68.48,5.046091883537358
2026-08-08 19:18:43,Delhi,Delhi,"Anand Vihar, Delhi - DPCC",28.6139,77.209,59.59,89.89,73.75,14.24,3.12,14.34,29.66,66.01,11.73,245,1014.3,0.0,114,Moderate,CO,19,8,5,8,2026,1,2,-0.9659258262890684,0.2588190451025203,-0.8660254037844384,-0.5000000000000004,347.9118,2.1529680365296806,63.61,65.45,68.48,67.64,58.57,57.87,89.88,114.21,118.92,106.02,103.64,90.26,62.64,31.88,30.21,45.11,64.46,83.46,65.84666666666668,63.61,68.48,2.459112305961856,66.145,63.61,68.48,1.7195900674289049,64.03166666666667,58.57,68.48,2.9517786112270774,59.69416666666667,52.46,68.48,5.106613713919286
2026-08-08 20:18:43,Delhi,Delhi,"Anand Vihar, Delhi - DPCC",28.6139,77.209,59.48,83.49,46.32,26.61,1.24,6.14,25.42,72.05,11.04,163,1012.4,0.0,99,Satisfactory,PM25,20,8,5,8,2026,1,2,-0.8660254037844386,0.5000000000000001,-0.8660254037844384,-0.5000000000000004,280.6368,2.7271006813020437,59.59,63.61,65.45,65.91,59.7,56.19,89.89,89.88,114.21,106.42,83.92,100.74,73.75,62.64,31.88,44.11,78.95,55.73,62.88333333333335,59.59,65.45,2.996820537391814,64.80333333333334,59.59,68.48,2.9905696224410176,64.11666666666667,59.59,68.48,2.7904849149577466,59.765833333333326,52.46,68.48,5.091948389938492
2026-08-08 21:18:43,Delhi,Delhi,"Anand Vihar, Delhi - DPCC",28.6139,77.209,59.23,86.5,20.77,10.97,1.4,1.19,24.78,76.63,8.5,271,1012.9,0.0,99,Satisfactory,PM25,21,8,5,8,2026,1,2,-0.7071067811865477,0.7071067811865474,-0.8660254037844384,-0.5000000000000004,210.63,2.972459270752521,59.48,59.59,63.61,65.78,61.83,53.76,83.49,89.89,89.88,111.27,88.4,81.96,46.32,73.75,62.64,40.79,63.91,68.01,60.89333333333334,59.48,63.61,2.353345136892082,63.73166666666666,59.48,68.48,3.6038835534277727,64.09833333333333,59.48,68.48,2.822677108811199,59.90291666666667,52.46,68.48,5.0354685280618625
2026-08-08 22:18:43,Delhi,Delhi,"Anand Vihar, Delhi - DPCC",28.6139,77.209,56.01,89.69,24.64,26.42,1.37,0.0,20.72,79.0,7.64,324,1009.2,0.0,93,Satisfactory,PM25,22,8,5,8,2026,1,2,-0.5000000000000004,0.8660254037844384,-0.8660254037844384,-0.5000000000000004,158.30079999999998,3.637200736648251,59.23,59.48,59.59,68.48,63.76,53.36,86.5,83.49,89.89,118.92,90.01,83.45,20.77,46.32,73.75,30.21,37.52,49.5,59.43333333333334,59.23,59.59,0.18448125469486648,62.64000000000001,59.23,68.48,3.843404740591433,63.88166666666667,59.23,68.48,3.0988937420058673,60.130833333333335,52.46,68.48,4.866287681292736
2026-08-08 23:18:43,Delhi,Delhi,"Anand Vihar, Delhi - DPCC",28.6139,77.209,56.21,89.36,75.66,13.71,1.82,0.0,21.31,93.82,5.15,218,1010.6,10.0,94,Satisfactory,NO2,23,8,5,8,2026,1,2,-0.25881904510252157,0.9659258262890681,-0.8660254037844384,-0.5000000000000004,109.7465,4.205289108023308,56.01,59.23,59.48,65.45,63.25,52.46,89.69,86.5,83.49,114.21,101.43,85.36,24.64,20.77,46.32,31.88,60.43,43.91,58.24,56.01,59.48,1.9352777578426834,60.56166666666667,56.01,65.45,3.3998024452411473,63.23583333333334,56.01,68.48,3.844449265046412,60.24125,52.46,68.48,4.734250147227296
2026-08-09 00:18:43,Delhi,Delhi,"Anand Vihar, Delhi - DPCC",28.6139,77.209,53.91,95.66,77.34,31.13,2.46,17.47,19.29,93.87,5.86,81,1011.7,0.0,106,Moderate,CO,0,9,6,8,2026,1,2,0.0,1.0,-0.8660254037844384,-0.5000000000000004,113.0394,4.626416954164614,56.21,56.01,59.23,63.61,64.4,54.12,89.36,89.69,86.5,89.88,105.16,96.94,75.66,24.64,20.77,62.64,74.54,69.8,57.150000000000006,56.01,59.23,1.8041064270160834,59.02166666666667,56.01,63.61,2.778664547344266,62.64916666666667,56.01,68.48,4.34646869901486,60.3975,53.64,68.48,4.523460823980556
2026-08-09 01:18:43,Delhi,Delhi,"Anand Vihar, Delhi - DPCC",28.6139,77.209,56.72,89.52,24.17,21.09,1.63,21.54,16.35,96.2,6.61,311,1008.8,0.0,94,Satisfactory,PM25,1,9,6,8,2026,1,2,0.25881904510252074,0.9659258262890683,-0.8660254037844384,-0.5000000000000004,108.07350000000001,5.544668587896253,53.91,56.21,56.01,59.59,67.64,53.81,95.66,89.36,89.69,89.89,106.02,86.89,77.34,75.66,24.64,73.75,45.11,38.54,55.376666666666665,53.91,56.21,1.2741009902414753,57.405,53.91,59.59,2.366412897193029,61.775,53.91,68.48,4.972170735019329,60.38875000000001,53.64,68.48,4.536316560248249
2026-08-09 02:18:43,Delhi,Delhi,"Anand Vihar, Delhi - DPCC",28.6139,77.209,55.86,80.7,46.46,17.55,1.09,31.05,15.46,98.0,5.81,179,1014.3,0.0,196,Moderate,CO,2,9,6,8,2026,1,2,0.49999999999999994,0.8660254037844387,-0.8660254037844384,-0.5000000000000004,89.8226,5.953827460510328,56.72,53.91,56.21,59.48,65.91,53.64,89.52,95.66,89.36,83.49,106.42,79.16,24.17,77.34,75.66,46.32,44.11,57.01,55.613333333333344,53.91,56.72,1.4970081273440974,56.92666666666667,53.91,59.48,2.1129000607383777,60.865,53.91,68.48,4.797394179040513,60.51,53.64,68.48,4.389338862764388
2026-08-09 03:18:43,Delhi,Delhi,"Anand Vihar, Delhi - DPCC",28.6139,77.209,57.61,95.92,44.22,16.55,2.65,34.75,15.09,96.84,4.76,12,1008.4,0.0,108,Moderate,CO,3,9,6,8,2026,1,2,0.7071067811865475,0.7071067811865476,-0.8660254037844384,-0.5000000000000004,71.8284,6.018645121193288,55.86,56.72,53.91,59.23,65.78,55.01,80.7,89.52,95.66,86.5,111.27,83.47,46.46,24.17,77.34,20.77,40.79,65.19,55.49666666666667,53.91,56.72,1.4398032272968044,56.32333333333333,53.91,59.23,1.71790182102131,60.0275,53.91,68.48,4.713096116142863,60.6025,53.91,68.48,4.2597461140919615
2026-08-09 04:18:43,Delhi,Delhi,"Anand Vihar, Delhi - DPCC",28.6139,77.209,58.04,96.29,42.41,28.06,1.68,25.76,16.17,94.83,1.0,348,1012.8,0.0,97,Satisfactory,PM25,4,9,6,8,2026,1,2,0.8660254037844386,0.5000000000000001,-0.8660254037844384,-0.5000000000000004,16.17,5.52300524170064,57.61,55.86,56.72,56.01,68.48,56.82,95.92,80.7,89.52,89.69,118.92,86.29,44.22,46.46,24.17,24.64,30.21,75.89,56.73,55.86,57.61,0.8750428560938048,56.053333333333335,53.91,57.61,1.2268115856431971,59.34666666666667,53.91,68.48,4.385271492234778,60.71083333333333,53.91,68.48,4.142790402475169
2026-08-09 05:18:43,Delhi,Delhi,"Anand Vihar, Delhi - DPCC",28.6139,77.209,57.59,83.52,48.52,28.28,1.43,36.73,19.87,91.91,1.0,359,1011.4,0.0,96,Satisfactory,PM25,5,9,6,8,2026,1,2,0.9659258262890683,0.25881904510252074,-0.8660254037844384,-0.5000000000000004,19.87,4.403929084810732,58.04,57.61,55.86,56.21,65.45,58.76,96.29,95.92,80.7,89.36,114.21,97.9,42.41,44.22,46.46,75.66,31.88,58.84,57.17000000000001,55.86,58.04,1.1546861045326358,56.39166666666666,53.91,58.04,1.4685695988506378,58.47666666666667,53.91,65.45,3.313107119892112,60.76166666666666,53.91,68.48,4.100239300192168
2026-08-09 06:18:43,Delhi,Delhi,"Anand Vihar, Delhi - DPCC",28.6139,77.209,58.38,99.65,53.76,23.11,0.97,22.03,18.74,87.32,2.76,75,1008.6,0.0,100,Satisfactory,PM10,6,9,6,8,2026,1,2,1.0,6.123233995736766e-17,-0.8660254037844384,-0.5000000000000004,51.72239999999999,4.4235055724417425,57.59,58.04,57.61,53.91,63.61,58.48,83.52,96.29,95.92,95.66,89.88,102.75,48.52,42.41,44.22,77.34,62.64,50.13,57.74666666666667,57.59,58.04,0.25423086621025814,56.62166666666667,53.91,58.04,1.5407195288787285,57.821666666666665,53.91,63.61,2.48182423131707,60.71291666666667,53.91,68.48,4.1319060547073585
2026-08-09 07:18:43,Delhi,Delhi,"Anand Vihar, Delhi - DPCC",28.6139,77.209,60.58,85.92,32.2,23.13,1.31,35.58,22.41,88.37,2.95,202,1010.5,0.0,211,Poor,PM25,7,9,6,8,2026,1,2,0.9659258262890683,-0.25881904510252063,-0.8660254037844384,-0.5000000000000004,66.10950000000001,3.7748825288338317,58.38,57.59,58.04,56.72,59.59,58.57,99.65,83.52,96.29,89.52,89.89,103.64,53.76,48.52,42.41,24.17,73.75,64.46,58.00333333333334,57.59,58.38,0.3962743157637019,57.36666666666667,55.86,58.38,0.9249360338251394,57.38583333333333,53.91,59.59,1.7130910835700297,60.70875,53.91,68.48,4.134305380382618
2026-08-09 08:18:43,Delhi,Delhi,"Anand Vihar, Delhi - DPCC",28.6139,77.209,61.74,92.07,44.44,24.61,3.29,19.44,22.55,78.4,3.22,336,1010.0,0.0,116,Moderate,CO,8,9,6,8,2026,1,2,0.8660254037844387,-0.4999999999999998,-0.8660254037844384,-0.5000000000000004,72.611,3.329087048832272,60.58,58.38,57.59,55.86,59.48,59.7,85.92,99.65,83.52,80.7,83.49,83.92,32.2,53.76,48.52,46.46,46.32,78.95,58.85,57.59,60.58,1.5494192460404508,58.01,55.86,60.58,1.5298104457747064,57.46833333333333,53.91,60.58,1.8474593528971428,60.7925,53.91,68.48,4.109379779712848
2026-08-09 09:18:43,Delhi,Delhi,"Anand Vihar, Delhi - DPCC",28.6139,77.209,64.02,94.99,52.57,13.2,1.68,46.69,24.07,71.49,6.27,349,1011.3,0.0,111,Moderate,PM25,9,9,6,8,2026,1,2,0.7071067811865476,-0.7071067811865475,-0.8660254037844384,-0.5000000000000004,150.91889999999998,2.8516154766653368,61.74,60.58,58.38,57.61,59.23,61.83,92.07,85.92,99.65,95.92,86.5,88.4,44.44,32.2,53.76,44.22,20.77,63.91,60.23333333333334,58.38,61.74,1.7066145825387027,58.99,57.59,61.74,1.7452564281506735,57.656666666666666,53.91,61.74,2.159942479593514,60.877500000000005,53.91,68.48,4.106896903248581
2026-08-09 10:18:43,Delhi,Delhi,"Anand Vihar, Delhi - DPCC",28.6139,77.209,65.01,102.01,51.51,22.94,1.46,60.53,26.61,72.68,3.89,328,1013.0,0.0,115,Moderate,PM25,10,9,6,8,2026,1,2,0.49999999999999994,-0.8660254037844387,-0.8660254037844384,-0.5000000000000004,103.5129,2.6323795726186168,64.02,61.74,60.58,58.04,56.01,63.76,94.99,92.07,85.92,96.29,89.69,90.01,52.57,44.44,32.2,42.41,24.64,37.52,62.113333333333344,60.58,64.02,1.7501238051445247,60.05833333333334,57.59,64.02,2.5210348404311564,58.05583333333334,53.91,64.02,2.8191470609949003,60.96875,53.91,68.48,4.1530505419929025
2026-08-09 11:18:43,Delhi,Delhi,"Anand Vihar, Delhi - DPCC",28.6139,77.209,65.61,95.83,39.59,23.73,1.3,58.58,29.67,62.66,5.68,130,1014.6,0.0,117,Moderate,PM25,11,9,6,8,2026,1,2,0.258819045102521,-0.9659258262890682,-0.8660254037844384,-0.5000000000000004,168.5256,2.0430388001304203,65.01,64.02,61.74,57.59,56.21,63.25,102.01,94.99,92.07,83.52,89.36,101.43,51.51,52.57,44.44,48.52,75.66,60.43,63.59000000000001,61.74,65.01,1.6768720881450878,61.220000000000006,57.59,65.01,2.9707440145527375,58.80583333333334,53.91,65.01,3.368955754946757,61.020833333333336,53.91,68.48,4.197181162416585
2026-08-09 12:18:43,Delhi,Delhi,"Anand Vihar, Delhi - DPCC",28.6139,77.209,66.13,109.87,70.3,33.28,1.3,52.17,29.02,57.77,6.1,286,1010.9,0.0,118,Moderate,PM25,12,9,6,8,2026,1,2,1.2246467991473532e-16,-1.0,-0.8660254037844384,-0.5000000000000004,177.022,1.9243837441705531,65.61,65.01,64.02,58.38,53.91,64.4,95.83,102.01,94.99,99.65,95.66,105.16,39.59,51.51,52.57,53.76,77.34,74.54,64.88000000000001,64.02,65.61,0.8029321266457845,62.55666666666667,58.38,65.61,2.8107555330671117,59.589166666666664,53.91,65.61,3.7784495577692976,61.119166666666665,53.91,68.48,4.278534812868444
2026-08-09 13:18:43,Delhi,Delhi,"Anand Vihar, Delhi - DPCC",28.6139,77.209,67.2,110.82,29.25,17.63,0.99,57.38,30.88,48.77,9.65,141,1011.8,11.2,122,Moderate,PM25,13,9,6,8,2026,1,2,-0.2588190451025208,-0.9659258262890683,-0.8660254037844384,-0.5000000000000004,297.992,1.5297992471769135,66.13,65.61,65.01,60.58,56.72,67.64,109.87,95.83,102.01,85.92,89.52,106.02,70.3,39.59,51.51,32.2,24.17,45.11,65.58333333333334,65.01,66.13,0.5604759881860831,63.848333333333336,60.58,66.13,2.2278008588442533,60.607499999999995,55.86,66.13,3.7553480046947034,61.191250000000004,53.91,68.48,4.350185715675735
2026-08-09 14:18:43,Delhi,Delhi,"Anand Vihar, Delhi - DPCC",28.6139,77.209,66.31,118.68,40.66,25.5,1.46,70.64,29.0,49.49,9.42,249,1008.5,0.0,119,Moderate,PM25,14,9,6,8,2026,1,2,-0.4999999999999997,-0.8660254037844388,-0.8660254037844384,-0.5000000000000004,273.18,1.6496666666666668,67.2,66.13,65.61,61.74,55.86,65.91,110.82,109.87,95.83,92.07,80.7,106.42,29.25,70.3,39.59,44.44,46.46,44.11,66.31333333333333,65.61,67.2,0.81069928662426,64.95166666666667,61.74,67.2,1.9006884717562322,61.48083333333333,55.86,67.2,3.9809191682629286,61.17291666666667,53.91,68.48,4.32266672841282
2026-08-09 15:18:43,Delhi,Delhi,"Anand Vihar, Delhi - DPCC",28.6139,77.209,66.99,102.32,57.97,34.56,2.53,47.32,32.3,43.87,10.29,156,1010.3,0.0,122,Moderate,PM25,15,9,6,8,2026,1,2,-0.7071067811865471,-0.7071067811865479,-0.8660254037844384,-0.5000000000000004,332.36699999999996,1.3174174174174174,66.31,67.2,66.13,64.02,57.61,65.78,118.68,110.82,109.87,94.99,95.92,111.27,40.66,29.25,70.3,52.57,44.22,40.79,66.54666666666668,66.13,67.2,0.5729165151512512,65.71333333333334,64.02,67.2,1.1056702341416909,62.35166666666667,57.59,67.2,3.7773459497699085,61.18958333333333,53.91,68.48,4.34245120036321
2026-08-09 16:18:43,Delhi,Delhi,"Anand Vihar, Delhi - DPCC",28.6139,77.209,64.29,103.82,36.74,15.8,2.23,36.31,33.01,46.82,7.37,174,1012.7,0.0,112,Moderate,PM25,16,9,6,8,2026,1,2,-0.8660254037844384,-0.5000000000000004,-0.8660254037844384,-0.5000000000000004,243.28369999999998,1.3766539253160837,66.99,66.31,67.2,65.01,58.04,68.48,102.32,118.68,110.82,102.01,96.29,118.92,57.97,40.66,29.25,51.51,42.41,30.21,66.83333333333334,66.31,67.2,0.46522396040295855,66.20833333333333,65.01,67.2,0.8252131037900821,63.133333333333326,57.59,67.2,3.6760955901444428,61.24,53.91,68.48,4.404642807410063
2026-08-09 17:18:43,Delhi,Delhi,"Anand Vihar, Delhi - DPCC",28.6139,77.209,63.59,113.97,21.2,22.75,1.35,32.74,31.57,56.91,8.26,68,1014.4,0.0,110,Moderate,PM25,17,9,6,8,2026,1,2,-0.9659258262890683,-0.25881904510252063,-0.8660254037844384,-0.5000000000000004,260.7682,1.7473134786613447,64.29,66.99,66.31,65.61,57.59,65.45,103.82,102.32,118.68,95.83,83.52,114.21,36.74,57.97,40.66,39.59,48.52,31.88,65.86333333333334,64.29,66.99,1.4043266476618312,66.08833333333332,64.29,67.2,1.0547495753338207,63.65416666666667,57.59,67.2,3.3137604520142845,61.065416666666664,53.91,67.2,4.182643203366306
2026-08-09 18:18:43,Delhi,Delhi,"Anand Vihar, Delhi - DPCC",28.6139,77.209,63.55,89.39,45.91,17.59,1.34,23.43,29.55,57.53,10.89,162,1008.6,0.0,110,Moderate,PM25,18,9,6,8,2026,1,2,-1.0,-1.8369701987210297e-16,-0.8660254037844384,-0.5000000000000004,321.7995,1.8831423895253683,63.59,64.29,66.99,66.13,58.38,63.61,113.97,103.82,102.32,109.87,99.65,89.88,21.2,36.74,57.97,70.3,53.76,62.64,64.95666666666666,63.59,66.99,1.795364401265998,65.75166666666667,63.59,67.2,1.4761628184813886,64.15416666666667,58.38,67.2,2.713955376913799,60.98791666666667,53.91,67.2,4.11454681234935
2026-08-09 19:18:43,Delhi,Delhi,"Anand Vihar, Delhi - DPCC",28.6139,77.209,62.31,111.64,66.92,13.78,2.48,17.01,27.72,57.24,14.35,242,1012.0,0.0,108,Moderate,PM10,19,9,6,8,2026,1,2,-0.9659258262890684,0.2588190451025203,-0.8660254037844384,-0.5000000000000004,397.782,1.9930362116991645,63.55,63.59,64.29,67.2,60.58,59.59,89.39,113.97,103.82,110.82,85.92,89.89,45.91,21.2,36.74,29.25,32.2,73.75,63.81000000000001,63.55,64.29,0.41617304093373725,65.32166666666666,63.55,67.2,1.7023562102765046,64.585,60.58,67.2,2.0408932981775285,60.98541666666667,53.91,67.2,4.112902264366562
2026-08-09 20:18:43,Delhi,Delhi,"Anand Vihar, Delhi - DPCC",28.6139,77.209,59.85,101.16,47.86,29.12,1.42,6.27,28.21,66.49,11.31,301,1012.5,0.0,101,Moderate,PM10,20,9,6,8,2026,1,2,-0.8660254037844386,0.5000000000000001,-0.8660254037844384,-0.5000000000000004,319.05510000000004,2.27627524820267,62.31,63.55,63.59,66.31,61.74,59.48,111.64,89.39,113.97,118.68,92.07,83.49,66.92,45.91,21.2,40.66,44.44,46.32,63.15000000000001,62.31,63.59,0.7277362159464761,64.50666666666666,62.31,66.99,1.7914649498851742,64.72916666666667,61.74,67.2,1.7762036038767404,61.09875,53.91,67.2,4.110253681475954
2026-08-09 21:18:43,Delhi,Delhi,"Anand Vihar, Delhi - DPCC",28.6139,77.209,59.13,87.94,61.6,27.1,2.63,4.51,24.8,77.6,9.6,298,1013.0,5.9,108,Moderate,CO,21,9,6,8,2026,1,2,-0.7071067811865477,0.7071067811865474,-0.8660254037844384,-0.5000000000000004,238.07999999999998,3.0077519379844957,59.85,62.31,63.55,66.99,64.02,59.23,101.16,111.64,89.39,102.32,94.99,86.5,47.86,66.92,45.91,57.97,52.57,20.77,61.90333333333334,59.85,63.55,1.8832241856278142,63.43,59.85,66.99,2.3462310201684202,64.57166666666667,59.85,67.2,2.116544496593707,61.11416666666667,53.91,67.2,4.104608138545525
2026-08-09 22:18:43,Delhi,Delhi,"Anand Vihar, Delhi - DPCC",28.6139,77.209,58.01,88.63,28.67,22.93,1.23,0.0,26.33,85.48,7.79,175,1009.5,0.0,97,Satisfactory,PM25,22,9,6,8,2026,1,2,-0.5000000000000004,0.8660254037844384,-0.8660254037844384,-0.5000000000000004,205.11069999999998,3.1276984998170514,59.13,59.85,62.31,64.29,65.01,56.01,87.94,101.16,111.64,103.82,102.01,89.69,61.6,47.86,66.92,36.74,51.51,24.64,60.43000000000001,59.13,62.31,1.6674531477676835,62.120000000000005,59.13,64.29,2.1468022731496967,64.16416666666666,59.13,67.2,2.6387340571272015,61.11000000000001,53.91,67.2,4.106654197233052
2026-08-09 23:18:43,Delhi,Delhi,"Anand Vihar, Delhi - DPCC",28.6139,77.209,58.39,97.0,33.93,19.79,2.48,0.0,20.99,81.03,8.26,44,1008.3,0.0,106,Moderate,CO,23,9,6,8,2026,1,2,-0.25881904510252157,0.9659258262890681,-0.8660254037844384,-0.5000000000000004,173.3774,3.6848567530695773,58.01,59.13,59.85,63.59,65.61,56.21,88.63,87.94,101.16,113.97,95.83,89.36,28.67,61.6,47.86,21.2,39.59,75.66,58.99666666666668,58.01,59.85,0.9272180613716678,61.07333333333333,58.01,63.59,2.3939061524352803,63.580833333333324,58.01,67.2,3.157488813291543,61.193333333333335,53.91,67.2,4.017999357961542
2026-08-10 00:18:43,Delhi,Delhi,"Anand Vihar, Delhi - DPCC",28.6139,77.209,56.68,88.42,27.82,17.45,2.34,30.66,19.16,90.06,6.32,222,1009.1,10.1,104,Moderate,CO,0,10,0,8,2026,0,2,0.0,1.0,-0.8660254037844384,-0.5000000000000004,121.0912,4.467261904761905,58.39,58.01,59.13,63.55,66.13,53.91,97.0,88.63,87.94,89.39,109.87,95.66,33.93,28.67,61.6,45.91,70.3,77.34,58.51000000000001,58.01,59.13,0.5695612346364054,60.20666666666667,58.01,63.55,2.236691008312856,62.979166666666664,58.01,67.2,3.413213517369257,61.284166666666664,53.91,67.2,3.9239863456158117
2026-08-10 01:18:43,Delhi,Delhi,"Anand Vihar, Delhi - DPCC",28.6139,77.209,55.81,79.05,72.82,9.81,2.51,24.8,19.37,98.0,2.25,344,1014.3,0.0,106,Moderate,CO,1,10,0,8,2026,0,2,0.25881904510252074,0.9659258262890683,-0.8660254037844384,-0.5000000000000004,43.5825,4.810996563573883,56.68,58.39,58.01,62.31,67.2,56.72,88.42,97.0,88.63,111.64,110.82,89.52,27.82,33.93,28.67,66.92,29.25,24.17,57.69333333333335,56.68,58.39,0.8979049689883412,59.06166666666667,56.68,62.31,1.9187122417568794,62.19166666666667,56.68,67.2,3.6984046519678953,61.39958333333333,55.86,67.2,3.7337863742326483
2026-08-10 02:18:43,Delhi,Delhi,"Anand Vihar, Delhi - DPCC",28.6139,77.209,56.35,94.51,69.76,8.93,1.32,38.98,19.85,98.0,4.09,59,1014.3,0.0,94,Satisfactory,PM10,2,10,0,8,2026,0,2,0.49999999999999994,0.8660254037844387,-0.8660254037844384,-0.5000000000000004,81.18650000000001,4.700239808153477,55.81,56.68,58.39,59.85,66.31,55.86,79.05,88.42,97.0,101.16,118.68,80.7,72.82,27.82,33.93,47.86,40.66,46.46,56.960000000000015,55.81,58.39,1.3125928538586078,57.97833333333333,55.81,59.85,1.5091244702369027,61.24250000000001,55.81,66.99,3.7573131720323993,61.36166666666667,55.81,67.2,3.7876064102332725
2026-08-10 03:18:43,Delhi,Delhi,"Anand Vihar, Delhi - DPCC",28.6139,77.209,55.65,98.38,62.17,28.75,1.43,37.73,16.01,98.0,4.84,349,1010.6,0.0,98,Satisfactory,PM10,3,10,0,8,2026,0,2,0.7071067811865475,0.7071067811865476,-0.8660254037844384,-0.5000000000000004,77.4884,5.761316872427983,56.35,55.81,56.68,59.13,66.99,57.61,94.51,79.05,88.42,87.94,102.32,95.92,69.76,72.82,27.82,61.6,57.97,44.22,56.28000000000001,55.81,56.68,0.4392038251208036,57.395,55.81,59.13,1.3033763846261754,60.412499999999994,55.81,66.99,3.634201487885123,61.382083333333334,55.81,67.2,3.7578647720383884
2026-08-10 04:18:43,Delhi,Delhi,"Anand Vihar, Delhi - DPCC",28.6139,77.209,55.24,91.76,51.59,12.97,2.54,23.58,17.45,98.0,1.49,175,1008.6,0.0,106,Moderate,CO,4,10,0,8,2026,0,2,0.8660254037844386,0.5000000000000001,-0.8660254037844384,-0.5000000000000004,26.0005,5.311653116531166,55.65,56.35,55.81,58.01,64.29,58.04,98.38,94.51,79.05,88.63,103.82,96.29,62.17,69.76,72.82,28.67,36.74,42.41,55.936666666666675,55.65,56.35,0.3667878587604947,56.815,55.65,58.39,1.1410828190807414,59.46750000000001,55.65,64.29,3.2190233555594876,61.30041666666667,55.65,67.2,3.863225144162888
2026-08-10 05:18:43,Delhi,Delhi,"Anand Vihar, Delhi - DPCC",28.6139,77.209,56.79,100.4,52.42,27.05,1.39,33.79,15.06,94.43,5.97,69,1010.1,0.0,95,Satisfactory,PM25,5,10,0,8,2026,0,2,0.9659258262890683,0.25881904510252074,-0.8660254037844384,-0.5000000000000004,89.9082,5.879825653798256,55.24,55.65,56.35,58.39,63.59,57.59,91.76,98.38,94.51,97.0,113.97,83.52,51.59,62.17,69.76,33.93,21.2,48.52,55.74666666666668,55.24,56.35,0.5612783029247834,56.35333333333333,55.24,58.39,1.1210828099065493,58.71333333333333,55.24,63.59,3.041728974040311,61.18375,55.24,67.2,4.00562301781748
2026-08-10 06:18:43,Delhi,Delhi,"Anand Vihar, Delhi - DPCC",28.6139,77.209,59.11,88.3,24.38,23.91,2.55,24.12,19.07,89.0,3.51,201,1013.5,0.0,107,Moderate,CO,6,10,0,8,2026,0,2,1.0,6.123233995736766e-17,-0.8660254037844384,-0.5000000000000004,66.9357,4.434479322371699,56.79,55.24,55.65,56.68,63.55,58.38,100.4,91.76,98.38,88.42,89.39,99.65,52.42,51.59,62.17,27.82,45.91,53.76,55.893333333333345,55.24,56.79,0.8031396723696991,56.086666666666666,55.24,56.79,0.6164630294413359,58.14666666666667,55.24,63.55,2.6600968312293407,61.150416666666665,55.24,67.2,4.04001020141483
2026-08-10 07:18:43,Delhi,Delhi,"Anand Vihar, Delhi - DPCC",28.6139,77.209,59.94,99.25,22.08,26.65,1.76,22.21,19.82,85.74,3.95,356,1013.7,0.0,100,Satisfactory,PM25,7,10,0,8,2026,0,2,0.9659258262890683,-0.25881904510252063,-0.8660254037844384,-0.5000000000000004,78.289,4.118155619596542,59.11,56.79,55.24,55.81,62.31,60.58,88.3,100.4,91.76,79.05,111.64,85.92,24.38,52.42,51.59,72.82,66.92,32.2,57.04666666666668,55.24,59.11,1.947725168840303,56.491666666666674,55.24,59.11,1.3931606751082037,57.77666666666667,55.24,62.31,2.0873311944089723,61.18083333333334,55.24,67.2,4.02094831629536
2026-08-10 08:18:43,Delhi,Delhi,"Anand Vihar, Delhi - DPCC",28.6139,77.209,60.47,94.15,51.12,34.58,2.98,38.26,23.98,80.81,5.21,73,1009.5,0.0,210,Poor,PM25,8,10,0,8,2026,0,2,0.8660254037844387,-0.4999999999999998,-0.8660254037844384,-0.5000000000000004,124.9358,3.2349879903923138,59.94,59.11,56.79,56.35,59.85,61.74,99.25,88.3,100.4,94.51,101.16,92.07,22.08,24.38,52.42,69.76,47.86,44.44,58.613333333333344,56.79,59.94,1.632676738774037,57.18,55.24,59.94,1.912485294061423,57.57916666666666,55.24,59.94,1.6945713232845234,61.15416666666667,55.24,67.2,4.027223573399493
2026-08-10 09:18:43,Delhi,Delhi,"Anand Vihar, Delhi - DPCC",28.6139,77.209,62.87,112.95,52.24,26.83,2.41,38.04,25.14,71.57,5.88,340,1012.9,0.0,109,Moderate,PM10,9,10,0,8,2026,0,2,0.7071067811865476,-0.7071067811865475,-0.8660254037844384,-0.5000000000000004,147.8232,2.737949502677888,60.47,59.94,59.11,55.65,59.13,64.02,94.15,99.25,88.3,98.38,87.94,94.99,51.12,22.08,24.38,62.17,61.6,52.57,59.84000000000001,59.11,60.47,0.685492523664825,57.86666666666667,55.24,60.47,2.2624824124549128,57.630833333333335,55.24,60.47,1.7775236008324717,61.10124999999999,55.24,67.2,4.027534916049727
2026-08-10 10:18:43,Delhi,Delhi,"Anand Vihar, Delhi - DPCC",28.6139,77.209,63.2,98.45,66.0,33.35,1.54,54.93,26.3,62.95,4.1,266,1013.6,0.0,108,Moderate,PM25,10,10,0,8,2026,0,2,0.49999999999999994,-0.8660254037844387,-0.8660254037844384,-0.5000000000000004,107.83,2.305860805860806,62.87,60.47,59.94,55.24,58.01,65.01,112.95,94.15,99.25,91.76,88.63,102.01,52.24,51.12,22.08,51.59,28.67,51.51,61.09333333333334,59.94,62.87,1.5612921998567668,59.06999999999999,55.24,62.87,2.7212423633335203,57.9425,55.24,62.87,2.311851383238781,61.053333333333335,55.24,67.2,3.998032849623219
2026-08-10 11:18:43,Delhi,Delhi,"Anand Vihar, Delhi - DPCC",28.6139,77.209,64.17,94.63,75.73,23.97,0.87,47.92,26.09,61.66,5.69,322,1011.1,0.0,112,Moderate,PM25,11,10,0,8,2026,0,2,0.258819045102521,-0.9659258262890682,-0.8660254037844384,-0.5000000000000004,148.4521,2.2761166482096713,63.2,62.87,60.47,56.79,58.39,65.61,98.45,112.95,94.15,100.4,97.0,95.83,66.0,52.24,51.12,52.42,33.93,39.59,62.18000000000001,60.47,63.2,1.490067112582569,60.39666666666667,56.79,63.2,2.402229519980876,58.375,55.24,63.2,2.7664105394406793,60.977916666666665,55.24,67.2,3.936753218808212
2026-08-10 12:18:43,Delhi,Delhi,"Anand Vihar, Delhi - DPCC",28.6139,77.209,64.14,102.61,35.14,32.6,1.48,64.13,30.62,48.02,6.9,27,1008.1,0.0,112,Moderate,PM25,12,10,0,8,2026,0,2,1.2246467991473532e-16,-1.0,-0.8660254037844384,-0.5000000000000004,211.27800000000002,1.5186590765338395,64.17,63.2,62.87,59.11,56.68,66.13,94.63,98.45,112.95,88.3,88.42,109.87,75.73,66.0,52.24,24.38,27.82,70.3,63.41333333333335,62.87,64.17,0.6757465007925574,61.626666666666665,59.11,64.17,2.049689407365769,58.85666666666666,55.24,64.17,3.233082776921336,60.91791666666666,55.24,67.2,3.8735524411697964
2026-08-10 13:18:43,Delhi,Delhi,"Anand Vihar, Delhi - DPCC",28.6139,77.209,64.43,90.29,56.91,19.49,0.88,57.41,31.0,59.02,8.8,166,1013.6,0.0,113,Moderate,PM25,13,10,0,8,2026,0,2,-0.2588190451025208,-0.9659258262890683,-0.8660254037844384,-0.5000000000000004,272.8,1.844375,64.14,64.17,63.2,59.94,55.81,67.2,102.61,94.63,98.45,99.25,79.05,110.82,35.14,75.73,66.0,22.08,72.82,29.25,63.83666666666668,63.2,64.17,0.5515735067362709,62.464999999999996,59.94,64.17,1.831532145500232,59.47833333333333,55.24,64.17,3.483978481650987,60.835,55.24,67.2,3.777233862520783
2026-08-10 14:18:43,Delhi,Delhi,"Anand Vihar, Delhi - DPCC",28.6139,77.209,66.76,96.95,58.34,20.88,2.77,66.22,33.21,53.38,11.32,359,1014.9,0.0,121,Moderate,PM25,14,10,0,8,2026,0,2,-0.4999999999999997,-0.8660254037844388,-0.8660254037844384,-0.5000000000000004,375.9372,1.5603624671148788,64.43,64.14,64.17,60.47,56.35,66.31,90.29,102.61,94.63,94.15,94.51,118.68,56.91,35.14,75.73,51.12,69.76,40.66,64.24666666666668,64.14,64.43,0.15947831618535285,63.21333333333333,60.47,64.43,1.4763558739908436,60.196666666666665,55.24,64.43,3.546950888588898,60.71958333333333,55.24,66.99,3.6130409679702886
2026-08-10 15:18:43,Delhi,Delhi,"Anand Vihar, Delhi - DPCC",28.6139,77.209,63.88,100.37,51.88,15.39,2.64,55.57,29.65,49.73,11.17,258,1010.4,0.0,111,Moderate,PM25,15,10,0,8,2026,0,2,-0.7071067811865471,-0.7071067811865479,-0.8660254037844384,-0.5000000000000004,331.1905,1.6225122349102774,66.76,64.43,64.14,62.87,55.65,66.99,96.95,90.29,102.61,112.95,98.38,102.32,58.34,56.91,35.14,52.24,62.17,57.97,65.11000000000001,64.14,66.76,1.436279917007786,64.26166666666667,62.87,66.76,1.3679973196856612,61.064166666666665,55.24,66.76,3.7856102146114496,60.73833333333334,55.24,66.99,3.644346027892287
2026-08-10 16:18:43,Delhi,Delhi,"Anand Vihar, Delhi - DPCC",28.6139,77.209,60.51,106.05,26.76,21.15,1.03,57.1,32.69,53.02,7.96,59,1010.8,0.0,210,Poor,PM25,16,10,0,8,2026,0,2,-0.8660254037844384,-0.5000000000000004,-0.8660254037844384,-0.5000000000000004,260.2124,1.5737607598693977,63.88,66.76,64.43,63.2,55.24,64.29,100.37,96.95,90.29,98.45,91.76,103.82,51.88,58.34,56.91,66.0,51.59,36.74,65.02333333333335,63.88,66.76,1.5289320891829132,64.43,63.2,66.76,1.2162236636410528,61.75,55.24,66.76,3.4458222399148295,60.60874999999999,55.24,66.76,3.4631768683881807
2026-08-10 17:18:43,Delhi,Delhi,"Anand Vihar, Delhi - DPCC",28.6139,77.209,60.56,89.74,44.94,22.6,1.87,40.88,30.46,49.31,11.6,144,1008.3,0.0,211,Poor,PM25,17,10,0,8,2026,0,2,-0.9659258262890683,-0.25881904510252063,-0.8660254037844384,-0.5000000000000004,353.336,1.5673871582962493,60.51,63.88,66.76,64.17,56.79,63.59,106.05,100.37,96.95,94.63,100.4,113.97,26.76,51.88,58.34,75.73,52.42,21.2,63.716666666666676,60.51,66.76,3.128199695245392,63.981666666666676,60.51,66.76,2.0021729861995383,62.18916666666667,56.79,66.76,2.8196339489482107,60.451249999999995,55.24,66.76,3.3732674296850216
2026-08-10 18:18:43,Delhi,Delhi,"Anand Vihar, Delhi - DPCC",28.6139,77.209,59.12,87.54,22.52,34.2,2.38,24.02,31.37,51.74,10.26,215,1013.0,0.0,104,Moderate,CO,18,10,0,8,2026,0,2,-1.0,-1.8369701987210297e-16,-0.8660254037844384,-0.5000000000000004,321.8562,1.5983935742971886,60.56,60.51,63.88,64.14,59.11,63.55,89.74,106.05,100.37,102.61,88.3,89.39,44.94,26.76,51.88,35.14,24.38,45.91,61.65000000000001,60.51,63.88,1.9313984570771996,63.38,60.51,66.76,2.430794108928307,62.50333333333333,59.11,66.76,2.331064264678525,60.32500000000001,55.24,66.76,3.306732263257713
2026-08-10 19:18:43,Delhi,Delhi,"Anand Vihar, Delhi - DPCC",28.6139,77.209,58.12,84.73,72.34,20.48,3.16,13.98,30.61,67.61,8.72,189,1010.6,0.0,114,Moderate,CO,19,10,0,8,2026,0,2,-0.9659258262890684,0.2588190451025203,-0.8660254037844384,-0.5000000000000004,266.9192,2.1388801012337866,59.12,60.56,60.51,64.43,59.94,62.31,87.54,89.74,106.05,90.29,99.25,111.64,22.52,44.94,26.76,56.91,22.08,66.92,60.06333333333334,59.12,60.56,0.8173330614465828,62.543333333333344,59.12,66.76,2.929632513928549,62.50416666666666,59.12,66.76,2.3297423124510726,60.14041666666666,55.24,66.76,3.241890858832184
2026-08-10 20:18:43,Delhi,Delhi,"Anand Vihar, Delhi - DPCC",28.6139,77.209,55.65,97.16,35.2,13.43,2.4,0.0,25.64,68.46,10.45,215,1009.1,0.0,105,Moderate,CO,20,10,0,8,2026,0,2,-0.8660254037844386,0.5000000000000001,-0.8660254037844384,-0.5000000000000004,267.938,2.5698198198198194,58.12,59.12,60.56,66.76,60.47,59.85,84.73,87.54,89.74,96.95,94.15,101.16,72.34,22.52,44.94,58.34,51.12,47.86,59.26666666666667,58.12,60.56,1.2265942007582287,61.491666666666674,58.12,66.76,3.2337001510139127,62.3525,58.12,66.76,2.559734094855223,59.96583333333333,55.24,66.76,3.2327817025329604
2026-08-10 21:18:43,Delhi,Delhi,"Anand Vihar, Delhi - DPCC",28.6139,77.209,55.79,95.61,36.15,25.65,1.24,1.35,28.24,72.16,9.72,197,1008.1,0.0,96,Satisfactory,PM10,21,10,0,8,2026,0,2,-0.7071067811865477,0.7071067811865474,-0.8660254037844384,-0.5000000000000004,274.4928,2.4678522571819426,55.65,58.12,59.12,63.88,62.87,59.13,97.16,84.73,87.54,100.37,112.95,87.94,35.2,72.34,22.52,51.88,52.24,61.6,57.63,55.65,59.12,1.7861410918515122,59.64000000000001,55.65,63.88,2.759775353176575,61.95083333333333,55.65,66.76,3.1840267767643278,59.79083333333333,55.24,66.76,3.3508479350841993
2026-08-10 22:18:43,Delhi,Delhi,"Anand Vihar, Delhi - DPCC",28.6139,77.209,54.18,96.19,47.53,33.34,0.84,5.46,23.24,81.18,7.03,337,1009.6,12.0,96,Satisfactory,PM10,22,10,0,8,2026,0,2,-0.5000000000000004,0.8660254037844384,-0.8660254037844384,-0.5000000000000004,163.3772,3.3490099009900995,55.79,55.65,58.12,60.51,63.2,58.01,95.61,97.16,84.73,106.05,98.45,88.63,36.15,35.2,72.34,26.76,66.0,28.67,56.52,55.65,58.12,1.3874076545848357,58.291666666666664,55.65,60.56,2.1917428377133272,61.360833333333325,55.65,66.76,3.6238112993551614,59.651666666666664,55.24,66.76,3.4474523254473004
2026-08-10 23:18:43,Delhi,Delhi,"Anand Vihar, Delhi - DPCC",28.6139,77.209,53.83,76.1,59.19,12.63,2.65,0.0,24.8,84.53,8.68,317,1011.8,0.0,108,Moderate,CO,23,10,0,8,2026,0,2,-0.25881904510252157,0.9659258262890681,-0.8660254037844384,-0.5000000000000004,215.264,3.276356589147287,54.18,55.79,55.65,60.56,64.17,58.39,96.19,95.61,97.16,89.74,94.63,97.0,47.53,36.15,35.2,44.94,75.73,33.93,55.20666666666668,54.18,55.79,0.8918706931691596,57.23666666666666,54.18,60.56,2.4217899716258957,60.609166666666674,54.18,66.76,4.110451110685329,59.49208333333333,54.18,66.76,3.611492500298222
2026-08-11 00:18:43,Delhi,Delhi,"Anand Vihar, Delhi - DPCC",28.6139,77.209,54.34,88.56,22.91,18.94,1.0,23.98,18.11,91.17,2.99,216,1012.0,11.4,195,Moderate,CO,0,11,1,8,2026,0,2,0.0,1.0,-0.8660254037844384,-0.5000000000000004,54.148900000000005,4.770800627943485,53.83,54.18,55.79,59.12,64.14,56.68,76.1,96.19,95.61,87.54,102.61,88.42,59.19,47.53,36.15,22.52,35.14,27.82,54.6,53.83,55.79,1.0453229166151279,56.115,53.83,59.12,2.1136390420318163,59.7475,53.83,66.76,4.3716215526965545,59.302083333333336,53.83,66.76,3.787648093436131
2026-08-11 01:18:43,Delhi,Delhi,"Anand Vihar, Delhi - DPCC",28.6139,77.209,53.74,79.1,52.4,27.03,2.09,30.3,18.73,97.28,5.13,153,1009.6,6.5,202,Poor,CO,1,11,1,8,2026,0,2,0.25881904510252074,0.9659258262890683,-0.8660254037844384,-0.5000000000000004,96.0849,4.930562595032945,54.34,53.83,54.18,58.12,64.43,55.81,88.56,76.1,96.19,84.73,90.29,79.05,22.91,59.19,47.53,72.34,56.91,72.82,54.116666666666674,53.83,54.34,0.2608320021280681,55.31833333333333,53.83,58.12,1.590590037271673,58.93083333333333,53.83,66.76,4.391784599647177,59.20458333333334,53.83,66.76,3.8868965816229433
2026-08-11 02:18:43,Delhi,Delhi,"Anand Vihar, Delhi - DPCC",28.6139,77.209,55.6,99.25,29.19,34.62,2.04,26.36,18.93,98.0,5.51,125,1014.2,0.0,201,Poor,CO,2,11,1,8,2026,0,2,0.49999999999999994,0.8660254037844387,-0.8660254037844384,-0.5000000000000004,104.3043,4.917210235825389,53.74,54.34,53.83,55.65,66.76,56.35,79.1,88.56,76.1,97.16,96.95,94.51,52.4,22.91,59.19,35.2,58.34,69.76,53.970000000000006,53.74,54.34,0.3235737937485283,54.58833333333333,53.74,55.79,0.9049069933799605,58.04,53.74,66.76,4.25704122601617,59.11833333333334,53.74,66.76,3.987170367093955
2026-08-11 03:18:43,Delhi,Delhi,"Anand Vihar, Delhi - DPCC",28.6139,77.209,56.45,89.16,59.41,28.11,1.6,17.09,17.47,98.0,4.05,124,1008.7,0.0,94,Satisfactory,PM25,3,11,1,8,2026,0,2,0.7071067811865475,0.7071067811865476,-0.8660254037844384,-0.5000000000000004,70.75349999999999,5.305901461829995,55.6,53.74,54.34,55.79,63.88,55.65,99.25,79.1,88.56,95.61,100.37,98.38,29.19,52.4,22.91,36.15,51.88,62.17,54.56000000000001,53.74,55.6,0.9493155429048684,54.580000000000005,53.74,55.79,0.8933308457684057,57.11000000000001,53.74,63.88,3.2874803836264404,59.08708333333333,53.74,66.76,4.012668502940783
2026-08-11 04:18:43,Delhi,Delhi,"Anand Vihar, Delhi - DPCC",28.6139,77.209,57.65,92.53,26.76,24.95,2.21,24.83,17.41,96.34,4.81,284,1010.4,0.0,102,Moderate,CO,4,11,1,8,2026,0,2,0.8660254037844386,0.5000000000000001,-0.8660254037844384,-0.5000000000000004,83.7421,5.233025529603476,56.45,55.6,53.74,54.18,60.51,55.24,89.16,99.25,79.1,96.19,106.05,91.76,59.41,29.19,52.4,47.53,26.76,51.59,55.26333333333335,53.74,56.45,1.386013467948288,54.690000000000005,53.74,56.45,1.0909078787877946,56.490833333333335,53.74,60.56,2.502455006709914,59.12041666666667,53.74,66.76,3.9861101003214046
2026-08-11 05:18:43,Delhi,Delhi,"Anand Vihar, Delhi - DPCC",28.6139,77.209,58.46,88.51,76.11,26.65,1.09,30.37,19.61,97.83,3.75,88,1012.5,0.0,195,Moderate,CO,5,11,1,8,2026,0,2,0.9659258262890683,0.25881904510252074,-0.8660254037844384,-0.5000000000000004,73.5375,4.746724890829694,57.65,56.45,55.6,53.83,60.56,56.79,92.53,89.16,99.25,76.1,89.74,100.4,26.76,59.41,29.19,59.19,44.94,52.42,56.566666666666684,55.6,57.65,1.029967637032309,55.26833333333334,53.74,57.65,1.5776617719485673,56.2525,53.74,60.56,2.203167657549969,59.22083333333333,53.74,66.76,3.9138060166840303
2026-08-11 06:18:43,Delhi,Delhi,"Anand Vihar, Delhi - DPCC",28.6139,77.209,58.86,98.87,21.64,26.8,2.71,19.36,20.0,94.95,1.0,263,1010.4,0.0,109,Moderate,CO,6,11,1,8,2026,0,2,1.0,6.123233995736766e-17,-0.8660254037844384,-0.5000000000000004,20.0,4.521428571428571,58.46,57.65,56.45,54.34,59.12,59.11,88.51,92.53,89.16,88.56,87.54,88.3,76.11,26.76,59.41,22.91,22.52,24.38,57.52000000000001,56.45,58.46,1.0112863096079654,56.04,53.74,58.46,1.8433773352195562,56.07750000000001,53.74,59.12,1.8912339646623368,59.290416666666665,53.74,66.76,3.8834369349245836
2026-08-11 07:18:43,Delhi,Delhi,"Anand Vihar, Delhi - DPCC",28.6139,77.209,60.42,101.76,42.92,32.61,1.21,20.13,21.76,91.73,1.0,310,1008.9,0.0,210,Poor,PM25,7,11,1,8,2026,0,2,0.9659258262890683,-0.25881904510252063,-0.8660254037844384,-0.5000000000000004,21.76,4.030316344463972,58.86,58.46,57.65,53.74,58.12,59.94,98.87,88.51,92.53,79.1,84.73,99.25,21.64,76.11,26.76,52.4,72.34,22.08,58.323333333333345,57.65,58.86,0.616468436607874,56.79333333333333,53.74,58.86,1.9311930682010385,56.05583333333333,53.74,58.86,1.8543386879689714,59.28,53.74,66.76,3.884277113653503
2026-08-11 08:18:43,Delhi,Delhi,"Anand Vihar, Delhi - DPCC",28.6139,77.209,62.09,105.81,45.91,12.58,3.0,27.45,24.83,83.89,1.41,321,1012.4,0.0,112,Moderate,CO,8,11,1,8,2026,0,2,0.8660254037844387,-0.4999999999999998,-0.8660254037844384,-0.5000000000000004,35.010299999999994,3.247773906310492,60.42,58.86,58.46,55.6,55.65,60.47,101.76,98.87,88.51,99.25,97.16,94.15,42.92,21.64,76.11,29.19,35.2,51.12,59.24666666666668,58.46,60.42,1.0356318522204973,57.906666666666666,55.6,60.42,1.7343778903882592,56.2475,53.74,60.42,2.177751655430151,59.29999999999999,53.74,66.76,3.8890559936492735
2026-08-11 09:18:43,Delhi,Delhi,"Anand Vihar, Delhi - DPCC",28.6139,77.209,65.24,93.09,48.03,20.49,2.43,34.29,24.84,82.56,5.72,177,1010.9,0.0,116,Moderate,PM25,9,11,1,8,2026,0,2,0.7071067811865476,-0.7071067811865475,-0.8660254037844384,-0.5000000000000004,142.0848,3.195046439628483,62.09,60.42,58.86,56.45,55.79,62.87,105.81,101.76,98.87,89.16,95.61,112.95,45.91,42.92,21.64,59.41,36.15,52.24,60.45666666666668,58.86,62.09,1.6153121473367074,58.98833333333334,56.45,62.09,2.0099693198324,56.78416666666667,53.74,62.09,2.738451647234955,59.36750000000001,53.74,66.76,3.924146265500774
2026-08-11 10:18:43,Delhi,Delhi,"Anand Vihar, Delhi - DPCC",28.6139,77.209,64.77,93.66,38.0,34.87,1.32,58.98,26.64,65.04,1.42,286,1008.7,0.0,114,Moderate,PM25,10,11,1,8,2026,0,2,0.49999999999999994,-0.8660254037844387,-0.8660254037844384,-0.5000000000000004,37.8288,2.353111432706223,65.24,62.09,60.42,57.65,54.18,63.2,93.09,105.81,101.76,92.53,96.19,98.45,48.03,45.91,42.92,26.76,47.53,66.0,62.58333333333334,60.42,65.24,2.447577033176537,60.45333333333334,57.65,65.24,2.827109242082336,57.57166666666668,53.74,65.24,3.6376961573686484,59.46625,53.74,66.76,4.044104471729314
2026-08-11 11:18:43,Delhi,Delhi,"Anand Vihar, Delhi - DPCC",28.6139,77.209,65.57,92.96,22.84,32.5,2.52,54.78,29.69,63.51,4.95,116,1010.9,0.0,117,Moderate,PM25,11,11,1,8,2026,0,2,0.258819045102521,-0.9659258262890682,-0.8660254037844384,-0.5000000000000004,146.96550000000002,2.069403714565005,64.77,65.24,62.09,58.46,53.83,64.17,93.66,93.09,105.81,88.51,76.1,94.63,38.0,48.03,45.91,76.11,59.19,75.73,64.03333333333335,62.09,65.24,1.6993037790027699,61.64000000000001,58.46,65.24,2.908215947965447,58.45416666666667,53.74,65.24,4.005996546845055,59.531666666666666,53.74,66.76,4.1191289356374785
2026-08-11 12:18:43,Delhi,Delhi,"Anand Vihar, Delhi - DPCC",28.6139,77.209,67.64,118.64,67.84,18.3,1.23,55.42,28.47,57.04,3.23,149,1008.9,0.0,124,Moderate,PM25,12,11,1,8,2026,0,2,1.2246467991473532e-16,-1.0,-0.8660254037844384,-0.5000000000000004,91.9581,1.9355276552426197,65.57,64.77,65.24,58.86,54.34,64.14,92.96,93.66,93.09,98.87,88.56,102.61,22.84,38.0,48.03,21.64,22.91,35.14,65.19333333333333,64.77,65.57,0.4020364825895396,62.824999999999996,58.86,65.57,2.7998482101714783,59.4325,53.74,65.57,4.202754778389259,59.59,53.74,66.76,4.196850786213308
2026-08-11 13:18:43,Delhi,Delhi,"Anand Vihar, Delhi - DPCC",28.6139,77.209,68.53,112.18,49.17,27.95,2.22,60.69,29.02,53.6,5.94,137,1009.0,0.0,127,Moderate,PM25,13,11,1,8,2026,0,2,-0.2588190451025208,-0.9659258262890683,-0.8660254037844384,-0.5000000000000004,172.3788,1.7854763491005996,67.64,65.57,64.77,60.42,53.74,64.43,118.64,92.96,93.66,101.76,79.1,90.29,67.84,22.84,38.0,42.92,52.4,56.91,65.99333333333334,64.77,67.64,1.4810919395273483,64.28833333333334,60.42,67.64,2.6004108649724826,60.54083333333333,53.74,67.64,4.48211893544962,59.73583333333334,53.74,67.64,4.416871720697981
2026-08-11 14:18:43,Delhi,Delhi,"Anand Vihar, Delhi - DPCC",28.6139,77.209,69.72,111.27,28.57,9.5,1.98,54.46,30.55,49.42,8.44,122,1012.1,0.0,131,Moderate,PM25,14,11,1,8,2026,0,2,-0.4999999999999997,-0.8660254037844388,-0.8660254037844384,-0.5000000000000004,257.842,1.5664025356576863,68.53,67.64,65.57,62.09,55.6,66.76,112.18,118.64,92.96,105.81,99.25,96.95,49.17,67.84,22.84,45.91,29.19,58.34,67.24666666666668,65.57,68.53,1.5186946149021396,65.64,62.09,68.53,2.274924174560577,61.77333333333333,55.6,68.53,4.475489477208809,59.906666666666666,53.74,68.53,4.677899627774872
2026-08-11 15:18:43,Delhi,Delhi,"Anand Vihar, Delhi - DPCC",28.6139,77.209,68.6,98.94,57.15,24.73,0.68,50.58,32.35,53.83,6.04,106,1010.0,0.0,127,Moderate,PM25,15,11,1,8,2026,0,2,-0.7071067811865471,-0.7071067811865479,-0.8660254037844384,-0.5000000000000004,195.394,1.6140929535232382,69.72,68.53,67.64,65.24,56.45,63.88,111.27,112.18,118.64,93.09,89.16,100.37,28.57,49.17,67.84,48.03,59.41,51.88,68.63000000000001,67.64,69.72,1.0435995400532085,66.91166666666666,64.77,69.72,2.0108447644377394,62.949999999999996,56.45,69.72,4.560253182764049,60.03,53.74,69.72,4.900183670027075
2026-08-11 16:18:43,Delhi,Delhi,"Anand Vihar, Delhi - DPCC",28.6139,77.209,67.25,107.43,28.6,11.64,1.16,59.91,32.63,54.15,6.97,253,1013.2,0.0,122,Moderate,PM25,16,11,1,8,2026,0,2,-0.8660254037844384,-0.5000000000000004,-0.8660254037844384,-0.5000000000000004,227.43110000000001,1.6101694915254237,68.6,69.72,68.53,64.77,57.65,60.51,98.94,111.27,112.18,93.66,92.53,106.05,57.15,28.57,49.17,38.0,26.76,26.76,68.95,68.53,69.72,0.6677574409912878,67.47166666666668,64.77,69.72,1.9179094521552902,63.9625,57.65,69.72,4.328821223129754,60.22666666666667,53.74,69.72,5.149780634134827
2026-08-11 17:18:43,Delhi,Delhi,"Anand Vihar, Delhi - DPCC",28.6139,77.209,64.8,98.02,32.62,11.68,0.65,49.21,31.45,52.62,10.03,101,1009.4,0.0,114,Moderate,PM25,17,11,1,8,2026,0,2,-0.9659258262890683,-0.25881904510252063,-0.8660254037844384,-0.5000000000000004,315.4435,1.6215716486902925,67.25,68.6,69.72,65.57,58.46,60.56,107.43,98.94,111.27,92.96,88.51,89.74,28.6,57.15,28.57,22.84,76.11,44.94,68.52333333333334,67.25,69.72,1.2367834625885867,67.88499999999999,65.57,69.72,1.4224591382531504,64.7625,58.46,69.72,3.924348527289167,60.5075,53.74,69.72,5.345943809786181
2026-08-11 18:18:43,Delhi,Delhi,"Anand Vihar, Delhi - DPCC",28.6139,77.209,63.5,99.72,31.41,13.98,1.57,34.21,31.31,54.65,8.84,215,1009.7,0.0,110,Moderate,PM25,18,11,1,8,2026,0,2,-1.0,-1.8369701987210297e-16,-0.8660254037844384,-0.5000000000000004,276.7804,1.6914268028474155,64.8,67.25,68.6,67.64,58.86,59.12,98.02,107.43,98.94,118.64,98.87,87.54,32.62,28.6,57.15,67.84,21.64,22.52,66.88333333333334,64.8,68.6,1.9263523388344093,67.75666666666666,64.8,69.72,1.6838131329415897,65.29083333333332,58.86,69.72,3.388964600081607,60.68416666666666,53.74,69.72,5.417336837025823
2026-08-11 19:18:43,Delhi,Delhi,"Anand Vihar, Delhi - DPCC",28.6139,77.209,61.3,95.7,90.17,15.91,1.81,5.83,28.85,65.66,10.88,127,1009.7,0.0,110,Moderate,NO2,19,11,1,8,2026,0,2,-0.9659258262890684,0.2588190451025203,-0.8660254037844384,-0.5000000000000004,313.88800000000003,2.1996649916247906,63.5,64.8,67.25,68.53,60.42,58.12,99.72,98.02,107.43,112.18,101.76,84.73,31.41,32.62,28.6,49.17,42.92,72.34,65.18333333333334,63.5,67.25,1.904162107944862,67.06666666666666,63.5,69.72,2.425907390373061,65.6775,60.42,69.72,2.8024863149451273,60.86666666666667,53.74,69.72,5.436096478865696
2026-08-11 20:18:43,Delhi,Delhi,"Anand Vihar, Delhi - DPCC",28.6139,77.209,60.17,91.59,48.25,27.33,2.25,7.44,29.45,68.6,8.77,296,1014.6,0.0,210,Poor,PM25,20,11,1,8,2026,0,2,-0.8660254037844386,0.5000000000000001,-0.8660254037844384,-0.5000000000000004,258.2765,2.2528735632183907,61.3,63.5,64.8,69.72,62.09,55.65,95.7,99.72,98.02,111.27,105.81,97.16,90.17,31.41,32.62,28.57,45.91,35.2,63.20000000000001,61.3,64.8,1.7691806012953977,65.86166666666666,61.3,69.72,3.2195056556351553,65.75083333333333,61.3,69.72,2.660312552838115,60.99916666666666,53.74,69.72,5.404903503676798
2026-08-11 21:18:43,Delhi,Delhi,"Anand Vihar, Delhi - DPCC",28.6139,77.209,59.73,104.9,65.07,34.06,2.71,0.0,27.94,75.71,11.97,77,1009.4,12.0,109,Moderate,CO,21,11,1,8,2026,0,2,-0.7071067811865477,0.7071067811865474,-0.8660254037844384,-0.5000000000000004,334.44180000000006,2.616102280580511,60.17,61.3,63.5,68.6,65.24,55.79,91.59,95.7,99.72,98.94,93.09,95.61,48.25,90.17,31.41,57.15,48.03,36.15,61.65666666666667,60.17,63.5,1.6934087909697026,64.27,60.17,68.6,3.2904103087609347,65.59083333333332,60.17,69.72,2.943200046743631,61.1875,53.74,69.72,5.2878912127861115
2026-08-11 22:18:43,Delhi,Delhi,"Anand Vihar, Delhi - DPCC",28.6139,77.209,59.1,97.11,60.42,15.88,1.61,0.0,22.3,83.37,7.75,223,1008.3,0.0,98,Satisfactory,PM25,22,11,1,8,2026,0,2,-0.5000000000000004,0.8660254037844384,-0.8660254037844384,-0.5000000000000004,172.82500000000002,3.578111587982833,59.73,60.17,61.3,67.25,64.77,54.18,104.9,91.59,95.7,107.43,93.66,96.19,65.07,48.25,90.17,28.6,38.0,47.53,60.400000000000006,59.73,61.3,0.8098765338002444,62.79166666666666,59.73,67.25,2.9286134375617157,65.13166666666666,59.73,69.72,3.397632419878045,61.35166666666667,53.74,69.72,5.172946907725286
2026-08-11 23:18:43,Delhi,Delhi,"Anand Vihar, Delhi - DPCC",28.6139,77.209,57.31,93.32,20.46,25.63,2.05,0.0,19.67,85.99,6.49,89,1014.7,6.7,202,Poor,CO,23,11,1,8,2026,0,2,-0.25881904510252157,0.9659258262890681,-0.8660254037844384,-0.5000000000000004,127.65830000000001,4.160135462022254,59.1,59.73,60.17,64.8,65.57,53.83,97.11,104.9,91.59,98.02,92.96,76.1,60.42,65.07,48.25,32.62,22.84,59.19,59.66666666666668,59.1,60.17,0.537804177497463,61.43333333333334,59.1,64.8,2.261200271242505,64.65916666666666,59.1,69.72,3.820448470422272,61.556666666666665,53.74,69.72,4.9698846690026945
2026-08-12 00:18:43,Delhi,Delhi,"Anand Vihar, Delhi - DPCC",28.6139,77.209,56.61,97.88,78.34,18.46,1.28,15.77,20.06,93.29,4.77,56,1013.2,4.3,98,Satisfactory,PM10,0,12,2,8,2026,0,2,0.0,1.0,-0.8660254037844384,-0.5000000000000004,95.68619999999999,4.429724596391264,57.31,59.1,59.73,63.5,67.64,54.34,93.32,97.11,104.9,99.72,118.64,88.56,20.46,60.42,65.07,31.41,67.84,22.91,58.713333333333345,57.31,59.73,1.2554813154061017,60.185,57.31,63.5,2.0920109942351237,63.97083333333333,57.31,69.72,4.3489715781871086,61.701666666666675,53.74,69.72,4.781861259117505
2026-08-12 01:18:43,Delhi,Delhi,"Anand Vihar, Delhi - DPCC",28.6139,77.209,54.57,92.3,79.75,29.52,1.35,37.51,19.35,95.33,7.18,302,1014.8,0.0,100,Satisfactory,NO2,1,12,2,8,2026,0,2,0.25881904510252074,0.9659258262890683,-0.8660254037844384,-0.5000000000000004,138.933,4.684520884520884,56.61,57.31,59.1,61.3,68.53,53.74,97.88,93.32,97.11,95.7,112.18,79.1,78.34,20.46,60.42,90.17,49.17,52.4,57.673333333333346,56.61,59.1,1.2841469282500226,59.03666666666667,56.61,61.3,1.7754961747825324,63.05166666666667,56.61,69.72,4.6576405133410415,61.79624999999999,53.74,69.72,4.650566877554633
2026-08-12 02:18:43,Delhi,Delhi,"Anand Vihar, Delhi - DPCC",28.6139,77.209,56.89,100.93,35.4,24.5,1.31,20.42,18.68,98.0,3.4,317,1010.5,0.0,95,Satisfactory,PM25,2,12,2,8,2026,0,2,0.49999999999999994,0.8660254037844387,-0.8660254037844384,-0.5000000000000004,63.512,4.979674796747967,54.57,56.61,57.31,60.17,69.72,55.6,92.3,97.88,93.32,91.59,111.27,99.25,79.75,78.34,20.46,48.25,28.57,29.19,56.16333333333335,54.57,57.31,1.423563603543642,57.915,54.57,60.17,2.1466974635474,61.88833333333333,54.57,69.72,4.901912119188111,61.830833333333324,54.57,69.72,4.590754334781854
2026-08-12 03:18:43,Delhi,Delhi,"Anand Vihar, Delhi - DPCC",28.6139,77.209,55.51,97.78,41.77,11.38,0.92,37.27,19.7,98.0,1.93,255,1012.3,0.0,98,Satisfactory,PM10,3,12,2,8,2026,0,2,0.7071067811865475,0.7071067811865476,-0.8660254037844384,-0.5000000000000004,38.021,4.734299516908213,56.89,54.57,56.61,59.73,68.6,56.45,100.93,92.3,97.88,104.9,98.94,89.16,35.4,79.75,78.34,65.07,57.15,59.41,56.02333333333334,54.57,56.89,1.266385933803031,57.36833333333333,54.57,59.73,1.8554828661746114,60.81916666666667,54.57,68.6,4.413276371737258,61.88458333333333,54.57,69.72,4.52166185221724
2026-08-12 04:18:43,Delhi,Delhi,"Anand Vihar, Delhi - DPCC",28.6139,77.209,56.35,91.1,39.64,26.95,1.57,22.19,17.59,98.0,1.24,213,1012.0,0.0,94,Satisfactory,PM25,4,12,2,8,2026,0,2,0.8660254037844386,0.5000000000000001,-0.8660254037844384,-0.5000000000000004,21.8116,5.27165142549758,55.51,56.89,54.57,59.1,67.25,57.65,97.78,100.93,92.3,97.11,107.43,92.53,41.77,35.4,79.75,60.42,28.6,26.76,55.65666666666667,54.57,56.89,1.1669333028644875,56.665,54.57,59.1,1.5570452787253646,59.72833333333333,54.57,67.25,3.903541127404011,61.845416666666665,54.57,69.72,4.574544861339251
2026-08-12 05:18:43,Delhi,Delhi,"Anand Vihar, Delhi - DPCC",28.6139,77.209,55.73,92.82,45.76,30.92,2.31,33.11,18.46,98.0,5.31,22,1012.6,0.0,104,Moderate,CO,5,12,2,8,2026,0,2,0.9659258262890683,0.25881904510252074,-0.8660254037844384,-0.5000000000000004,98.0226,5.0359712230215825,56.35,55.51,56.89,57.31,64.8,58.46,91.1,97.78,100.93,93.32,98.02,88.51,39.64,41.77,35.4,20.46,32.62,76.11,56.25000000000001,55.51,56.89,0.695413546029135,56.20666666666667,54.57,57.31,1.0031483771943464,58.82,54.57,64.8,3.1987327036019,61.79125,54.57,69.72,4.633696348254345
2026-08-12 06:18:43,Delhi,Delhi,"Anand Vihar, Delhi - DPCC",28.6139,77.209,54.32,96.24,34.97,16.55,2.72,35.25,18.48,94.9,1.02,199,1011.8,0.0,109,Moderate,CO,6,12,2,8,2026,0,2,1.0,6.123233995736766e-17,-0.8660254037844384,-0.5000000000000004,18.849600000000002,4.871663244353183,55.73,56.35,55.51,56.61,63.5,58.86,92.82,91.1,97.78,97.88,99.72,98.87,45.76,39.64,41.77,78.34,31.41,21.64,55.863333333333344,55.51,56.35,0.4355838993055164,55.94333333333333,54.57,56.89,0.8515084654116309,58.064166666666665,54.57,63.5,2.688072842402558,61.6775,54.57,69.72,4.75105137105824
2026-08-12 07:18:43,Delhi,Delhi,"Anand Vihar, Delhi - DPCC",28.6139,77.209,55.62,92.37,37.43,34.3,1.59,17.79,20.36,84.08,4.27,53,1011.0,0.0,93,Satisfactory,PM25,7,12,2,8,2026,0,2,0.9659258262890683,-0.25881904510252063,-0.8660254037844384,-0.5000000000000004,86.93719999999999,3.9363295880149813,54.32,55.73,56.35,54.57,61.3,60.42,96.24,92.82,91.1,92.3,95.7,101.76,34.97,45.76,39.64,79.75,90.17,42.92,55.466666666666676,54.32,56.35,1.0403044426196832,55.56166666666667,54.32,56.89,0.9941914637873827,57.29916666666667,54.32,61.3,2.2749803528958923,61.48833333333334,54.32,69.72,4.954150360768342
2026-08-12 08:18:43,Delhi,Delhi,"Anand Vihar, Delhi - DPCC",28.6139,77.209,55.47,87.52,35.73,11.59,2.97,39.45,21.39,81.85,1.21,347,1009.1,0.0,112,Moderate,CO,8,12,2,8,2026,0,2,0.8660254037844387,-0.4999999999999998,-0.8660254037844384,-0.5000000000000004,25.8819,3.655649843680214,55.62,54.32,55.73,56.89,60.17,62.09,92.37,96.24,92.82,100.93,91.59,105.81,37.43,34.97,45.76,35.4,48.25,45.91,55.223333333333336,54.32,55.73,0.7842406093376447,55.73666666666666,54.32,56.89,0.8692908987604131,56.82583333333333,54.32,60.17,1.931915951180603,61.288333333333334,54.32,69.72,5.094067023565689
2026-08-12 09:18:43,Delhi,Delhi,"Anand Vihar, Delhi - DPCC",28.6139,77.209,57.88,84.55,58.61,9.52,2.05,45.26,25.63,81.06,4.78,117,1009.1,12.4,202,Poor,CO,9,12,2,8,2026,0,2,0.7071067811865476,-0.7071067811865475,-0.8660254037844384,-0.5000000000000004,122.5114,3.043935411190387,55.47,55.62,54.32,55.51,59.73,65.24,87.52,92.37,96.24,97.78,104.9,93.09,35.73,37.43,34.97,41.77,65.07,48.03,55.13666666666668,54.32,55.62,0.7112196097790692,55.5,54.32,56.35,0.660787409081797,56.43416666666667,54.32,59.73,1.647844091993245,61.012499999999996,54.32,69.72,5.226284947056164
2026-08-12 10:18:43,Delhi,Delhi,"Anand Vihar, Delhi - DPCC",28.6139,77.209,58.24,91.28,68.09,22.54,1.26,42.25,28.03,70.29,3.73,209,1013.0,0.0,97,Satisfactory,PM25,10,12,2,8,2026,0,2,0.49999999999999994,-0.8660254037844387,-0.8660254037844384,-0.5000000000000004,104.5519,2.4212883224250774,57.88,55.47,55.62,56.35,59.1,64.77,84.55,87.52,92.37,91.1,97.11,93.66,58.61,35.73,37.43,39.64,60.42,38.0,56.323333333333345,55.47,57.88,1.3501975164153417,55.895,54.32,57.88,1.1756997916139198,56.28,54.32,59.1,1.375499909124652,60.705833333333324,54.32,69.72,5.183196023159127
2026-08-12 11:18:43,Delhi,Delhi,"Anand Vihar, Delhi - DPCC",28.6139,77.209,59.83,84.6,67.5,31.86,2.11,50.02,27.02,61.63,4.07,300,1010.4,4.5,125,Moderate,O3,11,12,2,8,2026,0,2,0.258819045102521,-0.9659258262890682,-0.8660254037844384,-0.5000000000000004,109.9714,2.1995003568879374,58.24,57.88,55.47,55.73,57.31,65.57,91.28,84.55,87.52,92.82,93.32,92.96,68.09,58.61,35.73,45.76,20.46,22.84,57.19666666666668,55.47,58.24,1.5061319110005107,56.21,54.32,58.24,1.5236797563796003,56.208333333333336,54.32,58.24,1.2299137688430921,60.433749999999996,54.32,69.72,5.131713683175129
2026-08-12 12:18:43,Delhi,Delhi,"Anand Vihar, Delhi - DPCC",28.6139,77.209,61.45,99.29,28.92,17.41,1.88,70.05,31.07,55.55,5.96,201,1009.2,0.0,102,Moderate,PM25,12,12,2,8,2026,0,2,1.2246467991473532e-16,-1.0,-0.8660254037844384,-0.5000000000000004,185.1772,1.7321484253196133,59.83,58.24,57.88,54.32,56.61,67.64,84.6,91.28,84.55,96.24,97.88,118.64,67.5,68.09,58.61,34.97,78.34,67.84,58.65000000000001,57.88,59.83,1.0376415566083195,56.893333333333324,54.32,59.83,2.082322421400593,56.41833333333333,54.32,59.83,1.5958231465777821,60.194583333333334,54.32,69.72,5.014343755378306
2026-08-12 13:18:43,Delhi,Delhi,"Anand Vihar, Delhi - DPCC",28.6139,77.209,61.31,95.62,55.59,22.72,1.14,72.28,30.78,50.47,7.93,181,1014.7,0.0,102,Moderate,PM25,13,12,2,8,2026,0,2,-0.2588190451025208,-0.9659258262890683,-0.8660254037844384,-0.5000000000000004,244.0854,1.5881057268722465,61.45,59.83,58.24,55.62,54.57,68.53,99.29,84.6,91.28,92.37,92.3,112.18,28.92,67.5,68.09,37.43,79.75,49.17,59.84000000000001,58.24,61.45,1.605023364316047,58.08166666666667,55.47,61.45,2.338746815426497,56.821666666666665,54.32,61.45,2.1604285489581314,59.93666666666667,54.32,69.72,4.767868602897187
2026-08-12 14:18:43,Delhi,Delhi,"Anand Vihar, Delhi - DPCC",28.6139,77.209,63.35,93.25,45.96,17.25,2.7,54.34,35.59,53.01,8.43,284,1014.8,0.0,109,Moderate,PM25,14,12,2,8,2026,0,2,-0.4999999999999997,-0.8660254037844388,-0.8660254037844384,-0.5000000000000004,300.0237,1.4487564908444928,61.31,61.45,59.83,55.47,56.89,69.72,95.62,99.29,84.6,87.52,100.93,111.27,55.59,28.92,67.5,35.73,35.4,28.57,60.863333333333344,59.83,61.45,0.8976264999060699,59.029999999999994,55.47,61.45,2.2941229260876317,57.383333333333326,54.32,61.45,2.386162127134577,59.63583333333333,54.32,69.72,4.416952438116105
2026-08-12 15:18:43,Delhi,Delhi,"Anand Vihar, Delhi - DPCC",28.6139,77.209,64.44,97.73,29.89,27.07,2.01,65.29,32.24,50.53,8.63,282,1014.9,0.0,201,Poor,CO,15,12,2,8,2026,0,2,-0.7071067811865471,-0.7071067811865479,-0.8660254037844384,-0.5000000000000004,278.23120000000006,1.520156438026474,63.35,61.31,61.45,57.88,55.51,68.6,93.25,95.62,99.29,84.55,97.78,98.94,45.96,55.59,28.92,58.61,41.77,57.15,62.03666666666668,61.31,63.35,1.1395320677073921,60.343333333333334,57.88,63.35,2.0954585814726796,57.92166666666666,54.32,63.35,2.931204633945268,59.370416666666664,54.32,68.6,3.951508769820862
2026-08-12 16:18:43,Delhi,Delhi,"Anand Vihar, Delhi - DPCC",28.6139,77.209,64.08,97.85,55.89,18.53,1.49,53.88,32.35,55.06,8.46,5,1010.3,0.0,112,Moderate,PM25,16,12,2,8,2026,0,2,-0.8660254037844384,-0.5000000000000004,-0.8660254037844384,-0.5000000000000004,273.68100000000004,1.6509745127436282,64.44,63.35,61.31,58.24,56.35,67.25,97.73,93.25,95.62,91.28,91.1,107.43,29.89,45.96,55.59,68.09,39.64,28.6,63.03333333333334,61.31,64.44,1.5888465417822377,61.43666666666667,58.24,64.44,2.25819101642608,58.66583333333333,54.32,64.44,3.3647732824702614,59.19708333333333,54.32,67.25,3.6051056538418584
2026-08-12 17:18:43,Delhi,Delhi,"Anand Vihar, Delhi - DPCC",28.6139,77.209,62.03,102.56,61.31,25.78,1.93,36.16,33.59,56.4,7.37,22,1014.1,0.0,104,Moderate,PM25,17,12,2,8,2026,0,2,-0.9659258262890683,-0.25881904510252063,-0.8660254037844384,-0.5000000000000004,247.55830000000003,1.6305290546400693,64.08,64.44,63.35,59.83,55.73,64.8,97.85,97.73,93.25,84.6,92.82,98.02,55.89,29.89,45.96,67.5,45.76,32.62,63.95666666666668,63.35,64.44,0.5553677460325596,62.41,59.83,64.44,1.8210656221017292,59.309999999999995,54.32,64.44,3.6119674819840806,59.065,54.32,64.8,3.3459956599675955
2026-08-12 18:18:43,Delhi,Delhi,"Anand Vihar, Delhi - DPCC",28.6139,77.209,61.88,109.71,36.3,28.05,0.78,28.08,27.78,57.73,12.0,221,1014.4,0.0,107,Moderate,PM10,18,12,2,8,2026,0,2,-1.0,-1.8369701987210297e-16,-0.8660254037844384,-0.5000000000000004,333.36,2.005906879777623,62.03,64.08,64.44,61.45,54.32,63.5,102.56,97.85,97.73,99.29,96.24,99.72,61.31,55.89,29.89,28.92,34.97,31.41,63.51666666666668,62.03,64.44,1.3000128204496022,62.77666666666667,61.31,64.44,1.3610829022022912,59.83500000000001,54.32,64.44,3.5004402320541117,58.94958333333333,54.32,64.44,3.183395069209435
2026-08-12 19:18:43,Delhi,Delhi,"Anand Vihar, Delhi - DPCC",28.6139,77.209,61.3,101.34,83.22,34.44,2.85,21.87,31.53,63.23,9.94,264,1013.4,0.0,110,Moderate,CO,19,12,2,8,2026,0,2,-0.9659258262890684,0.2588190451025203,-0.8660254037844384,-0.5000000000000004,313.4082,1.9437442360897632,61.88,62.03,64.08,61.31,55.62,61.3,109.71,102.56,97.85,95.62,92.37,95.7,36.3,61.31,55.89,55.59,37.43,90.17,62.66333333333335,61.88,64.08,1.22915960449952,62.848333333333336,61.31,64.44,1.2865366946447387,60.465,55.47,64.44,3.0716874249123634,58.882083333333334,54.32,64.44,3.09876410029477
2026-08-12 20:18:43,Delhi,Delhi,"Anand Vihar, Delhi - DPCC",28.6139,77.209,60.61,101.18,53.8,26.94,1.95,0.0,25.26,67.45,9.58,245,1011.1,0.0,211,Poor,PM25,20,12,2,8,2026,0,2,-0.8660254037844386,0.5000000000000001,-0.8660254037844384,-0.5000000000000004,241.9908,2.5685453160700686,61.3,61.88,62.03,63.35,55.47,60.17,101.34,109.71,102.56,93.25,87.52,91.59,83.22,36.3,61.31,45.96,35.73,48.25,61.73666666666668,61.3,62.03,0.38552993831027177,62.846666666666664,61.3,64.44,1.2889323747456318,60.93833333333333,55.47,64.44,2.668376535149108,58.882083333333334,54.32,64.44,3.09876410029477
2026-08-12 21:18:43,Delhi,Delhi,"Anand Vihar, Delhi - DPCC",28.6139,77.209,58.95,97.86,39.32,9.11,1.69,0.0,22.03,73.17,8.0,353,1010.6,0.0,98,Satisfactory,PM25,21,12,2,8,2026,0,2,-0.7071067811865477,0.7071067811865474,-0.8660254037844384,-0.5000000000000004,176.24,3.1771602257924445,60.61,61.3,61.88,64.44,57.88,59.73,101.18,101.34,109.71,97.73,84.55,104.9,53.8,83.22,36.3,29.89,58.61,65.07,61.26333333333335,60.61,61.88,0.6357934675140711,62.38999999999999,60.61,64.44,1.5365415711918642,61.36666666666667,57.88,64.44,2.0521843499212142,58.900416666666665,54.32,64.44,3.108002964531488
2026-08-12 22:18:43,Delhi,Delhi,"Anand Vihar, Delhi - DPCC",28.6139,77.209,58.72,98.73,21.37,15.95,1.83,4.87,22.69,82.13,7.21,108,1014.2,0.0,99,Satisfactory,PM10,22,12,2,8,2026,0,2,-0.5000000000000004,0.8660254037844384,-0.8660254037844384,-0.5000000000000004,163.5949,3.466863655550865,58.95,60.61,61.3,64.08,58.24,59.1,97.86,101.18,101.34,97.85,91.28,97.11,39.32,53.8,83.22,55.89,68.09,60.42,60.28666666666668,58.95,61.3,1.2079045216132127,61.475,58.95,64.08,1.6977956296329646,61.45583333333334,58.24,64.44,1.904876318263137,58.867916666666666,54.32,64.44,3.1030251427006164
2026-08-12 23:18:43,Delhi,Delhi,"Anand Vihar, Delhi - DPCC",28.6139,77.209,55.95,78.59,57.27,18.97,1.29,4.64,20.37,92.42,7.2,63,1008.1,0.0,93,Satisfactory,PM25,23,12,2,8,2026,0,2,-0.25881904510252157,0.9659258262890681,-0.8660254037844384,-0.5000000000000004,146.66400000000002,4.324754328497894,58.72,58.95,60.61,62.03,59.83,57.31,98.73,97.86,101.18,102.56,84.6,93.32,21.37,39.32,53.8,61.31,67.5,20.46,59.42666666666668,58.72,60.61,1.0312290401912303,60.58166666666667,58.72,62.03,1.4441802749890689,61.49583333333333,58.72,64.44,1.8349657333108902,58.85208333333333,54.32,64.44,3.102758911407578
2026-08-13 00:18:43,Delhi,Delhi,"Anand Vihar, Delhi - DPCC",28.6139,77.209,55.14,96.84,46.04,16.4,2.62,25.17,22.49,91.25,6.09,285,1013.8,5.7,108,Moderate,CO,0,13,3,8,2026,0,2,0.0,1.0,-0.8660254037844384,-0.5000000000000004,136.96409999999997,3.8846317581949767,55.95,58.72,58.95,61.88,61.45,56.61,78.59,98.73,97.86,109.71,99.29,97.88,57.27,21.37,39.32,36.3,28.92,78.34,57.873333333333356,55.95,58.95,1.6696207154123,59.56833333333333,55.95,61.88,2.1735631269110973,61.17250000000001,55.95,64.44,2.407654932237644,58.79541666666666,54.32,64.44,3.1442880982708705
2026-08-13 01:18:43,Delhi,Delhi,"Anand Vihar, Delhi - DPCC",28.6139,77.209,55.73,86.8,30.77,8.09,1.33,24.46,17.61,95.79,5.36,274,1014.4,0.0,93,Satisfactory,PM25,1,13,3,8,2026,0,2,0.25881904510252074,0.9659258262890683,-0.8660254037844384,-0.5000000000000004,94.3896,5.147232670607201,55.14,55.95,58.72,61.3,61.31,54.57,96.84,78.59,98.73,101.34,95.62,92.3,46.04,57.27,21.37,83.22,55.59,79.75,56.603333333333346,55.14,58.72,1.8772941520534299,58.445,55.14,61.3,2.462395175434061,60.64666666666667,55.14,64.44,2.9658797049515506,58.734166666666674,54.32,64.44,3.2024894076011288
2026-08-13 02:18:43,Delhi,Delhi,"Anand Vihar, Delhi - DPCC",28.6139,77.209,54.23,85.83,28.0,22.13,2.22,28.83,16.99,96.97,2.6,229,1012.1,0.0,102,Moderate,CO,2,13,3,8,2026,0,2,0.49999999999999994,0.8660254037844387,-0.8660254037844384,-0.5000000000000004,44.174,5.390216787103947,55.73,55.14,55.95,60.61,63.35,56.89,86.8,96.84,78.59,101.18,93.25,100.93,30.77,46.04,57.27,53.8,45.96,35.4,55.60666666666668,55.14,55.95,0.4188476254368779,57.51666666666666,55.14,60.61,2.207547658979905,60.18166666666667,55.14,64.44,3.273860199529259,58.7825,54.32,64.44,3.145149820168296
2026-08-13 03:18:43,Delhi,Delhi,"Anand Vihar, Delhi - DPCC",28.6139,77.209,54.44,79.75,27.37,34.07,1.22,37.71,18.82,94.75,1.61,252,1008.1,0.0,91,Satisfactory,PM25,3,13,3,8,2026,0,2,0.7071067811865475,0.7071067811865476,-0.8660254037844384,-0.5000000000000004,30.300200000000004,4.7805247225025225,54.23,55.73,55.14,58.95,64.44,55.51,85.83,86.8,96.84,97.86,97.73,97.78,28.0,30.77,46.04,39.32,29.89,41.77,55.03333333333335,54.23,55.73,0.755667475371385,56.45333333333334,54.23,58.95,1.9398831579937268,59.421666666666674,54.23,64.44,3.5207510390240833,58.67166666666666,54.23,64.44,3.2595287291619672
2026-08-13 04:18:43,Delhi,Delhi,"Anand Vihar, Delhi - DPCC",28.6139,77.209,56.04,90.32,41.87,15.18,1.9,18.79,16.67,96.68,1.52,218,1010.6,0.0,94,Satisfactory,CO,4,13,3,8,2026,0,2,0.8660254037844386,0.5000000000000001,-0.8660254037844384,-0.5000000000000004,25.338400000000004,5.471420486700622,54.44,54.23,55.73,58.72,64.08,56.35,79.75,85.83,86.8,98.73,97.85,91.1,27.37,28.0,30.77,21.37,55.89,39.64,54.80000000000001,54.23,55.73,0.8122191822413755,55.70166666666666,54.23,58.72,1.6276291551418423,58.58833333333333,54.23,64.08,3.4065787511637278,58.62708333333333,54.23,64.44,3.311556154841259
2026-08-13 05:18:43,Delhi,Delhi,"Anand Vihar, Delhi - DPCC",28.6139,77.209,57.39,97.9,44.32,28.2,2.69,27.48,18.26,94.4,2.4,321,1009.7,8.3,108,Moderate,CO,5,13,3,8,2026,0,2,0.9659258262890683,0.25881904510252074,-0.8660254037844384,-0.5000000000000004,43.824000000000005,4.90134994807892,56.04,54.44,54.23,55.95,62.03,55.73,90.32,79.75,85.83,78.59,102.56,92.82,41.87,27.37,28.0,57.27,61.31,45.76,54.90333333333334,54.23,56.04,0.9899663293941761,55.254999999999995,54.23,56.04,0.781402585100087,57.91833333333333,54.23,62.03,2.9939540086751775,58.61416666666667,54.23,64.44,3.321413942842793
2026-08-13 06:18:43,Delhi,Delhi,"Anand Vihar, Delhi - DPCC",28.6139,77.209,58.11,99.56,70.18,20.27,1.9,28.35,21.02,92.99,2.8,333,1009.5,0.0,100,Satisfactory,PM10,6,13,3,8,2026,0,2,1.0,6.123233995736766e-17,-0.8660254037844384,-0.5000000000000004,58.855999999999995,4.22297910990009,57.39,56.04,54.44,55.14,61.88,54.32,97.9,90.32,79.75,96.84,109.71,96.24,44.32,41.87,27.37,46.04,36.3,34.97,55.956666666666685,54.44,57.39,1.4767644813354965,55.495000000000005,54.23,57.39,1.1646930926218666,57.531666666666666,54.23,61.88,2.6998411850040456,58.68333333333334,54.23,64.44,3.275711229331938
2026-08-13 07:18:43,Delhi,Delhi,"Anand Vihar, Delhi - DPCC",28.6139,77.209,59.43,103.99,39.61,11.46,0.75,26.19,19.83,86.13,1.14,295,1010.7,0.0,103,Moderate,PM10,7,13,3,8,2026,0,2,0.9659258262890683,-0.25881904510252063,-0.8660254037844384,-0.5000000000000004,22.606199999999998,4.13490158425348,58.11,57.39,56.04,55.73,61.3,55.62,99.56,97.9,90.32,86.8,101.34,92.37,70.18,44.32,41.87,30.77,83.22,37.43,57.180000000000014,56.04,58.11,1.0508567932885355,55.98999999999999,54.23,58.11,1.5507804486777172,57.217499999999994,54.23,61.3,2.343707726891855,58.841249999999995,54.23,64.44,3.144961895808479
2026-08-13 08:18:43,Delhi,Delhi,"Anand Vihar, Delhi - DPCC",28.6139,77.209,63.01,92.16,90.23,25.38,1.7,18.08,22.96,82.69,2.28,211,1010.7,0.0,110,Moderate,NO2,8,13,3,8,2026,0,2,0.8660254037844387,-0.4999999999999998,-0.8660254037844384,-0.5000000000000004,52.3488,3.451168614357262,59.43,58.11,57.39,54.23,60.61,55.47,103.99,99.56,97.9,85.83,101.18,87.52,39.61,70.18,44.32,28.0,53.8,35.73,58.31000000000001,57.39,59.43,1.0346013725104777,56.60666666666666,54.23,59.43,2.0740748941799794,57.06166666666667,54.23,60.61,2.0967413389414404,59.0,54.23,64.44,3.070571395628579
2026-08-13 09:18:43,Delhi,Delhi,"Anand Vihar, Delhi - DPCC",28.6139,77.209,64.97,112.18,79.96,18.81,1.28,45.03,28.82,75.79,5.4,320,1011.4,0.0,115,Moderate,PM25,9,13,3,8,2026,0,2,0.7071067811865476,-0.7071067811865475,-0.8660254037844384,-0.5000000000000004,155.62800000000001,2.541582830315225,63.01,59.43,58.11,54.44,58.95,57.88,92.16,103.99,99.56,79.75,97.86,84.55,90.23,39.61,70.18,27.37,39.32,58.61,60.183333333333344,58.11,63.01,2.535376369167646,58.06999999999999,54.44,63.01,2.966985001647453,57.26166666666666,54.23,63.01,2.5346968021421312,59.314166666666665,54.23,64.44,3.0794111755993194
2026-08-13 10:18:43,Delhi,Delhi,"Anand Vihar, Delhi - DPCC",28.6139,77.209,67.37,102.43,20.07,18.25,2.22,39.32,25.78,64.07,4.54,26,1012.3,0.0,123,Moderate,PM25,10,13,3,8,2026,0,2,0.49999999999999994,-0.8660254037844387,-0.8660254037844384,-0.5000000000000004,117.0412,2.392457057505601,64.97,63.01,59.43,56.04,58.72,58.24,112.18,92.16,103.99,90.32,98.73,91.28,79.96,90.23,39.61,41.87,21.37,68.09,62.470000000000006,59.43,64.97,2.80919917414201,59.824999999999996,56.04,64.97,3.46317628774523,57.76333333333333,54.23,64.97,3.3604581217269134,59.60958333333334,54.23,64.97,3.270027893999735
2026-08-13 11:18:43,Delhi,Delhi,"Anand Vihar, Delhi - DPCC",28.6139,77.209,68.67,122.33,59.03,26.17,0.99,55.63,26.4,61.04,2.12,288,1011.2,13.6,127,Moderate,PM25,11,13,3,8,2026,0,2,0.258819045102521,-0.9659258262890682,-0.8660254037844384,-0.5000000000000004,55.967999999999996,2.2277372262773723,67.37,64.97,63.01,57.39,55.95,59.83,102.43,112.18,92.16,97.9,78.59,84.6,20.07,79.96,90.23,44.32,57.27,67.5,65.11666666666667,63.01,67.37,2.1836971707022976,61.71333333333333,57.39,67.37,4.029241450529788,58.484166666666674,54.23,67.37,4.362621101905294,59.99,54.23,67.37,3.616483999928542
2026-08-13 12:18:43,Delhi,Delhi,"Anand Vihar, Delhi - DPCC",28.6139,77.209,69.68,113.51,24.18,22.93,1.87,53.65,30.78,49.91,3.85,224,1009.8,0.0,131,Moderate,PM25,12,13,3,8,2026,0,2,1.2246467991473532e-16,-1.0,-0.8660254037844384,-0.5000000000000004,118.503,1.5704845814977972,68.67,67.37,64.97,58.11,55.14,61.45,122.33,102.43,112.18,99.56,96.84,99.29,59.03,20.07,79.96,70.18,46.04,28.92,67.00333333333334,64.97,68.67,1.8770544300400567,63.593333333333334,58.11,68.67,4.2348915767310125,59.54416666666666,54.23,68.67,5.162831249920226,60.35833333333333,54.23,68.67,4.026416754889873
2026-08-13 13:18:43,Delhi,Delhi,"Anand Vihar, Delhi - DPCC",28.6139,77.209,68.96,99.93,22.24,16.66,1.2,60.17,29.58,53.43,8.37,199,1014.6,0.0,128,Moderate,PM25,13,13,3,8,2026,0,2,-0.2588190451025208,-0.9659258262890683,-0.8660254037844384,-0.5000000000000004,247.58459999999997,1.747220405493787,69.68,68.67,67.37,59.43,55.73,61.31,113.51,122.33,102.43,103.99,86.8,95.62,24.18,59.03,20.07,39.61,30.77,55.59,68.57333333333335,67.37,69.68,1.1580299362852429,65.52166666666668,59.43,69.68,3.855937845280593,60.755833333333335,54.23,69.68,5.712218894350151,60.70125000000001,54.23,69.68,4.451459274655098
2026-08-13 14:18:43,Delhi,Delhi,"Anand Vihar, Delhi - DPCC",28.6139,77.209,69.79,121.03,54.67,8.47,2.74,60.09,33.48,46.22,6.15,152,1009.7,0.0,131,Moderate,PM25,14,13,3,8,2026,0,2,-0.4999999999999997,-0.8660254037844388,-0.8660254037844384,-0.5000000000000004,205.902,1.3404872389791185,68.96,69.68,68.67,63.01,54.23,63.35,99.93,113.51,122.33,92.16,85.83,93.25,22.24,24.18,59.03,90.23,28.0,45.96,69.10333333333335,68.67,69.68,0.5200320502937662,67.11,63.01,69.68,2.6045421862585263,61.85833333333333,54.23,69.68,5.9267281075317655,61.02,54.23,69.68,4.760134269205998
2026-08-13 15:18:43,Delhi,Delhi,"Anand Vihar, Delhi - DPCC",28.6139,77.209,70.15,113.01,39.47,22.14,0.85,46.57,33.14,51.56,9.69,261,1008.5,0.0,132,Moderate,PM25,15,13,3,8,2026,0,2,-0.7071067811865471,-0.7071067811865479,-0.8660254037844384,-0.5000000000000004,321.1266,1.5102519039250146,69.79,68.96,69.68,64.97,54.44,64.44,121.03,99.93,113.51,112.18,79.75,97.73,54.67,22.24,24.18,79.96,27.37,29.89,69.47666666666667,68.96,69.79,0.4508140784543945,68.24,64.97,69.79,1.8236885699044842,63.155,54.44,69.79,5.806977777561381,61.288333333333334,54.23,69.79,5.0687024895466015
2026-08-13 16:18:43,Delhi,Delhi,"Anand Vihar, Delhi - DPCC",28.6139,77.209,68.61,101.36,72.09,10.82,0.6,46.85,32.52,52.29,8.92,331,1008.3,0.0,127,Moderate,PM25,16,13,3,8,2026,0,2,-0.8660254037844384,-0.5000000000000004,-0.8660254037844384,-0.5000000000000004,290.07840000000004,1.5599642004773269,70.15,69.79,68.96,67.37,56.04,64.08,113.01,121.03,99.93,102.43,90.32,97.85,39.47,54.67,22.24,20.07,41.87,55.89,69.63333333333335,68.96,70.15,0.6102731628809055,69.10333333333334,67.37,70.15,1.0111709384010439,64.46416666666667,56.04,70.15,5.421696243014337,61.52625,54.23,70.15,5.349310246068673
2026-08-13 17:18:43,Delhi,Delhi,"Anand Vihar, Delhi - DPCC",28.6139,77.209,66.23,100.73,63.46,12.45,1.75,32.55,31.28,54.89,8.33,34,1011.3,0.0,119,Moderate,PM25,17,13,3,8,2026,0,2,-0.9659258262890683,-0.25881904510252063,-0.8660254037844384,-0.5000000000000004,260.5624,1.7004337050805451,68.61,70.15,69.79,68.67,57.39,62.03,101.36,113.01,121.03,122.33,97.9,102.56,72.09,39.47,54.67,59.03,44.32,61.31,69.5166666666667,68.61,70.15,0.805563984629826,69.31,68.61,70.15,0.6473020933074137,65.51166666666667,57.39,70.15,4.827920375432433,61.715,54.23,70.15,5.520517461568058
2026-08-13 18:18:43,Delhi,Delhi,"Anand Vihar, Delhi - DPCC",28.6139,77.209,64.88,107.44,77.11,34.52,2.04,28.05,32.18,52.6,12.67,355,1012.9,0.0,201,Poor,CO,18,13,3,8,2026,0,2,-1.0,-1.8369701987210297e-16,-0.8660254037844384,-0.5000000000000004,407.7206,1.5852923447860157,66.23,68.61,70.15,69.68,58.11,61.88,100.73,101.36,113.01,113.51,99.56,109.71,63.46,72.09,39.47,24.18,70.18,36.3,68.33000000000001,66.23,70.15,1.9749430371531052,68.90333333333334,66.23,70.15,1.4268520128825093,66.24833333333333,58.11,70.15,4.094779011316184,61.89000000000001,54.23,70.15,5.596977445169729
2026-08-13 19:18:43,Delhi,Delhi,"Anand Vihar, Delhi - DPCC",28.6139,77.209,62.19,97.39,47.89,25.03,1.56,8.88,27.94,65.49,10.25,168,1010.9,0.0,105,Moderate,PM25,19,13,3,8,2026,0,2,-0.9659258262890684,0.2588190451025203,-0.8660254037844384,-0.5000000000000004,286.385,2.262957843814789,64.88,66.23,68.61,68.96,59.43,61.3,107.44,100.73,101.36,99.93,103.99,101.34,77.11,63.46,72.09,22.24,39.61,83.22,66.57333333333334,64.88,68.61,1.8885532381516608,68.10333333333334,64.88,70.15,2.093969117887593,66.81250000000001,59.43,70.15,3.251011381093632,62.01499999999999,54.23,70.15,5.630146341444995
2026-08-13 20:18:43,Delhi,Delhi,"Anand Vihar, Delhi - DPCC",28.6139,77.209,59.47,88.34,69.31,26.83,2.58,0.8,25.14,66.38,11.2,54,1010.4,0.0,107,Moderate,CO,20,13,3,8,2026,0,2,-0.8660254037844386,0.5000000000000001,-0.8660254037844384,-0.5000000000000004,281.568,2.5394032134659525,62.19,64.88,66.23,69.79,63.01,60.61,97.39,107.44,100.73,121.03,92.16,101.18,47.89,77.11,63.46,54.67,90.23,53.8,64.43333333333335,62.19,66.23,2.056704483715008,66.97500000000001,62.19,70.15,3.1150714277525617,67.0425,62.19,70.15,2.7384671392455244,62.052083333333336,54.23,70.15,5.628162862794966
2026-08-13 21:18:43,Delhi,Delhi,"Anand Vihar, Delhi - DPCC",28.6139,77.209,58.37,101.87,37.59,20.16,1.1,0.0,23.6,79.11,8.73,51,1013.7,0.0,102,Moderate,PM10,21,13,3,8,2026,0,2,-0.7071067811865477,0.7071067811865474,-0.8660254037844384,-0.5000000000000004,206.02800000000002,3.2158536585365853,59.47,62.19,64.88,70.15,64.97,58.95,88.34,97.39,107.44,113.01,112.18,97.86,69.31,47.89,77.11,39.47,79.96,39.32,62.18000000000001,59.47,64.88,2.705013863180812,65.255,59.47,70.15,3.9791644851652643,66.7475,59.47,70.15,3.337508937679603,62.004583333333336,54.23,70.15,5.64564624803667
2026-08-13 22:18:43,Delhi,Delhi,"Anand Vihar, Delhi - DPCC",28.6139,77.209,57.54,84.41,48.59,24.74,1.91,3.24,23.35,79.74,7.74,91,1014.2,0.0,96,Satisfactory,PM25,22,13,3,8,2026,0,2,-0.5000000000000004,0.8660254037844384,-0.8660254037844384,-0.5000000000000004,180.729,3.274743326488706,58.37,59.47,62.19,68.61,67.37,58.72,101.87,88.34,97.39,101.36,102.43,98.73,37.59,69.31,47.89,72.09,20.07,21.37,60.01000000000001,58.37,62.19,1.9664180633834445,63.291666666666664,58.37,68.61,3.987051124160231,66.1975,58.37,70.15,4.111200057050411,61.98041666666666,54.23,70.15,5.66051194425151
2026-08-13 23:18:43,Delhi,Delhi,"Anand Vihar, Delhi - DPCC",28.6139,77.209,56.31,92.48,56.98,12.6,2.11,0.0,25.21,86.01,7.56,275,1013.8,0.0,101,Moderate,CO,23,13,3,8,2026,0,2,-0.25881904510252157,0.9659258262890681,-0.8660254037844384,-0.5000000000000004,190.5876,3.2815719191148416,57.54,58.37,59.47,66.23,68.67,55.95,84.41,101.87,88.34,100.73,122.33,78.59,48.59,37.59,69.31,63.46,59.03,57.27,58.460000000000015,57.54,59.47,0.9681425514876044,61.446666666666665,57.54,66.23,3.573674113103699,65.37833333333333,57.54,70.15,4.78108742543968,61.931250000000006,54.23,70.15,5.695082022159994
2026-08-14 00:18:43,Delhi,Delhi,"Anand Vihar, Delhi - DPCC",28.6139,77.209,55.53,91.48,43.67,29.38,1.63,32.01,21.83,97.14,7.84,282,1011.6,0.0,92,Satisfactory,PM25,0,14,4,8,2026,0,2,0.0,1.0,-0.8660254037844384,-0.5000000000000004,171.14719999999997,4.254927726675428,56.31,57.54,58.37,64.88,69.68,55.14,92.48,84.41,101.87,107.44,113.51,96.84,56.98,48.59,37.59,77.11,24.18,46.04,57.40666666666667,56.31,58.37,1.0364522822274163,59.79333333333333,56.31,64.88,3.1924828373332916,64.34833333333334,56.31,70.15,5.309644455368437,61.94625,54.23,70.15,5.67909500789476
2026-08-14 01:18:43,Delhi,Delhi,"Anand Vihar, Delhi - DPCC",28.6139,77.209,55.66,94.68,30.27,30.4,1.81,39.61,18.07,95.32,5.81,142,1011.6,0.0,95,Satisfactory,PM10,1,14,4,8,2026,0,2,0.25881904510252074,0.9659258262890683,-0.8660254037844384,-0.5000000000000004,104.9867,4.998426848453067,55.53,56.31,57.54,62.19,68.96,55.73,91.48,92.48,84.41,97.39,99.93,86.8,43.67,56.98,48.59,47.89,22.24,30.77,56.460000000000015,55.53,57.54,1.0133607452438793,58.23499999999999,55.53,62.19,2.3954602897984114,63.16916666666666,55.53,70.15,5.582168784024177,61.9625,54.23,70.15,5.659296507210173
2026-08-14 02:18:43,Delhi,Delhi,"Anand Vihar, Delhi - DPCC",28.6139,77.209,54.43,90.42,54.61,11.4,1.12,23.53,19.36,97.91,3.96,20,1014.1,0.0,91,Satisfactory,PM25,2,14,4,8,2026,0,2,0.49999999999999994,0.8660254037844387,-0.8660254037844384,-0.5000000000000004,76.6656,4.80893909626719,55.66,55.53,56.31,59.47,69.79,54.23,94.68,91.48,92.48,88.34,121.03,85.83,30.27,43.67,56.98,69.31,54.67,28.0,55.83333333333335,55.53,56.31,0.41789153297794657,57.14666666666667,55.53,59.47,1.5857448302510266,62.060833333333335,55.53,70.15,5.6478450570000165,61.95958333333334,54.23,70.15,5.662665280564415
2026-08-14 03:18:43,Delhi,Delhi,"Anand Vihar, Delhi - DPCC",28.6139,77.209,53.6,85.23,50.85,13.62,1.94,33.07,16.0,98.0,1.0,180,1009.4,0.0,97,Satisfactory,CO,3,14,4,8,2026,0,2,0.7071067811865475,0.7071067811865476,-0.8660254037844384,-0.5000000000000004,16.0,5.764705882352941,54.43,55.66,55.53,58.37,70.15,54.44,90.42,94.68,91.48,101.87,113.01,79.75,54.61,30.27,43.67,37.59,39.47,27.37,55.20666666666668,54.43,55.66,0.6757465007935625,56.30666666666667,54.43,58.37,1.4367834445969694,60.780833333333334,54.43,70.15,5.474805863446216,61.96791666666667,54.43,70.15,5.650930649914618
2026-08-14 04:18:43,Delhi,Delhi,"Anand Vihar, Delhi - DPCC",28.6139,77.209,55.1,84.28,75.61,20.29,1.18,25.21,18.97,98.0,3.74,128,1009.6,0.0,94,Satisfactory,NO2,4,14,4,8,2026,0,2,0.8660254037844386,0.5000000000000001,-0.8660254037844384,-0.5000000000000004,70.9478,4.907361041562344,53.6,54.43,55.66,57.54,68.61,56.04,85.23,90.42,94.68,84.41,101.36,90.32,50.85,54.61,30.27,48.59,72.09,41.87,54.563333333333354,53.6,55.66,1.0364522822276168,55.51166666666666,53.6,57.54,1.3855167507713493,59.401666666666664,53.6,68.61,4.960446888470256,61.93291666666667,53.6,70.15,5.701954263893719
2026-08-14 05:18:43,Delhi,Delhi,"Anand Vihar, Delhi - DPCC",28.6139,77.209,56.0,96.31,50.33,18.19,2.13,37.52,20.18,95.37,1.0,82,1009.3,0.0,101,Moderate,CO,5,14,4,8,2026,0,2,0.9659258262890683,0.25881904510252074,-0.8660254037844384,-0.5000000000000004,20.18,4.502832861189802,55.1,53.6,54.43,56.31,66.23,57.39,84.28,85.23,90.42,92.48,100.73,97.9,75.61,50.85,54.61,56.98,63.46,44.32,54.37666666666669,53.6,55.1,0.751420876296945,55.105,53.6,56.31,0.9655412989620704,58.27583333333333,53.6,66.23,4.1469297697395975,61.893750000000004,53.6,70.15,5.74724116235437
2026-08-14 06:18:43,Delhi,Delhi,"Anand Vihar, Delhi - DPCC",28.6139,77.209,58.0,91.16,79.7,13.33,0.8,16.89,18.44,92.0,4.32,1,1014.1,0.0,100,Satisfactory,NO2,6,14,4,8,2026,0,2,1.0,6.123233995736766e-17,-0.8660254037844384,-0.5000000000000004,79.66080000000001,4.732510288065844,56.0,55.1,53.6,55.53,64.88,58.11,96.31,84.28,85.23,91.48,107.44,99.56,50.33,75.61,50.85,43.67,77.11,70.18,54.90000000000001,53.6,56.0,1.212435565298816,55.053333333333335,53.6,56.0,0.8937934138647649,57.423333333333325,53.6,64.88,3.335168888550108,61.83583333333333,53.6,70.15,5.8013491059644835
2026-08-14 07:18:43,Delhi,Delhi,"Anand Vihar, Delhi - DPCC",28.6139,77.209,58.61,90.79,64.7,21.21,0.94,21.07,22.12,86.98,5.29,269,1012.6,0.0,98,Satisfactory,PM25,7,14,4,8,2026,0,2,0.9659258262890683,-0.25881904510252063,-0.8660254037844384,-0.5000000000000004,117.01480000000001,3.7621107266435985,58.0,56.0,55.1,55.66,62.19,59.43,91.16,96.31,84.28,94.68,97.39,103.99,79.7,50.33,75.61,30.27,47.89,39.61,56.36666666666668,55.1,58.0,1.484362938547913,55.465,53.6,58.0,1.5121607057456996,56.849999999999994,53.6,62.19,2.395886626548474,61.831250000000004,53.6,70.15,5.804463284554282
2026-08-14 08:18:43,Delhi,Delhi,"Anand Vihar, Delhi - DPCC",28.6139,77.209,61.65,94.27,82.27,26.36,2.37,24.22,21.84,83.45,1.65,32,1014.8,0.0,104,Moderate,CO,8,14,4,8,2026,0,2,0.8660254037844387,-0.4999999999999998,-0.8660254037844384,-0.5000000000000004,36.036,3.6536777583187394,58.61,58.0,56.0,54.43,59.47,63.01,90.79,91.16,96.31,90.42,88.34,92.16,64.7,79.7,50.33,54.61,69.31,90.23,57.53666666666668,56.0,58.61,1.3652960606895652,55.95666666666667,53.6,58.61,1.9917697323405537,56.55166666666667,53.6,59.47,1.8255003465221908,61.79708333333334,53.6,70.15,5.821600317234321
2026-08-14 09:18:43,Delhi,Delhi,"Anand Vihar, Delhi - DPCC",28.6139,77.209,63.45,99.0,56.83,27.0,1.49,34.9,24.87,77.3,1.31,58,1011.8,0.0,109,Moderate,PM25,9,14,4,8,2026,0,2,0.7071067811865476,-0.7071067811865475,-0.8660254037844384,-0.5000000000000004,32.5797,2.9880170081175104,61.65,58.61,58.0,53.6,58.37,64.97,94.27,90.79,91.16,85.23,101.87,112.18,82.27,64.7,79.7,50.85,37.59,79.96,59.420000000000016,58.0,61.65,1.955172626649847,57.16,53.6,61.65,2.871619751986882,56.73333333333333,53.6,61.65,2.2102502257905474,61.74041666666667,53.6,70.15,5.815896864678678
2026-08-14 10:18:43,Delhi,Delhi,"Anand Vihar, Delhi - DPCC",28.6139,77.209,66.88,95.65,46.94,10.56,1.92,42.6,27.3,67.28,4.19,111,1011.5,0.0,121,Moderate,PM25,10,14,4,8,2026,0,2,0.49999999999999994,-0.8660254037844387,-0.8660254037844384,-0.5000000000000004,114.38700000000001,2.3773851590106005,63.45,61.65,58.61,55.1,57.54,67.37,99.0,94.27,90.79,84.28,84.41,102.43,56.83,82.27,64.7,75.61,48.59,20.07,61.23666666666668,58.61,63.45,2.4463305854552764,58.80166666666667,55.1,63.45,3.2233859009848254,57.156666666666666,53.6,63.45,2.92359782501378,61.677083333333336,53.6,70.15,5.787404974647903
2026-08-14 11:18:43,Delhi,Delhi,"Anand Vihar, Delhi - DPCC",28.6139,77.209,67.6,107.86,52.21,30.49,1.35,47.67,28.17,64.47,5.58,186,1013.8,0.0,124,Moderate,PM25,11,14,4,8,2026,0,2,0.258819045102521,-0.9659258262890682,-0.8660254037844384,-0.5000000000000004,157.1886,2.2101474117243742,66.88,63.45,61.65,56.0,56.31,68.67,95.65,99.0,94.27,96.31,92.48,122.33,46.94,56.83,82.27,50.33,56.98,59.03,63.99333333333334,61.65,66.88,2.6569970518112296,60.76499999999999,56.0,66.88,4.0094924865874155,57.935,53.6,66.88,4.058081723268797,61.656666666666666,53.6,70.15,5.767277759361238
2026-08-14 12:18:43,Delhi,Delhi,"Anand Vihar, Delhi - DPCC",28.6139,77.209,70.45,110.08,51.84,21.7,2.16,58.54,31.06,57.72,6.22,246,1014.7,0.0,133,Moderate,PM25,12,14,4,8,2026,0,2,1.2246467991473532e-16,-1.0,-0.8660254037844384,-0.5000000000000004,193.1932,1.800374298190892,67.6,66.88,63.45,58.0,55.53,69.68,107.86,95.65,99.0,91.16,91.48,113.51,52.21,46.94,56.83,79.7,43.67,24.18,65.97666666666669,63.45,67.6,2.2175737492433725,62.69833333333333,58.0,67.6,4.048838928219727,58.87583333333333,53.6,67.6,4.873843841146295,61.61208333333334,53.6,70.15,5.714599897871524
2026-08-14 13:18:43,Delhi,Delhi,"Anand Vihar, Delhi - DPCC",28.6139,77.209,69.68,122.6,66.41,31.52,1.07,64.89,32.67,56.64,6.24,8,1014.3,6.0,195,Moderate,CO,13,14,4,8,2026,0,2,-0.2588190451025208,-0.9659258262890683,-0.8660254037844384,-0.5000000000000004,203.8608,1.6822096822096821,70.45,67.6,66.88,58.61,55.66,68.96,110.08,107.86,95.65,90.79,94.68,99.93,51.84,52.21,46.94,64.7,30.27,22.24,68.31000000000002,66.88,70.45,1.887935380250011,64.77333333333333,58.61,70.45,4.339256464726108,60.119166666666665,53.6,70.45,5.76442137494125,61.64416666666667,53.6,70.45,5.7638143444338175
2026-08-14 14:18:43,Delhi,Delhi,"Anand Vihar, Delhi - DPCC",28.6139,77.209,69.1,100.65,73.09,22.32,2.69,55.55,32.56,56.45,7.84,299,1010.9,0.0,129,Moderate,PM25,14,14,4,8,2026,0,2,-0.4999999999999997,-0.8660254037844388,-0.8660254037844384,-0.5000000000000004,255.27040000000002,1.682061978545888,69.68,70.45,67.6,61.65,54.43,69.79,122.6,110.08,107.86,94.27,90.42,121.03,66.41,51.84,52.21,82.27,54.61,54.67,69.24333333333335,67.6,70.45,1.474324704172386,66.61833333333333,61.65,70.45,3.4586206306368976,61.2875,53.6,70.45,6.183992715801952,61.67416666666666,53.6,70.45,5.805272653347966
2026-08-14 15:18:43,Delhi,Delhi,"Anand Vihar, Delhi - DPCC",28.6139,77.209,68.56,105.54,26.08,18.44,2.54,67.83,32.02,52.72,8.95,183,1013.0,8.6,127,Moderate,PM25,15,14,4,8,2026,0,2,-0.7071067811865471,-0.7071067811865479,-0.8660254037844384,-0.5000000000000004,286.579,1.5966081162931556,69.1,69.68,70.45,63.45,53.6,70.15,100.65,122.6,110.08,99.0,85.23,113.01,73.09,66.41,51.84,56.83,50.85,39.47,69.74333333333335,69.1,70.45,0.6772247288256188,67.86,63.45,70.45,2.5311736408236403,62.50999999999999,53.6,70.45,6.155080680366324,61.64541666666667,53.6,70.45,5.764900526436665
2026-08-14 16:18:43,Delhi,Delhi,"Anand Vihar, Delhi - DPCC",28.6139,77.209,67.08,109.12,68.43,23.14,2.66,55.83,32.32,49.8,8.34,240,1014.6,0.0,122,Moderate,PM25,16,14,4,8,2026,0,2,-0.8660254037844384,-0.5000000000000004,-0.8660254037844384,-0.5000000000000004,269.54879999999997,1.4945978391356542,68.56,69.1,69.68,66.88,55.1,68.61,105.54,100.65,122.6,95.65,84.28,101.36,26.08,73.09,66.41,46.94,75.61,72.09,69.11333333333334,68.56,69.68,0.5601190349675546,68.71166666666666,66.88,70.45,1.3209150868496504,63.75666666666667,55.1,70.45,5.683304629804039,61.57916666666667,53.6,70.45,5.671293017712383
2026-08-14 17:18:43,Delhi,Delhi,"Anand Vihar, Delhi - DPCC",28.6139,77.209,66.08,112.5,36.39,15.66,2.04,47.61,34.17,53.17,10.62,286,1014.0,0.0,201,Poor,CO,17,14,4,8,2026,0,2,-0.9659258262890683,-0.25881904510252063,-0.8660254037844384,-0.5000000000000004,362.8854,1.5117998294000567,67.08,68.56,69.1,67.6,56.0,66.23,109.12,105.54,100.65,107.86,96.31,100.73,68.43,26.08,73.09,52.21,50.33,63.46,68.24666666666667,67.08,69.1,1.0458170649463776,68.745,67.08,70.45,1.266866212352491,64.75500000000001,56.0,70.45,5.040257028078165,61.51541666666666,53.6,70.45,5.596936257544311
2026-08-14 18:18:43,Delhi,Delhi,"Anand Vihar, Delhi - DPCC",28.6139,77.209,65.76,107.44,56.39,24.72,2.46,19.25,28.35,60.82,7.8,101,1014.8,0.0,117,Moderate,PM25,18,14,4,8,2026,0,2,-1.0,-1.8369701987210297e-16,-0.8660254037844384,-0.5000000000000004,221.13,2.0722316865417376,66.08,67.08,68.56,70.45,58.0,64.88,112.5,109.12,105.54,110.08,91.16,107.44,36.39,68.43,26.08,51.84,79.7,77.11,67.24000000000002,66.08,68.56,1.2477179168385113,68.49166666666666,66.08,70.45,1.638955968495504,65.595,58.0,70.45,4.222068644203217,61.509166666666665,53.6,70.45,5.591523799984824
2026-08-14 19:18:43,Delhi,Delhi,"Anand Vihar, Delhi - DPCC",28.6139,77.209,64.97,93.04,84.24,23.42,1.17,26.76,28.87,62.56,9.51,17,1008.5,0.0,114,Moderate,PM25,19,14,4,8,2026,0,2,-0.9659258262890684,0.2588190451025203,-0.8660254037844384,-0.5000000000000004,274.5537,2.094409106126548,65.76,66.08,67.08,69.68,58.61,62.19,107.44,112.5,109.12,122.6,90.79,97.39,56.39,36.39,68.43,66.41,64.7,47.89,66.30666666666667,65.76,67.08,0.6885734044626343,67.71,65.76,69.68,1.6365695829998874,66.24166666666666,58.61,70.45,3.4825482658884606,61.54583333333334,53.6,70.45,5.617414627873653
2026-08-14 20:18:43,Delhi,Delhi,"Anand Vihar, Delhi - DPCC",28.6139,77.209,61.92,102.06,82.68,32.02,2.13,16.87,27.99,74.45,10.09,352,1009.7,0.0,104,Moderate,PM25,20,14,4,8,2026,0,2,-0.8660254037844386,0.5000000000000001,-0.8660254037844384,-0.5000000000000004,282.41909999999996,2.56812694032425,64.97,65.76,66.08,69.1,61.65,59.47,93.04,107.44,112.5,100.65,94.27,88.34,84.24,56.39,36.39,73.09,82.27,69.31,65.60333333333335,64.97,66.08,0.571343446040411,66.925,64.97,69.1,1.632246917595647,66.77166666666666,61.65,70.45,2.583400976631553,61.66166666666667,53.6,70.45,5.659777739273036
2026-08-14 21:18:43,Delhi,Delhi,"Anand Vihar, Delhi - DPCC",28.6139,77.209,58.81,89.02,64.58,20.89,1.43,0.0,24.3,74.3,7.28,224,1009.0,0.0,98,Satisfactory,PM25,21,14,4,8,2026,0,2,-0.7071067811865477,0.7071067811865474,-0.8660254037844384,-0.5000000000000004,176.90400000000002,2.9367588932806323,61.92,64.97,65.76,68.56,63.45,58.37,102.06,93.04,107.44,105.54,99.0,101.87,82.68,84.24,56.39,26.08,56.83,37.59,64.21666666666668,61.92,65.76,2.027814915946094,65.72833333333334,61.92,68.56,2.2382351678649157,66.79416666666667,61.92,70.45,2.5354700418923475,61.763749999999995,53.6,70.45,5.640591097995152
2026-08-14 22:18:43,Delhi,Delhi,"Anand Vihar, Delhi - DPCC",28.6139,77.209,58.04,84.39,66.03,24.68,2.4,0.0,22.81,81.79,9.09,282,1014.1,0.0,105,Moderate,CO,22,14,4,8,2026,0,2,-0.5000000000000004,0.8660254037844384,-0.8660254037844384,-0.5000000000000004,207.3429,3.435111297774045,58.81,61.92,64.97,67.08,66.88,57.54,89.02,102.06,93.04,109.12,95.65,84.41,64.58,82.68,84.24,68.43,46.94,48.59,61.90000000000001,58.81,64.97,3.0800487009137227,64.10333333333334,58.81,67.08,3.132083438650298,66.4075,58.81,70.45,3.323251761863304,61.78208333333333,53.6,70.45,5.629785677569072
2026-08-14 23:18:43,Delhi,Delhi,"Anand Vihar, Delhi - DPCC",28.6139,77.209,54.56,95.03,48.83,24.76,0.77,0.0,21.28,89.65,10.07,161,1009.6,0.0,95,Satisfactory,PM10,23,14,4,8,2026,0,2,-0.25881904510252157,0.9659258262890681,-0.8660254037844384,-0.5000000000000004,214.2896,4.023788150807899,58.04,58.81,61.92,66.08,67.6,56.31,84.39,89.02,102.06,112.5,107.86,92.48,66.03,64.58,82.68,36.39,52.21,56.98,59.59000000000001,58.04,61.92,2.0542395186541644,62.596666666666664,58.04,66.08,3.559014844963091,65.67083333333333,58.04,70.45,4.09837763540948,61.80291666666667,53.6,70.45,5.614308954469055
2026-08-15 00:18:43,Delhi,Delhi,"Anand Vihar, Delhi - DPCC",28.6139,77.209,52.66,86.82,55.38,34.2,0.73,17.7,20.43,98.0,7.62,14,1013.8,0.0,88,Satisfactory,PM25,0,15,5,8,2026,1,2,0.0,1.0,-0.8660254037844384,-0.5000000000000004,155.6766,4.573028464769015,54.56,58.04,58.81,65.76,70.45,55.53,95.03,84.39,89.02,107.44,110.08,91.48,48.83,66.03,64.58,56.39,51.84,43.67,57.136666666666684,54.56,58.81,2.2644278158806483,60.67666666666667,54.56,65.76,4.3282544595561685,64.58416666666666,54.56,70.45,5.137407302120326,61.73,53.6,70.45,5.699469082825742
2026-08-15 01:18:43,Delhi,Delhi,"Anand Vihar, Delhi - DPCC",28.6139,77.209,50.92,88.82,31.8,12.33,1.07,30.63,16.4,94.97,7.01,62,1009.5,0.0,195,Moderate,CO,1,15,5,8,2026,1,2,0.25881904510252074,0.9659258262890683,-0.8660254037844384,-0.5000000000000004,114.96399999999998,5.458045977011495,52.66,54.56,58.04,64.97,69.68,55.66,86.82,95.03,84.39,93.04,122.6,94.68,55.38,48.83,66.03,84.24,66.41,30.27,55.08666666666668,52.66,58.04,2.7283939109546065,58.49333333333334,52.66,64.97,4.5495919230924535,63.10166666666667,52.66,69.68,5.8132025805423995,61.61041666666667,52.66,70.45,5.862973336164791
2026-08-15 02:18:43,Delhi,Delhi,"Anand Vihar, Delhi - DPCC",28.6139,77.209,51.95,74.89,21.94,10.39,2.46,31.28,16.76,98.0,4.97,76,1011.9,0.0,106,Moderate,CO,2,15,5,8,2026,1,2,0.49999999999999994,0.8660254037844387,-0.8660254037844384,-0.5000000000000004,83.2972,5.518018018018018,50.92,52.66,54.56,61.92,69.1,54.43,88.82,86.82,95.03,102.06,100.65,90.42,31.8,55.38,48.83,82.68,73.09,54.61,52.713333333333345,50.92,54.56,1.8205859862512312,56.151666666666664,50.92,61.92,4.147328859237994,61.53833333333333,50.92,69.1,6.378350931554432,61.41291666666666,50.92,70.45,6.145178017138194
2026-08-15 03:18:43,Delhi,Delhi,"Anand Vihar, Delhi - DPCC",28.6139,77.209,50.51,70.84,22.1,25.92,1.75,35.53,18.56,98.0,2.8,153,1008.7,0.0,86,Satisfactory,CO,3,15,5,8,2026,1,2,0.7071067811865475,0.7071067811865476,-0.8660254037844384,-0.5000000000000004,51.967999999999996,5.010224948875256,51.95,50.92,52.66,58.81,68.56,53.6,74.89,88.82,86.82,89.02,105.54,85.23,21.94,31.8,55.38,64.58,26.08,50.85,51.843333333333355,50.92,52.66,0.8748904693356925,54.49000000000001,50.92,58.81,3.2807072408250333,60.10916666666666,50.92,68.56,6.450962519209303,61.309583333333336,50.92,70.45,6.286919809287015
2026-08-15 04:18:43,Delhi,Delhi,"Anand Vihar, Delhi - DPCC",28.6139,77.209,54.58,91.06,41.74,28.18,2.51,24.68,17.59,98.0,4.15,68,1010.3,0.0,106,Moderate,CO,4,15,5,8,2026,1,2,0.8660254037844386,0.5000000000000001,-0.8660254037844384,-0.5000000000000004,72.9985,5.27165142549758,50.51,51.95,50.92,58.04,67.08,55.1,70.84,74.89,88.82,84.39,109.12,84.28,22.1,21.94,31.8,66.03,68.43,75.61,51.12666666666669,50.51,51.95,0.7419119444613881,53.10666666666666,50.51,58.04,2.811104172148125,58.605,50.51,67.08,6.4055466021822225,61.18083333333333,50.51,70.45,6.4803340739613615
2026-08-15 05:18:43,Delhi,Delhi,"Anand Vihar, Delhi - DPCC",28.6139,77.209,57.22,94.09,30.79,22.75,2.44,22.57,18.72,98.0,3.47,7,1009.7,0.0,105,Moderate,CO,5,15,5,8,2026,1,2,0.9659258262890683,0.25881904510252074,-0.8660254037844384,-0.5000000000000004,64.9584,4.9695740365111565,54.58,50.51,51.95,54.56,66.08,56.0,91.06,70.84,74.89,95.03,112.5,96.31,41.74,22.1,21.94,48.83,36.39,50.33,52.34666666666667,50.51,54.58,2.063791010091477,52.53,50.51,54.58,1.7520958877875328,57.56333333333333,50.51,66.08,5.898346969253166,61.159166666666664,50.51,70.45,6.502380779153216
2026-08-15 06:18:43,Delhi,Delhi,"Anand Vihar, Delhi - DPCC",28.6139,77.209,59.09,97.87,42.82,12.98,2.27,20.17,19.88,89.92,3.35,32,1009.8,0.0,103,Moderate,CO,6,15,5,8,2026,1,2,1.0,6.123233995736766e-17,-0.8660254037844384,-0.5000000000000004,66.598,4.306513409961686,57.22,54.58,50.51,52.66,65.76,58.0,94.09,91.06,70.84,86.82,107.44,91.16,30.79,41.74,22.1,55.38,56.39,79.7,54.10333333333335,50.51,57.22,3.3803007755722407,52.973333333333336,50.51,57.22,2.531605551160884,56.82500000000001,50.51,65.76,5.254764937221803,61.21,50.51,70.45,6.464955697753293
2026-08-15 07:18:43,Delhi,Delhi,"Anand Vihar, Delhi - DPCC",28.6139,77.209,59.06,104.65,53.26,21.26,1.56,29.17,21.66,85.98,2.73,212,1011.1,13.9,103,Moderate,PM10,7,15,5,8,2026,1,2,0.9659258262890683,-0.25881904510252063,-0.8660254037844384,-0.5000000000000004,59.1318,3.7943512797881733,59.09,57.22,54.58,50.92,64.97,58.61,97.87,94.09,91.06,88.82,93.04,90.79,42.82,30.79,41.74,31.8,84.24,64.7,56.963333333333345,54.58,59.09,2.2659288014706243,54.044999999999995,50.51,59.09,3.5346782031751984,56.26916666666667,50.51,64.97,4.5259523524857,61.25541666666667,50.51,70.45,6.445223360494683
2026-08-15 08:18:43,Delhi,Delhi,"Anand Vihar, Delhi - DPCC",28.6139,77.209,60.54,108.05,49.26,14.86,1.1,16.66,22.65,83.0,4.17,126,1013.7,0.0,210,Poor,PM25,8,15,5,8,2026,1,2,0.8660254037844387,-0.4999999999999998,-0.8660254037844384,-0.5000000000000004,94.45049999999999,3.509513742071882,59.06,59.09,57.22,51.95,61.92,61.65,104.65,97.87,94.09,74.89,102.06,94.27,53.26,42.82,30.79,21.94,82.68,82.27,58.456666666666685,57.22,59.09,1.071089787708747,55.40166666666667,50.51,59.09,3.6554365904319,55.77666666666667,50.51,61.92,3.7477298178870866,61.274166666666666,50.51,70.45,6.437843222875076
2026-08-15 09:18:43,Delhi,Delhi,"Anand Vihar, Delhi - DPCC",28.6139,77.209,61.26,87.37,91.69,24.72,2.71,42.73,22.31,78.96,3.83,16,1014.7,0.0,112,Moderate,NO2,9,15,5,8,2026,1,2,0.7071067811865476,-0.7071067811865475,-0.8660254037844384,-0.5000000000000004,85.4473,3.3873873873873874,60.54,59.06,59.09,50.51,58.81,63.45,108.05,104.65,97.87,70.84,89.02,99.0,49.26,53.26,42.82,22.1,64.58,56.83,59.563333333333354,59.06,60.54,0.8459511412214452,56.833333333333336,50.51,60.54,3.714876399918073,55.66166666666667,50.51,60.54,3.5584772875573902,61.227916666666665,50.51,70.45,6.4390128727439295
2026-08-15 10:18:43,Delhi,Delhi,"Anand Vihar, Delhi - DPCC",28.6139,77.209,62.96,108.32,48.49,25.42,1.7,51.35,24.33,67.27,3.43,91,1012.3,0.0,108,Moderate,PM25,10,15,5,8,2026,1,2,0.49999999999999994,-0.8660254037844387,-0.8660254037844384,-0.5000000000000004,83.4519,2.655744176865377,61.26,60.54,59.06,54.58,58.04,66.88,87.37,108.05,104.65,91.06,84.39,95.65,91.69,49.26,53.26,41.74,66.03,46.94,60.28666666666668,59.06,61.26,1.1216654284294445,58.625,54.58,61.26,2.4228887716941148,55.865833333333335,50.51,61.26,3.8164654240978666,61.13666666666666,50.51,70.45,6.421647944168251
2026-08-15 11:18:43,Delhi,Delhi,"Anand Vihar, Delhi - DPCC",28.6139,77.209,63.73,89.37,49.64,17.74,1.82,61.34,27.95,60.53,4.75,100,1008.0,0.0,110,Moderate,PM25,11,15,5,8,2026,1,2,0.258819045102521,-0.9659258262890682,-0.8660254037844384,-0.5000000000000004,132.7625,2.090846286701209,62.96,61.26,60.54,57.22,54.56,67.6,108.32,87.37,108.05,94.09,95.03,107.86,48.49,91.69,49.26,30.79,48.83,52.21,61.58666666666668,60.54,62.96,1.2426316161009774,60.02166666666667,57.22,62.96,2.0039003634582064,56.27583333333334,50.51,62.96,4.304358168464306,60.973333333333336,50.51,70.45,6.318235627869157
2026-08-15 12:18:43,Delhi,Delhi,"Anand Vihar, Delhi - DPCC",28.6139,77.209,63.57,114.29,30.07,29.3,2.15,56.34,31.74,59.45,3.67,306,1010.7,5.9,110,Moderate,PM25,12,15,5,8,2026,1,2,1.2246467991473532e-16,-1.0,-0.8660254037844384,-0.5000000000000004,116.4858,1.8158216249236412,63.73,62.96,61.26,59.09,52.66,70.45,89.37,108.32,87.37,97.87,86.82,110.08,49.64,48.49,91.69,42.82,55.38,51.84,62.65000000000001,61.26,63.73,1.263843344722884,61.10666666666666,59.06,63.73,1.9451032534721169,57.04,50.51,63.73,4.761737650747525,60.812083333333334,50.51,70.45,6.18984018840316
2026-08-15 13:18:43,Delhi,Delhi,"Anand Vihar, Delhi - DPCC",28.6139,77.209,63.85,96.87,23.01,30.41,2.59,52.81,32.09,55.55,7.38,52,1010.0,0.0,111,Moderate,PM25,13,15,5,8,2026,1,2,-0.2588190451025208,-0.9659258262890683,-0.8660254037844384,-0.5000000000000004,236.82420000000002,1.6787549108491988,63.57,63.73,62.96,59.06,50.92,69.68,114.29,89.37,108.32,104.65,88.82,122.6,30.07,49.64,48.49,53.26,31.8,66.41,63.420000000000016,62.96,63.73,0.40632499307854497,61.85333333333333,59.06,63.73,1.8747337588755728,57.94916666666666,50.51,63.73,4.889256233329625,60.525416666666665,50.51,69.68,5.875406353507859
2026-08-15 14:18:43,Delhi,Delhi,"Anand Vihar, Delhi - DPCC",28.6139,77.209,64.17,97.71,42.72,27.3,1.41,53.98,33.6,51.72,7.74,65,1008.5,0.0,112,Moderate,PM25,14,15,5,8,2026,1,2,-0.4999999999999997,-0.8660254037844388,-0.8660254037844384,-0.5000000000000004,260.064,1.4947976878612717,63.85,63.57,63.73,60.54,51.95,69.1,96.87,114.29,89.37,108.05,74.89,100.65,23.01,30.07,49.64,49.26,21.94,73.09,63.716666666666676,63.57,63.85,0.14047538337232135,62.651666666666664,60.54,63.85,1.4094738971217762,59.02666666666667,50.51,63.85,4.616488892759381,60.282500000000006,50.51,69.1,5.5942495708423285
2026-08-15 15:18:43,Delhi,Delhi,"Anand Vihar, Delhi - DPCC",28.6139,77.209,62.71,92.11,54.19,17.63,2.3,56.96,33.57,51.53,9.22,140,1010.8,0.0,107,Moderate,PM25,15,15,5,8,2026,1,2,-0.7071067811865471,-0.7071067811865479,-0.8660254037844384,-0.5000000000000004,309.5154,1.4905987850737634,64.17,63.85,63.57,61.26,50.51,68.56,97.71,96.87,114.29,87.37,70.84,105.54,42.72,23.01,30.07,91.69,22.1,26.08,63.863333333333344,63.57,64.17,0.30022213997903985,63.25666666666666,61.26,64.17,1.0567055723651602,60.044999999999995,50.51,64.17,4.246520500790895,60.07708333333333,50.51,68.56,5.341189803264141
2026-08-15 16:18:43,Delhi,Delhi,"Anand Vihar, Delhi - DPCC",28.6139,77.209,62.85,105.56,42.38,20.95,1.03,52.58,34.49,50.3,10.58,70,1009.9,0.0,195,Moderate,CO,16,15,5,8,2026,1,2,-0.8660254037844384,-0.5000000000000004,-0.8660254037844384,-0.5000000000000004,364.9042,1.4173006480698787,62.71,64.17,63.85,62.96,54.58,67.08,92.11,97.71,96.87,108.32,91.06,109.12,54.19,42.72,23.01,48.49,41.74,68.43,63.57666666666668,62.71,64.17,0.7674199198180909,63.498333333333335,62.71,64.17,0.5558566961614771,61.06166666666667,54.58,64.17,3.0472784678474993,59.833333333333336,50.51,67.08,5.06349910520442
2026-08-15 17:18:43,Delhi,Delhi,"Anand Vihar, Delhi - DPCC",28.6139,77.209,61.06,86.77,37.57,15.99,0.86,35.94,31.86,51.8,9.7,197,1012.4,0.0,101,Moderate,PM25,17,15,5,8,2026,1,2,-0.9659258262890683,-0.25881904510252063,-0.8660254037844384,-0.5000000000000004,309.042,1.5763846622032867,62.85,62.71,64.17,63.73,57.22,66.08,105.56,92.11,97.71,89.37,94.09,112.5,42.38,54.19,42.72,49.64,30.79,36.39,63.24333333333335,62.71,64.17,0.805563984630409,63.48,62.71,64.17,0.5785153411975245,61.75083333333333,57.22,64.17,2.288939644676242,59.65708333333333,50.51,66.08,4.870220492434378
2026-08-15 18:18:43,Delhi,Delhi,"Anand Vihar, Delhi - DPCC",28.6139,77.209,61.78,108.2,47.0,11.3,1.43,18.41,28.42,56.85,12.08,85,1009.8,0.0,106,Moderate,PM10,18,15,5,8,2026,1,2,-1.0,-1.8369701987210297e-16,-0.8660254037844384,-0.5000000000000004,343.3136,1.9323589394969407,61.06,62.85,62.71,63.57,59.09,65.76,86.77,105.56,92.11,114.29,97.87,107.44,37.57,42.38,54.19,30.07,42.82,56.39,62.206666666666685,61.06,62.85,0.9955065712157187,63.035,61.06,64.17,1.120638211021263,62.070833333333326,59.06,64.17,1.8178831762313896,59.447916666666664,50.51,65.76,4.6867175675488815
2026-08-15 19:18:43,Delhi,Delhi,"Anand Vihar, Delhi - DPCC",28.6139,77.209,60.86,89.35,68.71,10.09,3.19,19.27,28.41,61.87,11.61,291,1014.0,0.0,211,Poor,PM25,19,15,5,8,2026,1,2,-0.9659258262890684,0.2588190451025203,-0.8660254037844384,-0.5000000000000004,329.8401,2.1037062223733423,61.78,61.06,62.85,63.85,59.06,64.97,108.2,86.77,105.56,96.87,104.65,93.04,47.0,37.57,42.38,23.01,53.26,84.24,61.89666666666668,61.06,62.85,0.9006849245622427,62.73666666666667,61.06,64.17,1.1860803795138153,62.29500000000001,59.06,64.17,1.5651865993899776,59.28208333333333,50.51,64.97,4.521151237737253
2026-08-15 20:18:43,Delhi,Delhi,"Anand Vihar, Delhi - DPCC",28.6139,77.209,59.78,96.27,50.17,12.17,1.55,4.43,29.62,65.9,11.25,251,1011.4,0.0,100,Satisfactory,PM25,20,15,5,8,2026,1,2,-0.8660254037844386,0.5000000000000001,-0.8660254037844384,-0.5000000000000004,333.225,2.1521881123448727,60.86,61.78,61.06,64.17,60.54,61.92,89.35,108.2,86.77,97.71,108.05,102.06,68.71,47.0,37.57,42.72,49.26,82.68,61.23333333333335,60.86,61.78,0.48387326164370986,62.238333333333344,60.86,64.17,1.2511021807461193,62.44499999999999,60.54,64.17,1.2888296311703424,59.110833333333325,50.51,64.17,4.3717083683580045
2026-08-15 21:18:43,Delhi,Delhi,"Anand Vihar, Delhi - DPCC",28.6139,77.209,57.84,83.21,40.11,21.69,2.21,0.0,22.69,76.75,7.46,137,1011.4,0.0,102,Moderate,CO,21,15,5,8,2026,1,2,-0.7071067811865477,0.7071067811865474,-0.8660254037844384,-0.5000000000000004,169.2674,3.2397636133389613,59.78,60.86,61.78,62.71,61.26,58.81,96.27,89.35,108.2,92.11,87.37,89.02,50.17,68.71,47.0,54.19,91.69,64.58,60.80666666666668,59.78,61.78,1.0010660983839867,61.50666666666667,59.78,62.85,1.1769735199518228,62.38166666666667,59.78,64.17,1.4044399293499106,59.02166666666667,50.51,64.17,4.333578365424557
2026-08-15 22:18:43,Delhi,Delhi,"Anand Vihar, Delhi - DPCC",28.6139,77.209,59.07,98.22,68.22,25.23,0.74,0.0,22.91,84.89,8.93,211,1010.6,5.7,98,Satisfactory,PM25,22,15,5,8,2026,1,2,-0.5000000000000004,0.8660254037844384,-0.8660254037844384,-0.5000000000000004,204.5863,3.5503973232956922,57.84,59.78,60.86,62.85,62.96,58.04,83.21,96.27,89.35,105.56,108.32,84.39,40.11,50.17,68.71,42.38,48.49,66.03,59.49333333333335,57.84,60.86,1.5302723069224586,60.69499999999999,57.84,62.85,1.7303150002242977,62.09666666666667,57.84,64.17,1.909089898989862,58.98125000000001,50.51,64.17,4.340156591544925
2026-08-15 23:18:43,Delhi,Delhi,"Anand Vihar, Delhi - DPCC",28.6139,77.209,58.72,92.45,26.6,15.2,1.17,0.0,22.27,80.42,5.46,178,1014.9,0.0,98,Satisfactory,PM25,23,15,5,8,2026,1,2,-0.25881904510252157,0.9659258262890681,-0.8660254037844384,-0.5000000000000004,121.5942,3.4559518693596907,59.07,57.84,59.78,61.06,63.73,54.56,98.22,83.21,96.27,86.77,89.37,95.03,68.22,40.11,50.17,37.57,49.64,48.83,58.89666666666668,57.84,59.78,0.9815463989714427,60.065000000000005,57.84,61.78,1.4550017182124855,61.7725,57.84,64.17,2.072443112499436,59.024166666666666,50.51,64.17,4.335534585829983
2026-08-16 00:18:43,Delhi,Delhi,"Anand Vihar, Delhi - DPCC",28.6139,77.209,55.75,88.46,32.0,23.07,1.18,15.92,20.25,91.95,6.81,132,1011.3,0.0,93,Satisfactory,PM25,0,16,6,8,2026,1,2,0.0,1.0,-0.8660254037844384,-0.5000000000000004,137.9025,4.327058823529412,58.72,59.07,57.84,61.78,63.57,52.66,92.45,98.22,83.21,108.2,114.29,86.82,26.6,68.22,40.11,47.0,30.07,55.38,58.54333333333335,57.84,59.07,0.633745479931663,59.675000000000004,57.84,61.78,1.4485544518592763,61.355,57.84,64.17,2.145598030641301,59.1975,50.51,64.17,4.231201134840866
2026-08-16 01:18:43,Delhi,Delhi,"Anand Vihar, Delhi - DPCC",28.6139,77.209,55.92,84.9,23.1,28.73,1.38,37.24,20.4,98.0,4.35,338,1012.6,0.0,93,Satisfactory,PM25,1,16,6,8,2026,1,2,0.25881904510252074,0.9659258262890683,-0.8660254037844384,-0.5000000000000004,88.73999999999998,4.579439252336449,55.75,58.72,59.07,60.86,63.85,50.92,88.46,92.45,98.22,89.35,96.87,88.82,32.0,26.6,68.22,68.71,23.01,31.8,57.846666666666685,55.75,59.07,1.824180181159149,58.669999999999995,55.75,60.86,1.7553347259145298,60.70333333333334,55.75,64.17,2.5593547955877334,59.326249999999995,50.51,64.17,4.067468834224995
2026-08-16 02:18:43,Delhi,Delhi,"Anand Vihar, Delhi - DPCC",28.6139,77.209,57.35,93.71,28.81,26.86,0.92,15.37,20.68,96.5,4.93,277,1014.1,0.0,96,Satisfactory,PM25,2,16,6,8,2026,1,2,0.49999999999999994,0.8660254037844387,-0.8660254037844384,-0.5000000000000004,101.9524,4.4511070110701105,55.92,55.75,58.72,59.78,64.17,51.95,84.9,88.46,92.45,96.27,97.71,74.89,23.1,32.0,26.6,50.17,42.72,21.94,56.79666666666668,55.75,58.72,1.6678229322484561,57.846666666666664,55.75,59.78,1.6795912201092842,60.0425,55.75,64.17,2.6932849999415382,59.53458333333334,50.51,64.17,3.732435944488587
2026-08-16 03:18:43,Delhi,Delhi,"Anand Vihar, Delhi - DPCC",28.6139,77.209,56.93,87.72,49.46,13.14,1.37,32.95,20.14,97.87,2.4,269,1009.2,0.0,95,Satisfactory,PM25,3,16,6,8,2026,1,2,0.7071067811865475,0.7071067811865476,-0.8660254037844384,-0.5000000000000004,48.336,4.62961210974456,57.35,55.92,55.75,57.84,62.71,50.51,93.71,84.9,88.46,83.21,92.11,70.84,28.81,23.1,32.0,40.11,54.19,22.1,56.34000000000001,55.75,57.35,0.8788060081727488,57.44166666666666,55.75,59.07,1.3877956141551389,59.47416666666667,55.75,62.85,2.4518803853865836,59.75958333333333,50.51,64.17,3.4036188914112
2026-08-16 04:18:43,Delhi,Delhi,"Anand Vihar, Delhi - DPCC",28.6139,77.209,59.08,87.78,61.24,24.1,1.41,25.95,18.65,98.0,7.25,231,1009.3,0.0,98,Satisfactory,PM25,4,16,6,8,2026,1,2,0.8660254037844386,0.5000000000000001,-0.8660254037844384,-0.5000000000000004,135.21249999999998,4.987277353689568,56.93,57.35,55.92,59.07,62.85,54.58,87.72,93.71,84.9,98.22,105.56,91.06,49.46,28.81,23.1,68.22,42.38,41.74,56.73333333333335,55.92,57.35,0.735005668912731,57.28999999999999,55.75,59.07,1.3852797551403067,58.9925,55.75,62.85,2.3227535579372516,60.02708333333334,54.58,64.17,2.8527690273116244
2026-08-16 05:18:43,Delhi,Delhi,"Anand Vihar, Delhi - DPCC",28.6139,77.209,57.39,91.11,72.89,30.1,1.99,32.91,14.68,90.65,2.41,50,1008.5,2.8,99,Satisfactory,CO,5,16,6,8,2026,1,2,0.9659258262890683,0.25881904510252074,-0.8660254037844384,-0.5000000000000004,35.3788,5.781250000000001,59.08,56.93,57.35,58.72,61.06,57.22,87.78,87.72,93.71,92.45,86.77,94.09,61.24,49.46,28.81,26.6,37.57,30.79,57.78666666666668,56.93,59.08,1.1395759445222802,57.291666666666664,55.75,59.08,1.387853258333983,58.678333333333335,55.75,61.78,1.9837972464827671,60.21458333333334,55.75,64.17,2.6173600692079226
2026-08-16 06:18:43,Delhi,Delhi,"Anand Vihar, Delhi - DPCC",28.6139,77.209,57.64,99.66,26.88,30.56,2.01,23.55,17.34,90.04,1.9,96,1008.4,0.0,201,Poor,CO,6,16,6,8,2026,1,2,1.0,6.123233995736766e-17,-0.8660254037844384,-0.5000000000000004,32.946,4.90948745910578,57.39,59.08,56.93,55.75,61.78,59.09,91.11,87.78,87.72,88.46,108.2,97.87,72.89,61.24,49.46,32.0,47.0,42.82,57.80000000000001,56.93,59.08,1.1321219015638353,57.07,55.75,59.08,1.208751421923304,58.3725,55.75,61.78,1.8624281560277043,60.22166666666667,55.75,64.17,2.6091205692584576
2026-08-16 07:18:43,Delhi,Delhi,"Anand Vihar, Delhi - DPCC",28.6139,77.209,59.54,88.56,67.88,13.13,2.19,23.33,20.11,86.0,2.77,178,1009.0,0.0,102,Moderate,CO,7,16,6,8,2026,1,2,0.9659258262890683,-0.25881904510252063,-0.8660254037844384,-0.5000000000000004,55.704699999999995,4.073898626243486,57.64,57.39,59.08,55.92,60.86,59.06,99.66,91.11,87.78,84.9,89.35,104.65,26.88,72.89,61.24,23.1,68.71,53.26,58.03666666666668,57.39,59.08,0.9121586119386494,57.385,55.92,59.08,1.0288391516663702,58.027499999999996,55.75,60.86,1.527095430726777,60.161249999999995,55.75,64.17,2.652885733949234
2026-08-16 08:18:43,Delhi,Delhi,"Anand Vihar, Delhi - DPCC",28.6139,77.209,60.69,87.65,48.2,24.07,3.25,26.23,21.27,82.68,5.91,179,1008.5,0.0,211,Poor,PM25,8,16,6,8,2026,1,2,0.8660254037844387,-0.4999999999999998,-0.8660254037844384,-0.5000000000000004,125.70570000000001,3.7126178715761116,59.54,57.64,57.39,57.35,59.78,60.54,88.56,99.66,91.11,93.71,96.27,108.05,67.88,26.88,72.89,28.81,50.17,49.26,58.19000000000002,57.39,59.54,1.1757976016307037,57.98833333333334,56.93,59.54,1.0588940771711666,57.91750000000001,55.75,59.78,1.340679102002642,60.18125,55.75,64.17,2.646022959084077
2026-08-16 09:18:43,Delhi,Delhi,"Anand Vihar, Delhi - DPCC",28.6139,77.209,61.8,101.71,66.69,18.23,1.95,39.7,26.43,74.04,2.14,160,1014.9,0.0,104,Moderate,PM25,9,16,6,8,2026,1,2,0.7071067811865476,-0.7071067811865475,-0.8660254037844384,-0.5000000000000004,56.5602,2.6992344148742258,60.69,59.54,57.64,56.93,57.84,61.26,87.65,88.56,99.66,87.72,83.21,87.37,48.2,67.88,26.88,49.46,40.11,91.69,59.29000000000001,57.64,60.69,1.5402921800751044,58.54500000000001,56.93,60.69,1.4586671998785217,57.99333333333333,55.75,60.69,1.4746483915798456,60.1875,55.75,64.17,2.6470841217887546
2026-08-16 10:18:43,Delhi,Delhi,"Anand Vihar, Delhi - DPCC",28.6139,77.209,61.98,88.4,72.29,27.73,1.3,48.19,27.62,69.78,3.4,25,1013.3,0.0,104,Moderate,PM25,10,16,6,8,2026,1,2,0.49999999999999994,-0.8660254037844387,-0.8660254037844384,-0.5000000000000004,93.908,2.438155136268344,61.8,60.69,59.54,59.08,59.07,62.96,101.71,87.65,88.56,87.78,98.22,108.32,66.69,48.2,67.88,61.24,68.22,48.49,60.67666666666668,59.54,61.8,1.1300589955103497,59.35666666666666,57.39,61.8,1.7130401824440735,58.32333333333332,55.75,61.8,1.836025021286201,60.21,55.75,64.17,2.6588654003900523
2026-08-16 11:18:43,Delhi,Delhi,"Anand Vihar, Delhi - DPCC",28.6139,77.209,64.03,114.89,35.26,29.77,2.25,62.0,28.37,62.45,6.36,242,1013.8,0.0,111,Moderate,PM25,11,16,6,8,2026,1,2,0.258819045102521,-0.9659258262890682,-0.8660254037844384,-0.5000000000000004,180.43320000000003,2.126319373510385,61.98,61.8,60.69,57.39,58.72,63.73,88.4,101.71,87.65,91.11,92.45,89.37,72.29,66.69,48.2,72.89,26.6,49.64,61.49000000000001,60.69,61.98,0.6986415389887273,59.839999999999996,57.39,61.98,2.003806377872199,58.56583333333333,55.75,61.98,2.114643569078136,60.16916666666666,55.75,64.17,2.6220667531493307
2026-08-16 12:18:43,Delhi,Delhi,"Anand Vihar, Delhi - DPCC",28.6139,77.209,62.39,106.83,61.17,20.18,1.52,50.1,30.35,57.36,6.18,150,1013.6,0.0,125,Moderate,O3,12,16,6,8,2026,1,2,1.2246467991473532e-16,-1.0,-0.8660254037844384,-0.5000000000000004,187.563,1.8296650717703349,64.03,61.98,61.8,57.64,55.75,63.57,114.89,88.4,101.71,99.66,88.46,114.29,35.26,72.29,66.69,26.88,32.0,30.07,62.603333333333346,61.8,64.03,1.2388031858749324,60.94666666666666,57.64,64.03,2.2037029442889633,59.008333333333326,55.75,64.03,2.640119946770296,60.181666666666665,55.75,64.17,2.6404309046666787
2026-08-16 13:18:43,Delhi,Delhi,"Anand Vihar, Delhi - DPCC",28.6139,77.209,63.18,97.54,28.36,11.64,2.17,59.44,35.29,53.1,7.86,354,1009.4,0.0,108,Moderate,PM25,13,16,6,8,2026,1,2,-0.2588190451025208,-0.9659258262890683,-0.8660254037844384,-0.5000000000000004,277.37940000000003,1.4632130063378341,62.39,64.03,61.98,59.54,55.92,63.85,106.83,114.89,88.4,88.56,84.9,96.87,61.17,35.26,72.29,67.88,23.1,23.01,62.80000000000001,61.98,64.03,1.0847580375367343,61.73833333333334,59.54,64.03,1.5277619797166546,59.56166666666667,55.92,64.03,2.5904960329965196,60.1325,55.75,64.17,2.5849989487845955
2026-08-16 14:18:43,Delhi,Delhi,"Anand Vihar, Delhi - DPCC",28.6139,77.209,64.34,103.5,28.14,13.47,1.28,63.04,32.21,54.42,7.29,221,1014.1,0.0,112,Moderate,PM25,14,16,6,8,2026,1,2,-0.4999999999999997,-0.8660254037844388,-0.8660254037844384,-0.5000000000000004,234.8109,1.6386630532971997,63.18,62.39,64.03,60.69,57.35,64.17,97.54,106.83,114.89,87.65,93.71,97.71,28.36,61.17,35.26,48.2,28.81,42.72,63.20000000000002,62.39,64.03,0.8201829064303572,62.345,60.69,64.03,1.1582529948163351,60.166666666666664,56.93,64.03,2.509177095577484,60.10458333333333,55.75,64.17,2.5464365197812104
2026-08-16 15:18:43,Delhi,Delhi,"Anand Vihar, Delhi - DPCC",28.6139,77.209,62.95,108.51,25.32,18.44,0.79,46.8,30.14,53.59,8.63,211,1012.4,0.0,108,Moderate,PM25,15,16,6,8,2026,1,2,-0.7071067811865471,-0.7071067811865479,-0.8660254037844384,-0.5000000000000004,260.1082,1.720937700706487,64.34,63.18,62.39,61.8,56.93,62.71,103.5,97.54,106.83,101.71,87.72,92.11,28.14,28.36,61.17,66.69,49.46,54.19,63.30333333333335,62.39,64.34,0.9808329793261854,62.953333333333326,61.8,64.34,1.070358195497005,60.74916666666667,56.93,64.34,2.6053632039013945,60.11166666666667,55.75,64.34,2.5584449534258544
2026-08-16 16:18:43,Delhi,Delhi,"Anand Vihar, Delhi - DPCC",28.6139,77.209,62.63,108.98,68.73,12.93,1.91,50.13,32.88,45.28,14.02,32,1008.7,0.0,125,Moderate,O3,16,16,6,8,2026,1,2,-0.8660254037844384,-0.5000000000000004,-0.8660254037844384,-0.5000000000000004,460.9776,1.3364817001180638,62.95,64.34,63.18,61.98,59.08,62.85,108.51,103.5,97.54,88.4,87.78,105.56,25.32,28.14,28.36,72.29,61.24,42.38,63.490000000000016,62.95,64.34,0.7450503338705015,63.14499999999999,61.98,64.34,0.9140842411949313,61.25083333333333,57.39,64.34,2.3722772271438086,60.12166666666667,55.75,64.34,2.569487627264771
2026-08-16 17:18:43,Delhi,Delhi,"Anand Vihar, Delhi - DPCC",28.6139,77.209,60.15,90.92,56.61,18.99,1.57,27.33,33.06,52.45,8.83,251,1008.3,0.0,210,Poor,PM25,17,16,6,8,2026,1,2,-0.9659258262890683,-0.25881904510252063,-0.8660254037844384,-0.5000000000000004,291.9198,1.5399295361127423,62.63,62.95,64.34,64.03,57.39,61.06,108.98,108.51,103.5,114.89,91.11,86.77,68.73,25.32,28.14,35.26,72.89,37.57,63.30666666666668,62.63,64.34,0.9090837878511967,63.25333333333333,62.39,64.34,0.7765736711140571,61.54666666666666,57.39,64.34,2.29711413154292,60.112500000000004,55.75,64.34,2.5597048912784577
2026-08-16 18:18:43,Delhi,Delhi,"Anand Vihar, Delhi - DPCC",28.6139,77.209,60.47,89.25,63.89,33.8,2.59,34.73,31.65,54.41,11.67,228,1012.5,0.0,210,Poor,PM25,18,16,6,8,2026,1,2,-1.0,-1.8369701987210297e-16,-0.8660254037844384,-0.5000000000000004,369.3555,1.6664624808575803,60.15,62.63,62.95,62.39,57.64,61.78,90.92,108.98,108.51,106.83,99.66,108.2,56.61,68.73,25.32,61.17,26.88,47.0,61.91000000000002,60.15,62.95,1.532579524853625,62.606666666666676,60.15,64.34,1.3808499797833385,61.77666666666667,57.64,64.34,1.955924953632746,60.07458333333333,55.75,64.34,2.5517870620694465
2026-08-16 19:18:43,Delhi,Delhi,"Anand Vihar, Delhi - DPCC",28.6139,77.209,61.54,109.59,52.72,14.65,2.42,7.45,28.9,60.03,10.61,176,1012.3,3.5,107,Moderate,PM10,19,16,6,8,2026,1,2,-0.9659258262890684,0.2588190451025203,-0.8660254037844384,-0.5000000000000004,306.62899999999996,2.0076923076923077,60.47,60.15,62.63,63.18,59.54,60.86,89.25,90.92,108.98,97.54,88.56,89.35,63.89,56.61,68.73,28.36,67.88,68.71,61.08333333333335,60.15,62.63,1.3489749194606615,62.28666666666666,60.15,64.34,1.6393738642139222,62.012499999999996,59.54,64.34,1.5377085963450758,60.02,55.75,64.34,2.527617885265324
2026-08-16 20:18:43,Delhi,Delhi,"Anand Vihar, Delhi - DPCC",28.6139,77.209,58.45,97.64,66.74,18.32,2.09,0.0,24.89,69.0,11.87,190,1012.9,0.0,202,Poor,CO,20,16,6,8,2026,1,2,-0.8660254037844386,0.5000000000000001,-0.8660254037844384,-0.5000000000000004,295.4443,2.665121668597914,61.54,60.47,60.15,64.34,60.69,59.78,109.59,89.25,90.92,103.5,87.65,96.27,52.72,63.89,56.61,28.14,48.2,50.17,60.72000000000002,60.15,61.54,0.7279423054065227,62.01333333333333,60.15,64.34,1.5968051436126203,62.17916666666667,60.15,64.34,1.3411898268015423,60.04833333333334,55.75,64.34,2.5412178981341205
2026-08-16 21:18:43,Delhi,Delhi,"Anand Vihar, Delhi - DPCC",28.6139,77.209,57.13,83.42,72.72,9.1,2.38,3.69,26.02,75.41,8.49,44,1008.5,0.0,104,Moderate,CO,21,16,6,8,2026,1,2,-0.7071067811865477,0.7071067811865474,-0.8660254037844384,-0.5000000000000004,220.9098,2.7908956328645447,58.45,61.54,60.47,62.95,61.8,57.84,97.64,109.59,89.25,108.51,101.71,83.21,66.74,52.72,63.89,25.32,66.69,40.11,60.15333333333334,58.45,61.54,1.5691505132822288,61.031666666666666,58.45,62.95,1.6882466249537806,61.9925,58.45,64.34,1.6803036792634447,59.99291666666667,55.75,64.34,2.561742747778788
2026-08-16 22:18:43,Delhi,Delhi,"Anand Vihar, Delhi - DPCC",28.6139,77.209,56.18,100.43,54.17,14.35,2.46,3.04,22.2,83.62,10.68,312,1009.1,0.0,105,Moderate,CO,22,16,6,8,2026,1,2,-0.5000000000000004,0.8660254037844384,-0.8660254037844384,-0.5000000000000004,237.09599999999998,3.6043103448275864,57.13,58.45,61.54,62.63,61.98,59.07,83.42,97.64,109.59,108.98,88.4,98.22,72.72,66.74,52.72,68.73,72.29,68.22,59.04000000000002,57.13,61.54,2.2634266058347285,60.06166666666667,57.13,62.63,2.007410438019077,61.603333333333325,57.13,64.34,2.1918665077690376,59.96333333333333,55.75,64.34,2.591611327989296
2026-08-16 23:18:43,Delhi,Delhi,"Anand Vihar, Delhi - DPCC",28.6139,77.209,55.82,89.26,55.7,30.7,0.67,0.0,20.37,88.94,8.26,305,1009.2,0.0,93,Satisfactory,PM25,23,16,6,8,2026,1,2,-0.25881904510252157,0.9659258262890681,-0.8660254037844384,-0.5000000000000004,168.2562,4.16190921853065,56.18,57.13,58.45,60.15,64.03,58.72,100.43,83.42,97.64,90.92,114.89,92.45,54.17,72.72,66.74,56.61,35.26,26.6,57.25333333333335,56.18,58.45,1.1400146197895114,58.98666666666667,56.18,61.54,2.082581731089579,61.120000000000005,56.18,64.34,2.6852187992789136,59.84291666666667,55.75,64.34,2.699805917608483
2026-08-17 00:18:43,Delhi,Delhi,"Anand Vihar, Delhi - DPCC",28.6139,77.209,55.4,82.99,64.27,20.29,2.77,29.5,18.62,88.48,8.61,264,1011.5,9.3,109,Moderate,CO,0,17,0,8,2026,0,2,0.0,1.0,-0.8660254037844384,-0.5000000000000004,160.3182,4.509683995922528,55.82,56.18,57.13,60.47,62.39,55.75,89.26,100.43,83.42,89.25,106.83,88.46,55.7,54.17,72.72,63.89,61.17,32.0,56.37666666666669,55.82,57.13,0.6767815994350107,58.26499999999999,55.82,61.54,2.3338958845675783,60.435833333333335,55.82,64.34,2.912657200855934,59.72208333333333,55.75,64.34,2.8147005079183045
2026-08-17 01:18:43,Delhi,Delhi,"Anand Vihar, Delhi - DPCC",28.6139,77.209,54.21,80.68,56.53,30.09,1.15,38.31,19.04,98.0,3.88,342,1013.0,0.0,90,Satisfactory,PM25,1,17,0,8,2026,0,2,0.25881904510252074,0.9659258262890683,-0.8660254037844384,-0.5000000000000004,73.87519999999999,4.8902195608782435,55.4,55.82,56.18,61.54,63.18,55.92,82.99,89.26,100.43,109.59,97.54,84.9,64.27,55.7,54.17,52.72,28.36,23.1,55.80000000000001,55.4,56.18,0.39038442591947053,57.42000000000001,55.4,61.54,2.2933556200470897,59.85333333333333,55.4,64.34,3.1735908349816935,59.7075,55.4,64.34,2.8369935862979765
2026-08-17 02:18:43,Delhi,Delhi,"Anand Vihar, Delhi - DPCC",28.6139,77.209,53.96,88.64,39.86,21.78,0.89,26.3,15.38,98.0,5.14,207,1009.0,0.0,90,Satisfactory,PM25,2,17,0,8,2026,0,2,0.49999999999999994,0.8660254037844387,-0.8660254037844384,-0.5000000000000004,79.0532,5.982905982905982,54.21,55.4,55.82,58.45,64.34,57.35,80.68,82.99,89.26,97.64,103.5,93.71,56.53,64.27,55.7,66.74,28.14,28.81,55.143333333333345,54.21,55.82,0.8351247411817015,56.19833333333333,54.21,58.45,1.460977982951273,59.10583333333333,54.21,64.34,3.3691635280569225,59.63625,54.21,64.34,2.955258853519362
2026-08-17 03:18:43,Delhi,Delhi,"Anand Vihar, Delhi - DPCC",28.6139,77.209,53.16,75.4,72.63,8.32,0.73,35.13,16.44,98.0,2.23,52,1009.7,0.0,91,Satisfactory,NO2,3,17,0,8,2026,0,2,0.7071067811865475,0.7071067811865476,-0.8660254037844384,-0.5000000000000004,36.6612,5.6192660550458715,53.96,54.21,55.4,57.13,62.95,56.93,88.64,80.68,82.99,83.42,108.51,87.72,39.86,56.53,64.27,72.72,25.32,49.46,54.52333333333335,53.96,55.4,0.7694370236307806,55.449999999999996,53.96,57.13,1.2043587505397975,58.240833333333335,53.96,62.95,3.2329031656993776,59.495,53.96,64.34,3.144254940432638
2026-08-17 04:18:43,Delhi,Delhi,"Anand Vihar, Delhi - DPCC",28.6139,77.209,53.45,79.09,74.45,10.6,2.49,19.45,17.11,98.0,4.72,316,1009.1,0.0,106,Moderate,CO,4,17,0,8,2026,0,2,0.8660254037844386,0.5000000000000001,-0.8660254037844384,-0.5000000000000004,80.75919999999999,5.41137493097736,53.16,53.96,54.21,56.18,62.63,59.08,75.4,88.64,80.68,100.43,108.98,87.78,72.63,39.86,56.53,54.17,68.73,61.24,53.77666666666668,53.16,54.21,0.548482755730559,54.788333333333334,53.16,56.18,1.1872054020549774,57.425000000000004,53.16,62.63,3.1711755778347905,59.337916666666665,53.16,64.34,3.3644341589850213
2026-08-17 05:18:43,Delhi,Delhi,"Anand Vihar, Delhi - DPCC",28.6139,77.209,55.28,95.32,58.9,31.68,1.44,29.75,20.98,95.7,3.25,174,1014.7,0.0,95,Satisfactory,PM10,5,17,0,8,2026,0,2,0.9659258262890683,0.25881904510252074,-0.8660254037844384,-0.5000000000000004,68.185,4.353958143767061,53.45,53.16,53.96,55.82,60.15,57.39,79.09,75.4,88.64,89.26,90.92,91.11,74.45,72.63,39.86,55.7,56.61,72.89,53.52333333333335,53.16,53.96,0.4050102879357328,54.333333333333336,53.16,55.82,1.0639110238495364,56.660000000000004,53.16,61.54,2.8967976048798647,59.10333333333333,53.16,64.34,3.5730083131441908
2026-08-17 06:18:43,Delhi,Delhi,"Anand Vihar, Delhi - DPCC",28.6139,77.209,55.76,97.81,77.29,33.65,2.14,27.74,17.44,92.12,2.26,21,1008.1,0.0,102,Moderate,CO,6,17,0,8,2026,0,2,1.0,6.123233995736766e-17,-0.8660254037844384,-0.5000000000000004,39.4144,4.995661605206074,55.28,53.45,53.16,55.4,60.47,57.64,95.32,79.09,75.4,82.99,89.25,99.66,58.9,74.45,72.63,64.27,63.89,26.88,53.963333333333345,53.16,55.28,1.1494491434307952,54.24333333333334,53.16,55.4,0.9270311033986829,56.25416666666666,53.16,61.54,2.697704270919023,59.01541666666666,53.16,64.34,3.6422866434087866
2026-08-17 07:18:43,Delhi,Delhi,"Anand Vihar, Delhi - DPCC",28.6139,77.209,57.79,103.99,77.18,25.69,1.62,18.8,22.98,83.81,2.72,143,1014.6,0.0,103,Moderate,PM10,7,17,0,8,2026,0,2,0.9659258262890683,-0.25881904510252063,-0.8660254037844384,-0.5000000000000004,62.50560000000001,3.4949958298582153,55.76,55.28,53.45,54.21,61.54,59.54,97.81,95.32,79.09,80.68,109.59,88.56,77.29,58.9,74.45,56.53,52.72,67.88,54.83000000000001,53.45,55.76,1.21897497923479,54.303333333333335,53.16,55.76,1.0234972724284965,55.86166666666667,53.16,61.54,2.348615968969474,58.937083333333334,53.16,64.34,3.69301629891589
2026-08-17 08:18:43,Delhi,Delhi,"Anand Vihar, Delhi - DPCC",28.6139,77.209,59.75,98.05,46.63,13.31,3.28,21.08,21.23,81.14,4.9,156,1010.1,0.0,116,Moderate,CO,8,17,0,8,2026,0,2,0.8660254037844387,-0.4999999999999998,-0.8660254037844384,-0.5000000000000004,104.02700000000002,3.6500224921277553,57.79,55.76,55.28,53.96,58.45,60.69,103.99,97.81,95.32,88.64,97.64,87.65,77.18,77.29,58.9,39.86,66.74,48.2,56.27666666666668,55.28,57.79,1.3323788250095407,54.9,53.16,57.79,1.7464134676535918,55.54916666666666,53.16,58.45,1.6781778989748228,58.86416666666667,53.16,64.34,3.6978676777731394
2026-08-17 09:18:43,Delhi,Delhi,"Anand Vihar, Delhi - DPCC",28.6139,77.209,60.86,87.52,43.22,29.41,2.06,29.11,25.83,75.57,1.0,306,1012.5,0.0,211,Poor,PM25,9,17,0,8,2026,0,2,0.7071067811865476,-0.7071067811865475,-0.8660254037844384,-0.5000000000000004,25.83,2.8166231830040998,59.75,57.79,55.76,53.16,57.13,61.8,98.05,103.99,97.81,75.4,83.42,101.71,46.63,77.18,77.29,72.63,72.72,66.69,57.76666666666668,55.76,59.75,1.995102336556657,55.865,53.16,59.75,2.541706119912714,55.6575,53.16,59.75,1.9086031303265707,58.824999999999996,53.16,64.34,3.682634926245131
2026-08-17 10:18:43,Delhi,Delhi,"Anand Vihar, Delhi - DPCC",28.6139,77.209,61.93,88.57,65.33,18.84,1.35,48.3,25.35,70.24,7.08,288,1012.4,0.0,104,Moderate,PM25,10,17,0,8,2026,0,2,0.49999999999999994,-0.8660254037844387,-0.8660254037844384,-0.5000000000000004,179.478,2.665654648956356,60.86,59.75,57.79,53.45,56.18,61.98,87.52,98.05,103.99,79.09,100.43,88.4,43.22,46.63,77.18,74.45,54.17,72.29,59.466666666666676,57.79,60.86,1.5544881258259462,57.14833333333333,53.45,60.86,2.8302891489507327,55.968333333333334,53.16,60.86,2.4084843719024636,58.785833333333336,53.16,64.34,3.6545099197599233
2026-08-17 11:18:43,Delhi,Delhi,"Anand Vihar, Delhi - DPCC",28.6139,77.209,62.02,88.13,74.2,33.53,2.2,61.42,29.91,63.45,2.89,357,1014.0,0.0,104,Moderate,PM25,11,17,0,8,2026,0,2,0.258819045102521,-0.9659258262890682,-0.8660254037844384,-0.5000000000000004,86.43990000000001,2.052733743125202,61.93,60.86,59.75,55.28,55.82,64.03,88.57,87.52,98.05,95.32,89.26,114.89,65.33,43.22,46.63,58.9,55.7,35.26,60.846666666666685,59.75,61.93,1.090061160363894,58.56166666666667,55.28,61.93,2.729625737471731,56.4475,53.16,61.93,2.962649689352347,58.78375,53.16,64.34,3.6526236103834915
2026-08-17 12:18:43,Delhi,Delhi,"Anand Vihar, Delhi - DPCC",28.6139,77.209,62.89,98.23,42.27,24.93,0.63,67.37,27.79,59.51,7.29,302,1012.0,0.0,108,Moderate,PM25,12,17,0,8,2026,0,2,1.2246467991473532e-16,-1.0,-0.8660254037844384,-0.5000000000000004,202.5891,2.0670371656825286,62.02,61.93,60.86,55.76,55.4,62.39,88.13,88.57,87.52,97.81,82.99,106.83,74.2,65.33,43.22,77.29,64.27,61.17,61.60333333333335,60.86,62.02,0.6453164598349299,59.684999999999995,55.76,62.02,2.484904424721662,56.96416666666667,53.16,62.02,3.3575680006202697,58.699999999999996,53.16,64.34,3.5486678455811265
2026-08-17 13:18:43,Delhi,Delhi,"Anand Vihar, Delhi - DPCC",28.6139,77.209,64.34,94.99,74.94,14.98,0.83,60.98,31.91,49.31,8.4,200,1013.7,0.0,112,Moderate,PM25,13,17,0,8,2026,0,2,-0.2588190451025208,-0.9659258262890683,-0.8660254037844384,-0.5000000000000004,268.04400000000004,1.4983287754481922,62.89,62.02,61.93,57.79,54.21,63.18,98.23,88.13,88.57,103.99,80.68,97.54,42.27,74.2,65.33,77.18,56.53,28.36,62.28000000000001,61.93,62.89,0.5301886456729914,60.873333333333335,57.79,62.89,1.858350523089713,57.58833333333333,53.16,62.89,3.7172786559608157,58.72083333333333,53.16,64.34,3.5726593634905566
2026-08-17 14:18:43,Delhi,Delhi,"Anand Vihar, Delhi - DPCC",28.6139,77.209,62.31,100.43,60.02,17.46,2.79,62.38,34.08,52.51,9.7,307,1009.2,0.0,110,Moderate,CO,14,17,0,8,2026,0,2,-0.4999999999999997,-0.8660254037844388,-0.8660254037844384,-0.5000000000000004,330.57599999999996,1.4968643101482326,64.34,62.89,62.02,59.75,53.96,64.34,94.99,98.23,88.13,98.05,88.64,103.5,74.94,42.27,74.2,46.63,39.86,28.14,63.08333333333335,62.02,64.34,1.1720210464551872,61.965,59.75,64.34,1.5891979108975123,58.432500000000005,53.16,64.34,4.018369468057825,58.769166666666656,53.16,64.34,3.6427676013028822
2026-08-17 15:18:43,Delhi,Delhi,"Anand Vihar, Delhi - DPCC",28.6139,77.209,63.78,94.33,78.26,11.45,0.99,47.5,32.94,52.35,9.57,91,1011.9,0.0,110,Moderate,PM25,15,17,0,8,2026,0,2,-0.7071067811865471,-0.7071067811865479,-0.8660254037844384,-0.5000000000000004,315.2358,1.5424278137890397,62.31,64.34,62.89,60.86,53.16,62.95,100.43,94.99,98.23,87.52,75.4,108.51,60.02,74.94,42.27,43.22,72.63,25.32,63.18000000000001,62.31,64.34,1.0456098698848366,62.39166666666667,60.86,64.34,1.161747247325181,59.12833333333333,53.16,64.34,3.8945389115188465,58.684583333333336,53.16,64.34,3.529601503762549
2026-08-17 16:18:43,Delhi,Delhi,"Anand Vihar, Delhi - DPCC",28.6139,77.209,62.11,99.16,59.31,23.64,0.91,39.61,33.2,53.94,10.82,326,1013.7,0.0,105,Moderate,PM25,16,17,0,8,2026,0,2,-0.8660254037844384,-0.5000000000000004,-0.8660254037844384,-0.5000000000000004,359.22400000000005,1.5771929824561401,63.78,62.31,64.34,61.93,53.45,62.63,94.33,100.43,94.99,88.57,79.09,108.98,78.26,60.02,74.94,65.33,74.45,68.73,63.47666666666669,62.31,64.34,1.048443290471124,62.87833333333333,61.93,64.34,0.9908262545308233,60.01333333333334,53.45,64.34,3.611346596828558,58.719166666666666,53.16,64.34,3.5769599877023657
2026-08-17 17:18:43,Delhi,Delhi,"Anand Vihar, Delhi - DPCC",28.6139,77.209,59.29,83.67,46.99,25.59,2.39,32.5,30.53,59.69,10.63,198,1009.9,0.0,105,Moderate,CO,17,17,0,8,2026,0,2,-0.9659258262890683,-0.25881904510252063,-0.8660254037844384,-0.5000000000000004,324.5339,1.8931176657151918,62.11,63.78,62.31,62.02,55.28,60.15,99.16,94.33,100.43,88.13,95.32,90.92,59.31,78.26,60.02,74.2,58.9,56.61,62.73333333333335,62.11,63.78,0.911939325467389,62.90833333333333,62.02,64.34,0.9585701156762487,60.73499999999999,55.28,64.34,2.992856646933126,58.6975,53.16,64.34,3.553740527828525
2026-08-17 18:18:43,Delhi,Delhi,"Anand Vihar, Delhi - DPCC",28.6139,77.209,58.39,90.53,64.6,20.32,0.66,38.0,31.35,53.21,10.02,200,1009.5,0.0,97,Satisfactory,PM25,18,17,0,8,2026,0,2,-1.0,-1.8369701987210297e-16,-0.8660254037844384,-0.5000000000000004,314.127,1.644822256568779,59.29,62.11,63.78,62.89,55.76,60.47,83.67,99.16,94.33,98.23,97.81,89.25,46.99,59.31,78.26,42.27,77.29,63.89,61.72666666666668,59.29,63.78,2.2694125524756226,62.45333333333334,59.29,64.34,1.769482033440189,61.06916666666667,55.76,64.34,2.5139626754059385,58.66166666666666,53.16,64.34,3.5427766887947088
2026-08-17 19:18:43,Delhi,Delhi,"Anand Vihar, Delhi - DPCC",28.6139,77.209,54.78,89.25,94.81,31.19,1.12,5.45,30.39,67.23,12.43,316,1012.4,0.0,115,Moderate,NO2,19,17,0,8,2026,0,2,-0.9659258262890684,0.2588190451025203,-0.8660254037844384,-0.5000000000000004,377.7477,2.141764893278114,58.39,59.29,62.11,64.34,57.79,61.54,90.53,83.67,99.16,94.99,103.99,109.59,64.6,46.99,59.31,74.94,77.18,52.72,59.930000000000014,58.39,62.11,1.940824567033452,61.703333333333326,58.39,64.34,2.3916660859467194,61.288333333333334,57.79,64.34,2.087503220828778,58.574999999999996,53.16,64.34,3.521996716291169
2026-08-17 20:18:43,Delhi,Delhi,"Anand Vihar, Delhi - DPCC",28.6139,77.209,55.75,98.63,49.21,22.57,1.45,6.85,26.86,71.46,10.53,359,1009.3,0.0,99,Satisfactory,PM10,20,17,0,8,2026,0,2,-0.8660254037844386,0.5000000000000001,-0.8660254037844384,-0.5000000000000004,282.83579999999995,2.564967695620962,54.78,58.39,59.29,62.31,59.75,58.45,89.25,90.53,83.67,100.43,98.05,97.64,94.81,64.6,46.99,60.02,46.63,66.74,57.48666666666668,54.78,59.29,2.386845896436118,60.11000000000001,54.78,63.78,3.296925840840402,61.0375,54.78,64.34,2.650890502179655,58.29333333333333,53.16,64.34,3.544802277759148
2026-08-17 21:18:43,Delhi,Delhi,"Anand Vihar, Delhi - DPCC",28.6139,77.209,54.98,91.03,44.46,26.22,1.47,0.0,26.43,73.82,9.28,56,1013.5,0.0,92,Satisfactory,PM25,21,17,0,8,2026,0,2,-0.7071067811865477,0.7071067811865474,-0.8660254037844384,-0.5000000000000004,245.27039999999997,2.6912139992708712,55.75,54.78,58.39,63.78,60.86,57.13,98.63,89.25,90.53,94.33,87.52,83.42,49.21,94.81,64.6,78.26,43.22,72.72,56.30666666666668,54.78,58.39,1.8682701446348589,59.01666666666667,54.78,63.78,3.502739879960824,60.70416666666667,54.78,64.34,3.049084686302319,58.18083333333333,53.16,64.34,3.5822605404563785
2026-08-17 22:18:43,Delhi,Delhi,"Anand Vihar, Delhi - DPCC",28.6139,77.209,54.77,93.66,39.45,10.37,1.96,0.0,22.56,83.55,8.57,206,1014.5,0.0,98,Satisfactory,CO,22,17,0,8,2026,0,2,-0.5000000000000004,0.8660254037844384,-0.8660254037844384,-0.5000000000000004,193.3392,3.546264855687606,54.98,55.75,54.78,62.11,61.93,56.18,91.03,98.63,89.25,99.16,88.57,100.43,44.46,49.21,94.81,59.31,65.33,54.17,55.170000000000016,54.78,55.75,0.5121523210926996,57.550000000000004,54.78,62.11,2.899813787125209,60.21416666666667,54.78,64.34,3.465763613439811,58.09125,53.16,64.34,3.636159359998549
2026-08-17 23:18:43,Delhi,Delhi,"Anand Vihar, Delhi - DPCC",28.6139,77.209,54.86,89.71,56.89,27.34,2.54,0.0,21.41,84.39,5.05,327,1014.7,0.0,106,Moderate,CO,23,17,0,8,2026,0,2,-0.25881904510252157,0.9659258262890681,-0.8660254037844384,-0.5000000000000004,108.12049999999999,3.7657295850066936,54.77,54.98,55.75,59.29,62.02,55.82,93.66,91.03,98.63,83.67,88.13,89.26,39.45,44.46,49.21,46.99,74.2,55.7,55.16666666666668,54.77,55.75,0.5159780357088594,56.326666666666675,54.77,59.29,2.0000066666559464,59.6175,54.77,64.34,3.7483259899952333,58.0325,53.16,64.34,3.679514677354921
2026-08-18 00:18:43,Delhi,Delhi,"Anand Vihar, Delhi - DPCC",28.6139,77.209,52.9,74.82,36.54,26.73,1.54,27.92,18.14,90.46,7.79,116,1010.2,0.0,88,Satisfactory,PM25,0,18,1,8,2026,0,2,0.0,1.0,-0.8660254037844384,-0.5000000000000004,141.3106,4.726227795193312,54.86,54.77,54.98,58.39,62.89,55.4,89.71,93.66,91.03,90.53,98.23,82.99,56.89,39.45,44.46,64.6,42.27,64.27,54.87000000000001,54.77,54.98,0.10535653753158294,55.58833333333333,54.77,58.39,1.4212025424506907,59.020833333333336,54.77,64.34,3.898007552428416,57.9925,53.16,64.34,3.709706715232919
2026-08-18 01:18:43,Delhi,Delhi,"Anand Vihar, Delhi - DPCC",28.6139,77.209,52.68,76.57,69.18,18.28,1.76,15.73,16.99,97.15,4.84,276,1013.0,0.0,88,Satisfactory,PM25,1,18,1,8,2026,0,2,0.25881904510252074,0.9659258262890683,-0.8660254037844384,-0.5000000000000004,82.23159999999999,5.400222345747638,52.9,54.86,54.77,54.78,64.34,54.21,74.82,89.71,93.66,89.25,94.99,80.68,36.54,56.89,39.45,94.81,74.94,56.53,54.17666666666668,52.9,54.86,1.1065411575418231,54.67333333333334,52.9,55.75,0.9437725714749273,58.18833333333333,52.9,64.34,4.059966039565534,57.88833333333333,52.9,64.34,3.819152724915914
2026-08-18 02:18:43,Delhi,Delhi,"Anand Vihar, Delhi - DPCC",28.6139,77.209,53.22,78.37,25.88,28.44,2.56,32.92,16.31,98.0,5.1,234,1012.0,0.0,107,Moderate,CO,2,18,1,8,2026,0,2,0.49999999999999994,0.8660254037844387,-0.8660254037844384,-0.5000000000000004,83.18099999999998,5.661467359907569,52.68,52.9,54.86,55.75,62.31,53.96,76.57,74.82,89.71,98.63,100.43,88.64,69.18,36.54,56.89,49.21,60.02,39.86,53.48000000000001,52.68,54.86,1.2001666550944814,54.32333333333333,52.68,55.75,1.2393977031882992,57.21666666666667,52.68,63.78,3.843361060637626,57.82458333333333,52.68,64.34,3.895233407268714
2026-08-18 03:18:43,Delhi,Delhi,"Anand Vihar, Delhi - DPCC",28.6139,77.209,54.32,78.55,39.08,8.84,1.2,20.46,16.67,98.0,2.7,168,1008.5,0.0,90,Satisfactory,PM25,3,18,1,8,2026,0,2,0.7071067811865475,0.7071067811865476,-0.8660254037844384,-0.5000000000000004,45.00900000000001,5.546123372948499,53.22,52.68,52.9,54.98,63.78,53.16,78.37,76.57,74.82,91.03,94.33,75.4,25.88,69.18,36.54,44.46,78.26,72.63,52.933333333333344,52.68,53.22,0.2715388247268085,53.901666666666664,52.68,54.98,1.0766320943890124,56.45916666666667,52.68,63.78,3.6385722932676163,57.79375000000001,52.68,64.34,3.9299284344629983
2026-08-18 04:18:43,Delhi,Delhi,"Anand Vihar, Delhi - DPCC",28.6139,77.209,55.59,85.98,47.12,12.24,2.1,33.79,16.07,98.0,2.1,48,1011.5,0.0,101,Moderate,CO,4,18,1,8,2026,0,2,0.8660254037844386,0.5000000000000001,-0.8660254037844384,-0.5000000000000004,33.747,5.741066198008202,54.32,53.22,52.68,54.77,62.11,53.45,78.55,78.37,76.57,93.66,99.16,79.09,39.08,25.88,69.18,39.45,59.31,74.45,53.40666666666667,52.68,54.32,0.8357830659531308,53.791666666666664,52.68,54.86,0.9731683650162923,55.67083333333334,52.68,62.11,2.846929632663031,57.842083333333335,52.68,64.34,3.8772412639454563
2026-08-18 05:18:43,Delhi,Delhi,"Anand Vihar, Delhi - DPCC",28.6139,77.209,55.81,86.94,55.87,17.92,2.15,33.54,17.67,97.79,2.89,85,1009.3,0.0,102,Moderate,CO,5,18,1,8,2026,0,2,0.9659258262890683,0.25881904510252074,-0.8660254037844384,-0.5000000000000004,51.066300000000005,5.237814675950723,55.59,54.32,53.22,54.86,59.29,55.28,85.98,78.55,78.37,89.71,83.67,95.32,47.12,39.08,25.88,56.89,46.99,58.9,54.37666666666669,53.22,55.59,1.1860157390751718,53.928333333333335,52.68,55.59,1.1747411062308466,55.127500000000005,52.68,59.29,2.0035474221312732,57.93125,52.68,64.34,3.795590476489547
2026-08-18 06:18:43,Delhi,Delhi,"Anand Vihar, Delhi - DPCC",28.6139,77.209,57.46,80.55,53.31,33.19,1.34,39.19,23.18,89.86,1.94,143,1011.5,0.0,96,Satisfactory,PM25,6,18,1,8,2026,0,2,1.0,6.123233995736766e-17,-0.8660254037844384,-0.5000000000000004,44.9692,3.716294458229942,55.81,55.59,54.32,52.9,58.39,55.76,86.94,85.98,78.55,74.82,90.53,97.81,55.87,47.12,39.08,36.54,64.6,77.29,55.24000000000001,54.32,55.81,0.8043009387043474,54.08666666666667,52.68,55.81,1.372758779490577,54.8375,52.68,58.39,1.5458573672889868,57.95333333333334,52.68,64.34,3.781008223795149
2026-08-18 07:18:43,Delhi,Delhi,"Anand Vihar, Delhi - DPCC",28.6139,77.209,62.72,88.42,35.22,16.39,2.77,22.39,21.64,86.57,3.58,34,1009.7,0.0,109,Moderate,CO,7,18,1,8,2026,0,2,0.9659258262890683,-0.25881904510252063,-0.8660254037844384,-0.5000000000000004,77.47120000000001,3.823763250883392,57.46,55.81,55.59,52.68,54.78,57.79,80.55,86.94,85.98,76.57,89.25,103.99,53.31,55.87,47.12,69.18,94.81,77.18,56.28666666666668,55.59,57.46,1.0220730567498701,54.846666666666664,52.68,57.46,1.7848211861887973,54.76,52.68,57.46,1.3642047300373186,58.024166666666666,52.68,64.34,3.753958973006394
2026-08-18 08:18:43,Delhi,Delhi,"Anand Vihar, Delhi - DPCC",28.6139,77.209,65.77,108.51,74.98,15.15,2.0,29.82,24.13,81.41,2.22,309,1011.4,0.0,117,Moderate,PM25,8,18,1,8,2026,0,2,0.8660254037844387,-0.4999999999999998,-0.8660254037844384,-0.5000000000000004,53.5686,3.2395543175487465,62.72,57.46,55.81,53.22,55.75,59.75,88.42,80.55,86.94,78.37,98.63,98.05,35.22,53.31,55.87,25.88,49.21,46.63,58.66333333333335,55.81,62.72,3.608744010501993,56.52,53.22,62.72,3.359243962560855,55.421666666666674,52.68,62.72,2.6727440217989753,58.22958333333333,52.68,64.34,3.8735675940659364
2026-08-18 09:18:43,Delhi,Delhi,"Anand Vihar, Delhi - DPCC",28.6139,77.209,67.1,103.57,92.4,34.83,3.12,27.94,24.1,76.26,3.43,289,1014.4,0.0,122,Moderate,PM25,9,18,1,8,2026,0,2,0.7071067811865476,-0.7071067811865475,-0.8660254037844384,-0.5000000000000004,82.66300000000001,3.0382470119521914,65.77,62.72,57.46,54.32,54.98,60.86,108.51,88.42,80.55,78.55,91.03,87.52,74.98,35.22,53.31,39.08,44.46,43.22,61.98333333333335,57.46,65.77,4.203692821000837,58.61166666666667,54.32,65.77,4.579185153132379,56.25666666666667,52.68,65.77,4.013530147192826,58.48041666666666,52.68,65.77,4.1605826088335425
2026-08-18 10:18:43,Delhi,Delhi,"Anand Vihar, Delhi - DPCC",28.6139,77.209,66.42,115.29,64.71,9.59,1.06,49.5,27.0,66.1,5.12,88,1009.4,0.0,195,Moderate,CO,10,18,1,8,2026,0,2,0.49999999999999994,-0.8660254037844387,-0.8660254037844384,-0.5000000000000004,138.24,2.3607142857142853,67.1,65.77,62.72,55.59,54.77,61.93,103.57,108.51,88.42,85.98,93.66,88.57,92.4,74.98,35.22,47.12,39.45,65.33,65.19666666666667,62.72,67.1,2.2455808454237283,60.741666666666674,55.59,67.1,5.123605826629112,57.26666666666667,52.68,67.1,5.053346925703441,58.74041666666667,52.68,67.1,4.497113546890238
2026-08-18 11:18:43,Delhi,Delhi,"Anand Vihar, Delhi - DPCC",28.6139,77.209,67.23,113.94,67.64,17.63,2.29,67.78,29.63,60.37,8.01,257,1014.3,0.0,122,Moderate,PM25,11,18,1,8,2026,0,2,0.258819045102521,-0.9659258262890682,-0.8660254037844384,-0.5000000000000004,237.3363,1.9709435194254,66.42,67.1,65.77,55.81,54.86,62.02,115.29,103.57,108.51,86.94,89.71,88.13,64.71,92.4,74.98,55.87,56.89,74.2,66.43,65.77,67.1,0.6650563885871594,62.54666666666666,55.81,67.1,4.845871094722563,58.237500000000004,52.68,67.1,5.6176622847458235,58.9275,52.68,67.1,4.723278384306035
2026-08-18 12:18:43,Delhi,Delhi,"Anand Vihar, Delhi - DPCC",28.6139,77.209,67.93,120.81,49.05,18.11,1.22,60.76,30.36,59.79,6.26,125,1013.4,0.0,125,Moderate,PM25,12,18,1,8,2026,0,2,1.2246467991473532e-16,-1.0,-0.8660254037844384,-0.5000000000000004,190.0536,1.9065688775510203,67.23,66.42,67.1,57.46,52.9,62.89,113.94,115.29,103.57,80.55,74.82,98.23,67.64,64.71,92.4,53.31,36.54,42.27,66.91666666666669,66.42,67.23,0.4350095784392674,64.45,57.46,67.23,3.800715722071415,59.26833333333334,52.68,67.23,6.059144604095062,59.14458333333334,52.68,67.23,4.984114747760224
2026-08-18 13:18:43,Delhi,Delhi,"Anand Vihar, Delhi - DPCC",28.6139,77.209,69.15,124.14,79.03,19.71,1.67,57.59,31.4,53.11,4.56,72,1013.0,0.0,129,Moderate,PM25,13,18,1,8,2026,0,2,-0.2588190451025208,-0.9659258262890683,-0.8660254037844384,-0.5000000000000004,143.18399999999997,1.6391975308641975,67.93,67.23,66.42,62.72,52.68,64.34,120.81,113.94,115.29,88.42,76.57,94.99,49.05,67.64,64.71,35.22,69.18,74.94,67.19333333333336,66.42,67.93,0.7556674753712098,66.19500000000001,62.72,67.93,1.85511994221417,60.520833333333336,52.68,67.93,6.175385830174172,59.35458333333333,52.68,67.93,5.247977647061608
2026-08-18 14:18:43,Delhi,Delhi,"Anand Vihar, Delhi - DPCC",28.6139,77.209,68.64,116.71,31.59,8.85,2.48,51.73,29.68,54.98,8.24,130,1014.0,0.0,127,Moderate,PM25,14,18,1,8,2026,0,2,-0.4999999999999997,-0.8660254037844388,-0.8660254037844384,-0.5000000000000004,244.5632,1.7920469361147326,69.15,67.93,67.23,65.77,53.22,62.31,124.14,120.81,113.94,108.51,78.37,100.43,79.03,49.05,67.64,74.98,25.88,60.02,68.10333333333337,67.23,69.15,0.9716652372776489,67.26666666666667,65.77,69.15,1.180926190186025,61.89333333333334,53.22,69.15,6.104157053462332,59.55500000000001,52.68,69.15,5.530865959401822
2026-08-18 15:18:43,Delhi,Delhi,"Anand Vihar, Delhi - DPCC",28.6139,77.209,67.92,112.48,20.05,34.46,1.49,56.25,31.85,51.35,7.48,291,1012.1,0.0,125,Moderate,PM25,15,18,1,8,2026,0,2,-0.7071067811865471,-0.7071067811865479,-0.8660254037844384,-0.5000000000000004,238.23800000000003,1.5631659056316591,68.64,69.15,67.93,67.1,54.32,63.78,116.71,124.14,120.81,103.57,78.55,94.33,31.59,79.03,49.05,92.4,39.08,78.26,68.57333333333337,67.93,69.15,0.612726148726972,67.745,66.42,69.15,1.024319286160603,63.17833333333334,54.32,69.15,5.723509465883762,59.818749999999994,52.68,69.15,5.811752195935123
2026-08-18 16:18:43,Delhi,Delhi,"Anand Vihar, Delhi - DPCC",28.6139,77.209,65.64,103.33,28.92,9.13,0.74,59.13,33.91,48.54,9.47,300,1011.5,0.0,117,Moderate,PM25,16,18,1,8,2026,0,2,-0.8660254037844384,-0.5000000000000004,-0.8660254037844384,-0.5000000000000004,321.1277,1.3904325408192497,67.92,68.64,69.15,66.42,55.59,62.11,112.48,116.71,124.14,115.29,85.98,99.16,20.05,31.59,79.03,64.71,47.12,59.31,68.57000000000002,67.92,69.15,0.6179805822195815,67.88166666666666,66.42,69.15,0.9745443379688897,64.31166666666667,55.59,69.15,5.125197704981901,59.99125,52.68,69.15,5.9930512751816725
2026-08-18 17:18:43,Delhi,Delhi,"Anand Vihar, Delhi - DPCC",28.6139,77.209,66.52,101.62,28.25,8.48,1.58,48.51,32.44,50.47,9.44,333,1008.7,13.3,120,Moderate,PM25,17,18,1,8,2026,0,2,-0.9659258262890683,-0.25881904510252063,-0.8660254037844384,-0.5000000000000004,306.23359999999997,1.5092703349282297,65.64,67.92,68.64,67.23,55.81,59.29,103.33,112.48,116.71,113.94,86.94,83.67,28.92,20.05,31.59,67.64,55.87,46.99,67.40000000000002,65.64,68.64,1.5661417560363167,67.75166666666668,65.64,69.15,1.2276712372077618,65.14916666666666,55.81,69.15,4.329857142999985,60.13833333333334,52.68,69.15,6.089846622375482
2026-08-18 18:18:43,Delhi,Delhi,"Anand Vihar, Delhi - DPCC",28.6139,77.209,63.9,108.69,64.49,9.08,2.09,31.02,33.22,61.2,7.86,50,1008.5,0.0,202,Poor,CO,18,18,1,8,2026,0,2,-1.0,-1.8369701987210297e-16,-0.8660254037844384,-0.5000000000000004,261.1092,1.788427819988311,66.52,65.64,67.92,67.93,57.46,58.39,101.62,103.33,112.48,120.81,80.55,90.53,28.25,28.92,20.05,49.05,53.31,64.6,66.69333333333336,65.64,67.92,1.1498405686589308,67.63333333333334,65.64,69.15,1.318842927215843,66.04166666666667,57.46,69.15,3.1812628519714186,60.43958333333334,52.68,69.15,6.223417542299176
2026-08-18 19:18:43,Delhi,Delhi,"Anand Vihar, Delhi - DPCC",28.6139,77.209,62.89,98.86,84.09,29.45,2.71,6.11,31.69,62.08,9.43,355,1012.2,0.0,109,Moderate,CO,19,18,1,8,2026,0,2,-0.9659258262890684,0.2588190451025203,-0.8660254037844384,-0.5000000000000004,298.8367,1.8990516977669012,63.9,66.52,65.64,69.15,62.72,54.78,108.69,101.62,103.33,124.14,88.42,89.25,64.49,28.25,28.92,79.03,35.22,94.81,65.35333333333335,63.9,66.52,1.3333166665627452,66.96166666666666,63.9,69.15,1.9919680385657124,66.57833333333333,62.72,69.15,1.8783543732520422,60.66916666666666,52.68,69.15,6.246111776044399
2026-08-18 20:18:43,Delhi,Delhi,"Anand Vihar, Delhi - DPCC",28.6139,77.209,61.31,96.6,42.65,20.54,1.46,12.69,25.17,68.44,10.65,227,1011.0,0.0,102,Moderate,PM25,20,18,1,8,2026,0,2,-0.8660254037844386,0.5000000000000001,-0.8660254037844384,-0.5000000000000004,268.06050000000005,2.6152082537256396,62.89,63.9,66.52,68.64,65.77,55.75,98.86,108.69,101.62,116.71,108.51,98.63,84.09,64.49,28.25,31.59,74.98,49.21,64.43666666666668,62.89,66.52,1.8735616705446505,65.91833333333334,62.89,68.64,2.240450103587992,66.5925,62.89,69.15,1.8469883348551033,61.007083333333334,52.68,69.15,6.13198774720595
2026-08-18 21:18:43,Delhi,Delhi,"Anand Vihar, Delhi - DPCC",28.6139,77.209,59.35,98.73,41.3,13.2,2.4,0.0,23.52,73.46,7.59,77,1011.6,0.0,105,Moderate,CO,21,18,1,8,2026,0,2,-0.7071067811865477,0.7071067811865474,-0.8660254037844384,-0.5000000000000004,178.5168,2.995921696574225,61.31,62.89,63.9,67.92,67.1,54.98,96.6,98.86,108.69,112.48,103.57,91.03,42.65,84.09,64.49,20.05,92.4,44.46,62.70000000000002,61.31,63.9,1.3054118124181702,64.69666666666667,61.31,67.92,2.448368164036523,66.22083333333333,61.31,69.15,2.394988928929929,61.23875,52.68,69.15,6.028901632246468
2026-08-18 22:18:43,Delhi,Delhi,"Anand Vihar, Delhi - DPCC",28.6139,77.209,57.0,83.61,21.18,14.16,0.65,0.0,23.95,82.22,6.85,138,1008.7,0.0,95,Satisfactory,PM25,22,18,1,8,2026,0,2,-0.5000000000000004,0.8660254037844384,-0.8660254037844384,-0.5000000000000004,164.05749999999998,3.2953907815631265,59.35,61.31,62.89,65.64,66.42,54.77,98.73,96.6,98.86,103.33,115.29,93.66,41.3,42.65,84.09,28.92,64.71,39.45,61.18333333333336,59.35,62.89,1.773395988868356,63.268333333333324,59.35,66.52,2.6806224401559704,65.575,59.35,69.15,3.082588935530421,61.42083333333333,52.68,69.15,5.896188095538569
2026-08-18 23:18:43,Delhi,Delhi,"Anand Vihar, Delhi - DPCC",28.6139,77.209,56.56,87.44,28.82,17.44,1.09,0.0,19.43,84.19,8.87,23,1008.1,0.0,196,Moderate,CO,23,18,1,8,2026,0,2,-0.25881904510252157,0.9659258262890681,-0.8660254037844384,-0.5000000000000004,172.34409999999997,4.1209006363191385,57.0,59.35,61.31,66.52,67.23,54.86,83.61,98.73,96.6,101.62,113.94,89.71,21.18,41.3,42.65,28.25,67.64,56.89,59.22000000000003,57.0,61.31,2.157938831385457,61.828333333333326,57.0,66.52,3.380954993292271,64.79,57.0,69.15,3.9306233602318215,61.513749999999995,52.68,69.15,5.803667365666648
2026-08-19 00:18:43,Delhi,Delhi,"Anand Vihar, Delhi - DPCC",28.6139,77.209,53.98,92.34,75.59,30.02,2.24,23.37,18.98,94.41,6.4,260,1013.8,0.0,103,Moderate,CO,0,19,2,8,2026,0,2,0.0,1.0,-0.8660254037844384,-0.5000000000000004,121.47200000000001,4.725225225225225,56.56,57.0,59.35,63.9,67.93,52.9,87.44,83.61,98.73,108.69,120.81,74.82,28.82,21.18,41.3,64.49,49.05,36.54,57.63666666666669,56.56,59.35,1.500011111070424,60.16833333333333,56.56,63.9,3.0451365596091384,63.90083333333333,56.56,69.15,4.49484241473864,61.58458333333334,52.68,69.15,5.728819575783805
2026-08-19 01:18:43,Delhi,Delhi,"Anand Vihar, Delhi - DPCC",28.6139,77.209,54.59,86.89,45.79,27.42,1.83,39.83,18.69,92.92,5.03,169,1009.6,0.0,91,Satisfactory,PM25,1,19,2,8,2026,0,2,0.25881904510252074,0.9659258262890683,-0.8660254037844384,-0.5000000000000004,94.01070000000001,4.719146775012697,53.98,56.56,57.0,62.89,69.15,52.68,92.34,87.44,83.61,98.86,124.14,76.57,75.59,28.82,21.18,84.09,79.03,69.18,55.846666666666685,53.98,57.0,1.6314819439193748,58.51500000000001,53.98,62.89,3.2964632562796403,62.73833333333334,53.98,69.15,5.118696271039311,61.629583333333336,52.68,69.15,5.6614819685052264
2026-08-19 02:18:43,Delhi,Delhi,"Anand Vihar, Delhi - DPCC",28.6139,77.209,54.36,79.85,50.75,28.87,1.08,16.52,17.41,98.0,5.17,87,1013.2,0.0,195,Moderate,CO,2,19,2,8,2026,0,2,0.49999999999999994,0.8660254037844387,-0.8660254037844384,-0.5000000000000004,90.0097,5.32319391634981,54.59,53.98,56.56,61.31,68.64,53.22,86.89,92.34,87.44,96.6,116.71,78.37,45.79,75.59,28.82,42.65,31.59,25.88,55.04333333333335,53.98,56.56,1.3484188271212458,57.13166666666666,53.98,61.31,2.7970228219785134,61.525000000000006,53.98,68.64,5.1859188718543265,61.70916666666667,53.22,69.15,5.542379740545161
2026-08-19 03:18:43,Delhi,Delhi,"Anand Vihar, Delhi - DPCC",28.6139,77.209,54.7,77.82,32.4,10.43,1.49,35.52,15.3,95.71,4.27,14,1011.9,0.0,91,Satisfactory,PM25,3,19,2,8,2026,0,2,0.7071067811865475,0.7071067811865476,-0.8660254037844384,-0.5000000000000004,65.331,5.871779141104294,54.36,54.59,53.98,59.35,67.92,54.32,79.85,86.89,92.34,98.73,112.48,78.55,50.75,45.79,75.59,41.3,20.05,39.08,54.310000000000024,53.98,54.59,0.3080584360178769,55.97333333333333,53.98,59.35,2.0634889548211364,60.335,53.98,67.92,5.041212877148482,61.75666666666666,53.98,69.15,5.470885523002353
2026-08-19 04:18:43,Delhi,Delhi,"Anand Vihar, Delhi - DPCC",28.6139,77.209,55.53,97.82,24.91,26.05,0.63,30.75,14.06,98.0,3.37,191,1010.5,0.0,98,Satisfactory,PM10,4,19,2,8,2026,0,2,0.8660254037844386,0.5000000000000001,-0.8660254037844384,-0.5000000000000004,47.382200000000005,6.507304116865869,54.7,54.36,54.59,57.0,65.64,55.59,77.82,79.85,86.89,83.61,103.33,85.98,32.4,50.75,45.79,21.18,28.92,47.12,54.55000000000002,54.36,54.7,0.1734935157340233,55.19833333333333,53.98,57.0,1.2574325694322328,59.23333333333333,53.98,66.52,4.663290553662646,61.7725,53.98,69.15,5.4489330826438
2026-08-19 05:18:43,Delhi,Delhi,"Anand Vihar, Delhi - DPCC",28.6139,77.209,56.58,99.32,50.88,27.96,1.26,26.2,16.79,94.5,2.15,150,1013.4,0.0,99,Satisfactory,PM10,5,19,2,8,2026,0,2,0.9659258262890683,0.25881904510252074,-0.8660254037844384,-0.5000000000000004,36.098499999999994,5.311973018549748,55.53,54.7,54.36,56.56,66.52,55.81,97.82,77.82,79.85,87.44,101.62,86.94,24.91,32.4,50.75,28.82,28.25,55.87,54.86333333333335,54.36,55.53,0.6018582335858249,54.95333333333334,53.98,56.56,0.939098858837017,58.39083333333334,53.98,66.52,4.299690175589534,61.77,53.98,69.15,5.451905929202116
2026-08-19 06:18:43,Delhi,Delhi,"Anand Vihar, Delhi - DPCC",28.6139,77.209,59.28,90.64,67.85,17.15,1.16,20.56,20.42,94.6,1.28,319,1009.6,5.0,99,Satisfactory,PM25,6,19,2,8,2026,0,2,1.0,6.123233995736766e-17,-0.8660254037844384,-0.5000000000000004,26.137600000000003,4.416433239962651,56.58,55.53,54.7,53.98,63.9,57.46,99.32,97.82,77.82,92.34,108.69,80.55,50.88,24.91,32.4,75.59,64.49,53.31,55.60333333333335,54.7,56.58,0.9421429473996813,54.95666666666667,53.98,56.58,0.9459527824733036,57.5625,53.98,63.9,3.4683350079358464,61.802083333333336,53.98,69.15,5.417464495312418
2026-08-19 07:18:43,Delhi,Delhi,"Anand Vihar, Delhi - DPCC",28.6139,77.209,58.98,95.52,64.66,19.03,2.8,22.45,23.17,88.4,1.94,252,1013.7,0.0,110,Moderate,CO,7,19,2,8,2026,0,2,0.9659258262890683,-0.25881904510252063,-0.8660254037844384,-0.5000000000000004,44.9498,3.6574265618535375,59.28,56.58,55.53,54.59,62.89,62.72,90.64,99.32,97.82,86.89,98.86,88.42,67.85,50.88,24.91,45.79,84.09,35.22,57.130000000000024,55.53,59.28,1.934554212215681,55.84,54.36,59.28,1.8724208928556079,57.17750000000001,53.98,62.89,2.912824699028999,61.87791666666667,53.98,69.15,5.36654044432531
2026-08-19 08:18:43,Delhi,Delhi,"Anand Vihar, Delhi - DPCC",28.6139,77.209,61.18,96.33,50.38,9.6,1.84,26.5,24.52,84.66,5.08,341,1008.7,0.0,102,Moderate,PM25,8,19,2,8,2026,0,2,0.8660254037844387,-0.4999999999999998,-0.8660254037844384,-0.5000000000000004,124.5616,3.317398119122257,58.98,59.28,56.58,54.36,61.31,65.77,95.52,90.64,99.32,79.85,96.6,108.51,64.66,67.85,50.88,50.75,42.65,74.98,58.28000000000002,56.58,59.28,1.4798648586953076,56.571666666666665,54.36,59.28,2.126729100442449,56.85166666666666,53.98,61.31,2.3869411133893847,61.72208333333334,53.98,69.15,5.395249101044222
2026-08-19 09:18:43,Delhi,Delhi,"Anand Vihar, Delhi - DPCC",28.6139,77.209,64.96,103.81,89.77,24.43,1.19,28.66,24.67,77.48,5.13,55,1008.4,0.0,114,Moderate,PM25,9,19,2,8,2026,0,2,0.7071067811865476,-0.7071067811865475,-0.8660254037844384,-0.5000000000000004,126.5571,3.0183093104791583,61.18,58.98,59.28,54.7,59.35,67.1,96.33,95.52,90.64,77.82,98.73,103.57,50.38,64.66,67.85,32.4,41.3,92.4,59.813333333333354,58.98,61.18,1.1930353445453372,57.708333333333336,54.7,61.18,2.498322770714101,56.840833333333336,53.98,61.18,2.365061822499171,61.530833333333334,53.98,69.15,5.326434419307921
2026-08-19 10:18:43,Delhi,Delhi,"Anand Vihar, Delhi - DPCC",28.6139,77.209,64.64,102.75,38.35,33.15,1.08,53.9,27.59,67.63,4.52,186,1008.7,0.0,195,Moderate,CO,10,19,2,8,2026,0,2,0.49999999999999994,-0.8660254037844387,-0.8660254037844384,-0.5000000000000004,124.70679999999999,2.365512416928996,64.96,61.18,58.98,55.53,57.0,66.42,103.81,96.33,95.52,97.82,83.61,115.29,89.77,50.38,64.66,24.91,21.18,64.71,61.70666666666668,58.98,64.96,3.0245881262304386,59.41833333333333,55.53,64.96,3.3823093688585497,57.30833333333334,53.98,64.96,3.282612134298394,61.44166666666666,53.98,69.15,5.246462714486063
2026-08-19 11:18:43,Delhi,Delhi,"Anand Vihar, Delhi - DPCC",28.6139,77.209,65.2,96.62,66.57,15.45,1.7,51.12,29.04,62.71,6.69,250,1008.6,4.3,115,Moderate,PM25,11,19,2,8,2026,0,2,0.258819045102521,-0.9659258262890682,-0.8660254037844384,-0.5000000000000004,194.2776,2.087549933422104,64.64,64.96,61.18,56.58,56.56,67.23,102.75,103.81,96.33,99.32,87.44,113.94,38.35,89.77,50.38,50.88,28.82,67.64,63.59333333333334,61.18,64.96,2.096123406036465,60.93666666666667,56.58,64.96,3.3321084416129247,57.945,53.98,64.96,3.9001759867053836,61.36750000000001,53.98,69.15,5.185251031615471
2026-08-19 12:18:43,Delhi,Delhi,"Anand Vihar, Delhi - DPCC",28.6139,77.209,67.11,109.24,42.47,25.66,0.96,49.87,28.97,57.93,8.19,233,1010.2,0.0,122,Moderate,PM25,12,19,2,8,2026,0,2,1.2246467991473532e-16,-1.0,-0.8660254037844384,-0.5000000000000004,237.26429999999996,1.932932932932933,65.2,64.64,64.96,59.28,53.98,67.93,96.62,102.75,103.81,90.64,92.34,120.81,66.57,38.35,89.77,67.85,75.59,49.05,64.93333333333335,64.64,65.2,0.2809507667434497,62.373333333333335,58.98,65.2,2.909506258228003,58.665,53.98,65.2,4.388218731599892,61.28291666666667,53.98,69.15,5.101340385808795
2026-08-19 13:18:43,Delhi,Delhi,"Anand Vihar, Delhi - DPCC",28.6139,77.209,66.23,114.03,46.65,28.66,0.63,50.72,32.19,51.91,6.72,275,1012.9,0.0,126,Moderate,O3,13,19,2,8,2026,0,2,-0.2588190451025208,-0.9659258262890683,-0.8660254037844384,-0.5000000000000004,216.31679999999997,1.5640253088279603,67.11,65.2,64.64,58.98,54.59,69.15,109.24,96.62,102.75,95.52,86.89,124.14,42.47,66.57,38.35,64.66,45.79,79.03,65.65000000000002,64.64,67.11,1.2950289572053182,63.678333333333335,58.98,67.11,2.9991759979480586,59.759166666666665,54.36,67.11,4.736929305196001,61.24875,53.98,69.15,5.057442481780837
2026-08-19 14:18:43,Delhi,Delhi,"Anand Vihar, Delhi - DPCC",28.6139,77.209,65.7,115.75,74.57,19.73,0.81,66.45,33.45,54.15,7.59,58,1011.8,0.0,117,Moderate,PM25,14,19,2,8,2026,0,2,-0.4999999999999997,-0.8660254037844388,-0.8660254037844384,-0.5000000000000004,253.8855,1.5718432510885338,66.23,67.11,65.2,61.18,54.36,68.64,114.03,109.24,96.62,96.33,79.85,116.71,46.65,42.47,66.57,50.38,50.75,31.59,66.18000000000002,65.2,67.11,0.9559811713628142,64.88666666666667,61.18,67.11,2.0323155922906175,60.729166666666664,54.36,67.11,4.773831048412608,61.12708333333333,53.98,68.64,4.891498818195258
2026-08-19 15:18:43,Delhi,Delhi,"Anand Vihar, Delhi - DPCC",28.6139,77.209,64.93,93.1,47.88,30.76,1.19,62.44,31.83,51.65,7.83,329,1010.3,0.0,114,Moderate,PM25,15,19,2,8,2026,0,2,-0.7071067811865471,-0.7071067811865479,-0.8660254037844384,-0.5000000000000004,249.22889999999998,1.5732561681388975,65.7,66.23,67.11,64.96,54.7,67.92,115.75,114.03,109.24,103.81,77.82,112.48,74.57,46.65,42.47,89.77,32.4,20.05,66.34666666666669,65.7,67.11,0.7122031545377558,65.64,64.64,67.11,0.913082690669793,61.67416666666667,54.7,67.11,4.513723434419136,61.004583333333336,53.98,67.92,4.729293521250797
2026-08-19 16:18:43,Delhi,Delhi,"Anand Vihar, Delhi - DPCC",28.6139,77.209,61.76,108.62,21.92,8.76,1.92,55.49,32.82,50.12,10.18,342,1012.9,0.0,106,Moderate,PM10,16,19,2,8,2026,0,2,-0.8660254037844384,-0.5000000000000004,-0.8660254037844384,-0.5000000000000004,334.1076,1.4819633353045534,64.93,65.7,66.23,64.64,55.53,65.64,93.1,115.75,114.03,102.75,97.82,103.33,47.88,74.57,46.65,38.35,24.91,28.92,65.62000000000002,64.93,66.23,0.6536818798164128,65.635,64.64,67.11,0.9176219265039313,62.52666666666667,55.53,67.11,4.015323678413036,60.88,53.98,67.11,4.576102385598265
2026-08-19 17:18:43,Delhi,Delhi,"Anand Vihar, Delhi - DPCC",28.6139,77.209,62.52,109.03,42.83,34.05,1.18,33.71,30.32,51.23,9.74,273,1014.5,0.0,106,Moderate,PM10,17,19,2,8,2026,0,2,-0.9659258262890683,-0.25881904510252063,-0.8660254037844384,-0.5000000000000004,295.3168,1.6356960408684544,61.76,64.93,65.7,65.2,56.58,66.52,108.62,93.1,115.75,96.62,99.32,101.62,21.92,47.88,74.57,66.57,50.88,28.25,64.13000000000002,61.76,65.7,2.088276801576019,65.155,61.76,67.11,1.8359384521276463,63.04583333333333,56.58,67.11,3.381111862130936,60.718333333333334,53.98,67.11,4.467885081495403
2026-08-19 18:18:43,Delhi,Delhi,"Anand Vihar, Delhi - DPCC",28.6139,77.209,62.85,91.83,78.41,17.84,1.98,26.72,31.65,62.92,10.06,358,1012.6,0.0,107,Moderate,PM25,18,19,2,8,2026,0,2,-1.0,-1.8369701987210297e-16,-0.8660254037844384,-0.5000000000000004,318.399,1.9271056661562023,62.52,61.76,64.93,67.11,59.28,63.9,109.03,108.62,93.1,109.24,90.64,108.69,42.83,21.92,47.88,42.47,67.85,64.49,63.07000000000002,61.76,64.93,1.6550226584553829,64.70833333333333,61.76,67.11,2.125910785208916,63.54083333333333,58.98,67.11,2.7182931085963626,60.55166666666667,53.98,67.11,4.314011213896315
2026-08-19 19:18:43,Delhi,Delhi,"Anand Vihar, Delhi - DPCC",28.6139,77.209,60.37,87.25,75.79,34.94,2.57,10.74,28.42,62.88,8.21,23,1010.8,0.0,210,Poor,PM25,19,19,2,8,2026,0,2,-0.9659258262890684,0.2588190451025203,-0.8660254037844384,-0.5000000000000004,233.32820000000004,2.1373215499660096,62.85,62.52,61.76,66.23,58.98,62.89,91.83,109.03,108.62,114.03,95.52,98.86,78.41,42.83,21.92,46.65,64.66,84.09,62.37666666666669,61.76,62.85,0.5589573627157469,63.998333333333335,61.76,66.23,1.8578634682526327,63.83833333333333,58.98,67.11,2.3844337362200414,60.50791666666667,53.98,67.11,4.283796547727123
2026-08-19 20:18:43,Delhi,Delhi,"Anand Vihar, Delhi - DPCC",28.6139,77.209,58.76,86.97,84.04,28.09,2.99,0.0,27.76,69.33,9.89,56,1012.7,0.0,112,Moderate,CO,20,19,2,8,2026,0,2,-0.8660254037844386,0.5000000000000001,-0.8660254037844384,-0.5000000000000004,274.5464,2.4106397774687065,60.37,62.85,62.52,65.7,61.18,61.31,87.25,91.83,109.03,115.75,96.33,96.6,75.79,78.41,42.83,74.57,50.38,42.65,61.913333333333355,60.37,62.85,1.3467120454403816,63.02166666666667,60.37,65.7,1.9859246377110724,63.95416666666667,60.37,67.11,2.1491159211229753,60.40291666666667,53.98,67.11,4.253648540464657
2026-08-19 21:18:43,Delhi,Delhi,"Anand Vihar, Delhi - DPCC",28.6139,77.209,59.02,94.17,68.33,19.51,2.8,0.0,25.0,74.09,7.7,267,1013.9,0.0,110,Moderate,CO,21,19,2,8,2026,0,2,-0.7071067811865477,0.7071067811865474,-0.8660254037844384,-0.5000000000000004,192.5,2.849615384615385,58.76,60.37,62.85,64.93,64.96,59.35,86.97,87.25,91.83,93.1,103.81,98.73,84.04,75.79,78.41,47.88,89.77,41.3,60.66000000000002,58.76,62.85,2.060364045502897,61.865,58.76,64.93,2.1298145459174056,63.7525,58.76,67.11,2.515425592040232,60.296666666666674,53.98,67.11,4.2618455551828625
2026-08-19 22:18:43,Delhi,Delhi,"Anand Vihar, Delhi - DPCC",28.6139,77.209,58.8,101.46,59.46,30.01,1.87,0.0,23.39,80.61,6.89,336,1009.4,0.0,101,Moderate,PM10,22,19,2,8,2026,0,2,-0.5000000000000004,0.8660254037844384,-0.8660254037844384,-0.5000000000000004,161.15709999999999,3.305043050430504,59.02,58.76,60.37,61.76,64.64,57.0,94.17,86.97,87.25,108.62,102.75,83.61,68.33,84.04,75.79,21.92,38.35,21.18,59.383333333333354,58.76,60.37,0.8643109008537196,60.879999999999995,58.76,62.85,1.7640294782121728,63.25749999999999,58.76,67.11,2.8219790766571995,60.28291666666667,53.98,67.11,4.265563298513249
2026-08-19 23:18:43,Delhi,Delhi,"Anand Vihar, Delhi - DPCC",28.6139,77.209,56.16,98.91,34.04,22.79,2.16,0.0,19.29,88.04,8.25,16,1009.0,0.0,102,Moderate,CO,23,19,2,8,2026,0,2,-0.25881904510252157,0.9659258262890681,-0.8660254037844384,-0.5000000000000004,159.14249999999998,4.339083292262199,58.8,59.02,58.76,62.52,65.2,56.56,101.46,94.17,86.97,109.03,96.62,87.44,59.46,68.33,84.04,42.83,66.57,28.82,58.860000000000014,58.76,59.02,0.14000000000469523,60.38666666666666,58.76,62.85,1.8788684537955973,62.770833333333336,58.76,67.11,3.0557708693651735,60.357916666666675,53.98,67.11,4.220921987852447
2026-08-20 00:18:43,Delhi,Delhi,"Anand Vihar, Delhi - DPCC",28.6139,77.209,56.21,80.69,41.04,32.61,1.82,21.64,17.98,93.48,7.22,266,1013.4,0.0,94,Satisfactory,PM25,0,20,3,8,2026,0,2,0.0,1.0,-0.8660254037844384,-0.5000000000000004,129.8156,4.925184404636459,56.16,58.8,59.02,62.85,67.11,53.98,98.91,101.46,94.17,91.83,109.24,92.34,34.04,59.46,68.33,78.41,42.47,75.59,57.99333333333336,56.16,59.02,1.5915191903759074,59.326666666666675,56.16,62.85,2.2010330907708835,62.017500000000005,56.16,67.11,3.4864311656373728,60.34125,53.98,67.11,4.237328231737339
2026-08-20 01:18:43,Delhi,Delhi,"Anand Vihar, Delhi - DPCC",28.6139,77.209,56.01,86.49,44.02,32.0,1.75,36.67,18.66,98.0,8.06,11,1009.9,0.0,93,Satisfactory,PM25,1,20,3,8,2026,0,2,0.25881904510252074,0.9659258262890683,-0.8660254037844384,-0.5000000000000004,150.39960000000002,4.984740590030519,56.21,56.16,58.8,60.37,66.23,54.59,80.69,98.91,101.46,87.25,114.03,86.89,41.04,34.04,59.46,75.79,46.65,45.79,57.05666666666668,56.16,58.8,1.5099779247839742,58.22,56.16,60.37,1.6836983102687757,61.109166666666674,56.16,66.23,3.458847570384094,60.43416666666666,54.36,67.11,4.114441075324671
2026-08-20 02:18:43,Delhi,Delhi,"Anand Vihar, Delhi - DPCC",28.6139,77.209,57.82,97.51,59.37,30.91,1.25,31.04,19.07,98.0,3.52,96,1010.7,0.0,98,Satisfactory,PM10,2,20,3,8,2026,0,2,0.49999999999999994,0.8660254037844387,-0.8660254037844384,-0.5000000000000004,67.1264,4.882909815645242,56.01,56.21,56.16,58.76,65.7,54.36,86.49,80.69,98.91,86.97,115.75,79.85,44.02,41.04,34.04,84.04,74.57,50.75,56.12666666666669,56.01,56.21,0.10408329998159359,57.49333333333333,56.01,59.02,1.501168433810381,60.2575,56.01,65.7,3.339494041699434,60.49333333333333,54.36,67.11,4.03621288991966
2026-08-20 03:18:43,Delhi,Delhi,"Anand Vihar, Delhi - DPCC",28.6139,77.209,57.53,103.44,37.94,27.88,1.81,23.13,15.94,98.0,3.57,281,1010.0,0.0,103,Moderate,PM10,3,20,3,8,2026,0,2,0.7071067811865475,0.7071067811865476,-0.8660254037844384,-0.5000000000000004,56.90579999999999,5.78512396694215,57.82,56.01,56.21,59.02,64.93,54.7,97.51,86.49,80.69,94.17,93.1,77.82,59.37,44.02,41.04,68.33,47.88,32.4,56.680000000000014,56.01,57.82,0.9923205127385232,57.336666666666666,56.01,59.02,1.3872658961672548,59.60083333333333,56.01,64.93,2.920468388129081,60.63750000000001,54.7,67.11,3.8658114059129813
2026-08-20 04:18:43,Delhi,Delhi,"Anand Vihar, Delhi - DPCC",28.6139,77.209,58.83,98.92,43.24,21.45,1.6,15.23,14.62,98.0,1.0,205,1013.2,0.0,99,Satisfactory,PM10,4,20,3,8,2026,0,2,0.8660254037844386,0.5000000000000001,-0.8660254037844384,-0.5000000000000004,14.62,6.274007682458387,57.53,57.82,56.01,58.8,61.76,55.53,103.44,97.51,86.49,101.46,108.62,97.82,37.94,59.37,44.02,59.46,21.92,24.91,57.12000000000001,56.01,57.82,0.9721625378513505,57.08833333333334,56.01,58.8,1.1363347511489617,58.984166666666674,56.01,62.85,2.43358119327118,60.75541666666667,55.53,67.11,3.7171307063924606
2026-08-20 05:18:43,Delhi,Delhi,"Anand Vihar, Delhi - DPCC",28.6139,77.209,58.16,92.23,63.98,10.53,2.69,28.58,16.77,98.0,1.0,16,1011.4,0.0,108,Moderate,CO,5,20,3,8,2026,0,2,0.9659258262890683,0.25881904510252074,-0.8660254037844384,-0.5000000000000004,16.77,5.514912774338773,58.83,57.53,57.82,56.16,62.52,56.58,98.92,103.44,97.51,98.91,109.03,99.32,43.24,37.94,59.37,34.04,42.83,50.88,58.060000000000024,57.53,58.83,0.6824221567339541,57.093333333333334,56.01,58.83,1.145402403816569,58.74,56.01,62.85,2.2713352100393354,60.89291666666667,56.01,67.11,3.5737016239609773
2026-08-20 06:18:43,Delhi,Delhi,"Anand Vihar, Delhi - DPCC",28.6139,77.209,59.5,102.26,29.16,17.82,0.82,36.22,18.89,90.74,1.0,116,1010.2,0.0,102,Moderate,PM10,6,20,3,8,2026,0,2,1.0,6.123233995736766e-17,-0.8660254037844384,-0.5000000000000004,18.89,4.562091503267974,58.16,58.83,57.53,56.21,62.85,59.28,92.23,98.92,103.44,80.69,91.83,90.64,63.98,43.24,37.94,41.04,78.41,67.85,58.17333333333335,57.53,58.83,0.650102556013078,57.426666666666655,56.01,58.83,1.109930928782834,58.376666666666665,56.01,62.85,1.9356104666974527,60.95875,56.01,67.11,3.5046829695981296
2026-08-20 07:18:43,Delhi,Delhi,"Anand Vihar, Delhi - DPCC",28.6139,77.209,60.76,101.04,50.7,8.77,0.75,24.59,23.5,88.46,2.93,10,1010.6,0.0,211,Poor,PM25,7,20,3,8,2026,0,2,0.9659258262890683,-0.25881904510252063,-0.8660254037844384,-0.5000000000000004,68.855,3.610612244897959,59.5,58.16,58.83,56.01,60.37,58.98,102.26,92.23,98.92,86.49,87.25,95.52,29.16,63.98,43.24,44.02,75.79,64.66,58.83000000000002,58.16,59.5,0.6700000000009759,57.974999999999994,56.01,59.5,1.197843896341247,58.0975,56.01,60.37,1.3989744620454796,60.96791666666667,56.01,67.11,3.5003862882068497
2026-08-20 08:18:43,Delhi,Delhi,"Anand Vihar, Delhi - DPCC",28.6139,77.209,62.41,92.53,77.65,27.76,1.49,25.84,23.45,80.6,3.15,145,1009.1,0.0,106,Moderate,PM25,8,20,3,8,2026,0,2,0.8660254037844387,-0.4999999999999998,-0.8660254037844384,-0.5000000000000004,73.86749999999999,3.296523517382413,60.76,59.5,58.16,57.82,58.76,61.18,101.04,102.26,92.23,97.51,86.97,96.33,50.7,29.16,63.98,59.37,84.04,50.38,59.47333333333335,58.16,60.76,1.300205112024464,58.76666666666667,57.53,60.76,1.2090271571261448,58.129999999999995,56.01,60.76,1.4597758233873939,61.04208333333333,56.01,67.11,3.4752015633336923
2026-08-20 09:18:43,Delhi,Delhi,"Anand Vihar, Delhi - DPCC",28.6139,77.209,63.64,90.01,36.78,24.35,1.82,40.13,26.83,76.42,2.81,309,1014.2,0.0,110,Moderate,PM25,9,20,3,8,2026,0,2,0.7071067811865476,-0.7071067811865475,-0.8660254037844384,-0.5000000000000004,75.39229999999999,2.7459575997125407,62.41,60.76,59.5,57.53,59.02,64.96,92.53,101.04,102.26,103.44,94.17,103.81,77.65,50.7,29.16,37.94,68.33,89.77,60.890000000000015,59.5,62.41,1.459349170007307,59.531666666666666,57.53,62.41,1.7986152080610263,58.43416666666667,56.01,62.41,1.9129152351765457,61.093333333333334,56.01,67.11,3.486375552454647
2026-08-20 10:18:43,Delhi,Delhi,"Anand Vihar, Delhi - DPCC",28.6139,77.209,63.14,107.67,27.23,28.59,1.57,56.96,28.44,66.36,6.6,325,1010.0,0.0,108,Moderate,PM25,10,20,3,8,2026,0,2,0.49999999999999994,-0.8660254037844387,-0.8660254037844384,-0.5000000000000004,187.704,2.2540760869565215,63.64,62.41,60.76,58.83,58.8,64.64,90.01,92.53,101.04,98.92,101.46,102.75,36.78,77.65,50.7,43.24,59.46,38.35,62.27000000000002,60.76,63.64,1.445095152576755,60.54999999999999,58.16,63.64,2.136576701174473,58.81916666666667,56.01,63.64,2.435168309782813,61.038333333333334,56.01,67.11,3.4327231764004718
2026-08-20 11:18:43,Delhi,Delhi,"Anand Vihar, Delhi - DPCC",28.6139,77.209,64.53,91.09,20.0,14.92,2.48,62.49,29.25,57.86,5.95,268,1011.1,0.0,113,Moderate,PM25,11,20,3,8,2026,0,2,0.258819045102521,-0.9659258262890682,-0.8660254037844384,-0.5000000000000004,174.0375,1.9127272727272726,63.14,63.64,62.41,58.16,56.16,65.2,107.67,90.01,92.53,92.23,98.91,96.62,27.23,36.78,77.65,63.98,34.04,66.57,63.063333333333354,62.41,63.64,0.6185736280622177,61.26833333333334,58.16,63.64,2.1669556217578965,59.18083333333333,56.01,63.64,2.73579125444167,60.975833333333334,56.01,67.11,3.3775073348700975
2026-08-20 12:18:43,Delhi,Delhi,"Anand Vihar, Delhi - DPCC",28.6139,77.209,65.36,100.29,66.17,15.16,2.56,50.07,32.41,56.84,5.72,344,1014.9,0.0,125,Moderate,O3,12,20,3,8,2026,0,2,1.2246467991473532e-16,-1.0,-0.8660254037844384,-0.5000000000000004,185.38519999999997,1.7012870398084408,64.53,63.14,63.64,59.5,56.21,67.11,91.09,107.67,90.01,102.26,80.69,109.24,20.0,27.23,36.78,29.16,41.04,42.47,63.77000000000002,63.14,64.53,0.704059656563717,62.330000000000005,59.5,64.53,1.8810847934107935,59.87833333333333,56.01,64.53,2.9538906034195542,60.947916666666664,56.01,67.11,3.343674078103244
2026-08-20 13:18:43,Delhi,Delhi,"Anand Vihar, Delhi - DPCC",28.6139,77.209,65.19,100.05,65.58,19.99,2.32,68.72,30.48,56.94,7.96,70,1009.1,0.0,115,Moderate,PM25,13,20,3,8,2026,0,2,-0.2588190451025208,-0.9659258262890683,-0.8660254037844384,-0.5000000000000004,242.6208,1.8087674714104192,65.36,64.53,63.14,60.76,56.01,66.23,100.29,91.09,107.67,101.04,86.49,114.03,66.17,20.0,27.23,50.7,44.02,46.65,64.34333333333335,63.14,65.36,1.1217100041159824,63.30666666666667,60.76,65.36,1.6211806397400168,60.640833333333326,56.01,65.36,3.098317603102935,60.875,56.01,66.23,3.220256538524987
2026-08-20 14:18:43,Delhi,Delhi,"Anand Vihar, Delhi - DPCC",28.6139,77.209,65.46,103.3,63.54,17.0,2.7,50.0,33.84,54.54,9.44,168,1013.3,0.0,125,Moderate,O3,14,20,3,8,2026,0,2,-0.4999999999999997,-0.8660254037844388,-0.8660254037844384,-0.5000000000000004,319.44960000000003,1.565442020665901,65.19,65.36,64.53,62.41,57.82,65.7,100.05,100.29,91.09,92.53,97.51,115.75,65.58,66.17,20.0,77.65,59.37,74.57,65.02666666666669,64.53,65.36,0.43844421918163046,64.045,62.41,65.36,1.177433649935771,61.405833333333334,57.53,65.36,2.982111693333366,60.83166666666667,56.01,65.7,3.1513236234493656
2026-08-20 15:18:43,Delhi,Delhi,"Anand Vihar, Delhi - DPCC",28.6139,77.209,64.02,104.02,74.7,20.13,2.1,54.95,34.64,50.38,10.1,37,1014.0,0.0,202,Poor,CO,15,20,3,8,2026,0,2,-0.7071067811865471,-0.7071067811865479,-0.8660254037844384,-0.5000000000000004,349.864,1.4135802469135803,65.46,65.19,65.36,63.64,57.53,64.93,103.3,100.05,100.29,90.01,103.44,93.1,63.54,65.58,66.17,36.78,37.94,47.88,65.33666666666669,65.19,65.46,0.13650396819781208,64.55333333333333,63.14,65.46,0.9706011882682095,62.0425,57.53,65.46,2.9624440922995263,60.821666666666665,56.01,65.46,3.1355447022343723
2026-08-20 16:18:43,Delhi,Delhi,"Anand Vihar, Delhi - DPCC",28.6139,77.209,62.85,110.79,55.43,27.93,0.67,43.46,33.23,52.61,8.63,15,1009.4,0.0,108,Moderate,PM10,16,20,3,8,2026,0,2,-0.8660254037844384,-0.5000000000000004,-0.8660254037844384,-0.5000000000000004,286.7749,1.5369558866491384,64.02,65.46,65.19,63.14,58.83,61.76,104.02,103.3,100.05,107.67,98.92,108.62,74.7,63.54,65.58,27.23,43.24,21.92,64.89000000000001,64.02,65.46,0.765441049330685,64.61666666666666,63.14,65.46,0.9095639981153891,62.58333333333332,58.16,65.46,2.6384338789012007,60.78375,56.01,65.46,3.0888591006192176
2026-08-20 17:18:43,Delhi,Delhi,"Anand Vihar, Delhi - DPCC",28.6139,77.209,62.71,111.69,75.01,10.2,2.43,37.09,32.86,52.25,10.89,120,1008.2,0.0,108,Moderate,PM10,17,20,3,8,2026,0,2,-0.9659258262890683,-0.25881904510252063,-0.8660254037844384,-0.5000000000000004,357.84540000000004,1.5431187241582989,62.85,64.02,65.46,64.53,58.16,62.52,110.79,104.02,103.3,91.09,92.23,109.03,55.43,74.7,63.54,20.0,63.98,42.83,64.11000000000001,62.85,65.46,1.3073255141702547,64.56833333333333,62.85,65.46,1.0062885603382654,62.91833333333333,58.16,65.46,2.3589590667894473,60.82916666666666,56.01,65.46,3.11176577394314
2026-08-20 18:18:43,Delhi,Delhi,"Anand Vihar, Delhi - DPCC",28.6139,77.209,63.02,107.74,34.12,12.1,1.46,37.08,30.32,57.6,9.18,31,1011.3,0.0,108,Moderate,PM25,18,20,3,8,2026,0,2,-1.0,-1.8369701987210297e-16,-0.8660254037844384,-0.5000000000000004,278.3376,1.839080459770115,62.71,62.85,64.02,65.36,59.5,62.85,111.69,110.79,104.02,100.29,102.26,91.83,75.01,55.43,74.7,66.17,29.16,78.41,63.19333333333335,62.71,64.02,0.7193283904684594,64.265,62.71,65.46,1.2619786052073314,63.29750000000001,59.5,65.46,1.8312446090520058,60.83708333333333,56.01,65.46,3.1164925646946426
2026-08-20 19:18:43,Delhi,Delhi,"Anand Vihar, Delhi - DPCC",28.6139,77.209,60.34,100.05,38.3,10.18,1.52,25.99,27.58,66.69,11.53,133,1009.5,7.6,210,Poor,PM25,19,20,3,8,2026,0,2,-0.9659258262890684,0.2588190451025203,-0.8660254037844384,-0.5000000000000004,317.99739999999997,2.3334499650104967,63.02,62.71,62.85,65.19,60.76,60.37,107.74,111.69,110.79,100.05,101.04,87.25,34.12,75.01,55.43,65.58,50.7,75.79,62.86000000000002,62.71,63.02,0.15524174696467996,63.875,62.71,65.46,1.216663470315893,63.590833333333336,60.76,65.46,1.3984241672380133,60.844166666666666,56.01,65.46,3.1214557872704116
2026-08-20 20:18:43,Delhi,Delhi,"Anand Vihar, Delhi - DPCC",28.6139,77.209,59.92,105.03,60.48,19.44,1.45,0.86,27.33,68.54,10.73,164,1009.2,0.0,104,Moderate,PM10,20,20,3,8,2026,0,2,-0.8660254037844386,0.5000000000000001,-0.8660254037844384,-0.5000000000000004,293.2509,2.419343452170844,60.34,63.02,62.71,65.46,62.41,58.76,100.05,107.74,111.69,103.3,92.53,86.97,38.3,34.12,75.01,63.54,77.65,84.04,62.02333333333336,60.34,63.02,1.4660263753882599,63.06666666666666,60.34,65.46,1.6880718784068198,63.55583333333333,60.34,65.46,1.4786692932458092,60.84291666666666,56.01,65.46,3.1216599251689288
2026-08-20 21:18:43,Delhi,Delhi,"Anand Vihar, Delhi - DPCC",28.6139,77.209,55.68,83.84,23.99,22.02,1.29,4.38,23.98,72.25,11.16,240,1009.8,0.0,93,Satisfactory,PM25,21,20,3,8,2026,0,2,-0.7071067811865477,0.7071067811865474,-0.8660254037844384,-0.5000000000000004,267.6168,2.8923138510808646,59.92,60.34,63.02,64.02,63.64,59.02,105.03,100.05,107.74,104.02,90.01,94.17,60.48,38.3,34.12,74.7,36.78,68.33,61.093333333333355,59.92,63.02,1.6817054835297753,62.14333333333334,59.92,64.02,1.6313266584801824,63.34833333333333,59.92,65.46,1.7949618042699644,60.89124999999999,56.01,65.46,3.096889480837443
2026-08-20 22:18:43,Delhi,Delhi,"Anand Vihar, Delhi - DPCC",28.6139,77.209,55.57,79.27,31.28,17.68,0.62,0.77,21.82,84.19,8.7,11,1009.9,0.0,92,Satisfactory,PM25,22,20,3,8,2026,0,2,-0.5000000000000004,0.8660254037844384,-0.8660254037844384,-0.5000000000000004,189.83399999999997,3.689307624890447,55.68,59.92,60.34,62.85,63.14,58.8,83.84,105.03,100.05,110.79,107.67,101.46,23.99,60.48,38.3,55.43,27.23,59.46,58.64666666666668,55.68,60.34,2.57777681992338,60.75333333333334,55.68,63.02,2.8272365777678385,62.685,55.68,65.46,2.8425164907173874,60.75208333333333,55.68,65.46,3.255613184969129
2026-08-20 23:18:43,Delhi,Delhi,"Anand Vihar, Delhi - DPCC",28.6139,77.209,53.2,87.15,67.63,8.9,2.18,0.0,22.16,87.67,8.51,12,1010.8,0.0,102,Moderate,CO,23,20,3,8,2026,0,2,-0.25881904510252157,0.9659258262890681,-0.8660254037844384,-0.5000000000000004,188.5816,3.785405872193437,55.57,55.68,59.92,62.71,64.53,56.16,79.27,83.84,105.03,111.69,91.09,98.91,31.28,23.99,60.48,75.01,20.0,34.04,57.05666666666668,55.57,59.92,2.4803292792156424,59.54,55.57,63.02,3.274269384153045,62.05416666666667,55.57,65.46,3.497007703564327,60.6175,55.57,65.46,3.403234075686389
2026-08-21 00:18:43,Delhi,Delhi,"Anand Vihar, Delhi - DPCC",28.6139,77.209,51.6,84.11,55.95,8.63,0.99,28.79,20.94,88.92,5.91,278,1011.4,0.0,86,Satisfactory,PM25,0,21,4,8,2026,0,2,0.0,1.0,-0.8660254037844384,-0.5000000000000004,123.75540000000001,4.052871467639015,53.2,55.57,55.68,63.02,65.36,56.21,87.15,79.27,83.84,107.74,100.29,80.69,67.63,31.28,23.99,34.12,66.17,41.04,54.81666666666669,53.2,55.68,1.4011542860565012,57.955000000000005,53.2,63.02,3.706144897329602,61.11000000000001,53.2,65.46,4.222114937499337,60.494166666666665,53.2,65.46,3.618617219285583
2026-08-21 01:18:43,Delhi,Delhi,"Anand Vihar, Delhi - DPCC",28.6139,77.209,52.03,86.71,60.18,13.95,1.91,37.64,16.41,93.13,4.57,277,1009.2,0.0,95,Satisfactory,CO,1,21,4,8,2026,0,2,0.25881904510252074,0.9659258262890683,-0.8660254037844384,-0.5000000000000004,74.9937,5.349224583572659,51.6,53.2,55.57,60.34,65.19,56.01,84.11,87.15,79.27,100.05,100.05,86.49,55.95,67.63,31.28,38.3,65.58,44.02,53.456666666666685,51.6,55.57,1.997406651970142,56.05166666666667,51.6,60.34,3.5120729870931293,59.96333333333334,51.6,65.46,4.792876026569144,60.302083333333336,51.6,65.46,3.9619801583756518
2026-08-21 02:18:43,Delhi,Delhi,"Anand Vihar, Delhi - DPCC",28.6139,77.209,51.95,81.25,23.85,31.54,1.73,29.7,16.54,98.0,2.83,155,1013.3,0.0,86,Satisfactory,PM25,2,21,4,8,2026,0,2,0.49999999999999994,0.8660254037844387,-0.8660254037844384,-0.5000000000000004,46.8082,5.587229190421893,52.03,51.6,53.2,59.92,65.46,57.82,86.71,84.11,87.15,105.03,103.3,97.51,60.18,55.95,67.63,60.48,63.54,59.37,52.27666666666669,51.6,53.2,0.8280297901251112,54.666666666666664,51.6,59.92,3.096705776574441,58.86666666666667,51.6,65.46,4.989770141059286,60.13625,51.6,65.46,4.224066464912701
2026-08-21 03:18:43,Delhi,Delhi,"Anand Vihar, Delhi - DPCC",28.6139,77.209,52.48,89.9,49.66,11.01,0.86,38.71,20.09,98.0,2.87,88,1011.0,0.0,90,Satisfactory,PM10,3,21,4,8,2026,0,2,0.7071067811865475,0.7071067811865476,-0.8660254037844384,-0.5000000000000004,57.658300000000004,4.6467520151730675,51.95,52.03,51.6,55.68,64.02,57.53,81.25,86.71,84.11,83.84,104.02,103.44,23.85,60.18,55.95,23.99,74.7,37.94,51.860000000000014,51.6,52.03,0.228691932523475,53.33833333333333,51.6,55.68,1.8516956193364362,57.74083333333334,51.6,64.02,4.890009217937738,59.89166666666666,51.6,65.46,4.523354533074343
2026-08-21 04:18:43,Delhi,Delhi,"Anand Vihar, Delhi - DPCC",28.6139,77.209,54.07,90.62,52.58,23.28,0.83,25.9,16.21,98.0,2.21,324,1012.0,0.0,91,Satisfactory,PM10,4,21,4,8,2026,0,2,0.8660254037844386,0.5000000000000001,-0.8660254037844384,-0.5000000000000004,35.8241,5.6943637420104585,52.48,51.95,52.03,55.57,62.85,58.83,89.9,81.25,86.71,79.27,110.79,98.92,49.66,23.85,60.18,31.28,55.43,43.24,52.15333333333336,51.95,52.48,0.2857154761902776,52.805,51.6,55.57,1.4622277524391263,56.77916666666667,51.6,63.02,4.672792543171179,59.68125,51.6,65.46,4.749781059027444
2026-08-21 05:18:43,Delhi,Delhi,"Anand Vihar, Delhi - DPCC",28.6139,77.209,53.67,87.9,65.32,11.74,2.4,28.88,18.55,96.67,2.37,142,1010.1,0.0,105,Moderate,CO,5,21,4,8,2026,0,2,0.9659258262890683,0.25881904510252074,-0.8660254037844384,-0.5000000000000004,43.9635,4.944757033248082,54.07,52.48,51.95,53.2,62.71,58.16,90.62,89.9,81.25,87.15,111.69,92.23,52.58,49.66,23.85,67.63,75.01,63.98,52.83333333333335,51.95,54.07,1.1032829797176262,52.555,51.6,54.07,0.924180718259814,56.04750000000001,51.6,63.02,4.309033059642503,59.48291666666666,51.6,65.46,4.884345427344738
2026-08-21 06:18:43,Delhi,Delhi,"Anand Vihar, Delhi - DPCC",28.6139,77.209,55.59,96.66,74.53,32.64,0.85,26.41,19.87,92.68,2.43,332,1009.4,0.0,97,Satisfactory,PM10,6,21,4,8,2026,0,2,1.0,6.123233995736766e-17,-0.8660254037844384,-0.5000000000000004,48.2841,4.440824149496885,53.67,54.07,52.48,51.6,63.02,59.5,87.9,90.62,89.9,84.11,107.74,102.26,65.32,52.58,49.66,55.95,34.12,29.16,53.40666666666669,52.48,54.07,0.8270630769987152,52.63333333333333,51.6,54.07,1.0060748812438751,55.29416666666666,51.6,63.02,3.798311726240775,59.29583333333333,51.6,65.46,5.021289386347852
2026-08-21 07:18:43,Delhi,Delhi,"Anand Vihar, Delhi - DPCC",28.6139,77.209,56.08,83.86,47.72,13.08,1.89,27.11,21.65,84.15,2.72,186,1008.3,0.0,94,Satisfactory,CO,7,21,4,8,2026,0,2,0.9659258262890683,-0.25881904510252063,-0.8660254037844384,-0.5000000000000004,58.888,3.7152317880794707,55.59,53.67,54.07,52.03,60.34,60.76,96.66,87.9,90.62,86.71,100.05,101.04,74.53,65.32,52.58,60.18,38.3,50.7,54.44333333333336,53.67,55.59,1.012982395372467,53.298333333333325,51.95,55.59,1.4199776993564908,54.675000000000004,51.6,60.34,2.9309864923235476,59.13291666666667,51.6,65.46,5.077492944500232
2026-08-21 08:18:43,Delhi,Delhi,"Anand Vihar, Delhi - DPCC",28.6139,77.209,59.07,99.28,80.97,16.49,1.6,25.17,22.33,80.92,3.21,237,1009.9,0.0,99,Satisfactory,PM10,8,21,4,8,2026,0,2,0.8660254037844387,-0.4999999999999998,-0.8660254037844384,-0.5000000000000004,71.6793,3.468495499357051,56.08,55.59,53.67,51.95,59.92,62.41,83.86,96.66,87.9,81.25,105.03,92.53,47.72,74.53,65.32,23.85,60.48,77.65,55.11333333333335,53.67,56.08,1.2737477510616086,53.973333333333336,51.95,56.08,1.6417632797299428,54.32,51.6,59.92,2.3906446448987624,58.937916666666666,51.6,65.46,5.102095885764658
2026-08-21 09:18:43,Delhi,Delhi,"Anand Vihar, Delhi - DPCC",28.6139,77.209,61.1,97.75,75.17,15.59,2.25,34.57,24.71,71.61,2.47,147,1012.6,0.0,103,Moderate,CO,9,21,4,8,2026,0,2,0.7071067811865476,-0.7071067811865475,-0.8660254037844384,-0.5000000000000004,61.03370000000001,2.7852975495915984,59.07,56.08,55.59,52.48,55.68,63.64,99.28,83.86,96.66,89.9,83.84,90.01,80.97,47.72,74.53,49.66,23.99,36.78,56.913333333333355,55.59,59.07,1.8837285720969532,55.16,52.48,59.07,2.319913791502331,54.24916666666667,51.6,59.07,2.2158374502796736,58.798750000000005,51.6,65.46,5.048542891378404
2026-08-21 10:18:43,Delhi,Delhi,"Anand Vihar, Delhi - DPCC",28.6139,77.209,61.46,86.6,75.36,29.88,2.13,57.2,27.01,70.18,6.2,305,1010.7,0.0,103,Moderate,PM25,10,21,4,8,2026,0,2,0.49999999999999994,-0.8660254037844387,-0.8660254037844384,-0.5000000000000004,167.46200000000002,2.505533737950732,61.1,59.07,56.08,54.07,55.57,63.14,97.75,99.28,83.86,90.62,79.27,107.67,75.17,80.97,47.72,52.58,31.28,27.23,58.75000000000002,56.08,61.1,2.525252462626466,56.59666666666667,53.67,61.1,2.9198333285770106,54.70083333333333,51.6,61.1,2.9610792207430747,58.69291666666667,51.6,65.46,4.968633334242467
2026-08-21 11:18:43,Delhi,Delhi,"Anand Vihar, Delhi - DPCC",28.6139,77.209,62.65,109.23,29.41,31.34,1.28,51.49,29.08,63.83,3.8,231,1010.0,0.0,107,Moderate,PM25,11,21,4,8,2026,0,2,0.258819045102521,-0.9659258262890682,-0.8660254037844384,-0.5000000000000004,110.50399999999999,2.1220079787234045,61.46,61.1,59.07,53.67,53.2,64.53,86.6,97.75,99.28,87.9,87.15,91.09,75.36,75.17,80.97,65.32,67.63,20.0,60.54333333333335,59.07,61.46,1.2885780276468632,57.82833333333334,53.67,61.46,3.1872584875828425,55.19166666666667,51.6,61.46,3.548210389717353,58.62291666666667,51.6,65.46,4.914799725378463
2026-08-21 12:18:43,Delhi,Delhi,"Anand Vihar, Delhi - DPCC",28.6139,77.209,63.81,101.57,34.73,12.42,2.22,71.19,29.7,57.07,6.34,355,1008.1,0.0,111,Moderate,PM25,12,21,4,8,2026,0,2,1.2246467991473532e-16,-1.0,-0.8660254037844384,-0.5000000000000004,188.298,1.858957654723127,62.65,61.46,61.1,55.59,51.6,65.36,109.23,86.6,97.75,96.66,84.11,100.29,29.41,75.36,75.17,74.53,55.95,66.17,61.736666666666686,61.1,62.65,0.8111925377702949,59.324999999999996,55.59,62.65,2.9431190937510356,55.979166666666664,51.6,62.65,4.075490953879374,58.54458333333333,51.6,65.46,4.8308222175010735
2026-08-21 13:18:43,Delhi,Delhi,"Anand Vihar, Delhi - DPCC",28.6139,77.209,62.29,103.72,76.7,20.16,2.25,66.15,32.1,51.43,7.48,267,1010.5,0.0,105,Moderate,PM25,13,21,4,8,2026,0,2,-0.2588190451025208,-0.9659258262890683,-0.8660254037844384,-0.5000000000000004,240.10800000000003,1.5537764350453172,63.81,62.65,61.46,56.08,52.03,65.19,101.57,109.23,86.6,83.86,86.71,100.05,34.73,29.41,75.36,47.72,60.18,65.58,62.64000000000002,61.46,63.81,1.1750319144605514,60.695,56.08,63.81,2.764537936075695,56.99666666666666,51.95,63.81,4.394491041651181,58.48,51.6,65.46,4.745350126817568
2026-08-21 14:18:43,Delhi,Delhi,"Anand Vihar, Delhi - DPCC",28.6139,77.209,63.16,113.23,76.78,34.27,2.69,48.48,34.42,48.21,9.9,253,1014.9,8.7,109,Moderate,PM10,14,21,4,8,2026,0,2,-0.4999999999999997,-0.8660254037844388,-0.8660254037844384,-0.5000000000000004,340.75800000000004,1.3610954263128177,62.29,63.81,62.65,59.07,51.95,65.46,103.72,101.57,109.23,99.28,81.25,103.3,76.7,34.73,29.41,80.97,23.85,63.54,62.916666666666686,62.29,63.81,0.7943131204595227,61.73,59.07,63.81,1.6144224973659977,57.85166666666667,51.95,63.81,4.338059543858458,58.35916666666666,51.6,65.46,4.601812418627304
2026-08-21 15:18:43,Delhi,Delhi,"Anand Vihar, Delhi - DPCC",28.6139,77.209,62.01,92.4,23.62,10.54,2.04,55.95,34.28,50.64,12.54,98,1012.6,0.0,201,Poor,CO,15,21,4,8,2026,0,2,-0.7071067811865471,-0.7071067811865479,-0.8660254037844384,-0.5000000000000004,429.8712,1.435374149659864,63.16,62.29,63.81,61.1,52.48,64.02,113.23,103.72,101.57,97.75,89.9,104.02,76.78,76.7,34.73,75.17,49.66,74.7,63.08666666666668,62.29,63.81,0.7626488925673036,62.41166666666666,61.1,63.81,1.0210860231479055,58.78583333333333,52.48,63.81,4.154768253756756,58.26333333333333,51.6,64.02,4.469555630734727
2026-08-21 16:18:43,Delhi,Delhi,"Anand Vihar, Delhi - DPCC",28.6139,77.209,62.94,90.45,74.56,21.15,1.46,59.46,34.46,55.95,9.25,235,1009.2,0.0,108,Moderate,PM25,16,21,4,8,2026,0,2,-0.8660254037844384,-0.5000000000000004,-0.8660254037844384,-0.5000000000000004,318.755,1.577834179357022,62.01,63.16,62.29,61.46,54.07,62.85,92.4,113.23,103.72,86.6,90.62,110.79,23.62,76.78,76.7,75.36,52.58,55.43,62.48666666666668,62.01,63.16,0.5996943666019875,62.56333333333333,61.46,63.81,0.8385622616526321,59.580000000000005,53.67,63.81,3.7288360357917045,58.17958333333333,51.6,63.81,4.374825690109405
2026-08-21 17:18:43,Delhi,Delhi,"Anand Vihar, Delhi - DPCC",28.6139,77.209,59.27,104.79,51.75,27.04,2.46,31.7,30.73,53.09,10.53,110,1010.0,0.0,106,Moderate,CO,17,21,4,8,2026,0,2,-0.9659258262890683,-0.25881904510252063,-0.8660254037844384,-0.5000000000000004,323.58689999999996,1.6731799558777183,62.94,62.01,63.16,62.65,53.67,62.71,90.45,92.4,113.23,109.23,87.9,111.69,74.56,23.62,76.78,29.41,65.32,75.01,62.703333333333354,62.01,63.16,0.6104370019372589,62.81,62.01,63.81,0.6442670253871929,60.31916666666666,53.67,63.81,3.402131573355852,58.18333333333334,51.6,63.81,4.379039667072878
2026-08-21 18:18:43,Delhi,Delhi,"Anand Vihar, Delhi - DPCC",28.6139,77.209,58.94,90.29,44.46,28.82,1.55,38.15,30.84,50.78,10.57,349,1011.0,0.0,98,Satisfactory,PM25,18,21,4,8,2026,0,2,-1.0,-1.8369701987210297e-16,-0.8660254037844384,-0.5000000000000004,325.97880000000004,1.5948492462311559,59.27,62.94,62.01,63.81,55.59,63.02,104.79,90.45,92.4,101.57,96.66,107.74,51.75,74.56,23.62,34.73,74.53,34.12,61.40666666666669,59.27,62.94,1.9079395518029911,62.24666666666667,59.27,63.81,1.592314876733881,60.785833333333336,55.59,63.81,2.7235586958421583,58.04,51.6,63.81,4.2796017693645885
2026-08-21 19:18:43,Delhi,Delhi,"Anand Vihar, Delhi - DPCC",28.6139,77.209,57.27,99.1,67.81,16.57,2.74,22.83,31.22,60.65,10.36,27,1013.5,0.0,109,Moderate,CO,19,21,4,8,2026,0,2,-0.9659258262890684,0.2588190451025203,-0.8660254037844384,-0.5000000000000004,323.43919999999997,1.8823711980136562,58.94,59.27,62.94,62.29,56.08,60.34,90.29,104.79,90.45,103.72,83.86,100.05,44.46,51.75,74.56,76.7,47.72,38.3,60.383333333333354,58.94,62.94,2.2202777604016677,61.435,58.94,63.16,1.8555080166901803,61.065,56.08,63.81,2.2777720374405095,57.870000000000005,51.6,63.81,4.152321508872382
2026-08-21 20:18:43,Delhi,Delhi,"Anand Vihar, Delhi - DPCC",28.6139,77.209,57.31,96.73,88.82,12.06,1.95,6.03,27.79,71.69,8.55,328,1010.9,0.0,109,Moderate,NO2,20,21,4,8,2026,0,2,-0.8660254037844386,0.5000000000000001,-0.8660254037844384,-0.5000000000000004,237.6045,2.4901007294199373,57.27,58.94,59.27,63.16,59.07,59.92,99.1,90.29,104.79,113.23,99.28,105.03,67.81,44.46,51.75,76.78,80.97,60.48,58.49333333333336,57.27,59.27,1.07220955663262,60.59833333333333,57.27,63.16,2.434365762712816,61.16416666666666,57.27,63.81,2.0561325493767373,57.74208333333334,51.6,63.81,4.120084400957736
2026-08-21 21:18:43,Delhi,Delhi,"Anand Vihar, Delhi - DPCC",28.6139,77.209,59.35,97.33,36.1,18.35,1.82,10.23,28.04,70.86,11.1,3,1014.9,0.0,99,Satisfactory,PM25,21,21,4,8,2026,0,2,-0.7071067811865477,0.7071067811865474,-0.8660254037844384,-0.5000000000000004,311.24399999999997,2.440082644628099,57.31,57.27,58.94,62.01,61.1,55.68,96.73,99.1,90.29,92.4,97.75,83.84,88.82,67.81,44.46,23.62,75.17,23.99,57.84000000000001,57.27,58.94,0.9528378665864435,59.623333333333335,57.27,62.94,2.373939061279489,61.017500000000005,57.27,63.81,2.2706712063337493,57.63333333333333,51.6,63.81,4.09446462675048
2026-08-21 22:18:43,Delhi,Delhi,"Anand Vihar, Delhi - DPCC",28.6139,77.209,57.83,94.97,62.71,16.67,2.14,0.0,23.98,84.3,9.23,66,1012.3,2.0,102,Moderate,CO,22,21,4,8,2026,0,2,-0.5000000000000004,0.8660254037844384,-0.8660254037844384,-0.5000000000000004,221.33540000000002,3.374699759807846,59.35,57.31,57.27,62.94,61.46,55.57,97.33,96.73,99.1,90.45,86.6,79.27,36.1,88.82,67.81,74.56,75.36,31.28,57.97666666666669,57.27,59.35,1.1895097029172714,59.18000000000001,57.27,62.94,2.067713713259638,60.87166666666667,57.27,63.81,2.3205400364153417,57.786249999999995,51.6,63.81,4.086866358279353
2026-08-21 23:18:43,Delhi,Delhi,"Anand Vihar, Delhi - DPCC",28.6139,77.209,55.88,91.54,33.2,16.21,0.89,0.0,21.31,88.92,9.18,341,1008.3,0.0,93,Satisfactory,PM25,23,21,4,8,2026,0,2,-0.25881904510252157,0.9659258262890681,-0.8660254037844384,-0.5000000000000004,195.62579999999997,3.9856566562079787,57.83,59.35,57.31,59.27,62.65,53.2,94.97,97.33,96.73,104.79,109.23,87.15,62.71,36.1,88.82,51.75,29.41,67.63,58.163333333333355,57.31,59.35,1.060062891216522,58.328333333333326,57.27,59.35,0.9705754306950041,60.56916666666666,57.27,63.81,2.4687407844094436,57.88041666666667,51.6,63.81,4.059526079821924
2026-08-22 00:18:43,Delhi,Delhi,"Anand Vihar, Delhi - DPCC",28.6139,77.209,53.71,90.86,62.99,20.4,2.12,26.11,20.67,91.43,3.43,322,1010.7,0.0,101,Moderate,CO,0,22,5,8,2026,1,2,0.0,1.0,-0.8660254037844384,-0.5000000000000004,70.89810000000001,4.2191970466082145,55.88,57.83,59.35,58.94,63.81,51.6,91.54,94.97,97.33,90.29,101.57,84.11,33.2,62.71,36.1,44.46,34.73,55.95,57.68666666666669,55.88,59.35,1.7394347740959841,57.76333333333333,55.88,59.35,1.2571661253266793,60.004999999999995,55.88,63.81,2.711599662058043,57.99208333333333,51.6,63.81,3.960843102132531
2026-08-22 01:18:43,Delhi,Delhi,"Anand Vihar, Delhi - DPCC",28.6139,77.209,55.09,93.32,21.19,26.56,1.59,28.1,18.98,98.0,6.13,299,1012.5,0.0,93,Satisfactory,PM10,1,22,5,8,2026,1,2,0.25881904510252074,0.9659258262890683,-0.8660254037844384,-0.5000000000000004,116.34740000000001,4.904904904904905,53.71,55.88,57.83,57.27,62.29,52.03,90.86,91.54,94.97,99.1,103.72,86.71,62.99,33.2,62.71,67.81,76.7,60.18,55.80666666666669,53.71,57.83,2.0609787318976425,56.89166666666667,53.71,59.35,1.9177321676055465,59.163333333333334,53.71,63.16,2.9776236203125297,58.080000000000005,51.95,63.81,3.834184908561944
2026-08-22 02:18:43,Delhi,Delhi,"Anand Vihar, Delhi - DPCC",28.6139,77.209,53.72,95.81,47.71,23.29,2.25,16.71,16.76,98.0,5.14,278,1008.2,0.0,103,Moderate,CO,2,22,5,8,2026,1,2,0.49999999999999994,0.8660254037844387,-0.8660254037844384,-0.5000000000000004,86.1464,5.518018018018018,55.09,53.71,55.88,57.31,63.16,51.95,93.32,90.86,91.54,96.73,113.23,81.25,21.19,62.99,33.2,88.82,76.78,23.85,54.89333333333335,53.71,55.88,1.0982865442745129,56.528333333333336,53.71,59.35,2.0346637723882393,58.56333333333333,53.71,63.16,3.01548528684062,58.2075,51.95,63.81,3.6716886886128575
2026-08-22 03:18:43,Delhi,Delhi,"Anand Vihar, Delhi - DPCC",28.6139,77.209,54.21,91.47,27.31,26.76,1.59,35.29,16.02,93.85,4.3,119,1014.3,0.0,92,Satisfactory,PM10,3,22,5,8,2026,1,2,0.7071067811865475,0.7071067811865476,-0.8660254037844384,-0.5000000000000004,68.886,5.514101057579318,53.72,55.09,53.71,59.35,62.01,52.48,95.81,93.32,90.86,97.33,92.4,89.9,47.71,21.19,62.99,36.1,23.62,49.66,54.17333333333335,53.71,55.09,0.7938723658967332,55.93000000000001,53.71,59.35,2.2727516362336213,57.77666666666667,53.71,62.94,2.9376407767686934,58.28125,52.48,63.81,3.5565045278366187
2026-08-22 04:18:43,Delhi,Delhi,"Anand Vihar, Delhi - DPCC",28.6139,77.209,54.36,84.02,70.98,28.55,1.09,25.33,17.12,98.0,3.88,256,1014.1,0.0,195,Moderate,CO,4,22,5,8,2026,1,2,0.8660254037844386,0.5000000000000001,-0.8660254037844384,-0.5000000000000004,66.4256,5.408388520971302,54.21,53.72,55.09,57.83,62.94,54.07,91.47,95.81,93.32,94.97,90.45,90.62,27.31,47.71,21.19,62.71,74.56,52.58,54.34000000000001,53.72,55.09,0.6941901756731635,55.07333333333333,53.71,57.83,1.5928423232289675,57.126666666666665,53.71,62.94,2.7741840187157525,58.35333333333333,53.67,63.81,3.4497418512955895
2026-08-22 05:18:43,Delhi,Delhi,"Anand Vihar, Delhi - DPCC",28.6139,77.209,55.14,95.65,64.19,29.41,1.09,31.21,19.51,97.07,3.22,184,1013.1,0.0,195,Moderate,CO,5,22,5,8,2026,1,2,0.9659258262890683,0.25881904510252074,-0.8660254037844384,-0.5000000000000004,62.82220000000001,4.7328132618235,54.36,54.21,53.72,55.88,59.27,53.67,84.02,91.47,95.81,91.54,104.79,87.9,70.98,27.31,47.71,33.2,51.75,65.32,54.096666666666685,53.72,54.36,0.3347138081024975,54.495000000000005,53.71,55.88,0.8471776673183219,56.41166666666666,53.71,59.35,2.182200029717249,58.365416666666675,53.67,63.81,3.4345608910737573
2026-08-22 06:18:43,Delhi,Delhi,"Anand Vihar, Delhi - DPCC",28.6139,77.209,58.28,84.91,28.4,27.34,1.55,37.23,20.58,92.11,2.38,233,1012.8,0.0,97,Satisfactory,PM25,6,22,5,8,2026,1,2,1.0,6.123233995736766e-17,-0.8660254037844384,-0.5000000000000004,48.980399999999996,4.268303985171455,55.14,54.36,54.21,53.71,58.94,55.59,95.65,84.02,91.47,90.86,90.29,96.66,64.19,70.98,27.31,62.99,44.46,74.53,54.570000000000014,54.21,55.14,0.49929950931392286,54.37166666666667,53.71,55.14,0.6316776604167712,56.067499999999995,53.71,59.35,2.0092428469905887,58.42666666666667,53.71,63.81,3.359471576805333
2026-08-22 07:18:43,Delhi,Delhi,"Anand Vihar, Delhi - DPCC",28.6139,77.209,59.88,100.43,22.64,17.95,1.06,17.48,23.97,85.44,1.75,350,1010.0,0.0,195,Moderate,CO,7,22,5,8,2026,1,2,0.9659258262890683,-0.25881904510252063,-0.8660254037844384,-0.5000000000000004,41.9475,3.4217060472567082,58.28,55.14,54.36,55.09,57.27,56.08,84.91,95.65,84.02,93.32,99.1,83.86,28.4,64.19,70.98,21.19,67.81,47.72,55.926666666666684,54.36,58.28,2.075026104253727,55.133333333333326,53.72,58.28,1.634107299619413,56.01250000000001,53.71,59.35,1.9309730236807696,58.53875,53.71,63.81,3.3051505425163645
2026-08-22 08:18:43,Delhi,Delhi,"Anand Vihar, Delhi - DPCC",28.6139,77.209,60.87,95.48,61.62,19.25,1.82,22.16,24.71,82.33,1.13,123,1011.0,0.0,211,Poor,PM25,8,22,5,8,2026,1,2,0.8660254037844387,-0.4999999999999998,-0.8660254037844384,-0.5000000000000004,27.9223,3.202255931544146,59.88,58.28,55.14,53.72,57.31,59.07,100.43,84.91,95.65,95.81,96.73,99.28,22.64,28.4,64.19,47.71,88.82,80.97,57.76666666666669,55.14,59.88,2.411334347064779,55.93166666666667,53.72,59.88,2.5320538435565094,56.23000000000001,53.71,59.88,2.2120290972936454,58.69708333333333,53.71,63.81,3.2731071252899313
2026-08-22 09:18:43,Delhi,Delhi,"Anand Vihar, Delhi - DPCC",28.6139,77.209,62.33,93.12,93.8,17.81,1.47,38.3,25.18,73.77,4.0,228,1014.0,0.0,114,Moderate,NO2,9,22,5,8,2026,1,2,0.7071067811865476,-0.7071067811865475,-0.8660254037844384,-0.5000000000000004,100.72,2.817799847211612,60.87,59.88,58.28,54.21,59.35,61.1,95.48,100.43,84.91,91.47,97.33,97.75,61.62,22.64,28.4,27.31,36.1,75.17,59.676666666666684,58.28,60.87,1.3069174929329885,57.123333333333335,54.21,60.87,2.9336575578395383,56.526666666666664,53.71,60.87,2.5784221155702145,58.772083333333335,53.71,63.81,3.302514166334657
2026-08-22 10:18:43,Delhi,Delhi,"Anand Vihar, Delhi - DPCC",28.6139,77.209,62.53,97.9,36.85,24.86,1.39,56.35,29.5,73.54,3.83,351,1013.5,0.0,106,Moderate,PM25,10,22,5,8,2026,1,2,0.49999999999999994,-0.8660254037844387,-0.8660254037844384,-0.5000000000000004,112.985,2.411147540983607,62.33,60.87,59.88,54.36,57.83,61.46,93.12,95.48,100.43,84.02,94.97,86.6,93.8,61.62,22.64,70.98,62.71,75.36,61.02666666666668,59.88,62.33,1.2324907031431138,58.47666666666667,54.36,62.33,3.1832226856864354,56.775,53.71,62.33,2.98630662737908,58.82333333333333,53.71,63.81,3.349421321423493
2026-08-22 11:18:43,Delhi,Delhi,"Anand Vihar, Delhi - DPCC",28.6139,77.209,63.92,92.78,43.19,10.31,2.0,50.38,30.71,61.43,6.84,178,1008.4,0.0,201,Poor,CO,11,22,5,8,2026,1,2,0.258819045102521,-0.9659258262890682,-0.8660254037844384,-0.5000000000000004,210.0564,1.9372437716808577,62.53,62.33,60.87,55.14,55.88,62.65,97.9,93.12,95.48,95.65,91.54,109.23,36.85,93.8,61.62,64.19,33.2,29.41,61.910000000000025,60.87,62.53,0.9062008607372042,59.83833333333333,55.14,62.53,2.7936457661393796,57.166666666666664,53.71,62.53,3.4147336734519955,58.86791666666667,53.71,63.81,3.3928825492130015
2026-08-22 12:18:43,Delhi,Delhi,"Anand Vihar, Delhi - DPCC",28.6139,77.209,66.09,98.95,50.23,30.07,1.44,51.63,31.96,63.23,4.5,2,1010.4,0.0,118,Moderate,PM25,12,22,5,8,2026,1,2,1.2246467991473532e-16,-1.0,-0.8660254037844384,-0.5000000000000004,143.82,1.918385922330097,63.92,62.53,62.33,58.28,53.71,63.81,92.78,97.9,93.12,84.91,90.86,101.57,43.19,36.85,93.8,28.4,62.99,34.73,62.926666666666684,62.33,63.92,0.8660446485800483,61.30166666666667,58.28,63.92,2.037639974742391,57.83666666666667,53.71,63.92,3.894397685565016,58.92083333333333,53.71,63.92,3.4636006857236605
2026-08-22 13:18:43,Delhi,Delhi,"Anand Vihar, Delhi - DPCC",28.6139,77.209,66.16,96.94,52.05,15.72,1.07,64.76,32.77,55.02,6.54,82,1010.0,0.0,195,Moderate,CO,13,22,5,8,2026,1,2,-0.2588190451025208,-0.9659258262890683,-0.8660254037844384,-0.5000000000000004,214.31580000000002,1.6292567367485933,66.09,63.92,62.53,59.88,55.09,62.29,98.95,92.78,97.9,100.43,93.32,103.72,50.23,43.19,36.85,22.64,21.19,76.7,64.18000000000002,62.53,66.09,1.7941850517716245,62.60333333333333,59.88,66.09,2.2086889021924074,58.86833333333334,53.72,66.09,4.318520018654058,59.01583333333334,53.71,66.09,3.630765779409077
2026-08-22 14:18:43,Delhi,Delhi,"Anand Vihar, Delhi - DPCC",28.6139,77.209,65.83,107.48,72.61,11.21,1.51,55.08,32.21,49.18,9.44,54,1009.0,0.0,118,Moderate,PM25,14,22,5,8,2026,1,2,-0.4999999999999997,-0.8660254037844388,-0.8660254037844384,-0.5000000000000004,304.06239999999997,1.4808792532369768,66.16,66.09,63.92,60.87,53.72,63.16,96.94,98.95,92.78,95.48,95.81,113.23,52.05,50.23,43.19,61.62,47.71,76.78,65.39000000000003,63.92,66.16,1.2735383779064857,63.65,60.87,66.16,2.1471748880799173,59.79083333333333,53.72,66.16,4.610524439373593,59.177083333333336,53.71,66.16,3.8611301332378756
2026-08-22 15:18:43,Delhi,Delhi,"Anand Vihar, Delhi - DPCC",28.6139,77.209,65.44,101.69,32.65,28.28,0.93,63.29,30.53,53.7,9.67,1,1013.2,14.3,116,Moderate,PM25,15,22,5,8,2026,1,2,-0.7071067811865471,-0.7071067811865479,-0.8660254037844384,-0.5000000000000004,295.2251,1.70313986679353,65.83,66.16,66.09,62.33,54.21,62.01,107.48,96.94,98.95,93.12,91.47,92.4,72.61,52.05,50.23,93.8,27.31,23.62,66.02666666666669,65.83,66.16,0.17387735141181587,64.47666666666666,62.33,66.16,1.787486130482555,60.79999999999999,54.21,66.16,4.484537069450222,59.288333333333334,53.71,66.16,4.016228672974635
2026-08-22 16:18:43,Delhi,Delhi,"Anand Vihar, Delhi - DPCC",28.6139,77.209,63.36,96.81,71.69,32.38,2.56,55.79,34.48,51.72,11.87,10,1008.6,0.0,109,Moderate,PM25,16,22,5,8,2026,1,2,-0.8660254037844384,-0.5000000000000004,-0.8660254037844384,-0.5000000000000004,409.27759999999995,1.4577226606538896,65.44,65.83,66.16,62.53,54.36,62.94,101.69,107.48,96.94,97.9,84.02,90.45,32.65,72.61,52.05,36.85,70.98,74.56,65.81000000000002,65.44,66.16,0.3604164258197289,64.99499999999999,62.53,66.16,1.461735270150082,61.73583333333334,54.36,66.16,4.143054337372924,59.43125,53.71,66.16,4.175172282308468
2026-08-22 17:18:43,Delhi,Delhi,"Anand Vihar, Delhi - DPCC",28.6139,77.209,64.02,95.55,58.97,14.56,1.61,37.78,28.96,53.79,10.18,189,1014.1,0.0,111,Moderate,PM25,17,22,5,8,2026,1,2,-0.9659258262890683,-0.25881904510252063,-0.8660254037844384,-0.5000000000000004,294.8128,1.7953938584779705,63.36,65.44,65.83,63.92,55.14,59.27,96.81,101.69,107.48,92.78,95.65,104.79,71.69,32.65,72.61,43.19,64.19,51.75,64.87666666666668,63.36,65.83,1.3278679653241285,65.13333333333334,63.36,66.16,1.1971243321674563,62.48583333333334,55.14,66.16,3.4417079753923145,59.44875,53.71,66.16,4.19136722790199
2026-08-22 18:18:43,Delhi,Delhi,"Anand Vihar, Delhi - DPCC",28.6139,77.209,62.56,100.85,27.85,11.7,2.3,36.39,31.52,58.97,11.2,99,1011.3,0.0,106,Moderate,PM25,18,22,5,8,2026,1,2,-1.0,-1.8369701987210297e-16,-0.8660254037844384,-0.5000000000000004,353.024,1.8133456334563347,64.02,63.36,65.44,66.09,58.28,58.94,95.55,96.81,101.69,98.95,84.91,90.29,58.97,71.69,32.65,50.23,28.4,44.46,64.27333333333335,63.36,65.44,1.0628891444238513,65.14999999999999,63.36,66.16,1.1773869372473567,63.225833333333334,58.28,66.16,2.5605413430946924,59.64666666666667,53.71,66.16,4.293463856149054
2026-08-22 19:18:43,Delhi,Delhi,"Anand Vihar, Delhi - DPCC",28.6139,77.209,59.75,89.83,56.83,31.58,1.48,9.68,29.42,64.28,10.05,181,1012.5,0.0,100,Satisfactory,PM25,19,22,5,8,2026,1,2,-0.9659258262890684,0.2588190451025203,-0.8660254037844384,-0.5000000000000004,295.67100000000005,2.113083497698882,62.56,64.02,63.36,66.16,59.88,57.27,100.85,95.55,96.81,96.94,100.43,99.1,27.85,58.97,71.69,52.05,22.64,67.81,63.313333333333354,62.56,64.02,0.7311178655552668,64.56166666666665,62.56,66.16,1.4614296653166303,63.5825,59.88,66.16,2.0577044800633764,59.79749999999999,53.71,66.16,4.330981664001055
2026-08-22 20:18:43,Delhi,Delhi,"Anand Vihar, Delhi - DPCC",28.6139,77.209,57.64,99.21,88.61,21.31,1.89,14.62,26.12,67.76,10.11,126,1012.8,0.0,109,Moderate,NO2,20,22,5,8,2026,1,2,-0.8660254037844386,0.5000000000000001,-0.8660254037844384,-0.5000000000000004,264.0732,2.498525073746313,59.75,62.56,64.02,65.83,60.87,57.31,89.83,100.85,95.55,107.48,95.48,96.73,56.83,27.85,58.97,72.61,61.62,88.82,62.110000000000014,59.75,64.02,2.170276480082843,63.49333333333333,59.75,65.83,2.210354421052803,63.57166666666666,59.75,66.16,2.079199292268508,59.90083333333333,53.71,66.16,4.297511834889438
2026-08-22 21:18:43,Delhi,Delhi,"Anand Vihar, Delhi - DPCC",28.6139,77.209,56.47,86.66,60.92,24.67,1.71,8.01,24.73,76.86,9.83,101,1010.4,0.0,94,Satisfactory,PM25,21,22,5,8,2026,1,2,-0.7071067811865477,0.7071067811865474,-0.8660254037844384,-0.5000000000000004,243.0959,2.9871745044694906,57.64,59.75,62.56,65.44,62.33,59.35,99.21,89.83,100.85,101.69,93.12,97.33,88.61,56.83,27.85,32.65,93.8,36.1,59.98333333333335,57.64,62.56,2.468285504826006,62.12833333333333,57.64,65.44,2.9000166666189933,63.30250000000001,57.64,66.16,2.6036691767231828,59.91458333333333,53.71,66.16,4.2893822187863915
2026-08-22 22:18:43,Delhi,Delhi,"Anand Vihar, Delhi - DPCC",28.6139,77.209,55.18,77.97,46.75,22.69,2.36,0.0,23.45,84.37,6.43,242,1015.0,0.0,104,Moderate,CO,22,22,5,8,2026,1,2,-0.5000000000000004,0.8660254037844384,-0.8660254037844384,-0.5000000000000004,150.78349999999998,3.450715746421268,56.47,57.64,59.75,63.36,62.53,57.83,86.66,99.21,89.83,96.81,97.9,94.97,60.92,88.61,56.83,71.69,36.85,62.71,57.953333333333354,56.47,59.75,1.662297606728171,60.63333333333333,56.47,64.02,3.1524572426391835,62.814166666666665,56.47,66.16,3.2675497028517126,59.79458333333334,53.71,66.16,4.345778540513623
2026-08-22 23:18:43,Delhi,Delhi,"Anand Vihar, Delhi - DPCC",28.6139,77.209,53.74,87.9,28.12,25.71,2.37,0.0,20.44,90.03,7.72,205,1009.5,0.0,104,Moderate,CO,23,22,5,8,2026,1,2,-0.25881904510252157,0.9659258262890681,-0.8660254037844384,-0.5000000000000004,157.79680000000002,4.1991604477611935,55.18,56.47,57.64,64.02,63.92,55.88,77.97,86.66,99.21,95.55,92.78,91.54,46.75,60.92,88.61,58.97,43.19,33.2,56.430000000000014,55.18,57.64,1.2304877081876513,59.27,55.18,64.02,3.488323379505095,62.201666666666675,55.18,66.16,3.9444272157825893,59.68416666666666,53.71,66.16,4.430700127879198
2026-08-23 00:18:43,Delhi,Delhi,"Anand Vihar, Delhi - DPCC",28.6139,77.209,51.72,85.07,79.95,25.62,1.42,23.29,19.5,86.19,5.89,255,1010.2,0.0,100,Satisfactory,NO2,0,23,6,8,2026,1,2,0.0,1.0,-0.8660254037844384,-0.5000000000000004,114.85499999999999,4.204390243902439,53.74,55.18,56.47,62.56,66.09,53.71,87.9,77.97,86.66,100.85,98.95,90.86,28.12,46.75,60.92,27.85,50.23,62.99,55.13000000000002,53.74,56.47,1.365686640485629,57.55666666666667,53.74,62.56,3.2014788249602497,61.35333333333333,53.74,66.16,4.584109576140283,59.595,53.71,66.16,4.530985112197664
2026-08-23 01:18:43,Delhi,Delhi,"Anand Vihar, Delhi - DPCC",28.6139,77.209,50.94,76.52,33.01,8.17,1.99,30.36,15.36,95.56,5.36,79,1012.8,0.0,99,Satisfactory,CO,1,23,6,8,2026,1,2,0.25881904510252074,0.9659258262890683,-0.8660254037844384,-0.5000000000000004,82.3296,5.841075794621028,51.72,53.74,55.18,59.75,66.16,55.09,85.07,87.9,77.97,89.83,96.94,93.32,79.95,28.12,46.75,56.83,52.05,21.19,53.54666666666668,51.72,55.18,1.7380832354448117,55.75,51.72,59.75,2.8529423408128216,60.155833333333334,51.72,66.16,5.083947032006041,59.51208333333333,51.72,66.16,4.659741529654705
2026-08-23 02:18:43,Delhi,Delhi,"Anand Vihar, Delhi - DPCC",28.6139,77.209,51.54,82.84,65.68,28.86,2.71,16.43,16.45,98.0,5.86,34,1008.5,0.0,109,Moderate,CO,2,23,6,8,2026,1,2,0.49999999999999994,0.8660254037844387,-0.8660254037844384,-0.5000000000000004,96.397,5.616045845272207,50.94,51.72,53.74,57.64,65.83,53.72,76.52,85.07,87.9,99.21,107.48,95.81,33.01,79.95,28.12,88.61,72.61,47.71,52.13333333333335,50.94,53.74,1.4450374850966112,54.281666666666666,50.94,57.64,2.6418358515754705,58.887499999999996,50.94,65.83,5.341852121774796,59.33916666666667,50.94,66.16,4.901692623952521
2026-08-23 03:18:43,Delhi,Delhi,"Anand Vihar, Delhi - DPCC",28.6139,77.209,51.12,80.7,53.69,8.01,0.85,24.38,16.73,98.0,1.44,257,1008.9,0.0,85,Satisfactory,PM25,3,23,6,8,2026,1,2,0.7071067811865475,0.7071067811865476,-0.8660254037844384,-0.5000000000000004,24.0912,5.527354765933446,51.54,50.94,51.72,56.47,65.44,54.21,82.84,76.52,85.07,86.66,101.69,91.47,65.68,33.01,79.95,60.92,32.65,27.31,51.40000000000001,50.94,51.72,0.4084115571344889,53.26499999999999,50.94,56.47,2.233076353375095,57.696666666666665,50.94,65.44,5.245428023671293,59.248333333333335,50.94,66.16,5.028897075612293
2026-08-23 04:18:43,Delhi,Delhi,"Anand Vihar, Delhi - DPCC",28.6139,77.209,52.8,74.85,46.44,25.82,2.75,38.8,18.68,98.0,1.0,320,1013.8,0.0,109,Moderate,CO,4,23,6,8,2026,1,2,0.8660254037844386,0.5000000000000001,-0.8660254037844384,-0.5000000000000004,18.68,4.979674796747967,51.12,51.54,50.94,55.18,63.36,54.36,80.7,82.84,76.52,77.97,96.81,84.02,53.69,65.68,33.01,46.75,71.69,70.98,51.20000000000002,50.94,51.54,0.30789608636847265,52.373333333333335,50.94,55.18,1.702453132003889,56.50333333333333,50.94,64.02,4.943907790647535,59.11958333333334,50.94,66.16,5.200136686470026
2026-08-23 05:18:43,Delhi,Delhi,"Anand Vihar, Delhi - DPCC",28.6139,77.209,53.43,85.23,63.37,34.18,2.5,20.11,17.45,93.73,4.16,246,1012.7,0.0,106,Moderate,CO,5,23,6,8,2026,1,2,0.9659258262890683,0.25881904510252074,-0.8660254037844384,-0.5000000000000004,72.592,5.080216802168022,52.8,51.12,51.54,53.74,64.02,55.14,74.85,80.7,82.84,87.9,95.55,95.65,46.44,53.69,65.68,28.12,58.97,64.19,51.820000000000014,51.12,52.8,0.8742997197763555,51.97666666666667,50.94,53.74,1.0818810778777523,55.623333333333335,50.94,64.02,4.53544090937425,59.05458333333333,50.94,66.16,5.271476964196888
2026-08-23 06:18:43,Delhi,Delhi,"Anand Vihar, Delhi - DPCC",28.6139,77.209,54.67,77.65,71.51,9.35,0.8,20.97,18.98,91.7,3.63,69,1013.0,0.0,91,Satisfactory,PM25,6,23,6,8,2026,1,2,1.0,6.123233995736766e-17,-0.8660254037844384,-0.5000000000000004,68.8974,4.58958958958959,53.43,52.8,51.12,51.72,62.56,58.28,85.23,74.85,80.7,85.07,100.85,84.91,63.37,46.44,53.69,79.95,27.85,28.4,52.45000000000002,51.12,53.43,1.1941105476466616,51.92499999999999,50.94,53.43,0.9837835127726358,54.740833333333335,50.94,62.56,3.7078968759157327,58.98333333333333,50.94,66.16,5.33782618729737
2026-08-23 07:18:43,Delhi,Delhi,"Anand Vihar, Delhi - DPCC",28.6139,77.209,57.96,86.98,73.81,23.16,1.78,21.62,19.74,88.28,4.44,55,1009.4,0.0,97,Satisfactory,PM25,7,23,6,8,2026,1,2,0.9659258262890683,-0.25881904510252063,-0.8660254037844384,-0.5000000000000004,87.6456,4.256509161041466,54.67,53.43,52.8,50.94,59.75,59.88,77.65,85.23,74.85,76.52,89.83,100.43,71.51,63.37,46.44,33.01,56.83,22.64,53.633333333333354,52.8,54.67,0.9514375088960508,52.416666666666664,50.94,54.67,1.4752446124862943,54.083333333333336,50.94,59.75,2.7783491937526037,58.83291666666667,50.94,66.16,5.408898046710685
2026-08-23 08:18:43,Delhi,Delhi,"Anand Vihar, Delhi - DPCC",28.6139,77.209,59.67,89.53,75.37,34.52,2.15,19.05,26.1,80.59,2.28,204,1014.6,0.0,102,Moderate,CO,8,23,6,8,2026,1,2,0.8660254037844387,-0.4999999999999998,-0.8660254037844384,-0.5000000000000004,59.507999999999996,2.97380073800738,57.96,54.67,53.43,51.54,57.64,60.87,86.98,77.65,85.23,82.84,99.21,95.48,73.81,71.51,63.37,65.68,88.61,61.62,55.35333333333335,53.43,57.96,2.3410325357274058,53.586666666666666,51.12,57.96,2.498652970436191,53.93416666666667,50.94,57.96,2.478303886031064,58.752916666666664,50.94,66.16,5.406936349579707
2026-08-23 09:18:43,Delhi,Delhi,"Anand Vihar, Delhi - DPCC",28.6139,77.209,60.98,107.79,60.14,14.03,1.46,37.24,22.11,73.09,5.05,184,1012.2,0.0,211,Poor,PM25,9,23,6,8,2026,1,2,0.7071067811865476,-0.7071067811865475,-0.8660254037844384,-0.5000000000000004,111.65549999999999,3.1627001298139334,59.67,57.96,54.67,51.12,56.47,62.33,89.53,86.98,77.65,80.7,86.66,93.12,75.37,73.81,71.51,53.69,60.92,93.8,57.43333333333336,54.67,59.67,2.541266088652316,54.94166666666666,51.12,59.67,3.256325638917172,54.103333333333325,50.94,59.67,2.8023539888439104,58.702916666666674,50.94,66.16,5.392035575265437
2026-08-23 10:18:43,Delhi,Delhi,"Anand Vihar, Delhi - DPCC",28.6139,77.209,64.38,106.51,79.88,20.32,1.53,44.58,27.78,64.44,3.24,353,1014.1,0.0,112,Moderate,PM25,10,23,6,8,2026,1,2,0.49999999999999994,-0.8660254037844387,-0.8660254037844384,-0.5000000000000004,90.00720000000001,2.23905489923558,60.98,59.67,57.96,52.8,55.18,62.53,107.79,89.53,86.98,74.85,77.97,97.9,60.14,75.37,73.81,46.44,46.75,36.85,59.53666666666669,57.96,60.98,1.5144085754294259,56.585,52.8,60.98,3.425532075459568,54.479166666666664,50.94,60.98,3.3895225148668535,58.64666666666667,50.94,66.16,5.35949597457166
2026-08-23 11:18:43,Delhi,Delhi,"Anand Vihar, Delhi - DPCC",28.6139,77.209,64.48,112.89,42.31,23.46,2.58,53.52,28.53,61.6,7.46,252,1011.0,0.0,113,Moderate,PM25,11,23,6,8,2026,1,2,0.258819045102521,-0.9659258262890682,-0.8660254037844384,-0.5000000000000004,212.8338,2.0860142228242466,64.38,60.98,59.67,53.43,53.74,63.92,106.51,107.79,89.53,85.23,87.9,92.78,79.88,60.14,75.37,63.37,28.12,43.19,61.676666666666684,59.67,64.38,2.431056011969716,58.51500000000001,53.43,64.38,4.068359620289478,55.24583333333333,50.94,64.38,4.440101264884119,58.723749999999995,50.94,66.16,5.430608751608241
2026-08-23 12:18:43,Delhi,Delhi,"Anand Vihar, Delhi - DPCC",28.6139,77.209,63.55,89.98,62.39,18.05,2.41,57.38,29.55,61.14,5.63,176,1014.2,0.0,110,Moderate,PM25,12,23,6,8,2026,1,2,1.2246467991473532e-16,-1.0,-0.8660254037844384,-0.5000000000000004,166.3665,2.0013093289689032,64.48,64.38,60.98,54.67,51.72,66.09,112.89,106.51,107.79,77.65,85.07,98.95,42.31,79.88,60.14,71.51,79.95,50.23,63.28000000000002,60.98,64.48,1.9924858845173117,60.356666666666676,54.67,64.48,3.7981925526055504,56.140833333333326,50.94,64.48,5.1367613750537044,58.747083333333336,50.94,66.16,5.455053882622918
2026-08-23 13:18:43,Delhi,Delhi,"Anand Vihar, Delhi - DPCC",28.6139,77.209,64.62,90.57,38.74,13.61,2.04,53.4,29.64,50.39,5.7,1,1008.3,0.0,201,Poor,CO,13,23,6,8,2026,1,2,-0.2588190451025208,-0.9659258262890683,-0.8660254037844384,-0.5000000000000004,168.948,1.6445822454308094,63.55,64.48,64.38,57.96,50.94,66.16,89.98,112.89,106.51,86.98,76.52,96.94,62.39,42.31,79.88,73.81,33.01,52.05,64.1366666666667,63.55,64.48,0.5105226080537887,61.836666666666666,57.96,64.48,2.7147056316786866,57.126666666666665,50.94,64.48,5.342276214453555,58.64124999999999,50.94,66.16,5.329596862558355
2026-08-23 14:18:43,Delhi,Delhi,"Anand Vihar, Delhi - DPCC",28.6139,77.209,64.25,93.92,70.13,26.45,1.67,71.01,32.31,50.67,8.22,296,1012.4,0.0,112,Moderate,PM25,14,23,6,8,2026,1,2,-0.4999999999999997,-0.8660254037844388,-0.8660254037844384,-0.5000000000000004,265.58820000000003,1.5211648153707595,64.62,63.55,64.48,59.67,51.54,65.83,90.57,89.98,112.89,89.53,82.84,107.48,38.74,62.39,42.31,75.37,65.68,72.61,64.2166666666667,63.55,64.62,0.5815783122968399,62.94666666666666,59.67,64.62,2.105893317969302,58.26666666666667,51.12,64.62,5.361640409313998,58.57708333333334,50.94,65.83,5.243716305103316
2026-08-23 15:18:43,Delhi,Delhi,"Anand Vihar, Delhi - DPCC",28.6139,77.209,64.11,90.67,59.65,15.19,0.88,57.75,32.97,53.21,7.47,194,1010.7,0.0,112,Moderate,PM25,15,23,6,8,2026,1,2,-0.7071067811865471,-0.7071067811865479,-0.8660254037844384,-0.5000000000000004,246.28589999999997,1.5663821018545776,64.25,64.62,63.55,60.98,51.12,65.44,93.92,90.57,89.98,107.79,80.7,101.69,70.13,38.74,62.39,60.14,53.69,32.65,64.14000000000003,63.55,64.62,0.543415126768394,63.71,60.98,64.62,1.3885243966171195,59.32583333333334,51.12,64.62,5.163766170210152,58.51125,50.94,65.44,5.157915244933134
2026-08-23 16:18:43,Delhi,Delhi,"Anand Vihar, Delhi - DPCC",28.6139,77.209,64.87,106.39,56.63,21.82,1.45,47.01,33.27,46.62,6.52,179,1012.6,0.0,114,Moderate,PM25,16,23,6,8,2026,1,2,-0.8660254037844384,-0.5000000000000004,-0.8660254037844384,-0.5000000000000004,216.9204,1.3603735045229062,64.11,64.25,64.62,64.38,52.8,63.36,90.67,93.92,90.57,106.51,74.85,96.81,59.65,70.13,38.74,79.88,46.44,71.69,64.3266666666667,64.11,64.62,0.26350205565428003,64.23166666666667,63.55,64.62,0.37796384306900704,60.40833333333333,52.8,64.62,4.620115766619956,58.45583333333334,50.94,64.62,5.086891864447319
2026-08-23 17:18:43,Delhi,Delhi,"Anand Vihar, Delhi - DPCC",28.6139,77.209,62.36,97.54,71.84,16.88,2.72,30.13,33.75,52.68,7.97,287,1013.1,0.0,109,Moderate,CO,17,23,6,8,2026,1,2,-0.9659258262890683,-0.25881904510252063,-0.8660254037844384,-0.5000000000000004,268.9875,1.5159712230215827,64.87,64.11,64.25,64.48,53.43,64.02,106.39,90.67,93.92,112.89,85.23,95.55,56.63,59.65,70.13,42.31,63.37,58.97,64.41000000000003,64.11,64.87,0.4044749683239951,64.31333333333333,63.55,64.87,0.4603766573877038,61.41416666666666,53.43,64.87,4.097443678315809,58.518750000000004,50.94,64.87,5.159012639356883
2026-08-23 18:18:43,Delhi,Delhi,"Anand Vihar, Delhi - DPCC",28.6139,77.209,61.67,93.62,45.34,21.14,1.91,21.28,28.42,56.3,8.8,29,1011.7,0.0,103,Moderate,PM25,18,23,6,8,2026,1,2,-1.0,-1.8369701987210297e-16,-0.8660254037844384,-0.5000000000000004,250.09600000000003,1.913664174031271,62.36,64.87,64.11,63.55,54.67,62.56,97.54,106.39,90.67,89.98,77.65,100.85,71.84,56.63,59.65,62.39,71.51,27.85,63.78000000000003,62.36,64.87,1.2871285872051443,63.96,62.36,64.87,0.9053618061310565,62.15833333333333,54.67,64.87,3.235903227380277,58.44958333333333,50.94,64.87,5.0927531455441555
2026-08-23 19:18:43,Delhi,Delhi,"Anand Vihar, Delhi - DPCC",28.6139,77.209,58.56,84.14,70.14,23.82,2.19,11.96,27.28,58.14,8.77,153,1010.4,0.0,102,Moderate,CO,19,23,6,8,2026,1,2,-0.9659258262890684,0.2588190451025203,-0.8660254037844384,-0.5000000000000004,239.2456,2.055869872701556,61.67,62.36,64.87,64.62,57.96,59.75,93.62,97.54,106.39,90.57,86.98,89.83,45.34,71.84,56.63,38.74,73.81,56.83,62.9666666666667,61.67,64.87,1.6840526515920042,63.646666666666675,61.67,64.87,1.3103689048003333,62.741666666666674,57.96,64.87,2.2413828253328982,58.4125,50.94,64.87,5.064684418684958
2026-08-23 20:18:43,Delhi,Delhi,"Anand Vihar, Delhi - DPCC",28.6139,77.209,56.15,88.39,35.24,21.29,1.66,0.0,25.07,67.74,10.88,153,1013.8,0.0,94,Satisfactory,PM25,20,23,6,8,2026,1,2,-0.8660254037844386,0.5000000000000001,-0.8660254037844384,-0.5000000000000004,272.76160000000004,2.5983889528193322,58.56,61.67,62.36,64.25,59.67,57.64,84.14,93.62,97.54,93.92,89.53,99.21,70.14,45.34,71.84,70.13,75.37,88.61,60.863333333333365,58.56,62.36,2.0243599811629616,62.63666666666666,58.56,64.87,2.3405782761249085,62.791666666666664,58.56,64.87,2.1288871755123413,58.36291666666667,50.94,64.87,5.056839947400334
2026-08-23 21:18:43,Delhi,Delhi,"Anand Vihar, Delhi - DPCC",28.6139,77.209,54.56,89.24,61.14,32.44,1.94,0.0,25.9,70.92,9.82,248,1009.3,0.0,97,Satisfactory,CO,21,23,6,8,2026,1,2,-0.7071067811865477,0.7071067811865474,-0.8660254037844384,-0.5000000000000004,254.338,2.6364312267657994,56.15,58.56,61.67,64.11,60.98,56.47,88.39,84.14,93.62,90.67,107.79,86.66,35.24,70.14,45.34,59.65,60.14,60.92,58.79333333333336,56.15,61.67,2.7673874563085987,61.28666666666667,56.15,64.87,3.3445637483337283,62.498333333333335,56.15,64.87,2.750011019261733,58.30083333333334,50.94,64.87,5.075214209800701
2026-08-23 22:18:43,Delhi,Delhi,"Anand Vihar, Delhi - DPCC",28.6139,77.209,54.58,86.24,66.52,12.52,0.94,0.0,23.35,86.6,10.37,268,1010.1,0.0,91,Satisfactory,PM25,22,23,6,8,2026,1,2,-0.5000000000000004,0.8660254037844384,-0.8660254037844384,-0.5000000000000004,242.1395,3.5564681724845992,54.56,56.15,58.56,64.87,64.38,55.18,89.24,88.39,84.14,106.39,106.51,77.97,61.14,35.24,70.14,56.63,79.88,46.75,56.42333333333335,54.56,58.56,2.013959615616522,59.695,54.56,64.87,3.94985949117204,61.96333333333334,54.56,64.87,3.573453469260528,58.22125,50.94,64.87,5.119949314032467
2026-08-23 23:18:43,Delhi,Delhi,"Anand Vihar, Delhi - DPCC",28.6139,77.209,53.05,75.7,64.82,21.69,1.12,0.0,20.07,90.56,6.87,190,1008.2,0.0,88,Satisfactory,PM25,23,23,6,8,2026,1,2,-0.25881904510252157,0.9659258262890681,-0.8660254037844384,-0.5000000000000004,137.8809,4.298054105363075,54.58,54.56,56.15,62.36,64.48,53.74,86.24,89.24,88.39,97.54,112.89,87.9,66.52,61.14,35.24,71.84,42.31,28.12,55.09666666666669,54.56,56.15,0.9122682354079269,57.98,54.56,62.36,3.4566515589515556,61.14666666666667,54.56,64.87,4.057935734365804,58.19625,50.94,64.87,5.136881825709543
2026-08-24 00:18:43,Delhi,Delhi,"Anand Vihar, Delhi - DPCC",28.6139,77.209,52.84,83.21,34.96,26.26,0.88,36.46,18.65,90.5,4.54,227,1008.0,0.0,88,Satisfactory,PM25,0,24,0,8,2026,0,2,0.0,1.0,-0.8660254037844384,-0.5000000000000004,84.67099999999999,4.6055979643765905,53.05,54.58,54.56,61.67,63.55,51.72,75.7,86.24,89.24,93.62,89.98,85.07,64.82,66.52,61.14,45.34,62.39,79.95,54.063333333333354,53.05,54.58,0.8776293826749079,56.428333333333335,53.05,61.67,3.1754270054071814,60.19416666666667,53.05,64.87,4.519584571282004,58.1675,50.94,64.87,5.1647620846758295
2026-08-24 01:18:43,Delhi,Delhi,"Anand Vihar, Delhi - DPCC",28.6139,77.209,53.02,82.46,59.63,33.29,1.01,28.3,19.1,98.0,4.84,259,1013.6,0.0,195,Moderate,CO,1,24,0,8,2026,0,2,0.25881904510252074,0.9659258262890683,-0.8660254037844384,-0.5000000000000004,92.444,4.875621890547263,52.84,53.05,54.58,58.56,64.62,50.94,83.21,75.7,86.24,84.14,90.57,76.52,34.96,64.82,66.52,70.14,38.74,33.01,53.490000000000016,52.84,54.58,0.9497894503525643,54.95666666666667,52.84,58.56,2.136489332215237,59.30166666666667,52.84,64.87,4.8425816430595905,58.21416666666667,50.94,64.87,5.108728180593391
2026-08-24 02:18:43,Delhi,Delhi,"Anand Vihar, Delhi - DPCC",28.6139,77.209,52.22,86.16,67.86,17.44,1.64,34.64,14.91,97.05,3.48,212,1011.1,0.0,87,Satisfactory,PM25,2,24,0,8,2026,0,2,0.49999999999999994,0.8660254037844387,-0.8660254037844384,-0.5000000000000004,51.8868,6.099937146448774,53.02,52.84,53.05,56.15,64.25,51.54,82.46,83.21,75.7,88.39,93.92,82.84,59.63,34.96,64.82,35.24,70.13,65.68,52.97000000000003,52.84,53.05,0.11357816692063981,54.03333333333333,52.84,56.15,1.3018704492650899,58.335,52.84,64.87,4.842218687562829,58.30083333333334,51.12,64.87,4.996368173737486
2026-08-24 03:18:43,Delhi,Delhi,"Anand Vihar, Delhi - DPCC",28.6139,77.209,54.36,88.78,23.27,10.28,1.05,18.58,15.95,98.0,1.0,216,1012.1,0.0,195,Moderate,CO,3,24,0,8,2026,0,2,0.7071067811865475,0.7071067811865476,-0.8660254037844384,-0.5000000000000004,15.95,5.781710914454277,52.22,53.02,52.84,54.56,64.11,51.12,86.16,82.46,83.21,89.24,90.67,80.7,67.86,59.63,34.96,61.14,59.65,53.69,52.69333333333336,52.22,53.02,0.4196824196155937,53.37833333333333,52.22,54.58,0.9703693454916117,57.3325,52.22,64.87,4.750730326630278,58.32916666666667,51.12,64.87,4.958143864362023
2026-08-24 04:18:43,Delhi,Delhi,"Anand Vihar, Delhi - DPCC",28.6139,77.209,53.24,93.76,74.72,28.74,2.15,17.87,19.82,94.76,1.0,305,1012.4,0.0,102,Moderate,CO,4,24,0,8,2026,0,2,0.8660254037844386,0.5000000000000001,-0.8660254037844384,-0.5000000000000004,19.82,4.551392891450528,54.36,52.22,53.02,54.58,64.87,52.8,88.78,86.16,82.46,86.24,106.39,74.85,23.27,67.86,59.63,66.52,56.63,46.44,53.200000000000024,52.22,54.36,1.0812955192735463,53.345,52.22,54.58,0.9239859306305256,56.52,52.22,64.87,4.298447922850253,58.464166666666664,52.22,64.87,4.794735261918499
2026-08-24 05:18:43,Delhi,Delhi,"Anand Vihar, Delhi - DPCC",28.6139,77.209,54.39,96.82,62.84,10.79,0.96,27.54,20.85,96.32,2.91,297,1010.2,0.0,97,Satisfactory,PM10,5,24,0,8,2026,0,2,0.9659258262890683,0.25881904510252074,-0.8660254037844384,-0.5000000000000004,60.673500000000004,4.408237986270023,53.24,54.36,52.22,53.05,62.36,53.43,93.76,88.78,86.16,75.7,97.54,85.23,74.72,23.27,67.86,64.82,71.84,63.37,53.27333333333336,52.22,54.36,1.070389337266763,53.12166666666667,52.22,54.36,0.7007543554412397,55.55083333333334,52.22,62.36,3.4772989997028674,58.482499999999995,52.22,64.87,4.772927503799144
2026-08-24 06:18:43,Delhi,Delhi,"Anand Vihar, Delhi - DPCC",28.6139,77.209,55.53,95.52,69.76,32.12,1.01,18.11,19.52,87.37,2.54,218,1011.6,0.0,195,Moderate,CO,6,24,0,8,2026,0,2,1.0,6.123233995736766e-17,-0.8660254037844384,-0.5000000000000004,49.580799999999996,4.257797270955166,54.39,53.24,54.36,52.84,61.67,54.67,96.82,93.76,88.78,83.21,93.62,77.65,62.84,74.72,23.27,34.96,45.34,71.51,53.99666666666669,53.24,54.39,0.6554642120927442,53.345,52.22,54.39,0.8671274416157998,54.88666666666666,52.22,61.67,2.7418816808017934,58.52250000000001,52.22,64.87,4.732595803940882
2026-08-24 07:18:43,Delhi,Delhi,"Anand Vihar, Delhi - DPCC",28.6139,77.209,58.19,103.89,43.73,17.12,1.02,19.52,21.94,86.79,2.03,30,1009.9,7.9,195,Moderate,CO,7,24,0,8,2026,0,2,0.9659258262890683,-0.25881904510252063,-0.8660254037844384,-0.5000000000000004,44.538199999999996,3.783347863993025,55.53,54.39,53.24,53.02,58.56,57.96,95.52,96.82,93.76,82.46,84.14,86.98,69.76,62.84,74.72,59.63,70.14,73.81,54.38666666666669,53.24,55.53,1.1450036390048517,53.79333333333333,52.22,55.53,1.1893471598611387,54.375,52.22,58.56,1.756952423426201,58.55833333333334,52.22,64.87,4.70533523886933
2026-08-24 08:18:43,Delhi,Delhi,"Anand Vihar, Delhi - DPCC",28.6139,77.209,58.26,85.64,72.57,18.45,1.22,38.0,22.57,86.27,1.0,318,1010.8,0.0,97,Satisfactory,PM25,8,24,0,8,2026,0,2,0.8660254037844387,-0.4999999999999998,-0.8660254037844384,-0.5000000000000004,22.57,3.6601612218922357,58.19,55.53,54.39,52.22,56.15,59.67,103.89,95.52,96.82,86.16,88.39,89.53,43.73,69.76,62.84,67.86,35.24,75.37,56.03666666666669,54.39,58.19,1.9500085469900639,54.655,52.22,58.19,2.0664244481719996,54.344166666666666,52.22,58.19,1.678318738464232,58.56791666666667,52.22,64.87,4.704297738254404
2026-08-24 09:18:43,Delhi,Delhi,"Anand Vihar, Delhi - DPCC",28.6139,77.209,61.02,107.41,76.05,10.83,2.25,40.13,24.08,71.67,2.73,39,1010.6,0.0,105,Moderate,PM10,9,24,0,8,2026,0,2,0.7071067811865476,-0.7071067811865475,-0.8660254037844384,-0.5000000000000004,65.7384,2.857655502392345,58.26,58.19,55.53,54.36,54.56,60.98,85.64,103.89,95.52,88.78,89.24,107.79,72.57,43.73,69.76,23.27,61.14,60.14,57.32666666666669,55.53,58.26,1.5563525735945132,55.66166666666667,53.24,58.26,2.113626425523076,54.52,52.22,58.26,1.9699100117890693,58.509166666666665,52.22,64.87,4.698737033517146
2026-08-24 10:18:43,Delhi,Delhi,"Anand Vihar, Delhi - DPCC",28.6139,77.209,63.31,92.07,46.43,26.96,0.9,50.52,25.96,69.78,6.45,184,1013.9,0.0,126,Moderate,O3,10,24,0,8,2026,0,2,0.49999999999999994,-0.8660254037844387,-0.8660254037844384,-0.5000000000000004,167.442,2.5882789317507418,61.02,58.26,58.19,53.24,54.58,64.38,107.41,85.64,103.89,93.76,86.24,106.51,76.05,72.57,43.73,74.72,66.52,79.88,59.156666666666695,58.19,61.02,1.614073521663198,56.77166666666667,53.24,61.02,2.896959900769992,55.05833333333333,52.22,61.02,2.7212424746909067,58.51083333333333,52.22,64.87,4.699658559907382
2026-08-24 11:18:43,Delhi,Delhi,"Anand Vihar, Delhi - DPCC",28.6139,77.209,65.0,93.1,22.57,15.58,2.74,57.12,27.6,60.6,4.86,331,1010.5,0.0,115,Moderate,PM25,11,24,0,8,2026,0,2,0.258819045102521,-0.9659258262890682,-0.8660254037844384,-0.5000000000000004,134.13600000000002,2.1188811188811187,63.31,61.02,58.26,54.39,53.05,64.48,92.07,107.41,85.64,96.82,75.7,112.89,46.43,76.05,72.57,62.84,64.82,42.31,60.863333333333365,58.26,63.31,2.5286425871075955,58.449999999999996,54.39,63.31,3.3268062762959847,55.785833333333336,52.22,63.31,3.6051338604157728,58.46625,52.22,64.87,4.646332646853644
2026-08-24 12:18:43,Delhi,Delhi,"Anand Vihar, Delhi - DPCC",28.6139,77.209,65.98,96.82,45.29,33.06,2.58,50.04,32.22,55.18,5.78,192,1013.2,0.0,125,Moderate,O3,12,24,0,8,2026,0,2,1.2246467991473532e-16,-1.0,-0.8660254037844384,-0.5000000000000004,186.23160000000001,1.6610475617098135,65.0,63.31,61.02,55.53,52.84,63.55,93.1,92.07,107.41,95.52,83.21,89.98,22.57,46.43,76.05,69.76,34.96,62.39,63.110000000000035,61.02,65.0,1.99752346669589,60.21833333333334,55.53,65.0,3.549509355765772,56.781666666666666,52.22,65.0,4.353501899377077,58.48791666666667,52.22,65.0,4.676708224685518
2026-08-24 13:18:43,Delhi,Delhi,"Anand Vihar, Delhi - DPCC",28.6139,77.209,67.11,113.51,76.89,19.46,1.35,67.1,33.67,51.77,8.32,304,1008.4,2.8,122,Moderate,PM25,13,24,0,8,2026,0,2,-0.2588190451025208,-0.9659258262890683,-0.8660254037844384,-0.5000000000000004,280.1344,1.493221805595616,65.98,65.0,63.31,58.19,53.02,64.62,96.82,93.1,92.07,103.89,82.46,90.57,45.29,22.57,46.43,43.73,59.63,38.74,64.76333333333336,63.31,65.98,1.3506418227398604,61.96,58.19,65.98,3.3469687778648036,57.876666666666665,52.22,65.98,4.891245116315441,58.58916666666667,52.22,65.98,4.815316971522482
2026-08-24 14:18:43,Delhi,Delhi,"Anand Vihar, Delhi - DPCC",28.6139,77.209,66.86,94.85,79.83,28.11,2.44,53.61,33.34,50.96,7.04,277,1012.5,0.0,121,Moderate,PM25,14,24,0,8,2026,0,2,-0.4999999999999997,-0.8660254037844388,-0.8660254037844384,-0.5000000000000004,234.7136,1.4839836924868957,67.11,65.98,65.0,58.26,52.22,64.25,113.51,96.82,93.1,85.64,86.16,93.92,76.89,45.29,22.57,72.57,67.86,70.13,66.03000000000003,65.0,67.11,1.0558882516633392,63.446666666666665,58.26,67.11,3.3184193024191884,59.05083333333334,52.22,67.11,5.293995669767388,58.69291666666666,52.22,67.11,4.975080055433435
2026-08-24 15:18:43,Delhi,Delhi,"Anand Vihar, Delhi - DPCC",28.6139,77.209,65.29,108.68,43.53,9.88,1.04,63.17,34.1,49.08,10.17,68,1008.2,0.0,195,Moderate,CO,15,24,0,8,2026,0,2,-0.7071067811865471,-0.7071067811865479,-0.8660254037844384,-0.5000000000000004,346.797,1.3982905982905982,66.86,67.11,65.98,61.02,54.36,64.11,94.85,113.51,96.82,107.41,88.78,90.67,79.83,76.89,45.29,76.05,23.27,59.65,66.65000000000002,65.98,67.11,0.5935486500706075,64.88000000000001,61.02,67.11,2.344448762502895,60.27083333333334,53.24,67.11,5.263530544024544,58.80166666666667,52.22,67.11,5.128008908174726
2026-08-24 16:18:43,Delhi,Delhi,"Anand Vihar, Delhi - DPCC",28.6139,77.209,64.75,113.02,40.43,11.04,1.7,36.24,32.86,49.55,9.11,239,1011.6,0.0,114,Moderate,PM25,16,24,0,8,2026,0,2,-0.8660254037844384,-0.5000000000000004,-0.8660254037844384,-0.5000000000000004,299.35459999999995,1.4633786178381571,65.29,66.86,67.11,63.31,53.24,64.87,108.68,94.85,113.51,92.07,93.76,106.39,43.53,79.83,76.89,46.43,74.72,56.63,66.42000000000003,65.29,67.11,0.9865596788844803,65.59166666666668,63.31,67.11,1.393691740187879,61.18166666666667,53.24,67.11,5.09055244962908,58.850833333333334,52.22,67.11,5.186441283616956
2026-08-24 17:18:43,Delhi,Delhi,"Anand Vihar, Delhi - DPCC",28.6139,77.209,62.35,106.14,62.72,13.85,1.93,38.4,32.2,53.01,10.02,359,1008.7,0.0,106,Moderate,PM25,17,24,0,8,2026,0,2,-0.9659258262890683,-0.25881904510252063,-0.8660254037844384,-0.5000000000000004,322.644,1.5966867469879515,64.75,65.29,66.86,65.0,54.39,62.36,113.02,108.68,94.85,93.1,96.82,97.54,40.43,43.53,79.83,22.57,62.84,71.84,65.63333333333337,64.75,66.86,1.0960991439345296,65.83166666666666,64.75,67.11,0.9867809618491273,62.14083333333334,54.39,67.11,4.509322582330456,58.84583333333333,52.22,67.11,5.180440569368026
2026-08-24 18:18:43,Delhi,Delhi,"Anand Vihar, Delhi - DPCC",28.6139,77.209,60.6,91.16,73.45,16.23,2.03,33.51,31.87,59.03,12.15,322,1014.3,0.0,211,Poor,PM25,18,24,0,8,2026,0,2,-1.0,-1.8369701987210297e-16,-0.8660254037844384,-0.5000000000000004,387.2205,1.7958624885914205,62.35,64.75,65.29,65.98,55.53,61.67,106.14,113.02,108.68,96.82,95.52,93.62,62.72,40.43,43.53,45.29,69.76,45.34,64.13000000000002,62.35,65.29,1.5649920127593966,65.39,62.35,67.11,1.7394596862248008,62.804166666666674,55.53,67.11,3.7942790867144898,58.845416666666665,52.22,67.11,5.18014602712311
2026-08-24 19:18:43,Delhi,Delhi,"Anand Vihar, Delhi - DPCC",28.6139,77.209,58.54,98.57,39.51,16.58,1.35,27.93,29.89,66.29,8.93,205,1008.8,0.0,99,Satisfactory,PM10,19,24,0,8,2026,0,2,-0.9659258262890684,0.2588190451025203,-0.8660254037844384,-0.5000000000000004,266.9177,2.1460019423761736,60.6,62.35,64.75,67.11,58.19,58.56,91.16,106.14,113.02,113.51,103.89,84.14,73.45,62.72,40.43,76.89,43.73,70.14,62.56666666666669,60.6,64.75,2.0834666624004496,64.49333333333334,60.6,67.11,2.5651718590901575,63.22666666666667,58.19,67.11,3.1357885287387903,58.80083333333334,52.22,67.11,5.159341815679109
2026-08-24 20:18:43,Delhi,Delhi,"Anand Vihar, Delhi - DPCC",28.6139,77.209,58.25,83.19,52.74,26.69,1.18,0.0,27.58,70.54,8.3,102,1012.2,0.0,97,Satisfactory,PM25,20,24,0,8,2026,0,2,-0.8660254037844386,0.5000000000000001,-0.8660254037844384,-0.5000000000000004,228.91400000000002,2.46815955213436,58.54,60.6,62.35,66.86,58.26,56.15,98.57,91.16,106.14,94.85,85.64,88.39,39.51,73.45,62.72,79.83,72.57,35.24,60.49666666666669,58.54,62.35,1.9071007664342585,63.065,58.54,66.86,3.1386286814469715,63.255833333333335,58.26,67.11,3.085913621407437,58.800000000000004,52.22,67.11,5.159384021204604
2026-08-24 21:18:43,Delhi,Delhi,"Anand Vihar, Delhi - DPCC",28.6139,77.209,56.13,89.2,32.04,8.42,1.24,0.0,26.63,76.95,9.47,341,1008.5,0.0,94,Satisfactory,PM25,21,24,0,8,2026,0,2,-0.7071067811865477,0.7071067811865474,-0.8660254037844384,-0.5000000000000004,252.1861,2.7850162866449515,58.25,58.54,60.6,65.29,61.02,54.56,83.19,98.57,91.16,108.68,107.41,89.24,52.74,39.51,73.45,43.53,76.05,61.14,59.130000000000024,58.25,60.6,1.2812884140586147,61.629999999999995,58.25,65.29,3.022641229124243,63.255,58.25,67.11,3.08738636154509,58.887499999999996,52.22,67.11,5.130212513608291
2026-08-24 22:18:43,Delhi,Delhi,"Anand Vihar, Delhi - DPCC",28.6139,77.209,55.15,79.81,76.78,31.34,0.65,1.27,22.37,81.24,11.92,216,1012.7,0.0,96,Satisfactory,NO2,22,24,0,8,2026,0,2,-0.5000000000000004,0.8660254037844384,-0.8660254037844384,-0.5000000000000004,266.6504,3.476251604621309,56.13,58.25,58.54,64.75,63.31,54.58,89.2,83.19,98.57,113.02,92.07,86.24,32.04,52.74,39.51,40.43,46.43,66.52,57.64000000000002,56.13,58.54,1.315712734604658,60.10333333333333,56.13,64.75,3.116149333178455,62.847500000000004,56.13,67.11,3.67583292972802,58.95291666666666,52.22,67.11,5.082419382082001
2026-08-24 23:18:43,Delhi,Delhi,"Anand Vihar, Delhi - DPCC",28.6139,77.209,54.72,94.65,79.22,16.1,0.86,0.0,23.21,85.44,7.37,279,1014.6,0.0,99,Satisfactory,NO2,23,24,0,8,2026,0,2,-0.25881904510252157,0.9659258262890681,-0.8660254037844384,-0.5000000000000004,171.0577,3.5291201982651796,55.15,56.13,58.25,62.35,65.0,53.05,79.81,89.2,83.19,106.14,93.1,75.7,76.78,32.04,52.74,62.72,22.57,64.82,56.510000000000026,55.15,58.25,1.5845504094224627,58.50333333333334,55.15,62.35,2.688342736086438,62.1675,55.15,67.11,4.286533087366897,58.97666666666667,52.22,67.11,5.0623887355817905
2026-08-25 00:18:43,Delhi,Delhi,"Anand Vihar, Delhi - DPCC",28.6139,77.209,54.99,79.92,73.5,18.59,1.83,28.21,19.07,94.42,6.73,342,1013.8,0.0,92,Satisfactory,NO2,0,25,1,8,2026,0,2,0.0,1.0,-0.8660254037844384,-0.5000000000000004,128.3411,4.704534130543099,54.72,55.15,56.13,60.6,65.98,52.84,94.65,79.81,89.2,91.16,96.82,83.21,79.22,76.78,32.04,73.45,45.29,34.96,55.333333333333364,54.72,56.13,0.7226571340090989,57.23166666666666,54.72,60.6,2.278152028875347,61.310833333333335,54.72,67.11,4.678322267910225,59.04625000000001,52.22,67.11,4.988319236411026
2026-08-25 01:18:43,Delhi,Delhi,"Anand Vihar, Delhi - DPCC",28.6139,77.209,54.29,95.67,51.25,34.39,2.76,29.96,14.94,97.92,6.88,304,1008.6,0.0,109,Moderate,CO,1,25,1,8,2026,0,2,0.25881904510252074,0.9659258262890683,-0.8660254037844384,-0.5000000000000004,102.7872,6.143036386449185,54.99,54.72,55.15,58.54,67.11,53.02,79.92,94.65,79.81,98.57,113.51,82.46,73.5,79.22,76.78,39.51,76.89,59.63,54.953333333333354,54.72,55.15,0.21733231083813717,56.29666666666666,54.72,58.54,1.696109273210002,60.395,54.72,67.11,4.756244698957805,59.13583333333333,52.22,67.11,4.890361342270266
2026-08-25 02:18:43,Delhi,Delhi,"Anand Vihar, Delhi - DPCC",28.6139,77.209,53.79,94.52,58.38,14.58,1.45,39.33,16.89,98.0,4.71,250,1013.0,0.0,94,Satisfactory,PM10,2,25,1,8,2026,0,2,0.49999999999999994,0.8660254037844387,-0.8660254037844384,-0.5000000000000004,79.5519,5.477920626048071,54.29,54.99,54.72,58.25,66.86,52.22,95.67,79.92,94.65,83.19,94.85,86.16,51.25,73.5,79.22,52.74,79.83,67.86,54.666666666666686,54.29,54.99,0.3530344647966369,55.58833333333334,54.29,58.25,1.4399780090921706,59.32666666666666,54.29,66.86,4.545969910177937,59.18875,52.22,67.11,4.827777697864765
2026-08-25 03:18:43,Delhi,Delhi,"Anand Vihar, Delhi - DPCC",28.6139,77.209,53.76,89.1,43.62,22.19,1.82,24.91,17.91,95.66,3.4,218,1013.3,0.0,90,Satisfactory,CO,3,25,1,8,2026,0,2,0.7071067811865475,0.7071067811865476,-0.8660254037844384,-0.5000000000000004,60.894,5.058699101004759,53.79,54.29,54.99,56.13,65.29,54.36,94.52,95.67,79.92,89.2,108.68,88.78,58.38,51.25,73.5,32.04,43.53,23.27,54.35666666666668,53.79,54.99,0.602771377334933,54.845000000000006,53.79,56.13,0.8002437128790733,58.23749999999999,53.79,65.29,4.123022115346621,59.25416666666666,53.24,67.11,4.739066975376255
2026-08-25 04:18:43,Delhi,Delhi,"Anand Vihar, Delhi - DPCC",28.6139,77.209,56.52,79.94,33.47,32.45,1.8,25.91,19.87,98.0,2.73,132,1014.0,0.0,94,Satisfactory,PM25,4,25,1,8,2026,0,2,0.8660254037844386,0.5000000000000001,-0.8660254037844384,-0.5000000000000004,54.2451,4.695735505510302,53.76,53.79,54.29,55.15,64.75,53.24,89.1,94.52,95.67,79.81,113.02,93.76,43.62,58.38,51.25,76.78,40.43,74.72,53.94666666666669,53.76,54.29,0.29771350882057,54.45000000000001,53.76,55.15,0.5986317732985239,57.27666666666667,53.76,64.75,3.645972456220187,59.229166666666664,53.24,67.11,4.767504968344428
2026-08-25 05:18:43,Delhi,Delhi,"Anand Vihar, Delhi - DPCC",28.6139,77.209,55.95,96.8,64.16,22.31,0.66,27.03,18.22,95.31,1.0,308,1013.4,0.0,97,Satisfactory,PM10,5,25,1,8,2026,0,2,0.9659258262890683,0.25881904510252074,-0.8660254037844384,-0.5000000000000004,18.22,4.958896982310094,56.52,53.76,53.79,54.72,62.35,54.39,79.94,89.1,94.52,94.65,106.14,96.82,33.47,43.62,58.38,79.22,62.72,62.84,54.690000000000026,53.76,56.52,1.5848974730249652,54.678333333333335,53.76,56.52,1.0270232064900837,56.590833333333336,53.76,62.35,2.7847260623669015,59.365833333333335,53.76,67.11,4.633482038068327
2026-08-25 06:18:43,Delhi,Delhi,"Anand Vihar, Delhi - DPCC",28.6139,77.209,59.99,105.62,58.17,22.49,2.25,20.88,22.6,92.94,4.07,217,1008.6,0.0,104,Moderate,PM10,6,25,1,8,2026,0,2,1.0,6.123233995736766e-17,-0.8660254037844384,-0.5000000000000004,91.98200000000001,3.9381355932203386,55.95,56.52,53.76,54.99,60.6,55.53,96.8,79.94,89.1,79.92,91.16,95.52,64.16,33.47,43.62,73.5,73.45,69.76,55.410000000000025,53.76,56.52,1.4570861333500196,54.88333333333333,53.76,56.52,1.1521400377858342,56.0575,53.76,60.6,2.1133993513255196,59.43083333333333,53.76,67.11,4.571167595746862
2026-08-25 07:18:43,Delhi,Delhi,"Anand Vihar, Delhi - DPCC",28.6139,77.209,58.81,100.64,36.94,12.92,1.88,30.38,18.63,86.85,3.93,235,1009.3,0.0,98,Satisfactory,PM25,7,25,1,8,2026,0,2,0.9659258262890683,-0.25881904510252063,-0.8660254037844384,-0.5000000000000004,73.2159,4.424350483953133,59.99,55.95,56.52,54.29,58.54,58.19,105.62,96.8,79.94,95.67,98.57,103.89,58.17,64.16,33.47,51.25,39.51,43.73,57.4866666666667,55.95,59.99,2.186603149484199,55.71666666666667,53.76,59.99,2.389022115148587,56.00666666666666,53.76,59.99,1.9984145230812163,59.61666666666667,53.76,67.11,4.495725183720256
2026-08-25 08:18:43,Delhi,Delhi,"Anand Vihar, Delhi - DPCC",28.6139,77.209,59.8,89.41,85.25,31.18,1.92,22.68,21.17,82.74,3.49,224,1014.5,0.0,105,Moderate,NO2,8,25,1,8,2026,0,2,0.8660254037844387,-0.4999999999999998,-0.8660254037844384,-0.5000000000000004,73.8833,3.732070365358592,58.81,59.99,55.95,53.79,58.25,58.26,100.64,105.62,96.8,94.52,83.19,85.64,36.94,58.17,64.16,58.38,52.74,72.57,58.25000000000003,55.95,59.99,2.077402223932785,56.47,53.76,59.99,2.555989045360377,56.02916666666667,53.76,59.99,2.03078783786627,59.64249999999999,53.76,67.11,4.488947053839486
2026-08-25 09:18:43,Delhi,Delhi,"Anand Vihar, Delhi - DPCC",28.6139,77.209,60.93,101.63,59.45,12.22,1.74,39.08,24.48,74.27,4.45,79,1012.9,0.0,211,Poor,PM25,9,25,1,8,2026,0,2,0.7071067811865476,-0.7071067811865475,-0.8660254037844384,-0.5000000000000004,108.936,2.9148351648351647,59.8,58.81,59.99,53.76,56.13,61.02,89.41,100.64,105.62,89.1,89.2,107.41,85.25,36.94,58.17,43.62,32.04,76.05,59.53333333333336,58.81,59.99,0.6335876682308457,57.471666666666664,53.76,59.99,2.4719176091991333,56.15833333333333,53.76,59.99,2.2248997253539504,59.70666666666667,53.76,67.11,4.4793222183977965
2026-08-25 10:18:43,Delhi,Delhi,"Anand Vihar, Delhi - DPCC",28.6139,77.209,60.73,105.96,50.63,18.29,1.93,53.09,28.16,70.79,4.75,226,1014.2,0.0,211,Poor,PM25,10,25,1,8,2026,0,2,0.49999999999999994,-0.8660254037844387,-0.8660254037844384,-0.5000000000000004,133.76,2.42764060356653,60.93,59.8,58.81,56.52,55.15,63.31,101.63,89.41,100.64,79.94,79.81,92.07,59.45,85.25,36.94,33.47,76.78,46.43,59.84666666666669,58.81,60.93,1.0607701604655906,58.666666666666664,55.95,60.93,2.008349239218258,56.55833333333334,53.76,60.93,2.616381378001447,59.70291666666666,53.76,67.11,4.478212453129328
2026-08-25 11:18:43,Delhi,Delhi,"Anand Vihar, Delhi - DPCC",28.6139,77.209,62.6,89.8,33.81,28.69,2.06,47.48,25.97,59.16,5.18,308,1008.8,0.0,202,Poor,CO,11,25,1,8,2026,0,2,0.258819045102521,-0.9659258262890682,-0.8660254037844384,-0.5000000000000004,134.5246,2.193548387096774,60.73,60.93,59.8,55.95,54.72,65.0,105.96,101.63,89.41,96.8,94.65,93.1,50.63,59.45,85.25,64.16,79.22,22.57,60.486666666666686,59.8,60.93,0.6030201765564619,59.36833333333333,55.95,60.93,1.8364358596663377,57.02333333333333,53.76,60.93,2.830429884899907,59.595416666666665,53.76,67.11,4.418426809512045
2026-08-25 12:18:43,Delhi,Delhi,"Anand Vihar, Delhi - DPCC",28.6139,77.209,62.85,94.98,44.24,29.77,2.28,66.76,34.23,55.49,7.14,35,1014.0,0.0,107,Moderate,PM25,12,25,1,8,2026,0,2,1.2246467991473532e-16,-1.0,-0.8660254037844384,-0.5000000000000004,244.40219999999997,1.5750780584728927,62.6,60.73,60.93,59.99,54.99,65.98,89.8,105.96,101.63,105.62,79.92,96.82,33.81,50.63,59.45,58.17,73.5,45.29,61.42000000000002,60.73,62.6,1.0267911179986078,60.47666666666667,58.81,62.6,1.2845803465210959,57.68,53.76,62.6,3.144172097996428,59.49541666666667,53.76,67.11,4.316779172894597
2026-08-25 13:18:43,Delhi,Delhi,"Anand Vihar, Delhi - DPCC",28.6139,77.209,64.66,100.02,33.44,26.03,2.61,60.92,34.34,50.12,6.15,8,1011.6,0.0,114,Moderate,PM25,13,25,1,8,2026,0,2,-0.2588190451025208,-0.9659258262890683,-0.8660254037844384,-0.5000000000000004,211.19100000000003,1.4182229767968306,62.85,62.6,60.73,58.81,54.29,67.11,94.98,89.8,105.96,100.64,95.67,113.51,44.24,33.81,50.63,36.94,51.25,76.89,62.060000000000024,60.73,62.85,1.1585767130409685,60.95333333333334,58.81,62.85,1.5673757260683157,58.335,53.76,62.85,3.345125354357385,59.365,53.76,67.11,4.156663586810148
