location_id,location_name,parameter,value,unit,datetimeUtc,datetimeLocal,timezone,latitude,longitude,country_iso,isMobile,isMonitor,owner_name,provider
6267806,"Rajendra Nagar North, Guntur - APPCB","co",0.25,"ppb","2026-08-20T00:15:00Z","2026-08-20T05:45:00+05:30","Asia/Kolkata",16.316553,80.413302,,,,"OpenAQ admin","N/A"
6267806,"Rajendra Nagar North, Guntur - APPCB","co",0.33,"ppb","2026-08-20T00:30:00Z","2026-08-20T06:00:00+05:30","Asia/Kolkata",16.316553,80.413302,,,,"OpenAQ admin","N/A"
6267806,"Rajendra Nagar North, Guntur - APPCB","co",0.31,"ppb","2026-08-20T00:45:00Z","2026-08-20T06:15:00+05:30","Asia/Kolkata",16.316553,80.413302,,,,"OpenAQ admin","N/A"
6267806,"Rajendra Nagar North, Guntur - APPCB","co",0.32,"ppb","2026-08-20T01:00:00Z","2026-08-20T06:30:00+05:30","Asia/Kolkata",16.316553,80.413302,,,,"OpenAQ admin","N/A"
6267806,"Rajendra Nagar North, Guntur - APPCB","co",0.25,"ppb","2026-08-20T01:15:00Z","2026-08-20T06:45:00+05:30","Asia/Kolkata",16.316553,80.413302,,,,"OpenAQ admin","N/A"
6267806,"Rajendra Nagar North, Guntur - APPCB","co",0.32,"ppb","2026-08-20T01:30:00Z","2026-08-20T07:00:00+05:30","Asia/Kolkata",16.316553,80.413302,,,,"OpenAQ admin","N/A"
6267806,"Rajendra Nagar North, Guntur - APPCB","co",0.4,"ppb","2026-08-20T01:45:00Z","2026-08-20T07:15:00+05:30","Asia/Kolkata",16.316553,80.413302,,,,"OpenAQ admin","N/A"
6267806,"Rajendra Nagar North, Guntur - APPCB","co",0.43,"ppb","2026-08-20T02:15:00Z","2026-08-20T07:45:00+05:30","Asia/Kolkata",16.316553,80.413302,,,,"OpenAQ admin","N/A"
6267806,"Rajendra Nagar North, Guntur - APPCB","co",0.32,"ppb","2026-08-20T02:30:00Z","2026-08-20T08:00:00+05:30","Asia/Kolkata",16.316553,80.413302,,,,"OpenAQ admin","N/A"
6267806,"Rajendra Nagar North, Guntur - APPCB","co",0.35,"ppb","2026-08-20T02:45:00Z","2026-08-20T08:15:00+05:30","Asia/Kolkata",16.316553,80.413302,,,,"OpenAQ admin","N/A"
6267806,"Rajendra Nagar North, Guntur - APPCB","co",0.38,"ppb","2026-08-20T03:00:00Z","2026-08-20T08:30:00+05:30","Asia/Kolkata",16.316553,80.413302,,,,"OpenAQ admin","N/A"
6267806,"Rajendra Nagar North, Guntur - APPCB","co",0.31,"ppb","2026-08-20T03:15:00Z","2026-08-20T08:45:00+05:30","Asia/Kolkata",16.316553,80.413302,,,,"OpenAQ admin","N/A"
6267806,"Rajendra Nagar North, Guntur - APPCB","co",0.33,"ppb","2026-08-20T03:30:00Z","2026-08-20T09:00:00+05:30","Asia/Kolkata",16.316553,80.413302,,,,"OpenAQ admin","N/A"
6267806,"Rajendra Nagar North, Guntur - APPCB","co",0.38,"ppb","2026-08-20T03:45:00Z","2026-08-20T09:15:00+05:30","Asia/Kolkata",16.316553,80.413302,,,,"OpenAQ admin","N/A"
6267806,"Rajendra Nagar North, Guntur - APPCB","co",0.43,"ppb","2026-08-20T04:15:00Z","2026-08-20T09:45:00+05:30","Asia/Kolkata",16.316553,80.413302,,,,"OpenAQ admin","N/A"
6267806,"Rajendra Nagar North, Guntur - APPCB","co",0.01,"ppb","2026-08-20T05:00:00Z","2026-08-20T10:30:00+05:30","Asia/Kolkata",16.316553,80.413302,,,,"OpenAQ admin","N/A"
6267806,"Rajendra Nagar North, Guntur - APPCB","co",0.01,"ppb","2026-08-20T05:15:00Z","2026-08-20T10:45:00+05:30","Asia/Kolkata",16.316553,80.413302,,,,"OpenAQ admin","N/A"
6267806,"Rajendra Nagar North, Guntur - APPCB","co",0.01,"ppb","2026-08-20T05:30:00Z","2026-08-20T11:00:00+05:30","Asia/Kolkata",16.316553,80.413302,,,,"OpenAQ admin","N/A"
6267806,"Rajendra Nagar North, Guntur - APPCB","co",0.01,"ppb","2026-08-20T05:45:00Z","2026-08-20T11:15:00+05:30","Asia/Kolkata",16.316553,80.413302,,,,"OpenAQ admin","N/A"
6267806,"Rajendra Nagar North, Guntur - APPCB","co",0.01,"ppb","2026-08-20T06:00:00Z","2026-08-20T11:30:00+05:30","Asia/Kolkata",16.316553,80.413302,,,,"OpenAQ admin","N/A"
6267806,"Rajendra Nagar North, Guntur - APPCB","co",0.01,"ppb","2026-08-20T06:15:00Z","2026-08-20T11:45:00+05:30","Asia/Kolkata",16.316553,80.413302,,,,"OpenAQ admin","N/A"
6267806,"Rajendra Nagar North, Guntur - APPCB","co",0.32,"ppb","2026-08-20T07:00:00Z","2026-08-20T12:30:00+05:30","Asia/Kolkata",16.316553,80.413302,,,,"OpenAQ admin","N/A"
6267806,"Rajendra Nagar North, Guntur - APPCB","co",0.46,"ppb","2026-08-20T07:15:00Z","2026-08-20T12:45:00+05:30","Asia/Kolkata",16.316553,80.413302,,,,"OpenAQ admin","N/A"
6267806,"Rajendra Nagar North, Guntur - APPCB","co",0.44,"ppb","2026-08-20T07:30:00Z","2026-08-20T13:00:00+05:30","Asia/Kolkata",16.316553,80.413302,,,,"OpenAQ admin","N/A"
6267806,"Rajendra Nagar North, Guntur - APPCB","co",0.45,"ppb","2026-08-20T07:45:00Z","2026-08-20T13:15:00+05:30","Asia/Kolkata",16.316553,80.413302,,,,"OpenAQ admin","N/A"
6267806,"Rajendra Nagar North, Guntur - APPCB","co",0.41,"ppb","2026-08-20T08:15:00Z","2026-08-20T13:45:00+05:30","Asia/Kolkata",16.316553,80.413302,,,,"OpenAQ admin","N/A"
6267806,"Rajendra Nagar North, Guntur - APPCB","co",0.41,"ppb","2026-08-20T08:30:00Z","2026-08-20T14:00:00+05:30","Asia/Kolkata",16.316553,80.413302,,,,"OpenAQ admin","N/A"
6267806,"Rajendra Nagar North, Guntur - APPCB","co",0.36,"ppb","2026-08-20T08:45:00Z","2026-08-20T14:15:00+05:30","Asia/Kolkata",16.316553,80.413302,,,,"OpenAQ admin","N/A"
6267806,"Rajendra Nagar North, Guntur - APPCB","co",0.36,"ppb","2026-08-20T09:00:00Z","2026-08-20T14:30:00+05:30","Asia/Kolkata",16.316553,80.413302,,,,"OpenAQ admin","N/A"
6267806,"Rajendra Nagar North, Guntur - APPCB","co",0.33,"ppb","2026-08-20T09:15:00Z","2026-08-20T14:45:00+05:30","Asia/Kolkata",16.316553,80.413302,,,,"OpenAQ admin","N/A"
6267806,"Rajendra Nagar North, Guntur - APPCB","co",0.37,"ppb","2026-08-20T09:30:00Z","2026-08-20T15:00:00+05:30","Asia/Kolkata",16.316553,80.413302,,,,"OpenAQ admin","N/A"
6267806,"Rajendra Nagar North, Guntur - APPCB","co",0.35,"ppb","2026-08-20T09:45:00Z","2026-08-20T15:15:00+05:30","Asia/Kolkata",16.316553,80.413302,,,,"OpenAQ admin","N/A"
6267806,"Rajendra Nagar North, Guntur - APPCB","co",0.4,"ppb","2026-08-20T10:15:00Z","2026-08-20T15:45:00+05:30","Asia/Kolkata",16.316553,80.413302,,,,"OpenAQ admin","N/A"
6267806,"Rajendra Nagar North, Guntur - APPCB","co",0.44,"ppb","2026-08-20T10:30:00Z","2026-08-20T16:00:00+05:30","Asia/Kolkata",16.316553,80.413302,,,,"OpenAQ admin","N/A"
6267806,"Rajendra Nagar North, Guntur - APPCB","co",0.45,"ppb","2026-08-20T10:45:00Z","2026-08-20T16:15:00+05:30","Asia/Kolkata",16.316553,80.413302,,,,"OpenAQ admin","N/A"
6267806,"Rajendra Nagar North, Guntur - APPCB","co",0.38,"ppb","2026-08-20T11:00:00Z","2026-08-20T16:30:00+05:30","Asia/Kolkata",16.316553,80.413302,,,,"OpenAQ admin","N/A"
6267806,"Rajendra Nagar North, Guntur - APPCB","co",0.43,"ppb","2026-08-20T11:15:00Z","2026-08-20T16:45:00+05:30","Asia/Kolkata",16.316553,80.413302,,,,"OpenAQ admin","N/A"
6267806,"Rajendra Nagar North, Guntur - APPCB","co",0.47,"ppb","2026-08-20T11:30:00Z","2026-08-20T17:00:00+05:30","Asia/Kolkata",16.316553,80.413302,,,,"OpenAQ admin","N/A"
6267806,"Rajendra Nagar North, Guntur - APPCB","co",0.42,"ppb","2026-08-20T11:45:00Z","2026-08-20T17:15:00+05:30","Asia/Kolkata",16.316553,80.413302,,,,"OpenAQ admin","N/A"
6267806,"Rajendra Nagar North, Guntur - APPCB","co",0.54,"ppb","2026-08-20T12:15:00Z","2026-08-20T17:45:00+05:30","Asia/Kolkata",16.316553,80.413302,,,,"OpenAQ admin","N/A"
6267806,"Rajendra Nagar North, Guntur - APPCB","co",0.5,"ppb","2026-08-20T12:30:00Z","2026-08-20T18:00:00+05:30","Asia/Kolkata",16.316553,80.413302,,,,"OpenAQ admin","N/A"
6267806,"Rajendra Nagar North, Guntur - APPCB","co",0.45,"ppb","2026-08-20T12:45:00Z","2026-08-20T18:15:00+05:30","Asia/Kolkata",16.316553,80.413302,,,,"OpenAQ admin","N/A"
6267806,"Rajendra Nagar North, Guntur - APPCB","co",0.51,"ppb","2026-08-20T13:00:00Z","2026-08-20T18:30:00+05:30","Asia/Kolkata",16.316553,80.413302,,,,"OpenAQ admin","N/A"
6267806,"Rajendra Nagar North, Guntur - APPCB","co",0.44,"ppb","2026-08-20T13:15:00Z","2026-08-20T18:45:00+05:30","Asia/Kolkata",16.316553,80.413302,,,,"OpenAQ admin","N/A"
6267806,"Rajendra Nagar North, Guntur - APPCB","co",0.53,"ppb","2026-08-20T13:30:00Z","2026-08-20T19:00:00+05:30","Asia/Kolkata",16.316553,80.413302,,,,"OpenAQ admin","N/A"
6267806,"Rajendra Nagar North, Guntur - APPCB","co",0.57,"ppb","2026-08-20T13:45:00Z","2026-08-20T19:15:00+05:30","Asia/Kolkata",16.316553,80.413302,,,,"OpenAQ admin","N/A"
6267806,"Rajendra Nagar North, Guntur - APPCB","co",1.12,"ppb","2026-08-20T14:15:00Z","2026-08-20T19:45:00+05:30","Asia/Kolkata",16.316553,80.413302,,,,"OpenAQ admin","N/A"
6267806,"Rajendra Nagar North, Guntur - APPCB","co",1.12,"ppb","2026-08-20T14:30:00Z","2026-08-20T20:00:00+05:30","Asia/Kolkata",16.316553,80.413302,,,,"OpenAQ admin","N/A"
6267806,"Rajendra Nagar North, Guntur - APPCB","co",1.15,"ppb","2026-08-20T14:45:00Z","2026-08-20T20:15:00+05:30","Asia/Kolkata",16.316553,80.413302,,,,"OpenAQ admin","N/A"
6267806,"Rajendra Nagar North, Guntur - APPCB","co",0.77,"ppb","2026-08-20T15:00:00Z","2026-08-20T20:30:00+05:30","Asia/Kolkata",16.316553,80.413302,,,,"OpenAQ admin","N/A"
6267806,"Rajendra Nagar North, Guntur - APPCB","co",0.84,"ppb","2026-08-20T15:15:00Z","2026-08-20T20:45:00+05:30","Asia/Kolkata",16.316553,80.413302,,,,"OpenAQ admin","N/A"
6267806,"Rajendra Nagar North, Guntur - APPCB","co",0.75,"ppb","2026-08-20T15:30:00Z","2026-08-20T21:00:00+05:30","Asia/Kolkata",16.316553,80.413302,,,,"OpenAQ admin","N/A"
6267806,"Rajendra Nagar North, Guntur - APPCB","co",0.8,"ppb","2026-08-20T16:15:00Z","2026-08-20T21:45:00+05:30","Asia/Kolkata",16.316553,80.413302,,,,"OpenAQ admin","N/A"
6267806,"Rajendra Nagar North, Guntur - APPCB","co",0.69,"ppb","2026-08-20T16:30:00Z","2026-08-20T22:00:00+05:30","Asia/Kolkata",16.316553,80.413302,,,,"OpenAQ admin","N/A"
6267806,"Rajendra Nagar North, Guntur - APPCB","co",0.61,"ppb","2026-08-20T16:45:00Z","2026-08-20T22:15:00+05:30","Asia/Kolkata",16.316553,80.413302,,,,"OpenAQ admin","N/A"
6267806,"Rajendra Nagar North, Guntur - APPCB","co",0.59,"ppb","2026-08-20T17:00:00Z","2026-08-20T22:30:00+05:30","Asia/Kolkata",16.316553,80.413302,,,,"OpenAQ admin","N/A"
6267806,"Rajendra Nagar North, Guntur - APPCB","co",0.42,"ppb","2026-08-20T17:15:00Z","2026-08-20T22:45:00+05:30","Asia/Kolkata",16.316553,80.413302,,,,"OpenAQ admin","N/A"
6267806,"Rajendra Nagar North, Guntur - APPCB","co",0.5,"ppb","2026-08-20T17:30:00Z","2026-08-20T23:00:00+05:30","Asia/Kolkata",16.316553,80.413302,,,,"OpenAQ admin","N/A"
6267806,"Rajendra Nagar North, Guntur - APPCB","co",0.39,"ppb","2026-08-20T18:15:00Z","2026-08-20T23:45:00+05:30","Asia/Kolkata",16.316553,80.413302,,,,"OpenAQ admin","N/A"
6267806,"Rajendra Nagar North, Guntur - APPCB","co",0.42,"ppb","2026-08-20T19:15:00Z","2026-08-21T00:45:00+05:30","Asia/Kolkata",16.316553,80.413302,,,,"OpenAQ admin","N/A"
6267806,"Rajendra Nagar North, Guntur - APPCB","co",0.4,"ppb","2026-08-20T19:30:00Z","2026-08-21T01:00:00+05:30","Asia/Kolkata",16.316553,80.413302,,,,"OpenAQ admin","N/A"
6267806,"Rajendra Nagar North, Guntur - APPCB","co",0.39,"ppb","2026-08-20T20:15:00Z","2026-08-21T01:45:00+05:30","Asia/Kolkata",16.316553,80.413302,,,,"OpenAQ admin","N/A"
6267806,"Rajendra Nagar North, Guntur - APPCB","co",0.37,"ppb","2026-08-20T20:30:00Z","2026-08-21T02:00:00+05:30","Asia/Kolkata",16.316553,80.413302,,,,"OpenAQ admin","N/A"
6267806,"Rajendra Nagar North, Guntur - APPCB","co",0.37,"ppb","2026-08-20T20:45:00Z","2026-08-21T02:15:00+05:30","Asia/Kolkata",16.316553,80.413302,,,,"OpenAQ admin","N/A"
6267806,"Rajendra Nagar North, Guntur - APPCB","co",0.37,"ppb","2026-08-20T21:00:00Z","2026-08-21T02:30:00+05:30","Asia/Kolkata",16.316553,80.413302,,,,"OpenAQ admin","N/A"
6267806,"Rajendra Nagar North, Guntur - APPCB","co",0.35,"ppb","2026-08-20T21:15:00Z","2026-08-21T02:45:00+05:30","Asia/Kolkata",16.316553,80.413302,,,,"OpenAQ admin","N/A"
6267806,"Rajendra Nagar North, Guntur - APPCB","co",0.38,"ppb","2026-08-20T21:30:00Z","2026-08-21T03:00:00+05:30","Asia/Kolkata",16.316553,80.413302,,,,"OpenAQ admin","N/A"
6267806,"Rajendra Nagar North, Guntur - APPCB","co",0.36,"ppb","2026-08-20T21:45:00Z","2026-08-21T03:15:00+05:30","Asia/Kolkata",16.316553,80.413302,,,,"OpenAQ admin","N/A"
6267806,"Rajendra Nagar North, Guntur - APPCB","co",0.35,"ppb","2026-08-20T22:00:00Z","2026-08-21T03:30:00+05:30","Asia/Kolkata",16.316553,80.413302,,,,"OpenAQ admin","N/A"
6267806,"Rajendra Nagar North, Guntur - APPCB","co",0.34,"ppb","2026-08-20T22:15:00Z","2026-08-21T03:45:00+05:30","Asia/Kolkata",16.316553,80.413302,,,,"OpenAQ admin","N/A"
6267806,"Rajendra Nagar North, Guntur - APPCB","co",0.36,"ppb","2026-08-20T22:30:00Z","2026-08-21T04:00:00+05:30","Asia/Kolkata",16.316553,80.413302,,,,"OpenAQ admin","N/A"
6267806,"Rajendra Nagar North, Guntur - APPCB","no",6.96,"ppb","2026-08-20T00:15:00Z","2026-08-20T05:45:00+05:30","Asia/Kolkata",16.316553,80.413302,,,,"OpenAQ admin","N/A"
6267806,"Rajendra Nagar North, Guntur - APPCB","no",8.71,"ppb","2026-08-20T00:30:00Z","2026-08-20T06:00:00+05:30","Asia/Kolkata",16.316553,80.413302,,,,"OpenAQ admin","N/A"
6267806,"Rajendra Nagar North, Guntur - APPCB","no",11.32,"ppb","2026-08-20T00:45:00Z","2026-08-20T06:15:00+05:30","Asia/Kolkata",16.316553,80.413302,,,,"OpenAQ admin","N/A"
6267806,"Rajendra Nagar North, Guntur - APPCB","no",9.32,"ppb","2026-08-20T01:00:00Z","2026-08-20T06:30:00+05:30","Asia/Kolkata",16.316553,80.413302,,,,"OpenAQ admin","N/A"
6267806,"Rajendra Nagar North, Guntur - APPCB","no",6.46,"ppb","2026-08-20T01:15:00Z","2026-08-20T06:45:00+05:30","Asia/Kolkata",16.316553,80.413302,,,,"OpenAQ admin","N/A"
6267806,"Rajendra Nagar North, Guntur - APPCB","no",6.28,"ppb","2026-08-20T01:30:00Z","2026-08-20T07:00:00+05:30","Asia/Kolkata",16.316553,80.413302,,,,"OpenAQ admin","N/A"
6267806,"Rajendra Nagar North, Guntur - APPCB","no",8.03,"ppb","2026-08-20T01:45:00Z","2026-08-20T07:15:00+05:30","Asia/Kolkata",16.316553,80.413302,,,,"OpenAQ admin","N/A"
6267806,"Rajendra Nagar North, Guntur - APPCB","no",9.69,"ppb","2026-08-20T02:15:00Z","2026-08-20T07:45:00+05:30","Asia/Kolkata",16.316553,80.413302,,,,"OpenAQ admin","N/A"
6267806,"Rajendra Nagar North, Guntur - APPCB","no",7.02,"ppb","2026-08-20T02:30:00Z","2026-08-20T08:00:00+05:30","Asia/Kolkata",16.316553,80.413302,,,,"OpenAQ admin","N/A"
6267806,"Rajendra Nagar North, Guntur - APPCB","no",7.22,"ppb","2026-08-20T02:45:00Z","2026-08-20T08:15:00+05:30","Asia/Kolkata",16.316553,80.413302,,,,"OpenAQ admin","N/A"
6267806,"Rajendra Nagar North, Guntur - APPCB","no",9.48,"ppb","2026-08-20T03:00:00Z","2026-08-20T08:30:00+05:30","Asia/Kolkata",16.316553,80.413302,,,,"OpenAQ admin","N/A"
6267806,"Rajendra Nagar North, Guntur - APPCB","no",7.89,"ppb","2026-08-20T03:15:00Z","2026-08-20T08:45:00+05:30","Asia/Kolkata",16.316553,80.413302,,,,"OpenAQ admin","N/A"
6267806,"Rajendra Nagar North, Guntur - APPCB","no",7.61,"ppb","2026-08-20T03:30:00Z","2026-08-20T09:00:00+05:30","Asia/Kolkata",16.316553,80.413302,,,,"OpenAQ admin","N/A"
6267806,"Rajendra Nagar North, Guntur - APPCB","no",7.36,"ppb","2026-08-20T03:45:00Z","2026-08-20T09:15:00+05:30","Asia/Kolkata",16.316553,80.413302,,,,"OpenAQ admin","N/A"
6267806,"Rajendra Nagar North, Guntur - APPCB","no",10.79,"ppb","2026-08-20T04:15:00Z","2026-08-20T09:45:00+05:30","Asia/Kolkata",16.316553,80.413302,,,,"OpenAQ admin","N/A"
6267806,"Rajendra Nagar North, Guntur - APPCB","no",10.39,"ppb","2026-08-20T05:00:00Z","2026-08-20T10:30:00+05:30","Asia/Kolkata",16.316553,80.413302,,,,"OpenAQ admin","N/A"
6267806,"Rajendra Nagar North, Guntur - APPCB","no",8.36,"ppb","2026-08-20T05:15:00Z","2026-08-20T10:45:00+05:30","Asia/Kolkata",16.316553,80.413302,,,,"OpenAQ admin","N/A"
6267806,"Rajendra Nagar North, Guntur - APPCB","no",10.55,"ppb","2026-08-20T05:30:00Z","2026-08-20T11:00:00+05:30","Asia/Kolkata",16.316553,80.413302,,,,"OpenAQ admin","N/A"
6267806,"Rajendra Nagar North, Guntur - APPCB","no",8.02,"ppb","2026-08-20T05:45:00Z","2026-08-20T11:15:00+05:30","Asia/Kolkata",16.316553,80.413302,,,,"OpenAQ admin","N/A"
6267806,"Rajendra Nagar North, Guntur - APPCB","no",7.67,"ppb","2026-08-20T06:00:00Z","2026-08-20T11:30:00+05:30","Asia/Kolkata",16.316553,80.413302,,,,"OpenAQ admin","N/A"
6267806,"Rajendra Nagar North, Guntur - APPCB","no",7.95,"ppb","2026-08-20T06:15:00Z","2026-08-20T11:45:00+05:30","Asia/Kolkata",16.316553,80.413302,,,,"OpenAQ admin","N/A"
6267806,"Rajendra Nagar North, Guntur - APPCB","no",9.14,"ppb","2026-08-20T06:30:00Z","2026-08-20T12:00:00+05:30","Asia/Kolkata",16.316553,80.413302,,,,"OpenAQ admin","N/A"
6267806,"Rajendra Nagar North, Guntur - APPCB","no",8.08,"ppb","2026-08-20T06:45:00Z","2026-08-20T12:15:00+05:30","Asia/Kolkata",16.316553,80.413302,,,,"OpenAQ admin","N/A"
6267806,"Rajendra Nagar North, Guntur - APPCB","no",8.1,"ppb","2026-08-20T07:00:00Z","2026-08-20T12:30:00+05:30","Asia/Kolkata",16.316553,80.413302,,,,"OpenAQ admin","N/A"
6267806,"Rajendra Nagar North, Guntur - APPCB","no",9,"ppb","2026-08-20T07:15:00Z","2026-08-20T12:45:00+05:30","Asia/Kolkata",16.316553,80.413302,,,,"OpenAQ admin","N/A"
6267806,"Rajendra Nagar North, Guntur - APPCB","no",8.51,"ppb","2026-08-20T07:30:00Z","2026-08-20T13:00:00+05:30","Asia/Kolkata",16.316553,80.413302,,,,"OpenAQ admin","N/A"
6267806,"Rajendra Nagar North, Guntur - APPCB","no",8.48,"ppb","2026-08-20T07:45:00Z","2026-08-20T13:15:00+05:30","Asia/Kolkata",16.316553,80.413302,,,,"OpenAQ admin","N/A"
6267806,"Rajendra Nagar North, Guntur - APPCB","no",8.29,"ppb","2026-08-20T08:15:00Z","2026-08-20T13:45:00+05:30","Asia/Kolkata",16.316553,80.413302,,,,"OpenAQ admin","N/A"
6267806,"Rajendra Nagar North, Guntur - APPCB","no",7.28,"ppb","2026-08-20T08:30:00Z","2026-08-20T14:00:00+05:30","Asia/Kolkata",16.316553,80.413302,,,,"OpenAQ admin","N/A"
6267806,"Rajendra Nagar North, Guntur - APPCB","no",8.12,"ppb","2026-08-20T08:45:00Z","2026-08-20T14:15:00+05:30","Asia/Kolkata",16.316553,80.413302,,,,"OpenAQ admin","N/A"
6267806,"Rajendra Nagar North, Guntur - APPCB","no",6.88,"ppb","2026-08-20T09:00:00Z","2026-08-20T14:30:00+05:30","Asia/Kolkata",16.316553,80.413302,,,,"OpenAQ admin","N/A"
6267806,"Rajendra Nagar North, Guntur - APPCB","no",6.35,"ppb","2026-08-20T09:15:00Z","2026-08-20T14:45:00+05:30","Asia/Kolkata",16.316553,80.413302,,,,"OpenAQ admin","N/A"
6267806,"Rajendra Nagar North, Guntur - APPCB","no",6.25,"ppb","2026-08-20T09:30:00Z","2026-08-20T15:00:00+05:30","Asia/Kolkata",16.316553,80.413302,,,,"OpenAQ admin","N/A"
6267806,"Rajendra Nagar North, Guntur - APPCB","no",7.69,"ppb","2026-08-20T09:45:00Z","2026-08-20T15:15:00+05:30","Asia/Kolkata",16.316553,80.413302,,,,"OpenAQ admin","N/A"
6267806,"Rajendra Nagar North, Guntur - APPCB","no",7.79,"ppb","2026-08-20T10:15:00Z","2026-08-20T15:45:00+05:30","Asia/Kolkata",16.316553,80.413302,,,,"OpenAQ admin","N/A"
6267806,"Rajendra Nagar North, Guntur - APPCB","no",8.03,"ppb","2026-08-20T10:30:00Z","2026-08-20T16:00:00+05:30","Asia/Kolkata",16.316553,80.413302,,,,"OpenAQ admin","N/A"
6267806,"Rajendra Nagar North, Guntur - APPCB","no",9.64,"ppb","2026-08-20T10:45:00Z","2026-08-20T16:15:00+05:30","Asia/Kolkata",16.316553,80.413302,,,,"OpenAQ admin","N/A"
6267806,"Rajendra Nagar North, Guntur - APPCB","no",7.04,"ppb","2026-08-20T11:00:00Z","2026-08-20T16:30:00+05:30","Asia/Kolkata",16.316553,80.413302,,,,"OpenAQ admin","N/A"
6267806,"Rajendra Nagar North, Guntur - APPCB","no",7.28,"ppb","2026-08-20T11:15:00Z","2026-08-20T16:45:00+05:30","Asia/Kolkata",16.316553,80.413302,,,,"OpenAQ admin","N/A"
6267806,"Rajendra Nagar North, Guntur - APPCB","no",6.92,"ppb","2026-08-20T11:30:00Z","2026-08-20T17:00:00+05:30","Asia/Kolkata",16.316553,80.413302,,,,"OpenAQ admin","N/A"
6267806,"Rajendra Nagar North, Guntur - APPCB","no",7.93,"ppb","2026-08-20T11:45:00Z","2026-08-20T17:15:00+05:30","Asia/Kolkata",16.316553,80.413302,,,,"OpenAQ admin","N/A"
6267806,"Rajendra Nagar North, Guntur - APPCB","no",7.01,"ppb","2026-08-20T12:15:00Z","2026-08-20T17:45:00+05:30","Asia/Kolkata",16.316553,80.413302,,,,"OpenAQ admin","N/A"
6267806,"Rajendra Nagar North, Guntur - APPCB","no",7.18,"ppb","2026-08-20T12:30:00Z","2026-08-20T18:00:00+05:30","Asia/Kolkata",16.316553,80.413302,,,,"OpenAQ admin","N/A"
6267806,"Rajendra Nagar North, Guntur - APPCB","no",6.18,"ppb","2026-08-20T12:45:00Z","2026-08-20T18:15:00+05:30","Asia/Kolkata",16.316553,80.413302,,,,"OpenAQ admin","N/A"
6267806,"Rajendra Nagar North, Guntur - APPCB","no",6.81,"ppb","2026-08-20T13:00:00Z","2026-08-20T18:30:00+05:30","Asia/Kolkata",16.316553,80.413302,,,,"OpenAQ admin","N/A"
6267806,"Rajendra Nagar North, Guntur - APPCB","no",7.08,"ppb","2026-08-20T13:15:00Z","2026-08-20T18:45:00+05:30","Asia/Kolkata",16.316553,80.413302,,,,"OpenAQ admin","N/A"
6267806,"Rajendra Nagar North, Guntur - APPCB","no",6.24,"ppb","2026-08-20T13:30:00Z","2026-08-20T19:00:00+05:30","Asia/Kolkata",16.316553,80.413302,,,,"OpenAQ admin","N/A"
6267806,"Rajendra Nagar North, Guntur - APPCB","no",6.51,"ppb","2026-08-20T13:45:00Z","2026-08-20T19:15:00+05:30","Asia/Kolkata",16.316553,80.413302,,,,"OpenAQ admin","N/A"
6267806,"Rajendra Nagar North, Guntur - APPCB","no",19.53,"ppb","2026-08-20T14:15:00Z","2026-08-20T19:45:00+05:30","Asia/Kolkata",16.316553,80.413302,,,,"OpenAQ admin","N/A"
6267806,"Rajendra Nagar North, Guntur - APPCB","no",20.6,"ppb","2026-08-20T14:30:00Z","2026-08-20T20:00:00+05:30","Asia/Kolkata",16.316553,80.413302,,,,"OpenAQ admin","N/A"
6267806,"Rajendra Nagar North, Guntur - APPCB","no",15.64,"ppb","2026-08-20T14:45:00Z","2026-08-20T20:15:00+05:30","Asia/Kolkata",16.316553,80.413302,,,,"OpenAQ admin","N/A"
6267806,"Rajendra Nagar North, Guntur - APPCB","no",9.3,"ppb","2026-08-20T15:00:00Z","2026-08-20T20:30:00+05:30","Asia/Kolkata",16.316553,80.413302,,,,"OpenAQ admin","N/A"
6267806,"Rajendra Nagar North, Guntur - APPCB","no",10.47,"ppb","2026-08-20T15:15:00Z","2026-08-20T20:45:00+05:30","Asia/Kolkata",16.316553,80.413302,,,,"OpenAQ admin","N/A"
6267806,"Rajendra Nagar North, Guntur - APPCB","no",10.18,"ppb","2026-08-20T15:30:00Z","2026-08-20T21:00:00+05:30","Asia/Kolkata",16.316553,80.413302,,,,"OpenAQ admin","N/A"
6267806,"Rajendra Nagar North, Guntur - APPCB","no",11.17,"ppb","2026-08-20T16:15:00Z","2026-08-20T21:45:00+05:30","Asia/Kolkata",16.316553,80.413302,,,,"OpenAQ admin","N/A"
6267806,"Rajendra Nagar North, Guntur - APPCB","no",11.27,"ppb","2026-08-20T16:30:00Z","2026-08-20T22:00:00+05:30","Asia/Kolkata",16.316553,80.413302,,,,"OpenAQ admin","N/A"
6267806,"Rajendra Nagar North, Guntur - APPCB","no",9.61,"ppb","2026-08-20T16:45:00Z","2026-08-20T22:15:00+05:30","Asia/Kolkata",16.316553,80.413302,,,,"OpenAQ admin","N/A"
6267806,"Rajendra Nagar North, Guntur - APPCB","no",8.92,"ppb","2026-08-20T17:00:00Z","2026-08-20T22:30:00+05:30","Asia/Kolkata",16.316553,80.413302,,,,"OpenAQ admin","N/A"
6267806,"Rajendra Nagar North, Guntur - APPCB","no",8.04,"ppb","2026-08-20T17:15:00Z","2026-08-20T22:45:00+05:30","Asia/Kolkata",16.316553,80.413302,,,,"OpenAQ admin","N/A"
6267806,"Rajendra Nagar North, Guntur - APPCB","no",7.38,"ppb","2026-08-20T17:30:00Z","2026-08-20T23:00:00+05:30","Asia/Kolkata",16.316553,80.413302,,,,"OpenAQ admin","N/A"
6267806,"Rajendra Nagar North, Guntur - APPCB","no",6.24,"ppb","2026-08-20T18:15:00Z","2026-08-20T23:45:00+05:30","Asia/Kolkata",16.316553,80.413302,,,,"OpenAQ admin","N/A"
6267806,"Rajendra Nagar North, Guntur - APPCB","no",6.81,"ppb","2026-08-20T19:15:00Z","2026-08-21T00:45:00+05:30","Asia/Kolkata",16.316553,80.413302,,,,"OpenAQ admin","N/A"
6267806,"Rajendra Nagar North, Guntur - APPCB","no",6.4,"ppb","2026-08-20T19:30:00Z","2026-08-21T01:00:00+05:30","Asia/Kolkata",16.316553,80.413302,,,,"OpenAQ admin","N/A"
6267806,"Rajendra Nagar North, Guntur - APPCB","no",6.32,"ppb","2026-08-20T20:15:00Z","2026-08-21T01:45:00+05:30","Asia/Kolkata",16.316553,80.413302,,,,"OpenAQ admin","N/A"
6267806,"Rajendra Nagar North, Guntur - APPCB","no",5.66,"ppb","2026-08-20T20:30:00Z","2026-08-21T02:00:00+05:30","Asia/Kolkata",16.316553,80.413302,,,,"OpenAQ admin","N/A"
6267806,"Rajendra Nagar North, Guntur - APPCB","no",5.61,"ppb","2026-08-20T20:45:00Z","2026-08-21T02:15:00+05:30","Asia/Kolkata",16.316553,80.413302,,,,"OpenAQ admin","N/A"
6267806,"Rajendra Nagar North, Guntur - APPCB","no",5.57,"ppb","2026-08-20T21:00:00Z","2026-08-21T02:30:00+05:30","Asia/Kolkata",16.316553,80.413302,,,,"OpenAQ admin","N/A"
6267806,"Rajendra Nagar North, Guntur - APPCB","no",5.61,"ppb","2026-08-20T21:15:00Z","2026-08-21T02:45:00+05:30","Asia/Kolkata",16.316553,80.413302,,,,"OpenAQ admin","N/A"
6267806,"Rajendra Nagar North, Guntur - APPCB","no",5.65,"ppb","2026-08-20T21:30:00Z","2026-08-21T03:00:00+05:30","Asia/Kolkata",16.316553,80.413302,,,,"OpenAQ admin","N/A"
6267806,"Rajendra Nagar North, Guntur - APPCB","no",5.69,"ppb","2026-08-20T21:45:00Z","2026-08-21T03:15:00+05:30","Asia/Kolkata",16.316553,80.413302,,,,"OpenAQ admin","N/A"
6267806,"Rajendra Nagar North, Guntur - APPCB","no",5.92,"ppb","2026-08-20T22:00:00Z","2026-08-21T03:30:00+05:30","Asia/Kolkata",16.316553,80.413302,,,,"OpenAQ admin","N/A"
6267806,"Rajendra Nagar North, Guntur - APPCB","no",5.66,"ppb","2026-08-20T22:15:00Z","2026-08-21T03:45:00+05:30","Asia/Kolkata",16.316553,80.413302,,,,"OpenAQ admin","N/A"
6267806,"Rajendra Nagar North, Guntur - APPCB","no",6.83,"ppb","2026-08-20T22:30:00Z","2026-08-21T04:00:00+05:30","Asia/Kolkata",16.316553,80.413302,,,,"OpenAQ admin","N/A"
6267806,"Rajendra Nagar North, Guntur - APPCB","no2",18.95,"ppb","2026-08-20T00:15:00Z","2026-08-20T05:45:00+05:30","Asia/Kolkata",16.316553,80.413302,,,,"OpenAQ admin","N/A"
6267806,"Rajendra Nagar North, Guntur - APPCB","no2",22.77,"ppb","2026-08-20T00:30:00Z","2026-08-20T06:00:00+05:30","Asia/Kolkata",16.316553,80.413302,,,,"OpenAQ admin","N/A"
6267806,"Rajendra Nagar North, Guntur - APPCB","no2",22.87,"ppb","2026-08-20T00:45:00Z","2026-08-20T06:15:00+05:30","Asia/Kolkata",16.316553,80.413302,,,,"OpenAQ admin","N/A"
6267806,"Rajendra Nagar North, Guntur - APPCB","no2",24.18,"ppb","2026-08-20T01:00:00Z","2026-08-20T06:30:00+05:30","Asia/Kolkata",16.316553,80.413302,,,,"OpenAQ admin","N/A"
6267806,"Rajendra Nagar North, Guntur - APPCB","no2",19.12,"ppb","2026-08-20T01:15:00Z","2026-08-20T06:45:00+05:30","Asia/Kolkata",16.316553,80.413302,,,,"OpenAQ admin","N/A"
6267806,"Rajendra Nagar North, Guntur - APPCB","no2",18.06,"ppb","2026-08-20T01:30:00Z","2026-08-20T07:00:00+05:30","Asia/Kolkata",16.316553,80.413302,,,,"OpenAQ admin","N/A"
6267806,"Rajendra Nagar North, Guntur - APPCB","no2",28.22,"ppb","2026-08-20T02:15:00Z","2026-08-20T07:45:00+05:30","Asia/Kolkata",16.316553,80.413302,,,,"OpenAQ admin","N/A"
6267806,"Rajendra Nagar North, Guntur - APPCB","no2",21.12,"ppb","2026-08-20T02:30:00Z","2026-08-20T08:00:00+05:30","Asia/Kolkata",16.316553,80.413302,,,,"OpenAQ admin","N/A"
6267806,"Rajendra Nagar North, Guntur - APPCB","no2",23.24,"ppb","2026-08-20T02:45:00Z","2026-08-20T08:15:00+05:30","Asia/Kolkata",16.316553,80.413302,,,,"OpenAQ admin","N/A"
6267806,"Rajendra Nagar North, Guntur - APPCB","no2",22.86,"ppb","2026-08-20T03:00:00Z","2026-08-20T08:30:00+05:30","Asia/Kolkata",16.316553,80.413302,,,,"OpenAQ admin","N/A"
6267806,"Rajendra Nagar North, Guntur - APPCB","no2",24.97,"ppb","2026-08-20T03:15:00Z","2026-08-20T08:45:00+05:30","Asia/Kolkata",16.316553,80.413302,,,,"OpenAQ admin","N/A"
6267806,"Rajendra Nagar North, Guntur - APPCB","no2",20.82,"ppb","2026-08-20T03:30:00Z","2026-08-20T09:00:00+05:30","Asia/Kolkata",16.316553,80.413302,,,,"OpenAQ admin","N/A"
6267806,"Rajendra Nagar North, Guntur - APPCB","no2",21.13,"ppb","2026-08-20T03:45:00Z","2026-08-20T09:15:00+05:30","Asia/Kolkata",16.316553,80.413302,,,,"OpenAQ admin","N/A"
6267806,"Rajendra Nagar North, Guntur - APPCB","no2",24.02,"ppb","2026-08-20T04:15:00Z","2026-08-20T09:45:00+05:30","Asia/Kolkata",16.316553,80.413302,,,,"OpenAQ admin","N/A"
6267806,"Rajendra Nagar North, Guntur - APPCB","no2",23.23,"ppb","2026-08-20T05:00:00Z","2026-08-20T10:30:00+05:30","Asia/Kolkata",16.316553,80.413302,,,,"OpenAQ admin","N/A"
6267806,"Rajendra Nagar North, Guntur - APPCB","no2",21.78,"ppb","2026-08-20T05:15:00Z","2026-08-20T10:45:00+05:30","Asia/Kolkata",16.316553,80.413302,,,,"OpenAQ admin","N/A"
6267806,"Rajendra Nagar North, Guntur - APPCB","no2",23.85,"ppb","2026-08-20T05:30:00Z","2026-08-20T11:00:00+05:30","Asia/Kolkata",16.316553,80.413302,,,,"OpenAQ admin","N/A"
6267806,"Rajendra Nagar North, Guntur - APPCB","no2",20.06,"ppb","2026-08-20T05:45:00Z","2026-08-20T11:15:00+05:30","Asia/Kolkata",16.316553,80.413302,,,,"OpenAQ admin","N/A"
6267806,"Rajendra Nagar North, Guntur - APPCB","no2",21.72,"ppb","2026-08-20T06:00:00Z","2026-08-20T11:30:00+05:30","Asia/Kolkata",16.316553,80.413302,,,,"OpenAQ admin","N/A"
6267806,"Rajendra Nagar North, Guntur - APPCB","no2",23.22,"ppb","2026-08-20T06:15:00Z","2026-08-20T11:45:00+05:30","Asia/Kolkata",16.316553,80.413302,,,,"OpenAQ admin","N/A"
6267806,"Rajendra Nagar North, Guntur - APPCB","no2",24.21,"ppb","2026-08-20T06:30:00Z","2026-08-20T12:00:00+05:30","Asia/Kolkata",16.316553,80.413302,,,,"OpenAQ admin","N/A"
6267806,"Rajendra Nagar North, Guntur - APPCB","no2",22.07,"ppb","2026-08-20T06:45:00Z","2026-08-20T12:15:00+05:30","Asia/Kolkata",16.316553,80.413302,,,,"OpenAQ admin","N/A"
6267806,"Rajendra Nagar North, Guntur - APPCB","no2",23.42,"ppb","2026-08-20T07:00:00Z","2026-08-20T12:30:00+05:30","Asia/Kolkata",16.316553,80.413302,,,,"OpenAQ admin","N/A"
6267806,"Rajendra Nagar North, Guntur - APPCB","no2",28.53,"ppb","2026-08-20T07:15:00Z","2026-08-20T12:45:00+05:30","Asia/Kolkata",16.316553,80.413302,,,,"OpenAQ admin","N/A"
6267806,"Rajendra Nagar North, Guntur - APPCB","no2",25.26,"ppb","2026-08-20T07:30:00Z","2026-08-20T13:00:00+05:30","Asia/Kolkata",16.316553,80.413302,,,,"OpenAQ admin","N/A"
6267806,"Rajendra Nagar North, Guntur - APPCB","no2",25.42,"ppb","2026-08-20T07:45:00Z","2026-08-20T13:15:00+05:30","Asia/Kolkata",16.316553,80.413302,,,,"OpenAQ admin","N/A"
6267806,"Rajendra Nagar North, Guntur - APPCB","no2",23.1,"ppb","2026-08-20T08:15:00Z","2026-08-20T13:45:00+05:30","Asia/Kolkata",16.316553,80.413302,,,,"OpenAQ admin","N/A"
6267806,"Rajendra Nagar North, Guntur - APPCB","no2",21.55,"ppb","2026-08-20T08:30:00Z","2026-08-20T14:00:00+05:30","Asia/Kolkata",16.316553,80.413302,,,,"OpenAQ admin","N/A"
6267806,"Rajendra Nagar North, Guntur - APPCB","no2",23.09,"ppb","2026-08-20T08:45:00Z","2026-08-20T14:15:00+05:30","Asia/Kolkata",16.316553,80.413302,,,,"OpenAQ admin","N/A"
6267806,"Rajendra Nagar North, Guntur - APPCB","no2",19.93,"ppb","2026-08-20T09:00:00Z","2026-08-20T14:30:00+05:30","Asia/Kolkata",16.316553,80.413302,,,,"OpenAQ admin","N/A"
6267806,"Rajendra Nagar North, Guntur - APPCB","no2",17.59,"ppb","2026-08-20T09:15:00Z","2026-08-20T14:45:00+05:30","Asia/Kolkata",16.316553,80.413302,,,,"OpenAQ admin","N/A"
6267806,"Rajendra Nagar North, Guntur - APPCB","no2",16.76,"ppb","2026-08-20T09:30:00Z","2026-08-20T15:00:00+05:30","Asia/Kolkata",16.316553,80.413302,,,,"OpenAQ admin","N/A"
6267806,"Rajendra Nagar North, Guntur - APPCB","no2",21.82,"ppb","2026-08-20T09:45:00Z","2026-08-20T15:15:00+05:30","Asia/Kolkata",16.316553,80.413302,,,,"OpenAQ admin","N/A"
6267806,"Rajendra Nagar North, Guntur - APPCB","no2",26.74,"ppb","2026-08-20T10:15:00Z","2026-08-20T15:45:00+05:30","Asia/Kolkata",16.316553,80.413302,,,,"OpenAQ admin","N/A"
6267806,"Rajendra Nagar North, Guntur - APPCB","no2",30.73,"ppb","2026-08-20T10:30:00Z","2026-08-20T16:00:00+05:30","Asia/Kolkata",16.316553,80.413302,,,,"OpenAQ admin","N/A"
6267806,"Rajendra Nagar North, Guntur - APPCB","no2",27.53,"ppb","2026-08-20T10:45:00Z","2026-08-20T16:15:00+05:30","Asia/Kolkata",16.316553,80.413302,,,,"OpenAQ admin","N/A"
6267806,"Rajendra Nagar North, Guntur - APPCB","no2",26.88,"ppb","2026-08-20T11:00:00Z","2026-08-20T16:30:00+05:30","Asia/Kolkata",16.316553,80.413302,,,,"OpenAQ admin","N/A"
6267806,"Rajendra Nagar North, Guntur - APPCB","no2",26.69,"ppb","2026-08-20T11:15:00Z","2026-08-20T16:45:00+05:30","Asia/Kolkata",16.316553,80.413302,,,,"OpenAQ admin","N/A"
6267806,"Rajendra Nagar North, Guntur - APPCB","no2",27.49,"ppb","2026-08-20T11:30:00Z","2026-08-20T17:00:00+05:30","Asia/Kolkata",16.316553,80.413302,,,,"OpenAQ admin","N/A"
6267806,"Rajendra Nagar North, Guntur - APPCB","no2",32.26,"ppb","2026-08-20T11:45:00Z","2026-08-20T17:15:00+05:30","Asia/Kolkata",16.316553,80.413302,,,,"OpenAQ admin","N/A"
6267806,"Rajendra Nagar North, Guntur - APPCB","no2",35.5,"ppb","2026-08-20T12:15:00Z","2026-08-20T17:45:00+05:30","Asia/Kolkata",16.316553,80.413302,,,,"OpenAQ admin","N/A"
6267806,"Rajendra Nagar North, Guntur - APPCB","no2",34.77,"ppb","2026-08-20T12:30:00Z","2026-08-20T18:00:00+05:30","Asia/Kolkata",16.316553,80.413302,,,,"OpenAQ admin","N/A"
6267806,"Rajendra Nagar North, Guntur - APPCB","no2",30.51,"ppb","2026-08-20T12:45:00Z","2026-08-20T18:15:00+05:30","Asia/Kolkata",16.316553,80.413302,,,,"OpenAQ admin","N/A"
6267806,"Rajendra Nagar North, Guntur - APPCB","no2",30.51,"ppb","2026-08-20T13:00:00Z","2026-08-20T18:30:00+05:30","Asia/Kolkata",16.316553,80.413302,,,,"OpenAQ admin","N/A"
6267806,"Rajendra Nagar North, Guntur - APPCB","no2",26.8,"ppb","2026-08-20T13:15:00Z","2026-08-20T18:45:00+05:30","Asia/Kolkata",16.316553,80.413302,,,,"OpenAQ admin","N/A"
6267806,"Rajendra Nagar North, Guntur - APPCB","no2",28.11,"ppb","2026-08-20T13:30:00Z","2026-08-20T19:00:00+05:30","Asia/Kolkata",16.316553,80.413302,,,,"OpenAQ admin","N/A"
6267806,"Rajendra Nagar North, Guntur - APPCB","no2",31.02,"ppb","2026-08-20T13:45:00Z","2026-08-20T19:15:00+05:30","Asia/Kolkata",16.316553,80.413302,,,,"OpenAQ admin","N/A"
6267806,"Rajendra Nagar North, Guntur - APPCB","no2",47.05,"ppb","2026-08-20T14:15:00Z","2026-08-20T19:45:00+05:30","Asia/Kolkata",16.316553,80.413302,,,,"OpenAQ admin","N/A"
6267806,"Rajendra Nagar North, Guntur - APPCB","no2",53.44,"ppb","2026-08-20T14:30:00Z","2026-08-20T20:00:00+05:30","Asia/Kolkata",16.316553,80.413302,,,,"OpenAQ admin","N/A"
6267806,"Rajendra Nagar North, Guntur - APPCB","no2",48.52,"ppb","2026-08-20T14:45:00Z","2026-08-20T20:15:00+05:30","Asia/Kolkata",16.316553,80.413302,,,,"OpenAQ admin","N/A"
6267806,"Rajendra Nagar North, Guntur - APPCB","no2",35.63,"ppb","2026-08-20T15:00:00Z","2026-08-20T20:30:00+05:30","Asia/Kolkata",16.316553,80.413302,,,,"OpenAQ admin","N/A"
6267806,"Rajendra Nagar North, Guntur - APPCB","no2",38.31,"ppb","2026-08-20T15:15:00Z","2026-08-20T20:45:00+05:30","Asia/Kolkata",16.316553,80.413302,,,,"OpenAQ admin","N/A"
6267806,"Rajendra Nagar North, Guntur - APPCB","no2",36.96,"ppb","2026-08-20T15:30:00Z","2026-08-20T21:00:00+05:30","Asia/Kolkata",16.316553,80.413302,,,,"OpenAQ admin","N/A"
6267806,"Rajendra Nagar North, Guntur - APPCB","no2",40.47,"ppb","2026-08-20T16:15:00Z","2026-08-20T21:45:00+05:30","Asia/Kolkata",16.316553,80.413302,,,,"OpenAQ admin","N/A"
6267806,"Rajendra Nagar North, Guntur - APPCB","no2",35.73,"ppb","2026-08-20T16:30:00Z","2026-08-20T22:00:00+05:30","Asia/Kolkata",16.316553,80.413302,,,,"OpenAQ admin","N/A"
6267806,"Rajendra Nagar North, Guntur - APPCB","no2",35.07,"ppb","2026-08-20T16:45:00Z","2026-08-20T22:15:00+05:30","Asia/Kolkata",16.316553,80.413302,,,,"OpenAQ admin","N/A"
6267806,"Rajendra Nagar North, Guntur - APPCB","no2",31.08,"ppb","2026-08-20T17:00:00Z","2026-08-20T22:30:00+05:30","Asia/Kolkata",16.316553,80.413302,,,,"OpenAQ admin","N/A"
6267806,"Rajendra Nagar North, Guntur - APPCB","no2",27.74,"ppb","2026-08-20T17:15:00Z","2026-08-20T22:45:00+05:30","Asia/Kolkata",16.316553,80.413302,,,,"OpenAQ admin","N/A"
6267806,"Rajendra Nagar North, Guntur - APPCB","no2",26.53,"ppb","2026-08-20T17:30:00Z","2026-08-20T23:00:00+05:30","Asia/Kolkata",16.316553,80.413302,,,,"OpenAQ admin","N/A"
6267806,"Rajendra Nagar North, Guntur - APPCB","no2",21.89,"ppb","2026-08-20T18:15:00Z","2026-08-20T23:45:00+05:30","Asia/Kolkata",16.316553,80.413302,,,,"OpenAQ admin","N/A"
6267806,"Rajendra Nagar North, Guntur - APPCB","no2",18.9,"ppb","2026-08-20T19:15:00Z","2026-08-21T00:45:00+05:30","Asia/Kolkata",16.316553,80.413302,,,,"OpenAQ admin","N/A"
6267806,"Rajendra Nagar North, Guntur - APPCB","no2",17.72,"ppb","2026-08-20T19:30:00Z","2026-08-21T01:00:00+05:30","Asia/Kolkata",16.316553,80.413302,,,,"OpenAQ admin","N/A"
6267806,"Rajendra Nagar North, Guntur - APPCB","no2",18.3,"ppb","2026-08-20T20:15:00Z","2026-08-21T01:45:00+05:30","Asia/Kolkata",16.316553,80.413302,,,,"OpenAQ admin","N/A"
6267806,"Rajendra Nagar North, Guntur - APPCB","no2",15.33,"ppb","2026-08-20T20:30:00Z","2026-08-21T02:00:00+05:30","Asia/Kolkata",16.316553,80.413302,,,,"OpenAQ admin","N/A"
6267806,"Rajendra Nagar North, Guntur - APPCB","no2",15.13,"ppb","2026-08-20T20:45:00Z","2026-08-21T02:15:00+05:30","Asia/Kolkata",16.316553,80.413302,,,,"OpenAQ admin","N/A"
6267806,"Rajendra Nagar North, Guntur - APPCB","no2",14.82,"ppb","2026-08-20T21:00:00Z","2026-08-21T02:30:00+05:30","Asia/Kolkata",16.316553,80.413302,,,,"OpenAQ admin","N/A"
6267806,"Rajendra Nagar North, Guntur - APPCB","no2",15.26,"ppb","2026-08-20T21:15:00Z","2026-08-21T02:45:00+05:30","Asia/Kolkata",16.316553,80.413302,,,,"OpenAQ admin","N/A"
6267806,"Rajendra Nagar North, Guntur - APPCB","no2",15.56,"ppb","2026-08-20T21:30:00Z","2026-08-21T03:00:00+05:30","Asia/Kolkata",16.316553,80.413302,,,,"OpenAQ admin","N/A"
6267806,"Rajendra Nagar North, Guntur - APPCB","no2",20.06,"ppb","2026-08-20T21:45:00Z","2026-08-21T03:15:00+05:30","Asia/Kolkata",16.316553,80.413302,,,,"OpenAQ admin","N/A"
6267806,"Rajendra Nagar North, Guntur - APPCB","no2",21.11,"ppb","2026-08-20T22:00:00Z","2026-08-21T03:30:00+05:30","Asia/Kolkata",16.316553,80.413302,,,,"OpenAQ admin","N/A"
6267806,"Rajendra Nagar North, Guntur - APPCB","no2",15.52,"ppb","2026-08-20T22:15:00Z","2026-08-21T03:45:00+05:30","Asia/Kolkata",16.316553,80.413302,,,,"OpenAQ admin","N/A"
6267806,"Rajendra Nagar North, Guntur - APPCB","no2",15.82,"ppb","2026-08-20T22:30:00Z","2026-08-21T04:00:00+05:30","Asia/Kolkata",16.316553,80.413302,,,,"OpenAQ admin","N/A"
6267806,"Rajendra Nagar North, Guntur - APPCB","nox",0.0156,"ppb","2026-08-20T00:15:00Z","2026-08-20T05:45:00+05:30","Asia/Kolkata",16.316553,80.413302,,,,"OpenAQ admin","N/A"
6267806,"Rajendra Nagar North, Guntur - APPCB","nox",0.019,"ppb","2026-08-20T00:30:00Z","2026-08-20T06:00:00+05:30","Asia/Kolkata",16.316553,80.413302,,,,"OpenAQ admin","N/A"
6267806,"Rajendra Nagar North, Guntur - APPCB","nox",0.02115,"ppb","2026-08-20T00:45:00Z","2026-08-20T06:15:00+05:30","Asia/Kolkata",16.316553,80.413302,,,,"OpenAQ admin","N/A"
6267806,"Rajendra Nagar North, Guntur - APPCB","nox",0.02023,"ppb","2026-08-20T01:00:00Z","2026-08-20T06:30:00+05:30","Asia/Kolkata",16.316553,80.413302,,,,"OpenAQ admin","N/A"
6267806,"Rajendra Nagar North, Guntur - APPCB","nox",0.01529,"ppb","2026-08-20T01:15:00Z","2026-08-20T06:45:00+05:30","Asia/Kolkata",16.316553,80.413302,,,,"OpenAQ admin","N/A"
6267806,"Rajendra Nagar North, Guntur - APPCB","nox",0.01459,"ppb","2026-08-20T01:30:00Z","2026-08-20T07:00:00+05:30","Asia/Kolkata",16.316553,80.413302,,,,"OpenAQ admin","N/A"
6267806,"Rajendra Nagar North, Guntur - APPCB","nox",0.01912,"ppb","2026-08-20T01:45:00Z","2026-08-20T07:15:00+05:30","Asia/Kolkata",16.316553,80.413302,,,,"OpenAQ admin","N/A"
6267806,"Rajendra Nagar North, Guntur - APPCB","nox",0.02708,"ppb","2026-08-20T02:00:00Z","2026-08-20T07:30:00+05:30","Asia/Kolkata",16.316553,80.413302,,,,"OpenAQ admin","N/A"
6267806,"Rajendra Nagar North, Guntur - APPCB","nox",0.022629999999999997,"ppb","2026-08-20T02:15:00Z","2026-08-20T07:45:00+05:30","Asia/Kolkata",16.316553,80.413302,,,,"OpenAQ admin","N/A"
6267806,"Rajendra Nagar North, Guntur - APPCB","nox",0.01678,"ppb","2026-08-20T02:30:00Z","2026-08-20T08:00:00+05:30","Asia/Kolkata",16.316553,80.413302,,,,"OpenAQ admin","N/A"
6267806,"Rajendra Nagar North, Guntur - APPCB","nox",0.01805,"ppb","2026-08-20T02:45:00Z","2026-08-20T08:15:00+05:30","Asia/Kolkata",16.316553,80.413302,,,,"OpenAQ admin","N/A"
6267806,"Rajendra Nagar North, Guntur - APPCB","nox",0.01966,"ppb","2026-08-20T03:00:00Z","2026-08-20T08:30:00+05:30","Asia/Kolkata",16.316553,80.413302,,,,"OpenAQ admin","N/A"
6267806,"Rajendra Nagar North, Guntur - APPCB","nox",0.019489999999999997,"ppb","2026-08-20T03:15:00Z","2026-08-20T08:45:00+05:30","Asia/Kolkata",16.316553,80.413302,,,,"OpenAQ admin","N/A"
6267806,"Rajendra Nagar North, Guntur - APPCB","nox",0.0171,"ppb","2026-08-20T03:30:00Z","2026-08-20T09:00:00+05:30","Asia/Kolkata",16.316553,80.413302,,,,"OpenAQ admin","N/A"
6267806,"Rajendra Nagar North, Guntur - APPCB","nox",0.01706,"ppb","2026-08-20T03:45:00Z","2026-08-20T09:15:00+05:30","Asia/Kolkata",16.316553,80.413302,,,,"OpenAQ admin","N/A"
6267806,"Rajendra Nagar North, Guntur - APPCB","nox",0.02043,"ppb","2026-08-20T04:00:00Z","2026-08-20T09:30:00+05:30","Asia/Kolkata",16.316553,80.413302,,,,"OpenAQ admin","N/A"
6267806,"Rajendra Nagar North, Guntur - APPCB","nox",0.02132,"ppb","2026-08-20T04:15:00Z","2026-08-20T09:45:00+05:30","Asia/Kolkata",16.316553,80.413302,,,,"OpenAQ admin","N/A"
6267806,"Rajendra Nagar North, Guntur - APPCB","nox",0.02158,"ppb","2026-08-20T04:30:00Z","2026-08-20T10:00:00+05:30","Asia/Kolkata",16.316553,80.413302,,,,"OpenAQ admin","N/A"
6267806,"Rajendra Nagar North, Guntur - APPCB","nox",0.01751,"ppb","2026-08-20T04:45:00Z","2026-08-20T10:15:00+05:30","Asia/Kolkata",16.316553,80.413302,,,,"OpenAQ admin","N/A"
6267806,"Rajendra Nagar North, Guntur - APPCB","nox",0.02059,"ppb","2026-08-20T05:00:00Z","2026-08-20T10:30:00+05:30","Asia/Kolkata",16.316553,80.413302,,,,"OpenAQ admin","N/A"
6267806,"Rajendra Nagar North, Guntur - APPCB","nox",0.0182,"ppb","2026-08-20T05:15:00Z","2026-08-20T10:45:00+05:30","Asia/Kolkata",16.316553,80.413302,,,,"OpenAQ admin","N/A"
6267806,"Rajendra Nagar North, Guntur - APPCB","nox",0.02104,"ppb","2026-08-20T05:30:00Z","2026-08-20T11:00:00+05:30","Asia/Kolkata",16.316553,80.413302,,,,"OpenAQ admin","N/A"
6267806,"Rajendra Nagar North, Guntur - APPCB","nox",0.01703,"ppb","2026-08-20T05:45:00Z","2026-08-20T11:15:00+05:30","Asia/Kolkata",16.316553,80.413302,,,,"OpenAQ admin","N/A"
6267806,"Rajendra Nagar North, Guntur - APPCB","nox",0.01729,"ppb","2026-08-20T06:00:00Z","2026-08-20T11:30:00+05:30","Asia/Kolkata",16.316553,80.413302,,,,"OpenAQ admin","N/A"
6267806,"Rajendra Nagar North, Guntur - APPCB","nox",0.01863,"ppb","2026-08-20T06:15:00Z","2026-08-20T11:45:00+05:30","Asia/Kolkata",16.316553,80.413302,,,,"OpenAQ admin","N/A"
6267806,"Rajendra Nagar North, Guntur - APPCB","nox",0.0201,"ppb","2026-08-20T06:30:00Z","2026-08-20T12:00:00+05:30","Asia/Kolkata",16.316553,80.413302,,,,"OpenAQ admin","N/A"
6267806,"Rajendra Nagar North, Guntur - APPCB","nox",0.01813,"ppb","2026-08-20T06:45:00Z","2026-08-20T12:15:00+05:30","Asia/Kolkata",16.316553,80.413302,,,,"OpenAQ admin","N/A"
6267806,"Rajendra Nagar North, Guntur - APPCB","nox",0.018850000000000002,"ppb","2026-08-20T07:00:00Z","2026-08-20T12:30:00+05:30","Asia/Kolkata",16.316553,80.413302,,,,"OpenAQ admin","N/A"
6267806,"Rajendra Nagar North, Guntur - APPCB","nox",0.02224,"ppb","2026-08-20T07:15:00Z","2026-08-20T12:45:00+05:30","Asia/Kolkata",16.316553,80.413302,,,,"OpenAQ admin","N/A"
6267806,"Rajendra Nagar North, Guntur - APPCB","nox",0.02014,"ppb","2026-08-20T07:30:00Z","2026-08-20T13:00:00+05:30","Asia/Kolkata",16.316553,80.413302,,,,"OpenAQ admin","N/A"
6267806,"Rajendra Nagar North, Guntur - APPCB","nox",0.0202,"ppb","2026-08-20T07:45:00Z","2026-08-20T13:15:00+05:30","Asia/Kolkata",16.316553,80.413302,,,,"OpenAQ admin","N/A"
6267806,"Rajendra Nagar North, Guntur - APPCB","nox",0.01883,"ppb","2026-08-20T08:15:00Z","2026-08-20T13:45:00+05:30","Asia/Kolkata",16.316553,80.413302,,,,"OpenAQ admin","N/A"
6267806,"Rajendra Nagar North, Guntur - APPCB","nox",0.01722,"ppb","2026-08-20T08:30:00Z","2026-08-20T14:00:00+05:30","Asia/Kolkata",16.316553,80.413302,,,,"OpenAQ admin","N/A"
6267806,"Rajendra Nagar North, Guntur - APPCB","nox",0.018690000000000002,"ppb","2026-08-20T08:45:00Z","2026-08-20T14:15:00+05:30","Asia/Kolkata",16.316553,80.413302,,,,"OpenAQ admin","N/A"
6267806,"Rajendra Nagar North, Guntur - APPCB","nox",0.01604,"ppb","2026-08-20T09:00:00Z","2026-08-20T14:30:00+05:30","Asia/Kolkata",16.316553,80.413302,,,,"OpenAQ admin","N/A"
6267806,"Rajendra Nagar North, Guntur - APPCB","nox",0.0144,"ppb","2026-08-20T09:15:00Z","2026-08-20T14:45:00+05:30","Asia/Kolkata",16.316553,80.413302,,,,"OpenAQ admin","N/A"
6267806,"Rajendra Nagar North, Guntur - APPCB","nox",0.013890000000000001,"ppb","2026-08-20T09:30:00Z","2026-08-20T15:00:00+05:30","Asia/Kolkata",16.316553,80.413302,,,,"OpenAQ admin","N/A"
6267806,"Rajendra Nagar North, Guntur - APPCB","nox",0.01768,"ppb","2026-08-20T09:45:00Z","2026-08-20T15:15:00+05:30","Asia/Kolkata",16.316553,80.413302,,,,"OpenAQ admin","N/A"
6267806,"Rajendra Nagar North, Guntur - APPCB","nox",0.02034,"ppb","2026-08-20T10:15:00Z","2026-08-20T15:45:00+05:30","Asia/Kolkata",16.316553,80.413302,,,,"OpenAQ admin","N/A"
6267806,"Rajendra Nagar North, Guntur - APPCB","nox",0.022609999999999998,"ppb","2026-08-20T10:30:00Z","2026-08-20T16:00:00+05:30","Asia/Kolkata",16.316553,80.413302,,,,"OpenAQ admin","N/A"
6267806,"Rajendra Nagar North, Guntur - APPCB","nox",0.02224,"ppb","2026-08-20T10:45:00Z","2026-08-20T16:15:00+05:30","Asia/Kolkata",16.316553,80.413302,,,,"OpenAQ admin","N/A"
6267806,"Rajendra Nagar North, Guntur - APPCB","nox",0.019809999999999998,"ppb","2026-08-20T11:00:00Z","2026-08-20T16:30:00+05:30","Asia/Kolkata",16.316553,80.413302,,,,"OpenAQ admin","N/A"
6267806,"Rajendra Nagar North, Guntur - APPCB","nox",0.019899999999999998,"ppb","2026-08-20T11:15:00Z","2026-08-20T16:45:00+05:30","Asia/Kolkata",16.316553,80.413302,,,,"OpenAQ admin","N/A"
6267806,"Rajendra Nagar North, Guntur - APPCB","nox",0.020030000000000003,"ppb","2026-08-20T11:30:00Z","2026-08-20T17:00:00+05:30","Asia/Kolkata",16.316553,80.413302,,,,"OpenAQ admin","N/A"
6267806,"Rajendra Nagar North, Guntur - APPCB","nox",0.023329999999999997,"ppb","2026-08-20T11:45:00Z","2026-08-20T17:15:00+05:30","Asia/Kolkata",16.316553,80.413302,,,,"OpenAQ admin","N/A"
6267806,"Rajendra Nagar North, Guntur - APPCB","nox",0.02429,"ppb","2026-08-20T12:15:00Z","2026-08-20T17:45:00+05:30","Asia/Kolkata",16.316553,80.413302,,,,"OpenAQ admin","N/A"
6267806,"Rajendra Nagar North, Guntur - APPCB","nox",0.024050000000000002,"ppb","2026-08-20T12:30:00Z","2026-08-20T18:00:00+05:30","Asia/Kolkata",16.316553,80.413302,,,,"OpenAQ admin","N/A"
6267806,"Rajendra Nagar North, Guntur - APPCB","nox",0.02102,"ppb","2026-08-20T12:45:00Z","2026-08-20T18:15:00+05:30","Asia/Kolkata",16.316553,80.413302,,,,"OpenAQ admin","N/A"
6267806,"Rajendra Nagar North, Guntur - APPCB","nox",0.02152,"ppb","2026-08-20T13:00:00Z","2026-08-20T18:30:00+05:30","Asia/Kolkata",16.316553,80.413302,,,,"OpenAQ admin","N/A"
6267806,"Rajendra Nagar North, Guntur - APPCB","nox",0.0198,"ppb","2026-08-20T13:15:00Z","2026-08-20T18:45:00+05:30","Asia/Kolkata",16.316553,80.413302,,,,"OpenAQ admin","N/A"
6267806,"Rajendra Nagar North, Guntur - APPCB","nox",0.019809999999999998,"ppb","2026-08-20T13:30:00Z","2026-08-20T19:00:00+05:30","Asia/Kolkata",16.316553,80.413302,,,,"OpenAQ admin","N/A"
6267806,"Rajendra Nagar North, Guntur - APPCB","nox",0.02155,"ppb","2026-08-20T13:45:00Z","2026-08-20T19:15:00+05:30","Asia/Kolkata",16.316553,80.413302,,,,"OpenAQ admin","N/A"
6267806,"Rajendra Nagar North, Guntur - APPCB","nox",0.040369999999999996,"ppb","2026-08-20T14:15:00Z","2026-08-20T19:45:00+05:30","Asia/Kolkata",16.316553,80.413302,,,,"OpenAQ admin","N/A"
6267806,"Rajendra Nagar North, Guntur - APPCB","nox",0.04456,"ppb","2026-08-20T14:30:00Z","2026-08-20T20:00:00+05:30","Asia/Kolkata",16.316553,80.413302,,,,"OpenAQ admin","N/A"
6267806,"Rajendra Nagar North, Guntur - APPCB","nox",0.038009999999999995,"ppb","2026-08-20T14:45:00Z","2026-08-20T20:15:00+05:30","Asia/Kolkata",16.316553,80.413302,,,,"OpenAQ admin","N/A"
6267806,"Rajendra Nagar North, Guntur - APPCB","nox",0.02619,"ppb","2026-08-20T15:00:00Z","2026-08-20T20:30:00+05:30","Asia/Kolkata",16.316553,80.413302,,,,"OpenAQ admin","N/A"
6267806,"Rajendra Nagar North, Guntur - APPCB","nox",0.02853,"ppb","2026-08-20T15:15:00Z","2026-08-20T20:45:00+05:30","Asia/Kolkata",16.316553,80.413302,,,,"OpenAQ admin","N/A"
6267806,"Rajendra Nagar North, Guntur - APPCB","nox",0.02759,"ppb","2026-08-20T15:30:00Z","2026-08-20T21:00:00+05:30","Asia/Kolkata",16.316553,80.413302,,,,"OpenAQ admin","N/A"
6267806,"Rajendra Nagar North, Guntur - APPCB","nox",0.03022,"ppb","2026-08-20T16:15:00Z","2026-08-20T21:45:00+05:30","Asia/Kolkata",16.316553,80.413302,,,,"OpenAQ admin","N/A"
6267806,"Rajendra Nagar North, Guntur - APPCB","nox",0.027829999999999997,"ppb","2026-08-20T16:30:00Z","2026-08-20T22:00:00+05:30","Asia/Kolkata",16.316553,80.413302,,,,"OpenAQ admin","N/A"
6267806,"Rajendra Nagar North, Guntur - APPCB","nox",0.02615,"ppb","2026-08-20T16:45:00Z","2026-08-20T22:15:00+05:30","Asia/Kolkata",16.316553,80.413302,,,,"OpenAQ admin","N/A"
6267806,"Rajendra Nagar North, Guntur - APPCB","nox",0.023510000000000003,"ppb","2026-08-20T17:00:00Z","2026-08-20T22:30:00+05:30","Asia/Kolkata",16.316553,80.413302,,,,"OpenAQ admin","N/A"
6267806,"Rajendra Nagar North, Guntur - APPCB","nox",0.02106,"ppb","2026-08-20T17:15:00Z","2026-08-20T22:45:00+05:30","Asia/Kolkata",16.316553,80.413302,,,,"OpenAQ admin","N/A"
6267806,"Rajendra Nagar North, Guntur - APPCB","nox",0.019899999999999998,"ppb","2026-08-20T17:30:00Z","2026-08-20T23:00:00+05:30","Asia/Kolkata",16.316553,80.413302,,,,"OpenAQ admin","N/A"
6267806,"Rajendra Nagar North, Guntur - APPCB","nox",0.01656,"ppb","2026-08-20T18:15:00Z","2026-08-20T23:45:00+05:30","Asia/Kolkata",16.316553,80.413302,,,,"OpenAQ admin","N/A"
6267806,"Rajendra Nagar North, Guntur - APPCB","nox",0.015460000000000002,"ppb","2026-08-20T19:15:00Z","2026-08-21T00:45:00+05:30","Asia/Kolkata",16.316553,80.413302,,,,"OpenAQ admin","N/A"
6267806,"Rajendra Nagar North, Guntur - APPCB","nox",0.01451,"ppb","2026-08-20T19:30:00Z","2026-08-21T01:00:00+05:30","Asia/Kolkata",16.316553,80.413302,,,,"OpenAQ admin","N/A"
6267806,"Rajendra Nagar North, Guntur - APPCB","nox",0.01475,"ppb","2026-08-20T20:15:00Z","2026-08-21T01:45:00+05:30","Asia/Kolkata",16.316553,80.413302,,,,"OpenAQ admin","N/A"
6267806,"Rajendra Nagar North, Guntur - APPCB","nox",0.01267,"ppb","2026-08-20T20:30:00Z","2026-08-21T02:00:00+05:30","Asia/Kolkata",16.316553,80.413302,,,,"OpenAQ admin","N/A"
6267806,"Rajendra Nagar North, Guntur - APPCB","nox",0.01252,"ppb","2026-08-20T20:45:00Z","2026-08-21T02:15:00+05:30","Asia/Kolkata",16.316553,80.413302,,,,"OpenAQ admin","N/A"
6267806,"Rajendra Nagar North, Guntur - APPCB","nox",0.01233,"ppb","2026-08-20T21:00:00Z","2026-08-21T02:30:00+05:30","Asia/Kolkata",16.316553,80.413302,,,,"OpenAQ admin","N/A"
6267806,"Rajendra Nagar North, Guntur - APPCB","nox",0.01259,"ppb","2026-08-20T21:15:00Z","2026-08-21T02:45:00+05:30","Asia/Kolkata",16.316553,80.413302,,,,"OpenAQ admin","N/A"
6267806,"Rajendra Nagar North, Guntur - APPCB","nox",0.01278,"ppb","2026-08-20T21:30:00Z","2026-08-21T03:00:00+05:30","Asia/Kolkata",16.316553,80.413302,,,,"OpenAQ admin","N/A"
6267806,"Rajendra Nagar North, Guntur - APPCB","nox",0.01516,"ppb","2026-08-20T21:45:00Z","2026-08-21T03:15:00+05:30","Asia/Kolkata",16.316553,80.413302,,,,"OpenAQ admin","N/A"
6267806,"Rajendra Nagar North, Guntur - APPCB","nox",0.0159,"ppb","2026-08-20T22:00:00Z","2026-08-21T03:30:00+05:30","Asia/Kolkata",16.316553,80.413302,,,,"OpenAQ admin","N/A"
6267806,"Rajendra Nagar North, Guntur - APPCB","nox",0.01277,"ppb","2026-08-20T22:15:00Z","2026-08-21T03:45:00+05:30","Asia/Kolkata",16.316553,80.413302,,,,"OpenAQ admin","N/A"
6267806,"Rajendra Nagar North, Guntur - APPCB","nox",0.013869999999999999,"ppb","2026-08-20T22:30:00Z","2026-08-21T04:00:00+05:30","Asia/Kolkata",16.316553,80.413302,,,,"OpenAQ admin","N/A"
6267806,"Rajendra Nagar North, Guntur - APPCB","o3",16.45,"µg/m³","2026-08-20T00:15:00Z","2026-08-20T05:45:00+05:30","Asia/Kolkata",16.316553,80.413302,,,,"OpenAQ admin","N/A"
6267806,"Rajendra Nagar North, Guntur - APPCB","o3",16.41,"µg/m³","2026-08-20T00:30:00Z","2026-08-20T06:00:00+05:30","Asia/Kolkata",16.316553,80.413302,,,,"OpenAQ admin","N/A"
6267806,"Rajendra Nagar North, Guntur - APPCB","o3",16.47,"µg/m³","2026-08-20T00:45:00Z","2026-08-20T06:15:00+05:30","Asia/Kolkata",16.316553,80.413302,,,,"OpenAQ admin","N/A"
6267806,"Rajendra Nagar North, Guntur - APPCB","o3",16.41,"µg/m³","2026-08-20T01:00:00Z","2026-08-20T06:30:00+05:30","Asia/Kolkata",16.316553,80.413302,,,,"OpenAQ admin","N/A"
6267806,"Rajendra Nagar North, Guntur - APPCB","o3",16.41,"µg/m³","2026-08-20T01:15:00Z","2026-08-20T06:45:00+05:30","Asia/Kolkata",16.316553,80.413302,,,,"OpenAQ admin","N/A"
6267806,"Rajendra Nagar North, Guntur - APPCB","o3",16.49,"µg/m³","2026-08-20T01:30:00Z","2026-08-20T07:00:00+05:30","Asia/Kolkata",16.316553,80.413302,,,,"OpenAQ admin","N/A"
6267806,"Rajendra Nagar North, Guntur - APPCB","o3",16.54,"µg/m³","2026-08-20T01:45:00Z","2026-08-20T07:15:00+05:30","Asia/Kolkata",16.316553,80.413302,,,,"OpenAQ admin","N/A"
6267806,"Rajendra Nagar North, Guntur - APPCB","o3",16.57,"µg/m³","2026-08-20T02:15:00Z","2026-08-20T07:45:00+05:30","Asia/Kolkata",16.316553,80.413302,,,,"OpenAQ admin","N/A"
6267806,"Rajendra Nagar North, Guntur - APPCB","o3",16.58,"µg/m³","2026-08-20T02:30:00Z","2026-08-20T08:00:00+05:30","Asia/Kolkata",16.316553,80.413302,,,,"OpenAQ admin","N/A"
6267806,"Rajendra Nagar North, Guntur - APPCB","o3",16.51,"µg/m³","2026-08-20T02:45:00Z","2026-08-20T08:15:00+05:30","Asia/Kolkata",16.316553,80.413302,,,,"OpenAQ admin","N/A"
6267806,"Rajendra Nagar North, Guntur - APPCB","o3",16.61,"µg/m³","2026-08-20T03:00:00Z","2026-08-20T08:30:00+05:30","Asia/Kolkata",16.316553,80.413302,,,,"OpenAQ admin","N/A"
6267806,"Rajendra Nagar North, Guntur - APPCB","o3",16.55,"µg/m³","2026-08-20T03:15:00Z","2026-08-20T08:45:00+05:30","Asia/Kolkata",16.316553,80.413302,,,,"OpenAQ admin","N/A"
6267806,"Rajendra Nagar North, Guntur - APPCB","o3",16.51,"µg/m³","2026-08-20T03:30:00Z","2026-08-20T09:00:00+05:30","Asia/Kolkata",16.316553,80.413302,,,,"OpenAQ admin","N/A"
6267806,"Rajendra Nagar North, Guntur - APPCB","o3",16.56,"µg/m³","2026-08-20T03:45:00Z","2026-08-20T09:15:00+05:30","Asia/Kolkata",16.316553,80.413302,,,,"OpenAQ admin","N/A"
6267806,"Rajendra Nagar North, Guntur - APPCB","o3",16.49,"µg/m³","2026-08-20T04:15:00Z","2026-08-20T09:45:00+05:30","Asia/Kolkata",16.316553,80.413302,,,,"OpenAQ admin","N/A"
6267806,"Rajendra Nagar North, Guntur - APPCB","o3",28.76,"µg/m³","2026-08-20T05:00:00Z","2026-08-20T10:30:00+05:30","Asia/Kolkata",16.316553,80.413302,,,,"OpenAQ admin","N/A"
6267806,"Rajendra Nagar North, Guntur - APPCB","o3",28.83,"µg/m³","2026-08-20T05:15:00Z","2026-08-20T10:45:00+05:30","Asia/Kolkata",16.316553,80.413302,,,,"OpenAQ admin","N/A"
6267806,"Rajendra Nagar North, Guntur - APPCB","o3",28.9,"µg/m³","2026-08-20T05:30:00Z","2026-08-20T11:00:00+05:30","Asia/Kolkata",16.316553,80.413302,,,,"OpenAQ admin","N/A"
6267806,"Rajendra Nagar North, Guntur - APPCB","o3",28.92,"µg/m³","2026-08-20T05:45:00Z","2026-08-20T11:15:00+05:30","Asia/Kolkata",16.316553,80.413302,,,,"OpenAQ admin","N/A"
6267806,"Rajendra Nagar North, Guntur - APPCB","o3",29.01,"µg/m³","2026-08-20T06:00:00Z","2026-08-20T11:30:00+05:30","Asia/Kolkata",16.316553,80.413302,,,,"OpenAQ admin","N/A"
6267806,"Rajendra Nagar North, Guntur - APPCB","o3",28.94,"µg/m³","2026-08-20T06:15:00Z","2026-08-20T11:45:00+05:30","Asia/Kolkata",16.316553,80.413302,,,,"OpenAQ admin","N/A"
6267806,"Rajendra Nagar North, Guntur - APPCB","o3",39.16,"µg/m³","2026-08-20T06:30:00Z","2026-08-20T12:00:00+05:30","Asia/Kolkata",16.316553,80.413302,,,,"OpenAQ admin","N/A"
6267806,"Rajendra Nagar North, Guntur - APPCB","o3",41.8,"µg/m³","2026-08-20T06:45:00Z","2026-08-20T12:15:00+05:30","Asia/Kolkata",16.316553,80.413302,,,,"OpenAQ admin","N/A"
6267806,"Rajendra Nagar North, Guntur - APPCB","o3",42.84,"µg/m³","2026-08-20T07:00:00Z","2026-08-20T12:30:00+05:30","Asia/Kolkata",16.316553,80.413302,,,,"OpenAQ admin","N/A"
6267806,"Rajendra Nagar North, Guntur - APPCB","o3",44.77,"µg/m³","2026-08-20T07:15:00Z","2026-08-20T12:45:00+05:30","Asia/Kolkata",16.316553,80.413302,,,,"OpenAQ admin","N/A"
6267806,"Rajendra Nagar North, Guntur - APPCB","o3",44.94,"µg/m³","2026-08-20T07:30:00Z","2026-08-20T13:00:00+05:30","Asia/Kolkata",16.316553,80.413302,,,,"OpenAQ admin","N/A"
6267806,"Rajendra Nagar North, Guntur - APPCB","o3",44.81,"µg/m³","2026-08-20T07:45:00Z","2026-08-20T13:15:00+05:30","Asia/Kolkata",16.316553,80.413302,,,,"OpenAQ admin","N/A"
6267806,"Rajendra Nagar North, Guntur - APPCB","o3",44.84,"µg/m³","2026-08-20T08:15:00Z","2026-08-20T13:45:00+05:30","Asia/Kolkata",16.316553,80.413302,,,,"OpenAQ admin","N/A"
6267806,"Rajendra Nagar North, Guntur - APPCB","o3",44.72,"µg/m³","2026-08-20T08:30:00Z","2026-08-20T14:00:00+05:30","Asia/Kolkata",16.316553,80.413302,,,,"OpenAQ admin","N/A"
6267806,"Rajendra Nagar North, Guntur - APPCB","o3",44.74,"µg/m³","2026-08-20T08:45:00Z","2026-08-20T14:15:00+05:30","Asia/Kolkata",16.316553,80.413302,,,,"OpenAQ admin","N/A"
6267806,"Rajendra Nagar North, Guntur - APPCB","o3",44.73,"µg/m³","2026-08-20T09:00:00Z","2026-08-20T14:30:00+05:30","Asia/Kolkata",16.316553,80.413302,,,,"OpenAQ admin","N/A"
6267806,"Rajendra Nagar North, Guntur - APPCB","o3",42.69,"µg/m³","2026-08-20T09:15:00Z","2026-08-20T14:45:00+05:30","Asia/Kolkata",16.316553,80.413302,,,,"OpenAQ admin","N/A"
6267806,"Rajendra Nagar North, Guntur - APPCB","o3",37.63,"µg/m³","2026-08-20T09:30:00Z","2026-08-20T15:00:00+05:30","Asia/Kolkata",16.316553,80.413302,,,,"OpenAQ admin","N/A"
6267806,"Rajendra Nagar North, Guntur - APPCB","o3",37.6,"µg/m³","2026-08-20T09:45:00Z","2026-08-20T15:15:00+05:30","Asia/Kolkata",16.316553,80.413302,,,,"OpenAQ admin","N/A"
6267806,"Rajendra Nagar North, Guntur - APPCB","o3",37.51,"µg/m³","2026-08-20T10:15:00Z","2026-08-20T15:45:00+05:30","Asia/Kolkata",16.316553,80.413302,,,,"OpenAQ admin","N/A"
6267806,"Rajendra Nagar North, Guntur - APPCB","o3",37.48,"µg/m³","2026-08-20T10:30:00Z","2026-08-20T16:00:00+05:30","Asia/Kolkata",16.316553,80.413302,,,,"OpenAQ admin","N/A"
6267806,"Rajendra Nagar North, Guntur - APPCB","o3",37.49,"µg/m³","2026-08-20T10:45:00Z","2026-08-20T16:15:00+05:30","Asia/Kolkata",16.316553,80.413302,,,,"OpenAQ admin","N/A"
6267806,"Rajendra Nagar North, Guntur - APPCB","o3",33.67,"µg/m³","2026-08-20T11:00:00Z","2026-08-20T16:30:00+05:30","Asia/Kolkata",16.316553,80.413302,,,,"OpenAQ admin","N/A"
6267806,"Rajendra Nagar North, Guntur - APPCB","o3",28.69,"µg/m³","2026-08-20T11:15:00Z","2026-08-20T16:45:00+05:30","Asia/Kolkata",16.316553,80.413302,,,,"OpenAQ admin","N/A"
6267806,"Rajendra Nagar North, Guntur - APPCB","o3",28.64,"µg/m³","2026-08-20T11:30:00Z","2026-08-20T17:00:00+05:30","Asia/Kolkata",16.316553,80.413302,,,,"OpenAQ admin","N/A"
6267806,"Rajendra Nagar North, Guntur - APPCB","o3",28.64,"µg/m³","2026-08-20T11:45:00Z","2026-08-20T17:15:00+05:30","Asia/Kolkata",16.316553,80.413302,,,,"OpenAQ admin","N/A"
6267806,"Rajendra Nagar North, Guntur - APPCB","o3",28.58,"µg/m³","2026-08-20T12:15:00Z","2026-08-20T17:45:00+05:30","Asia/Kolkata",16.316553,80.413302,,,,"OpenAQ admin","N/A"
6267806,"Rajendra Nagar North, Guntur - APPCB","o3",28.58,"µg/m³","2026-08-20T12:30:00Z","2026-08-20T18:00:00+05:30","Asia/Kolkata",16.316553,80.413302,,,,"OpenAQ admin","N/A"
6267806,"Rajendra Nagar North, Guntur - APPCB","o3",28.51,"µg/m³","2026-08-20T12:45:00Z","2026-08-20T18:15:00+05:30","Asia/Kolkata",16.316553,80.413302,,,,"OpenAQ admin","N/A"
6267806,"Rajendra Nagar North, Guntur - APPCB","o3",28.51,"µg/m³","2026-08-20T13:00:00Z","2026-08-20T18:30:00+05:30","Asia/Kolkata",16.316553,80.413302,,,,"OpenAQ admin","N/A"
6267806,"Rajendra Nagar North, Guntur - APPCB","o3",28.46,"µg/m³","2026-08-20T13:15:00Z","2026-08-20T18:45:00+05:30","Asia/Kolkata",16.316553,80.413302,,,,"OpenAQ admin","N/A"
6267806,"Rajendra Nagar North, Guntur - APPCB","o3",28.59,"µg/m³","2026-08-20T13:30:00Z","2026-08-20T19:00:00+05:30","Asia/Kolkata",16.316553,80.413302,,,,"OpenAQ admin","N/A"
6267806,"Rajendra Nagar North, Guntur - APPCB","o3",28.58,"µg/m³","2026-08-20T13:45:00Z","2026-08-20T19:15:00+05:30","Asia/Kolkata",16.316553,80.413302,,,,"OpenAQ admin","N/A"
6267806,"Rajendra Nagar North, Guntur - APPCB","o3",28.57,"µg/m³","2026-08-20T14:15:00Z","2026-08-20T19:45:00+05:30","Asia/Kolkata",16.316553,80.413302,,,,"OpenAQ admin","N/A"
6267806,"Rajendra Nagar North, Guntur - APPCB","o3",28.45,"µg/m³","2026-08-20T14:30:00Z","2026-08-20T20:00:00+05:30","Asia/Kolkata",16.316553,80.413302,,,,"OpenAQ admin","N/A"
6267806,"Rajendra Nagar North, Guntur - APPCB","o3",28.5,"µg/m³","2026-08-20T14:45:00Z","2026-08-20T20:15:00+05:30","Asia/Kolkata",16.316553,80.413302,,,,"OpenAQ admin","N/A"
6267806,"Rajendra Nagar North, Guntur - APPCB","o3",28.62,"µg/m³","2026-08-20T15:00:00Z","2026-08-20T20:30:00+05:30","Asia/Kolkata",16.316553,80.413302,,,,"OpenAQ admin","N/A"
6267806,"Rajendra Nagar North, Guntur - APPCB","o3",28.57,"µg/m³","2026-08-20T15:15:00Z","2026-08-20T20:45:00+05:30","Asia/Kolkata",16.316553,80.413302,,,,"OpenAQ admin","N/A"
6267806,"Rajendra Nagar North, Guntur - APPCB","o3",28.54,"µg/m³","2026-08-20T15:30:00Z","2026-08-20T21:00:00+05:30","Asia/Kolkata",16.316553,80.413302,,,,"OpenAQ admin","N/A"
6267806,"Rajendra Nagar North, Guntur - APPCB","o3",28.5,"µg/m³","2026-08-20T16:15:00Z","2026-08-20T21:45:00+05:30","Asia/Kolkata",16.316553,80.413302,,,,"OpenAQ admin","N/A"
6267806,"Rajendra Nagar North, Guntur - APPCB","o3",28.52,"µg/m³","2026-08-20T16:30:00Z","2026-08-20T22:00:00+05:30","Asia/Kolkata",16.316553,80.413302,,,,"OpenAQ admin","N/A"
6267806,"Rajendra Nagar North, Guntur - APPCB","o3",28.5,"µg/m³","2026-08-20T16:45:00Z","2026-08-20T22:15:00+05:30","Asia/Kolkata",16.316553,80.413302,,,,"OpenAQ admin","N/A"
6267806,"Rajendra Nagar North, Guntur - APPCB","o3",28.61,"µg/m³","2026-08-20T17:00:00Z","2026-08-20T22:30:00+05:30","Asia/Kolkata",16.316553,80.413302,,,,"OpenAQ admin","N/A"
6267806,"Rajendra Nagar North, Guntur - APPCB","o3",28.53,"µg/m³","2026-08-20T17:15:00Z","2026-08-20T22:45:00+05:30","Asia/Kolkata",16.316553,80.413302,,,,"OpenAQ admin","N/A"
6267806,"Rajendra Nagar North, Guntur - APPCB","o3",28.59,"µg/m³","2026-08-20T17:30:00Z","2026-08-20T23:00:00+05:30","Asia/Kolkata",16.316553,80.413302,,,,"OpenAQ admin","N/A"
6267806,"Rajendra Nagar North, Guntur - APPCB","o3",28.35,"µg/m³","2026-08-20T18:15:00Z","2026-08-20T23:45:00+05:30","Asia/Kolkata",16.316553,80.413302,,,,"OpenAQ admin","N/A"
6267806,"Rajendra Nagar North, Guntur - APPCB","o3",28.58,"µg/m³","2026-08-20T19:15:00Z","2026-08-21T00:45:00+05:30","Asia/Kolkata",16.316553,80.413302,,,,"OpenAQ admin","N/A"
6267806,"Rajendra Nagar North, Guntur - APPCB","o3",28.58,"µg/m³","2026-08-20T19:30:00Z","2026-08-21T01:00:00+05:30","Asia/Kolkata",16.316553,80.413302,,,,"OpenAQ admin","N/A"
6267806,"Rajendra Nagar North, Guntur - APPCB","o3",28.66,"µg/m³","2026-08-20T20:15:00Z","2026-08-21T01:45:00+05:30","Asia/Kolkata",16.316553,80.413302,,,,"OpenAQ admin","N/A"
6267806,"Rajendra Nagar North, Guntur - APPCB","o3",28.65,"µg/m³","2026-08-20T20:30:00Z","2026-08-21T02:00:00+05:30","Asia/Kolkata",16.316553,80.413302,,,,"OpenAQ admin","N/A"
6267806,"Rajendra Nagar North, Guntur - APPCB","o3",28.57,"µg/m³","2026-08-20T20:45:00Z","2026-08-21T02:15:00+05:30","Asia/Kolkata",16.316553,80.413302,,,,"OpenAQ admin","N/A"
6267806,"Rajendra Nagar North, Guntur - APPCB","o3",28.53,"µg/m³","2026-08-20T21:00:00Z","2026-08-21T02:30:00+05:30","Asia/Kolkata",16.316553,80.413302,,,,"OpenAQ admin","N/A"
6267806,"Rajendra Nagar North, Guntur - APPCB","o3",28.55,"µg/m³","2026-08-20T21:15:00Z","2026-08-21T02:45:00+05:30","Asia/Kolkata",16.316553,80.413302,,,,"OpenAQ admin","N/A"
6267806,"Rajendra Nagar North, Guntur - APPCB","o3",28.49,"µg/m³","2026-08-20T21:30:00Z","2026-08-21T03:00:00+05:30","Asia/Kolkata",16.316553,80.413302,,,,"OpenAQ admin","N/A"
6267806,"Rajendra Nagar North, Guntur - APPCB","o3",28.49,"µg/m³","2026-08-20T21:45:00Z","2026-08-21T03:15:00+05:30","Asia/Kolkata",16.316553,80.413302,,,,"OpenAQ admin","N/A"
6267806,"Rajendra Nagar North, Guntur - APPCB","o3",28.5,"µg/m³","2026-08-20T22:00:00Z","2026-08-21T03:30:00+05:30","Asia/Kolkata",16.316553,80.413302,,,,"OpenAQ admin","N/A"
6267806,"Rajendra Nagar North, Guntur - APPCB","o3",28.57,"µg/m³","2026-08-20T22:15:00Z","2026-08-21T03:45:00+05:30","Asia/Kolkata",16.316553,80.413302,,,,"OpenAQ admin","N/A"
6267806,"Rajendra Nagar North, Guntur - APPCB","o3",28.47,"µg/m³","2026-08-20T22:30:00Z","2026-08-21T04:00:00+05:30","Asia/Kolkata",16.316553,80.413302,,,,"OpenAQ admin","N/A"
6267806,"Rajendra Nagar North, Guntur - APPCB","pm10",68.53,"µg/m³","2026-08-20T00:15:00Z","2026-08-20T05:45:00+05:30","Asia/Kolkata",16.316553,80.413302,,,,"OpenAQ admin","N/A"
6267806,"Rajendra Nagar North, Guntur - APPCB","pm10",67.15,"µg/m³","2026-08-20T00:30:00Z","2026-08-20T06:00:00+05:30","Asia/Kolkata",16.316553,80.413302,,,,"OpenAQ admin","N/A"
6267806,"Rajendra Nagar North, Guntur - APPCB","pm10",65.57,"µg/m³","2026-08-20T00:45:00Z","2026-08-20T06:15:00+05:30","Asia/Kolkata",16.316553,80.413302,,,,"OpenAQ admin","N/A"
6267806,"Rajendra Nagar North, Guntur - APPCB","pm10",65.57,"µg/m³","2026-08-20T01:00:00Z","2026-08-20T06:30:00+05:30","Asia/Kolkata",16.316553,80.413302,,,,"OpenAQ admin","N/A"
6267806,"Rajendra Nagar North, Guntur - APPCB","pm10",65.57,"µg/m³","2026-08-20T01:15:00Z","2026-08-20T06:45:00+05:30","Asia/Kolkata",16.316553,80.413302,,,,"OpenAQ admin","N/A"
6267806,"Rajendra Nagar North, Guntur - APPCB","pm10",64.6,"µg/m³","2026-08-20T01:30:00Z","2026-08-20T07:00:00+05:30","Asia/Kolkata",16.316553,80.413302,,,,"OpenAQ admin","N/A"
6267806,"Rajendra Nagar North, Guntur - APPCB","pm10",63.49,"µg/m³","2026-08-20T01:45:00Z","2026-08-20T07:15:00+05:30","Asia/Kolkata",16.316553,80.413302,,,,"OpenAQ admin","N/A"
6267806,"Rajendra Nagar North, Guntur - APPCB","pm10",63.49,"µg/m³","2026-08-20T02:00:00Z","2026-08-20T07:30:00+05:30","Asia/Kolkata",16.316553,80.413302,,,,"OpenAQ admin","N/A"
6267806,"Rajendra Nagar North, Guntur - APPCB","pm10",63.49,"µg/m³","2026-08-20T02:15:00Z","2026-08-20T07:45:00+05:30","Asia/Kolkata",16.316553,80.413302,,,,"OpenAQ admin","N/A"
6267806,"Rajendra Nagar North, Guntur - APPCB","pm10",65.15,"µg/m³","2026-08-20T02:30:00Z","2026-08-20T08:00:00+05:30","Asia/Kolkata",16.316553,80.413302,,,,"OpenAQ admin","N/A"
6267806,"Rajendra Nagar North, Guntur - APPCB","pm10",67.03,"µg/m³","2026-08-20T02:45:00Z","2026-08-20T08:15:00+05:30","Asia/Kolkata",16.316553,80.413302,,,,"OpenAQ admin","N/A"
6267806,"Rajendra Nagar North, Guntur - APPCB","pm10",67.03,"µg/m³","2026-08-20T03:00:00Z","2026-08-20T08:30:00+05:30","Asia/Kolkata",16.316553,80.413302,,,,"OpenAQ admin","N/A"
6267806,"Rajendra Nagar North, Guntur - APPCB","pm10",67.03,"µg/m³","2026-08-20T03:15:00Z","2026-08-20T08:45:00+05:30","Asia/Kolkata",16.316553,80.413302,,,,"OpenAQ admin","N/A"
6267806,"Rajendra Nagar North, Guntur - APPCB","pm10",65.91,"µg/m³","2026-08-20T03:30:00Z","2026-08-20T09:00:00+05:30","Asia/Kolkata",16.316553,80.413302,,,,"OpenAQ admin","N/A"
6267806,"Rajendra Nagar North, Guntur - APPCB","pm10",64.63,"µg/m³","2026-08-20T03:45:00Z","2026-08-20T09:15:00+05:30","Asia/Kolkata",16.316553,80.413302,,,,"OpenAQ admin","N/A"
6267806,"Rajendra Nagar North, Guntur - APPCB","pm10",64.63,"µg/m³","2026-08-20T04:15:00Z","2026-08-20T09:45:00+05:30","Asia/Kolkata",16.316553,80.413302,,,,"OpenAQ admin","N/A"
6267806,"Rajendra Nagar North, Guntur - APPCB","pm10",63.79,"µg/m³","2026-08-20T04:30:00Z","2026-08-20T10:00:00+05:30","Asia/Kolkata",16.316553,80.413302,,,,"OpenAQ admin","N/A"
6267806,"Rajendra Nagar North, Guntur - APPCB","pm10",61.47,"µg/m³","2026-08-20T04:45:00Z","2026-08-20T10:15:00+05:30","Asia/Kolkata",16.316553,80.413302,,,,"OpenAQ admin","N/A"
6267806,"Rajendra Nagar North, Guntur - APPCB","pm10",54.94,"µg/m³","2026-08-20T05:00:00Z","2026-08-20T10:30:00+05:30","Asia/Kolkata",16.316553,80.413302,,,,"OpenAQ admin","N/A"
6267806,"Rajendra Nagar North, Guntur - APPCB","pm10",54.94,"µg/m³","2026-08-20T05:15:00Z","2026-08-20T10:45:00+05:30","Asia/Kolkata",16.316553,80.413302,,,,"OpenAQ admin","N/A"
6267806,"Rajendra Nagar North, Guntur - APPCB","pm10",54.35,"µg/m³","2026-08-20T05:30:00Z","2026-08-20T11:00:00+05:30","Asia/Kolkata",16.316553,80.413302,,,,"OpenAQ admin","N/A"
6267806,"Rajendra Nagar North, Guntur - APPCB","pm10",53.68,"µg/m³","2026-08-20T05:45:00Z","2026-08-20T11:15:00+05:30","Asia/Kolkata",16.316553,80.413302,,,,"OpenAQ admin","N/A"
6267806,"Rajendra Nagar North, Guntur - APPCB","pm10",53.68,"µg/m³","2026-08-20T06:00:00Z","2026-08-20T11:30:00+05:30","Asia/Kolkata",16.316553,80.413302,,,,"OpenAQ admin","N/A"
6267806,"Rajendra Nagar North, Guntur - APPCB","pm10",53.68,"µg/m³","2026-08-20T06:15:00Z","2026-08-20T11:45:00+05:30","Asia/Kolkata",16.316553,80.413302,,,,"OpenAQ admin","N/A"
6267806,"Rajendra Nagar North, Guntur - APPCB","pm10",53.68,"µg/m³","2026-08-20T06:30:00Z","2026-08-20T12:00:00+05:30","Asia/Kolkata",16.316553,80.413302,,,,"OpenAQ admin","N/A"
6267806,"Rajendra Nagar North, Guntur - APPCB","pm10",53.67,"µg/m³","2026-08-20T06:45:00Z","2026-08-20T12:15:00+05:30","Asia/Kolkata",16.316553,80.413302,,,,"OpenAQ admin","N/A"
6267806,"Rajendra Nagar North, Guntur - APPCB","pm10",56.24,"µg/m³","2026-08-20T07:00:00Z","2026-08-20T12:30:00+05:30","Asia/Kolkata",16.316553,80.413302,,,,"OpenAQ admin","N/A"
6267806,"Rajendra Nagar North, Guntur - APPCB","pm10",61.58,"µg/m³","2026-08-20T07:15:00Z","2026-08-20T12:45:00+05:30","Asia/Kolkata",16.316553,80.413302,,,,"OpenAQ admin","N/A"
6267806,"Rajendra Nagar North, Guntur - APPCB","pm10",63.41,"µg/m³","2026-08-20T07:30:00Z","2026-08-20T13:00:00+05:30","Asia/Kolkata",16.316553,80.413302,,,,"OpenAQ admin","N/A"
6267806,"Rajendra Nagar North, Guntur - APPCB","pm10",65.51,"µg/m³","2026-08-20T07:45:00Z","2026-08-20T13:15:00+05:30","Asia/Kolkata",16.316553,80.413302,,,,"OpenAQ admin","N/A"
6267806,"Rajendra Nagar North, Guntur - APPCB","pm10",65.51,"µg/m³","2026-08-20T08:15:00Z","2026-08-20T13:45:00+05:30","Asia/Kolkata",16.316553,80.413302,,,,"OpenAQ admin","N/A"
6267806,"Rajendra Nagar North, Guntur - APPCB","pm10",65.4,"µg/m³","2026-08-20T08:30:00Z","2026-08-20T14:00:00+05:30","Asia/Kolkata",16.316553,80.413302,,,,"OpenAQ admin","N/A"
6267806,"Rajendra Nagar North, Guntur - APPCB","pm10",65.27,"µg/m³","2026-08-20T08:45:00Z","2026-08-20T14:15:00+05:30","Asia/Kolkata",16.316553,80.413302,,,,"OpenAQ admin","N/A"
6267806,"Rajendra Nagar North, Guntur - APPCB","pm10",65.27,"µg/m³","2026-08-20T09:00:00Z","2026-08-20T14:30:00+05:30","Asia/Kolkata",16.316553,80.413302,,,,"OpenAQ admin","N/A"
6267806,"Rajendra Nagar North, Guntur - APPCB","pm10",64.43,"µg/m³","2026-08-20T09:15:00Z","2026-08-20T14:45:00+05:30","Asia/Kolkata",16.316553,80.413302,,,,"OpenAQ admin","N/A"
6267806,"Rajendra Nagar North, Guntur - APPCB","pm10",62.79,"µg/m³","2026-08-20T09:30:00Z","2026-08-20T15:00:00+05:30","Asia/Kolkata",16.316553,80.413302,,,,"OpenAQ admin","N/A"
6267806,"Rajendra Nagar North, Guntur - APPCB","pm10",63.32,"µg/m³","2026-08-20T09:45:00Z","2026-08-20T15:15:00+05:30","Asia/Kolkata",16.316553,80.413302,,,,"OpenAQ admin","N/A"
6267806,"Rajendra Nagar North, Guntur - APPCB","pm10",63.32,"µg/m³","2026-08-20T10:15:00Z","2026-08-20T15:45:00+05:30","Asia/Kolkata",16.316553,80.413302,,,,"OpenAQ admin","N/A"
6267806,"Rajendra Nagar North, Guntur - APPCB","pm10",64.31,"µg/m³","2026-08-20T10:30:00Z","2026-08-20T16:00:00+05:30","Asia/Kolkata",16.316553,80.413302,,,,"OpenAQ admin","N/A"
6267806,"Rajendra Nagar North, Guntur - APPCB","pm10",65.44,"µg/m³","2026-08-20T10:45:00Z","2026-08-20T16:15:00+05:30","Asia/Kolkata",16.316553,80.413302,,,,"OpenAQ admin","N/A"
6267806,"Rajendra Nagar North, Guntur - APPCB","pm10",59.41,"µg/m³","2026-08-20T11:00:00Z","2026-08-20T16:30:00+05:30","Asia/Kolkata",16.316553,80.413302,,,,"OpenAQ admin","N/A"
6267806,"Rajendra Nagar North, Guntur - APPCB","pm10",51.64,"µg/m³","2026-08-20T11:15:00Z","2026-08-20T16:45:00+05:30","Asia/Kolkata",16.316553,80.413302,,,,"OpenAQ admin","N/A"
6267806,"Rajendra Nagar North, Guntur - APPCB","pm10",51.2,"µg/m³","2026-08-20T11:30:00Z","2026-08-20T17:00:00+05:30","Asia/Kolkata",16.316553,80.413302,,,,"OpenAQ admin","N/A"
6267806,"Rajendra Nagar North, Guntur - APPCB","pm10",50.7,"µg/m³","2026-08-20T11:45:00Z","2026-08-20T17:15:00+05:30","Asia/Kolkata",16.316553,80.413302,,,,"OpenAQ admin","N/A"
6267806,"Rajendra Nagar North, Guntur - APPCB","pm10",50.7,"µg/m³","2026-08-20T12:15:00Z","2026-08-20T17:45:00+05:30","Asia/Kolkata",16.316553,80.413302,,,,"OpenAQ admin","N/A"
6267806,"Rajendra Nagar North, Guntur - APPCB","pm10",51.1,"µg/m³","2026-08-20T12:30:00Z","2026-08-20T18:00:00+05:30","Asia/Kolkata",16.316553,80.413302,,,,"OpenAQ admin","N/A"
6267806,"Rajendra Nagar North, Guntur - APPCB","pm10",51.55,"µg/m³","2026-08-20T12:45:00Z","2026-08-20T18:15:00+05:30","Asia/Kolkata",16.316553,80.413302,,,,"OpenAQ admin","N/A"
6267806,"Rajendra Nagar North, Guntur - APPCB","pm10",51.55,"µg/m³","2026-08-20T13:00:00Z","2026-08-20T18:30:00+05:30","Asia/Kolkata",16.316553,80.413302,,,,"OpenAQ admin","N/A"
6267806,"Rajendra Nagar North, Guntur - APPCB","pm10",51.55,"µg/m³","2026-08-20T13:15:00Z","2026-08-20T18:45:00+05:30","Asia/Kolkata",16.316553,80.413302,,,,"OpenAQ admin","N/A"
6267806,"Rajendra Nagar North, Guntur - APPCB","pm10",52.23,"µg/m³","2026-08-20T13:30:00Z","2026-08-20T19:00:00+05:30","Asia/Kolkata",16.316553,80.413302,,,,"OpenAQ admin","N/A"
6267806,"Rajendra Nagar North, Guntur - APPCB","pm10",53.02,"µg/m³","2026-08-20T13:45:00Z","2026-08-20T19:15:00+05:30","Asia/Kolkata",16.316553,80.413302,,,,"OpenAQ admin","N/A"
6267806,"Rajendra Nagar North, Guntur - APPCB","pm10",53.02,"µg/m³","2026-08-20T14:15:00Z","2026-08-20T19:45:00+05:30","Asia/Kolkata",16.316553,80.413302,,,,"OpenAQ admin","N/A"
6267806,"Rajendra Nagar North, Guntur - APPCB","pm10",53.29,"µg/m³","2026-08-20T14:30:00Z","2026-08-20T20:00:00+05:30","Asia/Kolkata",16.316553,80.413302,,,,"OpenAQ admin","N/A"
6267806,"Rajendra Nagar North, Guntur - APPCB","pm10",53.61,"µg/m³","2026-08-20T14:45:00Z","2026-08-20T20:15:00+05:30","Asia/Kolkata",16.316553,80.413302,,,,"OpenAQ admin","N/A"
6267806,"Rajendra Nagar North, Guntur - APPCB","pm10",53.61,"µg/m³","2026-08-20T15:00:00Z","2026-08-20T20:30:00+05:30","Asia/Kolkata",16.316553,80.413302,,,,"OpenAQ admin","N/A"
6267806,"Rajendra Nagar North, Guntur - APPCB","pm10",53.61,"µg/m³","2026-08-20T15:15:00Z","2026-08-20T20:45:00+05:30","Asia/Kolkata",16.316553,80.413302,,,,"OpenAQ admin","N/A"
6267806,"Rajendra Nagar North, Guntur - APPCB","pm10",54.45,"µg/m³","2026-08-20T15:30:00Z","2026-08-20T21:00:00+05:30","Asia/Kolkata",16.316553,80.413302,,,,"OpenAQ admin","N/A"
6267806,"Rajendra Nagar North, Guntur - APPCB","pm10",55.41,"µg/m³","2026-08-20T16:15:00Z","2026-08-20T21:45:00+05:30","Asia/Kolkata",16.316553,80.413302,,,,"OpenAQ admin","N/A"
6267806,"Rajendra Nagar North, Guntur - APPCB","pm10",54.3,"µg/m³","2026-08-20T16:30:00Z","2026-08-20T22:00:00+05:30","Asia/Kolkata",16.316553,80.413302,,,,"OpenAQ admin","N/A"
6267806,"Rajendra Nagar North, Guntur - APPCB","pm10",53.04,"µg/m³","2026-08-20T16:45:00Z","2026-08-20T22:15:00+05:30","Asia/Kolkata",16.316553,80.413302,,,,"OpenAQ admin","N/A"
6267806,"Rajendra Nagar North, Guntur - APPCB","pm10",53.04,"µg/m³","2026-08-20T17:00:00Z","2026-08-20T22:30:00+05:30","Asia/Kolkata",16.316553,80.413302,,,,"OpenAQ admin","N/A"
6267806,"Rajendra Nagar North, Guntur - APPCB","pm10",53.04,"µg/m³","2026-08-20T17:15:00Z","2026-08-20T22:45:00+05:30","Asia/Kolkata",16.316553,80.413302,,,,"OpenAQ admin","N/A"
6267806,"Rajendra Nagar North, Guntur - APPCB","pm10",52.89,"µg/m³","2026-08-20T17:30:00Z","2026-08-20T23:00:00+05:30","Asia/Kolkata",16.316553,80.413302,,,,"OpenAQ admin","N/A"
6267806,"Rajendra Nagar North, Guntur - APPCB","pm10",52.73,"µg/m³","2026-08-20T18:15:00Z","2026-08-20T23:45:00+05:30","Asia/Kolkata",16.316553,80.413302,,,,"OpenAQ admin","N/A"
6267806,"Rajendra Nagar North, Guntur - APPCB","pm10",55.82,"µg/m³","2026-08-20T19:15:00Z","2026-08-21T00:45:00+05:30","Asia/Kolkata",16.316553,80.413302,,,,"OpenAQ admin","N/A"
6267806,"Rajendra Nagar North, Guntur - APPCB","pm10",54.45,"µg/m³","2026-08-20T19:30:00Z","2026-08-21T01:00:00+05:30","Asia/Kolkata",16.316553,80.413302,,,,"OpenAQ admin","N/A"
6267806,"Rajendra Nagar North, Guntur - APPCB","pm10",52.89,"µg/m³","2026-08-20T20:15:00Z","2026-08-21T01:45:00+05:30","Asia/Kolkata",16.316553,80.413302,,,,"OpenAQ admin","N/A"
6267806,"Rajendra Nagar North, Guntur - APPCB","pm10",52.71,"µg/m³","2026-08-20T20:30:00Z","2026-08-21T02:00:00+05:30","Asia/Kolkata",16.316553,80.413302,,,,"OpenAQ admin","N/A"
6267806,"Rajendra Nagar North, Guntur - APPCB","pm10",52.51,"µg/m³","2026-08-20T20:45:00Z","2026-08-21T02:15:00+05:30","Asia/Kolkata",16.316553,80.413302,,,,"OpenAQ admin","N/A"
6267806,"Rajendra Nagar North, Guntur - APPCB","pm10",52.51,"µg/m³","2026-08-20T21:00:00Z","2026-08-21T02:30:00+05:30","Asia/Kolkata",16.316553,80.413302,,,,"OpenAQ admin","N/A"
6267806,"Rajendra Nagar North, Guntur - APPCB","pm10",52.51,"µg/m³","2026-08-20T21:15:00Z","2026-08-21T02:45:00+05:30","Asia/Kolkata",16.316553,80.413302,,,,"OpenAQ admin","N/A"
6267806,"Rajendra Nagar North, Guntur - APPCB","pm10",51.03,"µg/m³","2026-08-20T21:30:00Z","2026-08-21T03:00:00+05:30","Asia/Kolkata",16.316553,80.413302,,,,"OpenAQ admin","N/A"
6267806,"Rajendra Nagar North, Guntur - APPCB","pm10",49.33,"µg/m³","2026-08-20T21:45:00Z","2026-08-21T03:15:00+05:30","Asia/Kolkata",16.316553,80.413302,,,,"OpenAQ admin","N/A"
6267806,"Rajendra Nagar North, Guntur - APPCB","pm10",49.33,"µg/m³","2026-08-20T22:00:00Z","2026-08-21T03:30:00+05:30","Asia/Kolkata",16.316553,80.413302,,,,"OpenAQ admin","N/A"
6267806,"Rajendra Nagar North, Guntur - APPCB","pm10",49.33,"µg/m³","2026-08-20T22:15:00Z","2026-08-21T03:45:00+05:30","Asia/Kolkata",16.316553,80.413302,,,,"OpenAQ admin","N/A"
6267806,"Rajendra Nagar North, Guntur - APPCB","pm10",49.18,"µg/m³","2026-08-20T22:30:00Z","2026-08-21T04:00:00+05:30","Asia/Kolkata",16.316553,80.413302,,,,"OpenAQ admin","N/A"
6267806,"Rajendra Nagar North, Guntur - APPCB","pm25",35.07,"µg/m³","2026-08-20T00:15:00Z","2026-08-20T05:45:00+05:30","Asia/Kolkata",16.316553,80.413302,,,,"OpenAQ admin","N/A"
6267806,"Rajendra Nagar North, Guntur - APPCB","pm25",34.28,"µg/m³","2026-08-20T00:30:00Z","2026-08-20T06:00:00+05:30","Asia/Kolkata",16.316553,80.413302,,,,"OpenAQ admin","N/A"
6267806,"Rajendra Nagar North, Guntur - APPCB","pm25",33.38,"µg/m³","2026-08-20T00:45:00Z","2026-08-20T06:15:00+05:30","Asia/Kolkata",16.316553,80.413302,,,,"OpenAQ admin","N/A"
6267806,"Rajendra Nagar North, Guntur - APPCB","pm25",33.38,"µg/m³","2026-08-20T01:00:00Z","2026-08-20T06:30:00+05:30","Asia/Kolkata",16.316553,80.413302,,,,"OpenAQ admin","N/A"
6267806,"Rajendra Nagar North, Guntur - APPCB","pm25",33.38,"µg/m³","2026-08-20T01:15:00Z","2026-08-20T06:45:00+05:30","Asia/Kolkata",16.316553,80.413302,,,,"OpenAQ admin","N/A"
6267806,"Rajendra Nagar North, Guntur - APPCB","pm25",32.83,"µg/m³","2026-08-20T01:30:00Z","2026-08-20T07:00:00+05:30","Asia/Kolkata",16.316553,80.413302,,,,"OpenAQ admin","N/A"
6267806,"Rajendra Nagar North, Guntur - APPCB","pm25",32.19,"µg/m³","2026-08-20T01:45:00Z","2026-08-20T07:15:00+05:30","Asia/Kolkata",16.316553,80.413302,,,,"OpenAQ admin","N/A"
6267806,"Rajendra Nagar North, Guntur - APPCB","pm25",32.19,"µg/m³","2026-08-20T02:00:00Z","2026-08-20T07:30:00+05:30","Asia/Kolkata",16.316553,80.413302,,,,"OpenAQ admin","N/A"
6267806,"Rajendra Nagar North, Guntur - APPCB","pm25",32.19,"µg/m³","2026-08-20T02:15:00Z","2026-08-20T07:45:00+05:30","Asia/Kolkata",16.316553,80.413302,,,,"OpenAQ admin","N/A"
6267806,"Rajendra Nagar North, Guntur - APPCB","pm25",33.14,"µg/m³","2026-08-20T02:30:00Z","2026-08-20T08:00:00+05:30","Asia/Kolkata",16.316553,80.413302,,,,"OpenAQ admin","N/A"
6267806,"Rajendra Nagar North, Guntur - APPCB","pm25",34.22,"µg/m³","2026-08-20T02:45:00Z","2026-08-20T08:15:00+05:30","Asia/Kolkata",16.316553,80.413302,,,,"OpenAQ admin","N/A"
6267806,"Rajendra Nagar North, Guntur - APPCB","pm25",34.22,"µg/m³","2026-08-20T03:00:00Z","2026-08-20T08:30:00+05:30","Asia/Kolkata",16.316553,80.413302,,,,"OpenAQ admin","N/A"
6267806,"Rajendra Nagar North, Guntur - APPCB","pm25",34.22,"µg/m³","2026-08-20T03:15:00Z","2026-08-20T08:45:00+05:30","Asia/Kolkata",16.316553,80.413302,,,,"OpenAQ admin","N/A"
6267806,"Rajendra Nagar North, Guntur - APPCB","pm25",33.58,"µg/m³","2026-08-20T03:30:00Z","2026-08-20T09:00:00+05:30","Asia/Kolkata",16.316553,80.413302,,,,"OpenAQ admin","N/A"
6267806,"Rajendra Nagar North, Guntur - APPCB","pm25",32.84,"µg/m³","2026-08-20T03:45:00Z","2026-08-20T09:15:00+05:30","Asia/Kolkata",16.316553,80.413302,,,,"OpenAQ admin","N/A"
6267806,"Rajendra Nagar North, Guntur - APPCB","pm25",32.84,"µg/m³","2026-08-20T04:15:00Z","2026-08-20T09:45:00+05:30","Asia/Kolkata",16.316553,80.413302,,,,"OpenAQ admin","N/A"
6267806,"Rajendra Nagar North, Guntur - APPCB","pm25",32.37,"µg/m³","2026-08-20T04:30:00Z","2026-08-20T10:00:00+05:30","Asia/Kolkata",16.316553,80.413302,,,,"OpenAQ admin","N/A"
6267806,"Rajendra Nagar North, Guntur - APPCB","pm25",31.26,"µg/m³","2026-08-20T04:45:00Z","2026-08-20T10:15:00+05:30","Asia/Kolkata",16.316553,80.413302,,,,"OpenAQ admin","N/A"
6267806,"Rajendra Nagar North, Guntur - APPCB","pm25",28.62,"µg/m³","2026-08-20T05:00:00Z","2026-08-20T10:30:00+05:30","Asia/Kolkata",16.316553,80.413302,,,,"OpenAQ admin","N/A"
6267806,"Rajendra Nagar North, Guntur - APPCB","pm25",28.62,"µg/m³","2026-08-20T05:15:00Z","2026-08-20T10:45:00+05:30","Asia/Kolkata",16.316553,80.413302,,,,"OpenAQ admin","N/A"
6267806,"Rajendra Nagar North, Guntur - APPCB","pm25",28.28,"µg/m³","2026-08-20T05:30:00Z","2026-08-20T11:00:00+05:30","Asia/Kolkata",16.316553,80.413302,,,,"OpenAQ admin","N/A"
6267806,"Rajendra Nagar North, Guntur - APPCB","pm25",27.9,"µg/m³","2026-08-20T05:45:00Z","2026-08-20T11:15:00+05:30","Asia/Kolkata",16.316553,80.413302,,,,"OpenAQ admin","N/A"
6267806,"Rajendra Nagar North, Guntur - APPCB","pm25",27.9,"µg/m³","2026-08-20T06:00:00Z","2026-08-20T11:30:00+05:30","Asia/Kolkata",16.316553,80.413302,,,,"OpenAQ admin","N/A"
6267806,"Rajendra Nagar North, Guntur - APPCB","pm25",27.9,"µg/m³","2026-08-20T06:15:00Z","2026-08-20T11:45:00+05:30","Asia/Kolkata",16.316553,80.413302,,,,"OpenAQ admin","N/A"
6267806,"Rajendra Nagar North, Guntur - APPCB","pm25",27.9,"µg/m³","2026-08-20T06:30:00Z","2026-08-20T12:00:00+05:30","Asia/Kolkata",16.316553,80.413302,,,,"OpenAQ admin","N/A"
6267806,"Rajendra Nagar North, Guntur - APPCB","pm25",27.89,"µg/m³","2026-08-20T06:45:00Z","2026-08-20T12:15:00+05:30","Asia/Kolkata",16.316553,80.413302,,,,"OpenAQ admin","N/A"
6267806,"Rajendra Nagar North, Guntur - APPCB","pm25",28.93,"µg/m³","2026-08-20T07:00:00Z","2026-08-20T12:30:00+05:30","Asia/Kolkata",16.316553,80.413302,,,,"OpenAQ admin","N/A"
6267806,"Rajendra Nagar North, Guntur - APPCB","pm25",31.06,"µg/m³","2026-08-20T07:15:00Z","2026-08-20T12:45:00+05:30","Asia/Kolkata",16.316553,80.413302,,,,"OpenAQ admin","N/A"
6267806,"Rajendra Nagar North, Guntur - APPCB","pm25",32.11,"µg/m³","2026-08-20T07:30:00Z","2026-08-20T13:00:00+05:30","Asia/Kolkata",16.316553,80.413302,,,,"OpenAQ admin","N/A"
6267806,"Rajendra Nagar North, Guntur - APPCB","pm25",33.31,"µg/m³","2026-08-20T07:45:00Z","2026-08-20T13:15:00+05:30","Asia/Kolkata",16.316553,80.413302,,,,"OpenAQ admin","N/A"
6267806,"Rajendra Nagar North, Guntur - APPCB","pm25",33.31,"µg/m³","2026-08-20T08:15:00Z","2026-08-20T13:45:00+05:30","Asia/Kolkata",16.316553,80.413302,,,,"OpenAQ admin","N/A"
6267806,"Rajendra Nagar North, Guntur - APPCB","pm25",33.25,"µg/m³","2026-08-20T08:30:00Z","2026-08-20T14:00:00+05:30","Asia/Kolkata",16.316553,80.413302,,,,"OpenAQ admin","N/A"
6267806,"Rajendra Nagar North, Guntur - APPCB","pm25",33.17,"µg/m³","2026-08-20T08:45:00Z","2026-08-20T14:15:00+05:30","Asia/Kolkata",16.316553,80.413302,,,,"OpenAQ admin","N/A"
6267806,"Rajendra Nagar North, Guntur - APPCB","pm25",33.17,"µg/m³","2026-08-20T09:00:00Z","2026-08-20T14:30:00+05:30","Asia/Kolkata",16.316553,80.413302,,,,"OpenAQ admin","N/A"
6267806,"Rajendra Nagar North, Guntur - APPCB","pm25",32.6,"µg/m³","2026-08-20T09:15:00Z","2026-08-20T14:45:00+05:30","Asia/Kolkata",16.316553,80.413302,,,,"OpenAQ admin","N/A"
6267806,"Rajendra Nagar North, Guntur - APPCB","pm25",31.44,"µg/m³","2026-08-20T09:30:00Z","2026-08-20T15:00:00+05:30","Asia/Kolkata",16.316553,80.413302,,,,"OpenAQ admin","N/A"
6267806,"Rajendra Nagar North, Guntur - APPCB","pm25",31.74,"µg/m³","2026-08-20T09:45:00Z","2026-08-20T15:15:00+05:30","Asia/Kolkata",16.316553,80.413302,,,,"OpenAQ admin","N/A"
6267806,"Rajendra Nagar North, Guntur - APPCB","pm25",31.74,"µg/m³","2026-08-20T10:15:00Z","2026-08-20T15:45:00+05:30","Asia/Kolkata",16.316553,80.413302,,,,"OpenAQ admin","N/A"
6267806,"Rajendra Nagar North, Guntur - APPCB","pm25",32.31,"µg/m³","2026-08-20T10:30:00Z","2026-08-20T16:00:00+05:30","Asia/Kolkata",16.316553,80.413302,,,,"OpenAQ admin","N/A"
6267806,"Rajendra Nagar North, Guntur - APPCB","pm25",32.96,"µg/m³","2026-08-20T10:45:00Z","2026-08-20T16:15:00+05:30","Asia/Kolkata",16.316553,80.413302,,,,"OpenAQ admin","N/A"
6267806,"Rajendra Nagar North, Guntur - APPCB","pm25",30.35,"µg/m³","2026-08-20T11:00:00Z","2026-08-20T16:30:00+05:30","Asia/Kolkata",16.316553,80.413302,,,,"OpenAQ admin","N/A"
6267806,"Rajendra Nagar North, Guntur - APPCB","pm25",27,"µg/m³","2026-08-20T11:15:00Z","2026-08-20T16:45:00+05:30","Asia/Kolkata",16.316553,80.413302,,,,"OpenAQ admin","N/A"
6267806,"Rajendra Nagar North, Guntur - APPCB","pm25",26.75,"µg/m³","2026-08-20T11:30:00Z","2026-08-20T17:00:00+05:30","Asia/Kolkata",16.316553,80.413302,,,,"OpenAQ admin","N/A"
6267806,"Rajendra Nagar North, Guntur - APPCB","pm25",26.46,"µg/m³","2026-08-20T11:45:00Z","2026-08-20T17:15:00+05:30","Asia/Kolkata",16.316553,80.413302,,,,"OpenAQ admin","N/A"
6267806,"Rajendra Nagar North, Guntur - APPCB","pm25",26.46,"µg/m³","2026-08-20T12:15:00Z","2026-08-20T17:45:00+05:30","Asia/Kolkata",16.316553,80.413302,,,,"OpenAQ admin","N/A"
6267806,"Rajendra Nagar North, Guntur - APPCB","pm25",26.69,"µg/m³","2026-08-20T12:30:00Z","2026-08-20T18:00:00+05:30","Asia/Kolkata",16.316553,80.413302,,,,"OpenAQ admin","N/A"
6267806,"Rajendra Nagar North, Guntur - APPCB","pm25",26.94,"µg/m³","2026-08-20T12:45:00Z","2026-08-20T18:15:00+05:30","Asia/Kolkata",16.316553,80.413302,,,,"OpenAQ admin","N/A"
6267806,"Rajendra Nagar North, Guntur - APPCB","pm25",26.94,"µg/m³","2026-08-20T13:00:00Z","2026-08-20T18:30:00+05:30","Asia/Kolkata",16.316553,80.413302,,,,"OpenAQ admin","N/A"
6267806,"Rajendra Nagar North, Guntur - APPCB","pm25",26.94,"µg/m³","2026-08-20T13:15:00Z","2026-08-20T18:45:00+05:30","Asia/Kolkata",16.316553,80.413302,,,,"OpenAQ admin","N/A"
6267806,"Rajendra Nagar North, Guntur - APPCB","pm25",27.34,"µg/m³","2026-08-20T13:30:00Z","2026-08-20T19:00:00+05:30","Asia/Kolkata",16.316553,80.413302,,,,"OpenAQ admin","N/A"
6267806,"Rajendra Nagar North, Guntur - APPCB","pm25",27.78,"µg/m³","2026-08-20T13:45:00Z","2026-08-20T19:15:00+05:30","Asia/Kolkata",16.316553,80.413302,,,,"OpenAQ admin","N/A"
6267806,"Rajendra Nagar North, Guntur - APPCB","pm25",27.78,"µg/m³","2026-08-20T14:15:00Z","2026-08-20T19:45:00+05:30","Asia/Kolkata",16.316553,80.413302,,,,"OpenAQ admin","N/A"
6267806,"Rajendra Nagar North, Guntur - APPCB","pm25",27.94,"µg/m³","2026-08-20T14:30:00Z","2026-08-20T20:00:00+05:30","Asia/Kolkata",16.316553,80.413302,,,,"OpenAQ admin","N/A"
6267806,"Rajendra Nagar North, Guntur - APPCB","pm25",28.12,"µg/m³","2026-08-20T14:45:00Z","2026-08-20T20:15:00+05:30","Asia/Kolkata",16.316553,80.413302,,,,"OpenAQ admin","N/A"
6267806,"Rajendra Nagar North, Guntur - APPCB","pm25",28.12,"µg/m³","2026-08-20T15:00:00Z","2026-08-20T20:30:00+05:30","Asia/Kolkata",16.316553,80.413302,,,,"OpenAQ admin","N/A"
6267806,"Rajendra Nagar North, Guntur - APPCB","pm25",28.12,"µg/m³","2026-08-20T15:15:00Z","2026-08-20T20:45:00+05:30","Asia/Kolkata",16.316553,80.413302,,,,"OpenAQ admin","N/A"
6267806,"Rajendra Nagar North, Guntur - APPCB","pm25",28.6,"µg/m³","2026-08-20T15:30:00Z","2026-08-20T21:00:00+05:30","Asia/Kolkata",16.316553,80.413302,,,,"OpenAQ admin","N/A"
6267806,"Rajendra Nagar North, Guntur - APPCB","pm25",29.15,"µg/m³","2026-08-20T16:15:00Z","2026-08-20T21:45:00+05:30","Asia/Kolkata",16.316553,80.413302,,,,"OpenAQ admin","N/A"
6267806,"Rajendra Nagar North, Guntur - APPCB","pm25",28.52,"µg/m³","2026-08-20T16:30:00Z","2026-08-20T22:00:00+05:30","Asia/Kolkata",16.316553,80.413302,,,,"OpenAQ admin","N/A"
6267806,"Rajendra Nagar North, Guntur - APPCB","pm25",27.79,"µg/m³","2026-08-20T16:45:00Z","2026-08-20T22:15:00+05:30","Asia/Kolkata",16.316553,80.413302,,,,"OpenAQ admin","N/A"
6267806,"Rajendra Nagar North, Guntur - APPCB","pm25",27.79,"µg/m³","2026-08-20T17:00:00Z","2026-08-20T22:30:00+05:30","Asia/Kolkata",16.316553,80.413302,,,,"OpenAQ admin","N/A"
6267806,"Rajendra Nagar North, Guntur - APPCB","pm25",27.79,"µg/m³","2026-08-20T17:15:00Z","2026-08-20T22:45:00+05:30","Asia/Kolkata",16.316553,80.413302,,,,"OpenAQ admin","N/A"
6267806,"Rajendra Nagar North, Guntur - APPCB","pm25",27.71,"µg/m³","2026-08-20T17:30:00Z","2026-08-20T23:00:00+05:30","Asia/Kolkata",16.316553,80.413302,,,,"OpenAQ admin","N/A"
6267806,"Rajendra Nagar North, Guntur - APPCB","pm25",27.62,"µg/m³","2026-08-20T18:15:00Z","2026-08-20T23:45:00+05:30","Asia/Kolkata",16.316553,80.413302,,,,"OpenAQ admin","N/A"
6267806,"Rajendra Nagar North, Guntur - APPCB","pm25",29.38,"µg/m³","2026-08-20T19:15:00Z","2026-08-21T00:45:00+05:30","Asia/Kolkata",16.316553,80.413302,,,,"OpenAQ admin","N/A"
6267806,"Rajendra Nagar North, Guntur - APPCB","pm25",28.6,"µg/m³","2026-08-20T19:30:00Z","2026-08-21T01:00:00+05:30","Asia/Kolkata",16.316553,80.413302,,,,"OpenAQ admin","N/A"
6267806,"Rajendra Nagar North, Guntur - APPCB","pm25",27.71,"µg/m³","2026-08-20T20:15:00Z","2026-08-21T01:45:00+05:30","Asia/Kolkata",16.316553,80.413302,,,,"OpenAQ admin","N/A"
6267806,"Rajendra Nagar North, Guntur - APPCB","pm25",27.61,"µg/m³","2026-08-20T20:30:00Z","2026-08-21T02:00:00+05:30","Asia/Kolkata",16.316553,80.413302,,,,"OpenAQ admin","N/A"
6267806,"Rajendra Nagar North, Guntur - APPCB","pm25",27.49,"µg/m³","2026-08-20T20:45:00Z","2026-08-21T02:15:00+05:30","Asia/Kolkata",16.316553,80.413302,,,,"OpenAQ admin","N/A"
6267806,"Rajendra Nagar North, Guntur - APPCB","pm25",27.49,"µg/m³","2026-08-20T21:00:00Z","2026-08-21T02:30:00+05:30","Asia/Kolkata",16.316553,80.413302,,,,"OpenAQ admin","N/A"
6267806,"Rajendra Nagar North, Guntur - APPCB","pm25",27.49,"µg/m³","2026-08-20T21:15:00Z","2026-08-21T02:45:00+05:30","Asia/Kolkata",16.316553,80.413302,,,,"OpenAQ admin","N/A"
6267806,"Rajendra Nagar North, Guntur - APPCB","pm25",26.65,"µg/m³","2026-08-20T21:30:00Z","2026-08-21T03:00:00+05:30","Asia/Kolkata",16.316553,80.413302,,,,"OpenAQ admin","N/A"
6267806,"Rajendra Nagar North, Guntur - APPCB","pm25",25.68,"µg/m³","2026-08-20T21:45:00Z","2026-08-21T03:15:00+05:30","Asia/Kolkata",16.316553,80.413302,,,,"OpenAQ admin","N/A"
6267806,"Rajendra Nagar North, Guntur - APPCB","pm25",25.68,"µg/m³","2026-08-20T22:00:00Z","2026-08-21T03:30:00+05:30","Asia/Kolkata",16.316553,80.413302,,,,"OpenAQ admin","N/A"
6267806,"Rajendra Nagar North, Guntur - APPCB","pm25",25.68,"µg/m³","2026-08-20T22:15:00Z","2026-08-21T03:45:00+05:30","Asia/Kolkata",16.316553,80.413302,,,,"OpenAQ admin","N/A"
6267806,"Rajendra Nagar North, Guntur - APPCB","pm25",25.59,"µg/m³","2026-08-20T22:30:00Z","2026-08-21T04:00:00+05:30","Asia/Kolkata",16.316553,80.413302,,,,"OpenAQ admin","N/A"
6267806,"Rajendra Nagar North, Guntur - APPCB","relativehumidity",85.04,"%","2026-08-20T00:15:00Z","2026-08-20T05:45:00+05:30","Asia/Kolkata",16.316553,80.413302,,,,"OpenAQ admin","N/A"
6267806,"Rajendra Nagar North, Guntur - APPCB","relativehumidity",88.58,"%","2026-08-20T00:30:00Z","2026-08-20T06:00:00+05:30","Asia/Kolkata",16.316553,80.413302,,,,"OpenAQ admin","N/A"
6267806,"Rajendra Nagar North, Guntur - APPCB","relativehumidity",88.89,"%","2026-08-20T00:45:00Z","2026-08-20T06:15:00+05:30","Asia/Kolkata",16.316553,80.413302,,,,"OpenAQ admin","N/A"
6267806,"Rajendra Nagar North, Guntur - APPCB","relativehumidity",89.8,"%","2026-08-20T01:00:00Z","2026-08-20T06:30:00+05:30","Asia/Kolkata",16.316553,80.413302,,,,"OpenAQ admin","N/A"
6267806,"Rajendra Nagar North, Guntur - APPCB","relativehumidity",91,"%","2026-08-20T01:15:00Z","2026-08-20T06:45:00+05:30","Asia/Kolkata",16.316553,80.413302,,,,"OpenAQ admin","N/A"
6267806,"Rajendra Nagar North, Guntur - APPCB","relativehumidity",91.24,"%","2026-08-20T01:30:00Z","2026-08-20T07:00:00+05:30","Asia/Kolkata",16.316553,80.413302,,,,"OpenAQ admin","N/A"
6267806,"Rajendra Nagar North, Guntur - APPCB","relativehumidity",91.57,"%","2026-08-20T01:45:00Z","2026-08-20T07:15:00+05:30","Asia/Kolkata",16.316553,80.413302,,,,"OpenAQ admin","N/A"
6267806,"Rajendra Nagar North, Guntur - APPCB","relativehumidity",90.97,"%","2026-08-20T02:00:00Z","2026-08-20T07:30:00+05:30","Asia/Kolkata",16.316553,80.413302,,,,"OpenAQ admin","N/A"
6267806,"Rajendra Nagar North, Guntur - APPCB","relativehumidity",90.69,"%","2026-08-20T02:15:00Z","2026-08-20T07:45:00+05:30","Asia/Kolkata",16.316553,80.413302,,,,"OpenAQ admin","N/A"
6267806,"Rajendra Nagar North, Guntur - APPCB","relativehumidity",91.04,"%","2026-08-20T02:30:00Z","2026-08-20T08:00:00+05:30","Asia/Kolkata",16.316553,80.413302,,,,"OpenAQ admin","N/A"
6267806,"Rajendra Nagar North, Guntur - APPCB","relativehumidity",90.23,"%","2026-08-20T02:45:00Z","2026-08-20T08:15:00+05:30","Asia/Kolkata",16.316553,80.413302,,,,"OpenAQ admin","N/A"
6267806,"Rajendra Nagar North, Guntur - APPCB","relativehumidity",88.95,"%","2026-08-20T03:00:00Z","2026-08-20T08:30:00+05:30","Asia/Kolkata",16.316553,80.413302,,,,"OpenAQ admin","N/A"
6267806,"Rajendra Nagar North, Guntur - APPCB","relativehumidity",87.93,"%","2026-08-20T03:15:00Z","2026-08-20T08:45:00+05:30","Asia/Kolkata",16.316553,80.413302,,,,"OpenAQ admin","N/A"
6267806,"Rajendra Nagar North, Guntur - APPCB","relativehumidity",86.71,"%","2026-08-20T03:30:00Z","2026-08-20T09:00:00+05:30","Asia/Kolkata",16.316553,80.413302,,,,"OpenAQ admin","N/A"
6267806,"Rajendra Nagar North, Guntur - APPCB","relativehumidity",86.39,"%","2026-08-20T03:45:00Z","2026-08-20T09:15:00+05:30","Asia/Kolkata",16.316553,80.413302,,,,"OpenAQ admin","N/A"
6267806,"Rajendra Nagar North, Guntur - APPCB","relativehumidity",83.56,"%","2026-08-20T04:15:00Z","2026-08-20T09:45:00+05:30","Asia/Kolkata",16.316553,80.413302,,,,"OpenAQ admin","N/A"
6267806,"Rajendra Nagar North, Guntur - APPCB","relativehumidity",82.93,"%","2026-08-20T04:30:00Z","2026-08-20T10:00:00+05:30","Asia/Kolkata",16.316553,80.413302,,,,"OpenAQ admin","N/A"
6267806,"Rajendra Nagar North, Guntur - APPCB","relativehumidity",83.71,"%","2026-08-20T04:45:00Z","2026-08-20T10:15:00+05:30","Asia/Kolkata",16.316553,80.413302,,,,"OpenAQ admin","N/A"
6267806,"Rajendra Nagar North, Guntur - APPCB","relativehumidity",81.48,"%","2026-08-20T05:00:00Z","2026-08-20T10:30:00+05:30","Asia/Kolkata",16.316553,80.413302,,,,"OpenAQ admin","N/A"
6267806,"Rajendra Nagar North, Guntur - APPCB","relativehumidity",78.37,"%","2026-08-20T05:15:00Z","2026-08-20T10:45:00+05:30","Asia/Kolkata",16.316553,80.413302,,,,"OpenAQ admin","N/A"
6267806,"Rajendra Nagar North, Guntur - APPCB","relativehumidity",77.21,"%","2026-08-20T05:30:00Z","2026-08-20T11:00:00+05:30","Asia/Kolkata",16.316553,80.413302,,,,"OpenAQ admin","N/A"
6267806,"Rajendra Nagar North, Guntur - APPCB","relativehumidity",77.02,"%","2026-08-20T05:45:00Z","2026-08-20T11:15:00+05:30","Asia/Kolkata",16.316553,80.413302,,,,"OpenAQ admin","N/A"
6267806,"Rajendra Nagar North, Guntur - APPCB","relativehumidity",74.73,"%","2026-08-20T06:00:00Z","2026-08-20T11:30:00+05:30","Asia/Kolkata",16.316553,80.413302,,,,"OpenAQ admin","N/A"
6267806,"Rajendra Nagar North, Guntur - APPCB","relativehumidity",73.04,"%","2026-08-20T06:15:00Z","2026-08-20T11:45:00+05:30","Asia/Kolkata",16.316553,80.413302,,,,"OpenAQ admin","N/A"
6267806,"Rajendra Nagar North, Guntur - APPCB","relativehumidity",72,"%","2026-08-20T06:30:00Z","2026-08-20T12:00:00+05:30","Asia/Kolkata",16.316553,80.413302,,,,"OpenAQ admin","N/A"
6267806,"Rajendra Nagar North, Guntur - APPCB","relativehumidity",71.14,"%","2026-08-20T06:45:00Z","2026-08-20T12:15:00+05:30","Asia/Kolkata",16.316553,80.413302,,,,"OpenAQ admin","N/A"
6267806,"Rajendra Nagar North, Guntur - APPCB","relativehumidity",68.7,"%","2026-08-20T07:00:00Z","2026-08-20T12:30:00+05:30","Asia/Kolkata",16.316553,80.413302,,,,"OpenAQ admin","N/A"
6267806,"Rajendra Nagar North, Guntur - APPCB","relativehumidity",66.01,"%","2026-08-20T07:15:00Z","2026-08-20T12:45:00+05:30","Asia/Kolkata",16.316553,80.413302,,,,"OpenAQ admin","N/A"
6267806,"Rajendra Nagar North, Guntur - APPCB","relativehumidity",63.79,"%","2026-08-20T07:30:00Z","2026-08-20T13:00:00+05:30","Asia/Kolkata",16.316553,80.413302,,,,"OpenAQ admin","N/A"
6267806,"Rajendra Nagar North, Guntur - APPCB","relativehumidity",63.76,"%","2026-08-20T07:45:00Z","2026-08-20T13:15:00+05:30","Asia/Kolkata",16.316553,80.413302,,,,"OpenAQ admin","N/A"
6267806,"Rajendra Nagar North, Guntur - APPCB","relativehumidity",61.12,"%","2026-08-20T08:15:00Z","2026-08-20T13:45:00+05:30","Asia/Kolkata",16.316553,80.413302,,,,"OpenAQ admin","N/A"
6267806,"Rajendra Nagar North, Guntur - APPCB","relativehumidity",59.68,"%","2026-08-20T08:30:00Z","2026-08-20T14:00:00+05:30","Asia/Kolkata",16.316553,80.413302,,,,"OpenAQ admin","N/A"
6267806,"Rajendra Nagar North, Guntur - APPCB","relativehumidity",58.71,"%","2026-08-20T08:45:00Z","2026-08-20T14:15:00+05:30","Asia/Kolkata",16.316553,80.413302,,,,"OpenAQ admin","N/A"
6267806,"Rajendra Nagar North, Guntur - APPCB","relativehumidity",58.51,"%","2026-08-20T09:00:00Z","2026-08-20T14:30:00+05:30","Asia/Kolkata",16.316553,80.413302,,,,"OpenAQ admin","N/A"
6267806,"Rajendra Nagar North, Guntur - APPCB","relativehumidity",58.52,"%","2026-08-20T09:15:00Z","2026-08-20T14:45:00+05:30","Asia/Kolkata",16.316553,80.413302,,,,"OpenAQ admin","N/A"
6267806,"Rajendra Nagar North, Guntur - APPCB","relativehumidity",56.03,"%","2026-08-20T09:30:00Z","2026-08-20T15:00:00+05:30","Asia/Kolkata",16.316553,80.413302,,,,"OpenAQ admin","N/A"
6267806,"Rajendra Nagar North, Guntur - APPCB","relativehumidity",54.72,"%","2026-08-20T09:45:00Z","2026-08-20T15:15:00+05:30","Asia/Kolkata",16.316553,80.413302,,,,"OpenAQ admin","N/A"
6267806,"Rajendra Nagar North, Guntur - APPCB","relativehumidity",55.04,"%","2026-08-20T10:15:00Z","2026-08-20T15:45:00+05:30","Asia/Kolkata",16.316553,80.413302,,,,"OpenAQ admin","N/A"
6267806,"Rajendra Nagar North, Guntur - APPCB","relativehumidity",54.95,"%","2026-08-20T10:30:00Z","2026-08-20T16:00:00+05:30","Asia/Kolkata",16.316553,80.413302,,,,"OpenAQ admin","N/A"
6267806,"Rajendra Nagar North, Guntur - APPCB","relativehumidity",55.33,"%","2026-08-20T10:45:00Z","2026-08-20T16:15:00+05:30","Asia/Kolkata",16.316553,80.413302,,,,"OpenAQ admin","N/A"
6267806,"Rajendra Nagar North, Guntur - APPCB","relativehumidity",54.63,"%","2026-08-20T11:00:00Z","2026-08-20T16:30:00+05:30","Asia/Kolkata",16.316553,80.413302,,,,"OpenAQ admin","N/A"
6267806,"Rajendra Nagar North, Guntur - APPCB","relativehumidity",54.25,"%","2026-08-20T11:15:00Z","2026-08-20T16:45:00+05:30","Asia/Kolkata",16.316553,80.413302,,,,"OpenAQ admin","N/A"
6267806,"Rajendra Nagar North, Guntur - APPCB","relativehumidity",54.42,"%","2026-08-20T11:30:00Z","2026-08-20T17:00:00+05:30","Asia/Kolkata",16.316553,80.413302,,,,"OpenAQ admin","N/A"
6267806,"Rajendra Nagar North, Guntur - APPCB","relativehumidity",54.54,"%","2026-08-20T11:45:00Z","2026-08-20T17:15:00+05:30","Asia/Kolkata",16.316553,80.413302,,,,"OpenAQ admin","N/A"
6267806,"Rajendra Nagar North, Guntur - APPCB","relativehumidity",55.38,"%","2026-08-20T12:15:00Z","2026-08-20T17:45:00+05:30","Asia/Kolkata",16.316553,80.413302,,,,"OpenAQ admin","N/A"
6267806,"Rajendra Nagar North, Guntur - APPCB","relativehumidity",55.93,"%","2026-08-20T12:30:00Z","2026-08-20T18:00:00+05:30","Asia/Kolkata",16.316553,80.413302,,,,"OpenAQ admin","N/A"
6267806,"Rajendra Nagar North, Guntur - APPCB","relativehumidity",57.48,"%","2026-08-20T12:45:00Z","2026-08-20T18:15:00+05:30","Asia/Kolkata",16.316553,80.413302,,,,"OpenAQ admin","N/A"
6267806,"Rajendra Nagar North, Guntur - APPCB","relativehumidity",61.82,"%","2026-08-20T13:00:00Z","2026-08-20T18:30:00+05:30","Asia/Kolkata",16.316553,80.413302,,,,"OpenAQ admin","N/A"
6267806,"Rajendra Nagar North, Guntur - APPCB","relativehumidity",63.63,"%","2026-08-20T13:15:00Z","2026-08-20T18:45:00+05:30","Asia/Kolkata",16.316553,80.413302,,,,"OpenAQ admin","N/A"
6267806,"Rajendra Nagar North, Guntur - APPCB","relativehumidity",64.6,"%","2026-08-20T13:30:00Z","2026-08-20T19:00:00+05:30","Asia/Kolkata",16.316553,80.413302,,,,"OpenAQ admin","N/A"
6267806,"Rajendra Nagar North, Guntur - APPCB","relativehumidity",65.03,"%","2026-08-20T13:45:00Z","2026-08-20T19:15:00+05:30","Asia/Kolkata",16.316553,80.413302,,,,"OpenAQ admin","N/A"
6267806,"Rajendra Nagar North, Guntur - APPCB","relativehumidity",64.38,"%","2026-08-20T14:15:00Z","2026-08-20T19:45:00+05:30","Asia/Kolkata",16.316553,80.413302,,,,"OpenAQ admin","N/A"
6267806,"Rajendra Nagar North, Guntur - APPCB","relativehumidity",64.24,"%","2026-08-20T14:30:00Z","2026-08-20T20:00:00+05:30","Asia/Kolkata",16.316553,80.413302,,,,"OpenAQ admin","N/A"
6267806,"Rajendra Nagar North, Guntur - APPCB","relativehumidity",64.67,"%","2026-08-20T14:45:00Z","2026-08-20T20:15:00+05:30","Asia/Kolkata",16.316553,80.413302,,,,"OpenAQ admin","N/A"
6267806,"Rajendra Nagar North, Guntur - APPCB","relativehumidity",68.03,"%","2026-08-20T15:00:00Z","2026-08-20T20:30:00+05:30","Asia/Kolkata",16.316553,80.413302,,,,"OpenAQ admin","N/A"
6267806,"Rajendra Nagar North, Guntur - APPCB","relativehumidity",70.23,"%","2026-08-20T15:15:00Z","2026-08-20T20:45:00+05:30","Asia/Kolkata",16.316553,80.413302,,,,"OpenAQ admin","N/A"
6267806,"Rajendra Nagar North, Guntur - APPCB","relativehumidity",71.61,"%","2026-08-20T15:30:00Z","2026-08-20T21:00:00+05:30","Asia/Kolkata",16.316553,80.413302,,,,"OpenAQ admin","N/A"
6267806,"Rajendra Nagar North, Guntur - APPCB","relativehumidity",72.56,"%","2026-08-20T16:15:00Z","2026-08-20T21:45:00+05:30","Asia/Kolkata",16.316553,80.413302,,,,"OpenAQ admin","N/A"
6267806,"Rajendra Nagar North, Guntur - APPCB","relativehumidity",72.88,"%","2026-08-20T16:30:00Z","2026-08-20T22:00:00+05:30","Asia/Kolkata",16.316553,80.413302,,,,"OpenAQ admin","N/A"
6267806,"Rajendra Nagar North, Guntur - APPCB","relativehumidity",73.56,"%","2026-08-20T16:45:00Z","2026-08-20T22:15:00+05:30","Asia/Kolkata",16.316553,80.413302,,,,"OpenAQ admin","N/A"
6267806,"Rajendra Nagar North, Guntur - APPCB","relativehumidity",74.03,"%","2026-08-20T17:00:00Z","2026-08-20T22:30:00+05:30","Asia/Kolkata",16.316553,80.413302,,,,"OpenAQ admin","N/A"
6267806,"Rajendra Nagar North, Guntur - APPCB","relativehumidity",75.15,"%","2026-08-20T17:15:00Z","2026-08-20T22:45:00+05:30","Asia/Kolkata",16.316553,80.413302,,,,"OpenAQ admin","N/A"
6267806,"Rajendra Nagar North, Guntur - APPCB","relativehumidity",75.48,"%","2026-08-20T17:30:00Z","2026-08-20T23:00:00+05:30","Asia/Kolkata",16.316553,80.413302,,,,"OpenAQ admin","N/A"
6267806,"Rajendra Nagar North, Guntur - APPCB","relativehumidity",75.5,"%","2026-08-20T18:15:00Z","2026-08-20T23:45:00+05:30","Asia/Kolkata",16.316553,80.413302,,,,"OpenAQ admin","N/A"
6267806,"Rajendra Nagar North, Guntur - APPCB","relativehumidity",78.87,"%","2026-08-20T19:15:00Z","2026-08-21T00:45:00+05:30","Asia/Kolkata",16.316553,80.413302,,,,"OpenAQ admin","N/A"
6267806,"Rajendra Nagar North, Guntur - APPCB","relativehumidity",78.29,"%","2026-08-20T19:30:00Z","2026-08-21T01:00:00+05:30","Asia/Kolkata",16.316553,80.413302,,,,"OpenAQ admin","N/A"
6267806,"Rajendra Nagar North, Guntur - APPCB","relativehumidity",76.92,"%","2026-08-20T20:15:00Z","2026-08-21T01:45:00+05:30","Asia/Kolkata",16.316553,80.413302,,,,"OpenAQ admin","N/A"
6267806,"Rajendra Nagar North, Guntur - APPCB","relativehumidity",77.21,"%","2026-08-20T20:30:00Z","2026-08-21T02:00:00+05:30","Asia/Kolkata",16.316553,80.413302,,,,"OpenAQ admin","N/A"
6267806,"Rajendra Nagar North, Guntur - APPCB","relativehumidity",77.82,"%","2026-08-20T20:45:00Z","2026-08-21T02:15:00+05:30","Asia/Kolkata",16.316553,80.413302,,,,"OpenAQ admin","N/A"
6267806,"Rajendra Nagar North, Guntur - APPCB","relativehumidity",78.31,"%","2026-08-20T21:00:00Z","2026-08-21T02:30:00+05:30","Asia/Kolkata",16.316553,80.413302,,,,"OpenAQ admin","N/A"
6267806,"Rajendra Nagar North, Guntur - APPCB","relativehumidity",78.94,"%","2026-08-20T21:15:00Z","2026-08-21T02:45:00+05:30","Asia/Kolkata",16.316553,80.413302,,,,"OpenAQ admin","N/A"
6267806,"Rajendra Nagar North, Guntur - APPCB","relativehumidity",79.68,"%","2026-08-20T21:30:00Z","2026-08-21T03:00:00+05:30","Asia/Kolkata",16.316553,80.413302,,,,"OpenAQ admin","N/A"
6267806,"Rajendra Nagar North, Guntur - APPCB","relativehumidity",80.22,"%","2026-08-20T21:45:00Z","2026-08-21T03:15:00+05:30","Asia/Kolkata",16.316553,80.413302,,,,"OpenAQ admin","N/A"
6267806,"Rajendra Nagar North, Guntur - APPCB","relativehumidity",80.52,"%","2026-08-20T22:00:00Z","2026-08-21T03:30:00+05:30","Asia/Kolkata",16.316553,80.413302,,,,"OpenAQ admin","N/A"
6267806,"Rajendra Nagar North, Guntur - APPCB","relativehumidity",81.12,"%","2026-08-20T22:15:00Z","2026-08-21T03:45:00+05:30","Asia/Kolkata",16.316553,80.413302,,,,"OpenAQ admin","N/A"
6267806,"Rajendra Nagar North, Guntur - APPCB","relativehumidity",81.93,"%","2026-08-20T22:30:00Z","2026-08-21T04:00:00+05:30","Asia/Kolkata",16.316553,80.413302,,,,"OpenAQ admin","N/A"
6267806,"Rajendra Nagar North, Guntur - APPCB","so2",9.46,"ppb","2026-08-20T00:15:00Z","2026-08-20T05:45:00+05:30","Asia/Kolkata",16.316553,80.413302,,,,"OpenAQ admin","N/A"
6267806,"Rajendra Nagar North, Guntur - APPCB","so2",9.43,"ppb","2026-08-20T00:30:00Z","2026-08-20T06:00:00+05:30","Asia/Kolkata",16.316553,80.413302,,,,"OpenAQ admin","N/A"
6267806,"Rajendra Nagar North, Guntur - APPCB","so2",9.46,"ppb","2026-08-20T00:45:00Z","2026-08-20T06:15:00+05:30","Asia/Kolkata",16.316553,80.413302,,,,"OpenAQ admin","N/A"
6267806,"Rajendra Nagar North, Guntur - APPCB","so2",9.58,"ppb","2026-08-20T01:00:00Z","2026-08-20T06:30:00+05:30","Asia/Kolkata",16.316553,80.413302,,,,"OpenAQ admin","N/A"
6267806,"Rajendra Nagar North, Guntur - APPCB","so2",9.54,"ppb","2026-08-20T01:15:00Z","2026-08-20T06:45:00+05:30","Asia/Kolkata",16.316553,80.413302,,,,"OpenAQ admin","N/A"
6267806,"Rajendra Nagar North, Guntur - APPCB","so2",9.42,"ppb","2026-08-20T01:30:00Z","2026-08-20T07:00:00+05:30","Asia/Kolkata",16.316553,80.413302,,,,"OpenAQ admin","N/A"
6267806,"Rajendra Nagar North, Guntur - APPCB","so2",9.53,"ppb","2026-08-20T01:45:00Z","2026-08-20T07:15:00+05:30","Asia/Kolkata",16.316553,80.413302,,,,"OpenAQ admin","N/A"
6267806,"Rajendra Nagar North, Guntur - APPCB","so2",10.48,"ppb","2026-08-20T02:15:00Z","2026-08-20T07:45:00+05:30","Asia/Kolkata",16.316553,80.413302,,,,"OpenAQ admin","N/A"
6267806,"Rajendra Nagar North, Guntur - APPCB","so2",10.28,"ppb","2026-08-20T02:30:00Z","2026-08-20T08:00:00+05:30","Asia/Kolkata",16.316553,80.413302,,,,"OpenAQ admin","N/A"
6267806,"Rajendra Nagar North, Guntur - APPCB","so2",9.78,"ppb","2026-08-20T02:45:00Z","2026-08-20T08:15:00+05:30","Asia/Kolkata",16.316553,80.413302,,,,"OpenAQ admin","N/A"
6267806,"Rajendra Nagar North, Guntur - APPCB","so2",10.05,"ppb","2026-08-20T03:00:00Z","2026-08-20T08:30:00+05:30","Asia/Kolkata",16.316553,80.413302,,,,"OpenAQ admin","N/A"
6267806,"Rajendra Nagar North, Guntur - APPCB","so2",9.93,"ppb","2026-08-20T03:15:00Z","2026-08-20T08:45:00+05:30","Asia/Kolkata",16.316553,80.413302,,,,"OpenAQ admin","N/A"
6267806,"Rajendra Nagar North, Guntur - APPCB","so2",10.41,"ppb","2026-08-20T03:30:00Z","2026-08-20T09:00:00+05:30","Asia/Kolkata",16.316553,80.413302,,,,"OpenAQ admin","N/A"
6267806,"Rajendra Nagar North, Guntur - APPCB","so2",10.24,"ppb","2026-08-20T03:45:00Z","2026-08-20T09:15:00+05:30","Asia/Kolkata",16.316553,80.413302,,,,"OpenAQ admin","N/A"
6267806,"Rajendra Nagar North, Guntur - APPCB","so2",10.76,"ppb","2026-08-20T04:15:00Z","2026-08-20T09:45:00+05:30","Asia/Kolkata",16.316553,80.413302,,,,"OpenAQ admin","N/A"
6267806,"Rajendra Nagar North, Guntur - APPCB","so2",12.56,"ppb","2026-08-20T05:00:00Z","2026-08-20T10:30:00+05:30","Asia/Kolkata",16.316553,80.413302,,,,"OpenAQ admin","N/A"
6267806,"Rajendra Nagar North, Guntur - APPCB","so2",12.35,"ppb","2026-08-20T05:15:00Z","2026-08-20T10:45:00+05:30","Asia/Kolkata",16.316553,80.413302,,,,"OpenAQ admin","N/A"
6267806,"Rajendra Nagar North, Guntur - APPCB","so2",12.31,"ppb","2026-08-20T05:30:00Z","2026-08-20T11:00:00+05:30","Asia/Kolkata",16.316553,80.413302,,,,"OpenAQ admin","N/A"
6267806,"Rajendra Nagar North, Guntur - APPCB","so2",12.53,"ppb","2026-08-20T05:45:00Z","2026-08-20T11:15:00+05:30","Asia/Kolkata",16.316553,80.413302,,,,"OpenAQ admin","N/A"
6267806,"Rajendra Nagar North, Guntur - APPCB","so2",12.97,"ppb","2026-08-20T06:00:00Z","2026-08-20T11:30:00+05:30","Asia/Kolkata",16.316553,80.413302,,,,"OpenAQ admin","N/A"
6267806,"Rajendra Nagar North, Guntur - APPCB","so2",12.52,"ppb","2026-08-20T06:15:00Z","2026-08-20T11:45:00+05:30","Asia/Kolkata",16.316553,80.413302,,,,"OpenAQ admin","N/A"
6267806,"Rajendra Nagar North, Guntur - APPCB","so2",12.55,"ppb","2026-08-20T06:30:00Z","2026-08-20T12:00:00+05:30","Asia/Kolkata",16.316553,80.413302,,,,"OpenAQ admin","N/A"
6267806,"Rajendra Nagar North, Guntur - APPCB","so2",11.78,"ppb","2026-08-20T06:45:00Z","2026-08-20T12:15:00+05:30","Asia/Kolkata",16.316553,80.413302,,,,"OpenAQ admin","N/A"
6267806,"Rajendra Nagar North, Guntur - APPCB","so2",11.24,"ppb","2026-08-20T07:00:00Z","2026-08-20T12:30:00+05:30","Asia/Kolkata",16.316553,80.413302,,,,"OpenAQ admin","N/A"
6267806,"Rajendra Nagar North, Guntur - APPCB","so2",10.77,"ppb","2026-08-20T07:15:00Z","2026-08-20T12:45:00+05:30","Asia/Kolkata",16.316553,80.413302,,,,"OpenAQ admin","N/A"
6267806,"Rajendra Nagar North, Guntur - APPCB","so2",11.54,"ppb","2026-08-20T07:30:00Z","2026-08-20T13:00:00+05:30","Asia/Kolkata",16.316553,80.413302,,,,"OpenAQ admin","N/A"
6267806,"Rajendra Nagar North, Guntur - APPCB","so2",10.99,"ppb","2026-08-20T07:45:00Z","2026-08-20T13:15:00+05:30","Asia/Kolkata",16.316553,80.413302,,,,"OpenAQ admin","N/A"
6267806,"Rajendra Nagar North, Guntur - APPCB","so2",11.03,"ppb","2026-08-20T08:15:00Z","2026-08-20T13:45:00+05:30","Asia/Kolkata",16.316553,80.413302,,,,"OpenAQ admin","N/A"
6267806,"Rajendra Nagar North, Guntur - APPCB","so2",11.44,"ppb","2026-08-20T08:30:00Z","2026-08-20T14:00:00+05:30","Asia/Kolkata",16.316553,80.413302,,,,"OpenAQ admin","N/A"
6267806,"Rajendra Nagar North, Guntur - APPCB","so2",10.96,"ppb","2026-08-20T08:45:00Z","2026-08-20T14:15:00+05:30","Asia/Kolkata",16.316553,80.413302,,,,"OpenAQ admin","N/A"
6267806,"Rajendra Nagar North, Guntur - APPCB","so2",10.72,"ppb","2026-08-20T09:00:00Z","2026-08-20T14:30:00+05:30","Asia/Kolkata",16.316553,80.413302,,,,"OpenAQ admin","N/A"
6267806,"Rajendra Nagar North, Guntur - APPCB","so2",11.94,"ppb","2026-08-20T09:15:00Z","2026-08-20T14:45:00+05:30","Asia/Kolkata",16.316553,80.413302,,,,"OpenAQ admin","N/A"
6267806,"Rajendra Nagar North, Guntur - APPCB","so2",12.38,"ppb","2026-08-20T09:30:00Z","2026-08-20T15:00:00+05:30","Asia/Kolkata",16.316553,80.413302,,,,"OpenAQ admin","N/A"
6267806,"Rajendra Nagar North, Guntur - APPCB","so2",12.69,"ppb","2026-08-20T09:45:00Z","2026-08-20T15:15:00+05:30","Asia/Kolkata",16.316553,80.413302,,,,"OpenAQ admin","N/A"
6267806,"Rajendra Nagar North, Guntur - APPCB","so2",13.01,"ppb","2026-08-20T10:15:00Z","2026-08-20T15:45:00+05:30","Asia/Kolkata",16.316553,80.413302,,,,"OpenAQ admin","N/A"
6267806,"Rajendra Nagar North, Guntur - APPCB","so2",13.04,"ppb","2026-08-20T10:30:00Z","2026-08-20T16:00:00+05:30","Asia/Kolkata",16.316553,80.413302,,,,"OpenAQ admin","N/A"
6267806,"Rajendra Nagar North, Guntur - APPCB","so2",13.16,"ppb","2026-08-20T10:45:00Z","2026-08-20T16:15:00+05:30","Asia/Kolkata",16.316553,80.413302,,,,"OpenAQ admin","N/A"
6267806,"Rajendra Nagar North, Guntur - APPCB","so2",11.62,"ppb","2026-08-20T11:00:00Z","2026-08-20T16:30:00+05:30","Asia/Kolkata",16.316553,80.413302,,,,"OpenAQ admin","N/A"
6267806,"Rajendra Nagar North, Guntur - APPCB","so2",9.87,"ppb","2026-08-20T11:15:00Z","2026-08-20T16:45:00+05:30","Asia/Kolkata",16.316553,80.413302,,,,"OpenAQ admin","N/A"
6267806,"Rajendra Nagar North, Guntur - APPCB","so2",10.04,"ppb","2026-08-20T11:30:00Z","2026-08-20T17:00:00+05:30","Asia/Kolkata",16.316553,80.413302,,,,"OpenAQ admin","N/A"
6267806,"Rajendra Nagar North, Guntur - APPCB","so2",9.68,"ppb","2026-08-20T11:45:00Z","2026-08-20T17:15:00+05:30","Asia/Kolkata",16.316553,80.413302,,,,"OpenAQ admin","N/A"
6267806,"Rajendra Nagar North, Guntur - APPCB","so2",9.62,"ppb","2026-08-20T12:15:00Z","2026-08-20T17:45:00+05:30","Asia/Kolkata",16.316553,80.413302,,,,"OpenAQ admin","N/A"
6267806,"Rajendra Nagar North, Guntur - APPCB","so2",9.5,"ppb","2026-08-20T12:30:00Z","2026-08-20T18:00:00+05:30","Asia/Kolkata",16.316553,80.413302,,,,"OpenAQ admin","N/A"
6267806,"Rajendra Nagar North, Guntur - APPCB","so2",9.88,"ppb","2026-08-20T12:45:00Z","2026-08-20T18:15:00+05:30","Asia/Kolkata",16.316553,80.413302,,,,"OpenAQ admin","N/A"
6267806,"Rajendra Nagar North, Guntur - APPCB","so2",10.01,"ppb","2026-08-20T13:00:00Z","2026-08-20T18:30:00+05:30","Asia/Kolkata",16.316553,80.413302,,,,"OpenAQ admin","N/A"
6267806,"Rajendra Nagar North, Guntur - APPCB","so2",10.16,"ppb","2026-08-20T13:15:00Z","2026-08-20T18:45:00+05:30","Asia/Kolkata",16.316553,80.413302,,,,"OpenAQ admin","N/A"
6267806,"Rajendra Nagar North, Guntur - APPCB","so2",9.54,"ppb","2026-08-20T13:30:00Z","2026-08-20T19:00:00+05:30","Asia/Kolkata",16.316553,80.413302,,,,"OpenAQ admin","N/A"
6267806,"Rajendra Nagar North, Guntur - APPCB","so2",10.06,"ppb","2026-08-20T13:45:00Z","2026-08-20T19:15:00+05:30","Asia/Kolkata",16.316553,80.413302,,,,"OpenAQ admin","N/A"
6267806,"Rajendra Nagar North, Guntur - APPCB","so2",10.42,"ppb","2026-08-20T14:15:00Z","2026-08-20T19:45:00+05:30","Asia/Kolkata",16.316553,80.413302,,,,"OpenAQ admin","N/A"
6267806,"Rajendra Nagar North, Guntur - APPCB","so2",11.11,"ppb","2026-08-20T14:30:00Z","2026-08-20T20:00:00+05:30","Asia/Kolkata",16.316553,80.413302,,,,"OpenAQ admin","N/A"
6267806,"Rajendra Nagar North, Guntur - APPCB","so2",11.15,"ppb","2026-08-20T14:45:00Z","2026-08-20T20:15:00+05:30","Asia/Kolkata",16.316553,80.413302,,,,"OpenAQ admin","N/A"
6267806,"Rajendra Nagar North, Guntur - APPCB","so2",10.17,"ppb","2026-08-20T15:00:00Z","2026-08-20T20:30:00+05:30","Asia/Kolkata",16.316553,80.413302,,,,"OpenAQ admin","N/A"
6267806,"Rajendra Nagar North, Guntur - APPCB","so2",10.7,"ppb","2026-08-20T15:15:00Z","2026-08-20T20:45:00+05:30","Asia/Kolkata",16.316553,80.413302,,,,"OpenAQ admin","N/A"
6267806,"Rajendra Nagar North, Guntur - APPCB","so2",10.52,"ppb","2026-08-20T15:30:00Z","2026-08-20T21:00:00+05:30","Asia/Kolkata",16.316553,80.413302,,,,"OpenAQ admin","N/A"
6267806,"Rajendra Nagar North, Guntur - APPCB","so2",9.86,"ppb","2026-08-20T16:15:00Z","2026-08-20T21:45:00+05:30","Asia/Kolkata",16.316553,80.413302,,,,"OpenAQ admin","N/A"
6267806,"Rajendra Nagar North, Guntur - APPCB","so2",9.76,"ppb","2026-08-20T16:30:00Z","2026-08-20T22:00:00+05:30","Asia/Kolkata",16.316553,80.413302,,,,"OpenAQ admin","N/A"
6267806,"Rajendra Nagar North, Guntur - APPCB","so2",10.36,"ppb","2026-08-20T16:45:00Z","2026-08-20T22:15:00+05:30","Asia/Kolkata",16.316553,80.413302,,,,"OpenAQ admin","N/A"
6267806,"Rajendra Nagar North, Guntur - APPCB","so2",9.4,"ppb","2026-08-20T17:00:00Z","2026-08-20T22:30:00+05:30","Asia/Kolkata",16.316553,80.413302,,,,"OpenAQ admin","N/A"
6267806,"Rajendra Nagar North, Guntur - APPCB","so2",9.72,"ppb","2026-08-20T17:15:00Z","2026-08-20T22:45:00+05:30","Asia/Kolkata",16.316553,80.413302,,,,"OpenAQ admin","N/A"
6267806,"Rajendra Nagar North, Guntur - APPCB","so2",9.33,"ppb","2026-08-20T17:30:00Z","2026-08-20T23:00:00+05:30","Asia/Kolkata",16.316553,80.413302,,,,"OpenAQ admin","N/A"
6267806,"Rajendra Nagar North, Guntur - APPCB","so2",9.71,"ppb","2026-08-20T18:15:00Z","2026-08-20T23:45:00+05:30","Asia/Kolkata",16.316553,80.413302,,,,"OpenAQ admin","N/A"
6267806,"Rajendra Nagar North, Guntur - APPCB","so2",8.17,"ppb","2026-08-20T19:15:00Z","2026-08-21T00:45:00+05:30","Asia/Kolkata",16.316553,80.413302,,,,"OpenAQ admin","N/A"
6267806,"Rajendra Nagar North, Guntur - APPCB","so2",8.07,"ppb","2026-08-20T19:30:00Z","2026-08-21T01:00:00+05:30","Asia/Kolkata",16.316553,80.413302,,,,"OpenAQ admin","N/A"
6267806,"Rajendra Nagar North, Guntur - APPCB","so2",8.09,"ppb","2026-08-20T20:15:00Z","2026-08-21T01:45:00+05:30","Asia/Kolkata",16.316553,80.413302,,,,"OpenAQ admin","N/A"
6267806,"Rajendra Nagar North, Guntur - APPCB","so2",8.41,"ppb","2026-08-20T20:30:00Z","2026-08-21T02:00:00+05:30","Asia/Kolkata",16.316553,80.413302,,,,"OpenAQ admin","N/A"
6267806,"Rajendra Nagar North, Guntur - APPCB","so2",8.12,"ppb","2026-08-20T20:45:00Z","2026-08-21T02:15:00+05:30","Asia/Kolkata",16.316553,80.413302,,,,"OpenAQ admin","N/A"
6267806,"Rajendra Nagar North, Guntur - APPCB","so2",7.71,"ppb","2026-08-20T21:00:00Z","2026-08-21T02:30:00+05:30","Asia/Kolkata",16.316553,80.413302,,,,"OpenAQ admin","N/A"
6267806,"Rajendra Nagar North, Guntur - APPCB","so2",8.41,"ppb","2026-08-20T21:15:00Z","2026-08-21T02:45:00+05:30","Asia/Kolkata",16.316553,80.413302,,,,"OpenAQ admin","N/A"
6267806,"Rajendra Nagar North, Guntur - APPCB","so2",7.9,"ppb","2026-08-20T21:30:00Z","2026-08-21T03:00:00+05:30","Asia/Kolkata",16.316553,80.413302,,,,"OpenAQ admin","N/A"
6267806,"Rajendra Nagar North, Guntur - APPCB","so2",7.61,"ppb","2026-08-20T21:45:00Z","2026-08-21T03:15:00+05:30","Asia/Kolkata",16.316553,80.413302,,,,"OpenAQ admin","N/A"
6267806,"Rajendra Nagar North, Guntur - APPCB","so2",7.55,"ppb","2026-08-20T22:00:00Z","2026-08-21T03:30:00+05:30","Asia/Kolkata",16.316553,80.413302,,,,"OpenAQ admin","N/A"
6267806,"Rajendra Nagar North, Guntur - APPCB","so2",7.99,"ppb","2026-08-20T22:15:00Z","2026-08-21T03:45:00+05:30","Asia/Kolkata",16.316553,80.413302,,,,"OpenAQ admin","N/A"
6267806,"Rajendra Nagar North, Guntur - APPCB","so2",7.85,"ppb","2026-08-20T22:30:00Z","2026-08-21T04:00:00+05:30","Asia/Kolkata",16.316553,80.413302,,,,"OpenAQ admin","N/A"
6267806,"Rajendra Nagar North, Guntur - APPCB","temperature",26.13,"c","2026-08-20T00:15:00Z","2026-08-20T05:45:00+05:30","Asia/Kolkata",16.316553,80.413302,,,,"OpenAQ admin","N/A"
6267806,"Rajendra Nagar North, Guntur - APPCB","temperature",25.76,"c","2026-08-20T00:30:00Z","2026-08-20T06:00:00+05:30","Asia/Kolkata",16.316553,80.413302,,,,"OpenAQ admin","N/A"
6267806,"Rajendra Nagar North, Guntur - APPCB","temperature",25.84,"c","2026-08-20T00:45:00Z","2026-08-20T06:15:00+05:30","Asia/Kolkata",16.316553,80.413302,,,,"OpenAQ admin","N/A"
6267806,"Rajendra Nagar North, Guntur - APPCB","temperature",25.87,"c","2026-08-20T01:00:00Z","2026-08-20T06:30:00+05:30","Asia/Kolkata",16.316553,80.413302,,,,"OpenAQ admin","N/A"
6267806,"Rajendra Nagar North, Guntur - APPCB","temperature",25.59,"c","2026-08-20T01:15:00Z","2026-08-20T06:45:00+05:30","Asia/Kolkata",16.316553,80.413302,,,,"OpenAQ admin","N/A"
6267806,"Rajendra Nagar North, Guntur - APPCB","temperature",25.71,"c","2026-08-20T01:30:00Z","2026-08-20T07:00:00+05:30","Asia/Kolkata",16.316553,80.413302,,,,"OpenAQ admin","N/A"
6267806,"Rajendra Nagar North, Guntur - APPCB","temperature",25.84,"c","2026-08-20T01:45:00Z","2026-08-20T07:15:00+05:30","Asia/Kolkata",16.316553,80.413302,,,,"OpenAQ admin","N/A"
6267806,"Rajendra Nagar North, Guntur - APPCB","temperature",25.99,"c","2026-08-20T02:00:00Z","2026-08-20T07:30:00+05:30","Asia/Kolkata",16.316553,80.413302,,,,"OpenAQ admin","N/A"
6267806,"Rajendra Nagar North, Guntur - APPCB","temperature",26.12,"c","2026-08-20T02:15:00Z","2026-08-20T07:45:00+05:30","Asia/Kolkata",16.316553,80.413302,,,,"OpenAQ admin","N/A"
6267806,"Rajendra Nagar North, Guntur - APPCB","temperature",25.84,"c","2026-08-20T02:30:00Z","2026-08-20T08:00:00+05:30","Asia/Kolkata",16.316553,80.413302,,,,"OpenAQ admin","N/A"
6267806,"Rajendra Nagar North, Guntur - APPCB","temperature",25.86,"c","2026-08-20T02:45:00Z","2026-08-20T08:15:00+05:30","Asia/Kolkata",16.316553,80.413302,,,,"OpenAQ admin","N/A"
6267806,"Rajendra Nagar North, Guntur - APPCB","temperature",26.14,"c","2026-08-20T03:00:00Z","2026-08-20T08:30:00+05:30","Asia/Kolkata",16.316553,80.413302,,,,"OpenAQ admin","N/A"
6267806,"Rajendra Nagar North, Guntur - APPCB","temperature",26.32,"c","2026-08-20T03:15:00Z","2026-08-20T08:45:00+05:30","Asia/Kolkata",16.316553,80.413302,,,,"OpenAQ admin","N/A"
6267806,"Rajendra Nagar North, Guntur - APPCB","temperature",26.59,"c","2026-08-20T03:30:00Z","2026-08-20T09:00:00+05:30","Asia/Kolkata",16.316553,80.413302,,,,"OpenAQ admin","N/A"
6267806,"Rajendra Nagar North, Guntur - APPCB","temperature",26.85,"c","2026-08-20T03:45:00Z","2026-08-20T09:15:00+05:30","Asia/Kolkata",16.316553,80.413302,,,,"OpenAQ admin","N/A"
6267806,"Rajendra Nagar North, Guntur - APPCB","temperature",27.93,"c","2026-08-20T04:15:00Z","2026-08-20T09:45:00+05:30","Asia/Kolkata",16.316553,80.413302,,,,"OpenAQ admin","N/A"
6267806,"Rajendra Nagar North, Guntur - APPCB","temperature",27.98,"c","2026-08-20T04:30:00Z","2026-08-20T10:00:00+05:30","Asia/Kolkata",16.316553,80.413302,,,,"OpenAQ admin","N/A"
6267806,"Rajendra Nagar North, Guntur - APPCB","temperature",27.91,"c","2026-08-20T04:45:00Z","2026-08-20T10:15:00+05:30","Asia/Kolkata",16.316553,80.413302,,,,"OpenAQ admin","N/A"
6267806,"Rajendra Nagar North, Guntur - APPCB","temperature",28.53,"c","2026-08-20T05:00:00Z","2026-08-20T10:30:00+05:30","Asia/Kolkata",16.316553,80.413302,,,,"OpenAQ admin","N/A"
6267806,"Rajendra Nagar North, Guntur - APPCB","temperature",28.74,"c","2026-08-20T05:15:00Z","2026-08-20T10:45:00+05:30","Asia/Kolkata",16.316553,80.413302,,,,"OpenAQ admin","N/A"
6267806,"Rajendra Nagar North, Guntur - APPCB","temperature",29.09,"c","2026-08-20T05:30:00Z","2026-08-20T11:00:00+05:30","Asia/Kolkata",16.316553,80.413302,,,,"OpenAQ admin","N/A"
6267806,"Rajendra Nagar North, Guntur - APPCB","temperature",28.99,"c","2026-08-20T05:45:00Z","2026-08-20T11:15:00+05:30","Asia/Kolkata",16.316553,80.413302,,,,"OpenAQ admin","N/A"
6267806,"Rajendra Nagar North, Guntur - APPCB","temperature",29.72,"c","2026-08-20T06:00:00Z","2026-08-20T11:30:00+05:30","Asia/Kolkata",16.316553,80.413302,,,,"OpenAQ admin","N/A"
6267806,"Rajendra Nagar North, Guntur - APPCB","temperature",30.11,"c","2026-08-20T06:15:00Z","2026-08-20T11:45:00+05:30","Asia/Kolkata",16.316553,80.413302,,,,"OpenAQ admin","N/A"
6267806,"Rajendra Nagar North, Guntur - APPCB","temperature",30.37,"c","2026-08-20T06:30:00Z","2026-08-20T12:00:00+05:30","Asia/Kolkata",16.316553,80.413302,,,,"OpenAQ admin","N/A"
6267806,"Rajendra Nagar North, Guntur - APPCB","temperature",30.24,"c","2026-08-20T06:45:00Z","2026-08-20T12:15:00+05:30","Asia/Kolkata",16.316553,80.413302,,,,"OpenAQ admin","N/A"
6267806,"Rajendra Nagar North, Guntur - APPCB","temperature",31.09,"c","2026-08-20T07:00:00Z","2026-08-20T12:30:00+05:30","Asia/Kolkata",16.316553,80.413302,,,,"OpenAQ admin","N/A"
6267806,"Rajendra Nagar North, Guntur - APPCB","temperature",31.96,"c","2026-08-20T07:15:00Z","2026-08-20T12:45:00+05:30","Asia/Kolkata",16.316553,80.413302,,,,"OpenAQ admin","N/A"
6267806,"Rajendra Nagar North, Guntur - APPCB","temperature",31.84,"c","2026-08-20T07:30:00Z","2026-08-20T13:00:00+05:30","Asia/Kolkata",16.316553,80.413302,,,,"OpenAQ admin","N/A"
6267806,"Rajendra Nagar North, Guntur - APPCB","temperature",32.01,"c","2026-08-20T07:45:00Z","2026-08-20T13:15:00+05:30","Asia/Kolkata",16.316553,80.413302,,,,"OpenAQ admin","N/A"
6267806,"Rajendra Nagar North, Guntur - APPCB","temperature",32.89,"c","2026-08-20T08:15:00Z","2026-08-20T13:45:00+05:30","Asia/Kolkata",16.316553,80.413302,,,,"OpenAQ admin","N/A"
6267806,"Rajendra Nagar North, Guntur - APPCB","temperature",33.28,"c","2026-08-20T08:30:00Z","2026-08-20T14:00:00+05:30","Asia/Kolkata",16.316553,80.413302,,,,"OpenAQ admin","N/A"
6267806,"Rajendra Nagar North, Guntur - APPCB","temperature",33.28,"c","2026-08-20T08:45:00Z","2026-08-20T14:15:00+05:30","Asia/Kolkata",16.316553,80.413302,,,,"OpenAQ admin","N/A"
6267806,"Rajendra Nagar North, Guntur - APPCB","temperature",33.41,"c","2026-08-20T09:00:00Z","2026-08-20T14:30:00+05:30","Asia/Kolkata",16.316553,80.413302,,,,"OpenAQ admin","N/A"
6267806,"Rajendra Nagar North, Guntur - APPCB","temperature",33.28,"c","2026-08-20T09:15:00Z","2026-08-20T14:45:00+05:30","Asia/Kolkata",16.316553,80.413302,,,,"OpenAQ admin","N/A"
6267806,"Rajendra Nagar North, Guntur - APPCB","temperature",33.8,"c","2026-08-20T09:30:00Z","2026-08-20T15:00:00+05:30","Asia/Kolkata",16.316553,80.413302,,,,"OpenAQ admin","N/A"
6267806,"Rajendra Nagar North, Guntur - APPCB","temperature",34.14,"c","2026-08-20T09:45:00Z","2026-08-20T15:15:00+05:30","Asia/Kolkata",16.316553,80.413302,,,,"OpenAQ admin","N/A"
6267806,"Rajendra Nagar North, Guntur - APPCB","temperature",34.08,"c","2026-08-20T10:15:00Z","2026-08-20T15:45:00+05:30","Asia/Kolkata",16.316553,80.413302,,,,"OpenAQ admin","N/A"
6267806,"Rajendra Nagar North, Guntur - APPCB","temperature",34.21,"c","2026-08-20T10:30:00Z","2026-08-20T16:00:00+05:30","Asia/Kolkata",16.316553,80.413302,,,,"OpenAQ admin","N/A"
6267806,"Rajendra Nagar North, Guntur - APPCB","temperature",34.21,"c","2026-08-20T10:45:00Z","2026-08-20T16:15:00+05:30","Asia/Kolkata",16.316553,80.413302,,,,"OpenAQ admin","N/A"
6267806,"Rajendra Nagar North, Guntur - APPCB","temperature",34.22,"c","2026-08-20T11:00:00Z","2026-08-20T16:30:00+05:30","Asia/Kolkata",16.316553,80.413302,,,,"OpenAQ admin","N/A"
6267806,"Rajendra Nagar North, Guntur - APPCB","temperature",34.22,"c","2026-08-20T11:15:00Z","2026-08-20T16:45:00+05:30","Asia/Kolkata",16.316553,80.413302,,,,"OpenAQ admin","N/A"
6267806,"Rajendra Nagar North, Guntur - APPCB","temperature",34.16,"c","2026-08-20T11:30:00Z","2026-08-20T17:00:00+05:30","Asia/Kolkata",16.316553,80.413302,,,,"OpenAQ admin","N/A"
6267806,"Rajendra Nagar North, Guntur - APPCB","temperature",33.76,"c","2026-08-20T11:45:00Z","2026-08-20T17:15:00+05:30","Asia/Kolkata",16.316553,80.413302,,,,"OpenAQ admin","N/A"
6267806,"Rajendra Nagar North, Guntur - APPCB","temperature",33.75,"c","2026-08-20T12:15:00Z","2026-08-20T17:45:00+05:30","Asia/Kolkata",16.316553,80.413302,,,,"OpenAQ admin","N/A"
6267806,"Rajendra Nagar North, Guntur - APPCB","temperature",33.5,"c","2026-08-20T12:30:00Z","2026-08-20T18:00:00+05:30","Asia/Kolkata",16.316553,80.413302,,,,"OpenAQ admin","N/A"
6267806,"Rajendra Nagar North, Guntur - APPCB","temperature",33.11,"c","2026-08-20T12:45:00Z","2026-08-20T18:15:00+05:30","Asia/Kolkata",16.316553,80.413302,,,,"OpenAQ admin","N/A"
6267806,"Rajendra Nagar North, Guntur - APPCB","temperature",32.55,"c","2026-08-20T13:00:00Z","2026-08-20T18:30:00+05:30","Asia/Kolkata",16.316553,80.413302,,,,"OpenAQ admin","N/A"
6267806,"Rajendra Nagar North, Guntur - APPCB","temperature",32.18,"c","2026-08-20T13:15:00Z","2026-08-20T18:45:00+05:30","Asia/Kolkata",16.316553,80.413302,,,,"OpenAQ admin","N/A"
6267806,"Rajendra Nagar North, Guntur - APPCB","temperature",31.98,"c","2026-08-20T13:30:00Z","2026-08-20T19:00:00+05:30","Asia/Kolkata",16.316553,80.413302,,,,"OpenAQ admin","N/A"
6267806,"Rajendra Nagar North, Guntur - APPCB","temperature",31.81,"c","2026-08-20T13:45:00Z","2026-08-20T19:15:00+05:30","Asia/Kolkata",16.316553,80.413302,,,,"OpenAQ admin","N/A"
6267806,"Rajendra Nagar North, Guntur - APPCB","temperature",31.77,"c","2026-08-20T14:15:00Z","2026-08-20T19:45:00+05:30","Asia/Kolkata",16.316553,80.413302,,,,"OpenAQ admin","N/A"
6267806,"Rajendra Nagar North, Guntur - APPCB","temperature",31.99,"c","2026-08-20T14:30:00Z","2026-08-20T20:00:00+05:30","Asia/Kolkata",16.316553,80.413302,,,,"OpenAQ admin","N/A"
6267806,"Rajendra Nagar North, Guntur - APPCB","temperature",32.08,"c","2026-08-20T14:45:00Z","2026-08-20T20:15:00+05:30","Asia/Kolkata",16.316553,80.413302,,,,"OpenAQ admin","N/A"
6267806,"Rajendra Nagar North, Guntur - APPCB","temperature",31.74,"c","2026-08-20T15:00:00Z","2026-08-20T20:30:00+05:30","Asia/Kolkata",16.316553,80.413302,,,,"OpenAQ admin","N/A"
6267806,"Rajendra Nagar North, Guntur - APPCB","temperature",31.42,"c","2026-08-20T15:15:00Z","2026-08-20T20:45:00+05:30","Asia/Kolkata",16.316553,80.413302,,,,"OpenAQ admin","N/A"
6267806,"Rajendra Nagar North, Guntur - APPCB","temperature",31.15,"c","2026-08-20T15:30:00Z","2026-08-20T21:00:00+05:30","Asia/Kolkata",16.316553,80.413302,,,,"OpenAQ admin","N/A"
6267806,"Rajendra Nagar North, Guntur - APPCB","temperature",30.86,"c","2026-08-20T16:15:00Z","2026-08-20T21:45:00+05:30","Asia/Kolkata",16.316553,80.413302,,,,"OpenAQ admin","N/A"
6267806,"Rajendra Nagar North, Guntur - APPCB","temperature",30.68,"c","2026-08-20T16:30:00Z","2026-08-20T22:00:00+05:30","Asia/Kolkata",16.316553,80.413302,,,,"OpenAQ admin","N/A"
6267806,"Rajendra Nagar North, Guntur - APPCB","temperature",30.45,"c","2026-08-20T16:45:00Z","2026-08-20T22:15:00+05:30","Asia/Kolkata",16.316553,80.413302,,,,"OpenAQ admin","N/A"
6267806,"Rajendra Nagar North, Guntur - APPCB","temperature",30.39,"c","2026-08-20T17:00:00Z","2026-08-20T22:30:00+05:30","Asia/Kolkata",16.316553,80.413302,,,,"OpenAQ admin","N/A"
6267806,"Rajendra Nagar North, Guntur - APPCB","temperature",30.24,"c","2026-08-20T17:15:00Z","2026-08-20T22:45:00+05:30","Asia/Kolkata",16.316553,80.413302,,,,"OpenAQ admin","N/A"
6267806,"Rajendra Nagar North, Guntur - APPCB","temperature",30.13,"c","2026-08-20T17:30:00Z","2026-08-20T23:00:00+05:30","Asia/Kolkata",16.316553,80.413302,,,,"OpenAQ admin","N/A"
6267806,"Rajendra Nagar North, Guntur - APPCB","temperature",29.93,"c","2026-08-20T18:15:00Z","2026-08-20T23:45:00+05:30","Asia/Kolkata",16.316553,80.413302,,,,"OpenAQ admin","N/A"
6267806,"Rajendra Nagar North, Guntur - APPCB","temperature",29.51,"c","2026-08-20T19:15:00Z","2026-08-21T00:45:00+05:30","Asia/Kolkata",16.316553,80.413302,,,,"OpenAQ admin","N/A"
6267806,"Rajendra Nagar North, Guntur - APPCB","temperature",29.49,"c","2026-08-20T19:30:00Z","2026-08-21T01:00:00+05:30","Asia/Kolkata",16.316553,80.413302,,,,"OpenAQ admin","N/A"
6267806,"Rajendra Nagar North, Guntur - APPCB","temperature",29.54,"c","2026-08-20T20:15:00Z","2026-08-21T01:45:00+05:30","Asia/Kolkata",16.316553,80.413302,,,,"OpenAQ admin","N/A"
6267806,"Rajendra Nagar North, Guntur - APPCB","temperature",29.47,"c","2026-08-20T20:30:00Z","2026-08-21T02:00:00+05:30","Asia/Kolkata",16.316553,80.413302,,,,"OpenAQ admin","N/A"
6267806,"Rajendra Nagar North, Guntur - APPCB","temperature",29.38,"c","2026-08-20T20:45:00Z","2026-08-21T02:15:00+05:30","Asia/Kolkata",16.316553,80.413302,,,,"OpenAQ admin","N/A"
6267806,"Rajendra Nagar North, Guntur - APPCB","temperature",29.31,"c","2026-08-20T21:00:00Z","2026-08-21T02:30:00+05:30","Asia/Kolkata",16.316553,80.413302,,,,"OpenAQ admin","N/A"
6267806,"Rajendra Nagar North, Guntur - APPCB","temperature",29.21,"c","2026-08-20T21:15:00Z","2026-08-21T02:45:00+05:30","Asia/Kolkata",16.316553,80.413302,,,,"OpenAQ admin","N/A"
6267806,"Rajendra Nagar North, Guntur - APPCB","temperature",29.12,"c","2026-08-20T21:30:00Z","2026-08-21T03:00:00+05:30","Asia/Kolkata",16.316553,80.413302,,,,"OpenAQ admin","N/A"
6267806,"Rajendra Nagar North, Guntur - APPCB","temperature",29.05,"c","2026-08-20T21:45:00Z","2026-08-21T03:15:00+05:30","Asia/Kolkata",16.316553,80.413302,,,,"OpenAQ admin","N/A"
6267806,"Rajendra Nagar North, Guntur - APPCB","temperature",29.06,"c","2026-08-20T22:00:00Z","2026-08-21T03:30:00+05:30","Asia/Kolkata",16.316553,80.413302,,,,"OpenAQ admin","N/A"
6267806,"Rajendra Nagar North, Guntur - APPCB","temperature",29.03,"c","2026-08-20T22:15:00Z","2026-08-21T03:45:00+05:30","Asia/Kolkata",16.316553,80.413302,,,,"OpenAQ admin","N/A"
6267806,"Rajendra Nagar North, Guntur - APPCB","temperature",28.96,"c","2026-08-20T22:30:00Z","2026-08-21T04:00:00+05:30","Asia/Kolkata",16.316553,80.413302,,,,"OpenAQ admin","N/A"
6267806,"Rajendra Nagar North, Guntur - APPCB","wind_direction",267.36,"deg","2026-08-20T00:15:00Z","2026-08-20T05:45:00+05:30","Asia/Kolkata",16.316553,80.413302,,,,"OpenAQ admin","N/A"
6267806,"Rajendra Nagar North, Guntur - APPCB","wind_direction",265.61,"deg","2026-08-20T00:30:00Z","2026-08-20T06:00:00+05:30","Asia/Kolkata",16.316553,80.413302,,,,"OpenAQ admin","N/A"
6267806,"Rajendra Nagar North, Guntur - APPCB","wind_direction",266.49,"deg","2026-08-20T00:45:00Z","2026-08-20T06:15:00+05:30","Asia/Kolkata",16.316553,80.413302,,,,"OpenAQ admin","N/A"
6267806,"Rajendra Nagar North, Guntur - APPCB","wind_direction",6.98,"deg","2026-08-20T01:00:00Z","2026-08-20T06:30:00+05:30","Asia/Kolkata",16.316553,80.413302,,,,"OpenAQ admin","N/A"
6267806,"Rajendra Nagar North, Guntur - APPCB","wind_direction",8.35,"deg","2026-08-20T01:15:00Z","2026-08-20T06:45:00+05:30","Asia/Kolkata",16.316553,80.413302,,,,"OpenAQ admin","N/A"
6267806,"Rajendra Nagar North, Guntur - APPCB","wind_direction",6.64,"deg","2026-08-20T01:30:00Z","2026-08-20T07:00:00+05:30","Asia/Kolkata",16.316553,80.413302,,,,"OpenAQ admin","N/A"
6267806,"Rajendra Nagar North, Guntur - APPCB","wind_direction",5.33,"deg","2026-08-20T01:45:00Z","2026-08-20T07:15:00+05:30","Asia/Kolkata",16.316553,80.413302,,,,"OpenAQ admin","N/A"
6267806,"Rajendra Nagar North, Guntur - APPCB","wind_direction",4.92,"deg","2026-08-20T02:00:00Z","2026-08-20T07:30:00+05:30","Asia/Kolkata",16.316553,80.413302,,,,"OpenAQ admin","N/A"
6267806,"Rajendra Nagar North, Guntur - APPCB","wind_direction",12.81,"deg","2026-08-20T02:15:00Z","2026-08-20T07:45:00+05:30","Asia/Kolkata",16.316553,80.413302,,,,"OpenAQ admin","N/A"
6267806,"Rajendra Nagar North, Guntur - APPCB","wind_direction",9.99,"deg","2026-08-20T02:30:00Z","2026-08-20T08:00:00+05:30","Asia/Kolkata",16.316553,80.413302,,,,"OpenAQ admin","N/A"
6267806,"Rajendra Nagar North, Guntur - APPCB","wind_direction",11.35,"deg","2026-08-20T02:45:00Z","2026-08-20T08:15:00+05:30","Asia/Kolkata",16.316553,80.413302,,,,"OpenAQ admin","N/A"
6267806,"Rajendra Nagar North, Guntur - APPCB","wind_direction",8.11,"deg","2026-08-20T03:00:00Z","2026-08-20T08:30:00+05:30","Asia/Kolkata",16.316553,80.413302,,,,"OpenAQ admin","N/A"
6267806,"Rajendra Nagar North, Guntur - APPCB","wind_direction",6.39,"deg","2026-08-20T03:15:00Z","2026-08-20T08:45:00+05:30","Asia/Kolkata",16.316553,80.413302,,,,"OpenAQ admin","N/A"
6267806,"Rajendra Nagar North, Guntur - APPCB","wind_direction",9.25,"deg","2026-08-20T03:30:00Z","2026-08-20T09:00:00+05:30","Asia/Kolkata",16.316553,80.413302,,,,"OpenAQ admin","N/A"
6267806,"Rajendra Nagar North, Guntur - APPCB","wind_direction",12.96,"deg","2026-08-20T03:45:00Z","2026-08-20T09:15:00+05:30","Asia/Kolkata",16.316553,80.413302,,,,"OpenAQ admin","N/A"
6267806,"Rajendra Nagar North, Guntur - APPCB","wind_direction",10.26,"deg","2026-08-20T04:15:00Z","2026-08-20T09:45:00+05:30","Asia/Kolkata",16.316553,80.413302,,,,"OpenAQ admin","N/A"
6267806,"Rajendra Nagar North, Guntur - APPCB","wind_direction",20.2,"deg","2026-08-20T04:30:00Z","2026-08-20T10:00:00+05:30","Asia/Kolkata",16.316553,80.413302,,,,"OpenAQ admin","N/A"
6267806,"Rajendra Nagar North, Guntur - APPCB","wind_direction",19.39,"deg","2026-08-20T04:45:00Z","2026-08-20T10:15:00+05:30","Asia/Kolkata",16.316553,80.413302,,,,"OpenAQ admin","N/A"
6267806,"Rajendra Nagar North, Guntur - APPCB","wind_direction",17.73,"deg","2026-08-20T05:00:00Z","2026-08-20T10:30:00+05:30","Asia/Kolkata",16.316553,80.413302,,,,"OpenAQ admin","N/A"
6267806,"Rajendra Nagar North, Guntur - APPCB","wind_direction",20.64,"deg","2026-08-20T05:15:00Z","2026-08-20T10:45:00+05:30","Asia/Kolkata",16.316553,80.413302,,,,"OpenAQ admin","N/A"
6267806,"Rajendra Nagar North, Guntur - APPCB","wind_direction",18.36,"deg","2026-08-20T05:30:00Z","2026-08-20T11:00:00+05:30","Asia/Kolkata",16.316553,80.413302,,,,"OpenAQ admin","N/A"
6267806,"Rajendra Nagar North, Guntur - APPCB","wind_direction",10.46,"deg","2026-08-20T05:45:00Z","2026-08-20T11:15:00+05:30","Asia/Kolkata",16.316553,80.413302,,,,"OpenAQ admin","N/A"
6267806,"Rajendra Nagar North, Guntur - APPCB","wind_direction",0.24,"deg","2026-08-20T06:00:00Z","2026-08-20T11:30:00+05:30","Asia/Kolkata",16.316553,80.413302,,,,"OpenAQ admin","N/A"
6267806,"Rajendra Nagar North, Guntur - APPCB","wind_direction",353.18,"deg","2026-08-20T06:15:00Z","2026-08-20T11:45:00+05:30","Asia/Kolkata",16.316553,80.413302,,,,"OpenAQ admin","N/A"
6267806,"Rajendra Nagar North, Guntur - APPCB","wind_direction",352.2,"deg","2026-08-20T06:30:00Z","2026-08-20T12:00:00+05:30","Asia/Kolkata",16.316553,80.413302,,,,"OpenAQ admin","N/A"
6267806,"Rajendra Nagar North, Guntur - APPCB","wind_direction",341.13,"deg","2026-08-20T06:45:00Z","2026-08-20T12:15:00+05:30","Asia/Kolkata",16.316553,80.413302,,,,"OpenAQ admin","N/A"
6267806,"Rajendra Nagar North, Guntur - APPCB","wind_direction",9.73,"deg","2026-08-20T07:00:00Z","2026-08-20T12:30:00+05:30","Asia/Kolkata",16.316553,80.413302,,,,"OpenAQ admin","N/A"
6267806,"Rajendra Nagar North, Guntur - APPCB","wind_direction",304.5,"deg","2026-08-20T07:15:00Z","2026-08-20T12:45:00+05:30","Asia/Kolkata",16.316553,80.413302,,,,"OpenAQ admin","N/A"
6267806,"Rajendra Nagar North, Guntur - APPCB","wind_direction",311.66,"deg","2026-08-20T07:30:00Z","2026-08-20T13:00:00+05:30","Asia/Kolkata",16.316553,80.413302,,,,"OpenAQ admin","N/A"
6267806,"Rajendra Nagar North, Guntur - APPCB","wind_direction",340,"deg","2026-08-20T07:45:00Z","2026-08-20T13:15:00+05:30","Asia/Kolkata",16.316553,80.413302,,,,"OpenAQ admin","N/A"
6267806,"Rajendra Nagar North, Guntur - APPCB","wind_direction",350.74,"deg","2026-08-20T08:15:00Z","2026-08-20T13:45:00+05:30","Asia/Kolkata",16.316553,80.413302,,,,"OpenAQ admin","N/A"
6267806,"Rajendra Nagar North, Guntur - APPCB","wind_direction",329.44,"deg","2026-08-20T08:30:00Z","2026-08-20T14:00:00+05:30","Asia/Kolkata",16.316553,80.413302,,,,"OpenAQ admin","N/A"
6267806,"Rajendra Nagar North, Guntur - APPCB","wind_direction",10.54,"deg","2026-08-20T08:45:00Z","2026-08-20T14:15:00+05:30","Asia/Kolkata",16.316553,80.413302,,,,"OpenAQ admin","N/A"
6267806,"Rajendra Nagar North, Guntur - APPCB","wind_direction",8.77,"deg","2026-08-20T09:00:00Z","2026-08-20T14:30:00+05:30","Asia/Kolkata",16.316553,80.413302,,,,"OpenAQ admin","N/A"
6267806,"Rajendra Nagar North, Guntur - APPCB","wind_direction",17.84,"deg","2026-08-20T09:15:00Z","2026-08-20T14:45:00+05:30","Asia/Kolkata",16.316553,80.413302,,,,"OpenAQ admin","N/A"
6267806,"Rajendra Nagar North, Guntur - APPCB","wind_direction",346.82,"deg","2026-08-20T09:30:00Z","2026-08-20T15:00:00+05:30","Asia/Kolkata",16.316553,80.413302,,,,"OpenAQ admin","N/A"
6267806,"Rajendra Nagar North, Guntur - APPCB","wind_direction",3.76,"deg","2026-08-20T09:45:00Z","2026-08-20T15:15:00+05:30","Asia/Kolkata",16.316553,80.413302,,,,"OpenAQ admin","N/A"
6267806,"Rajendra Nagar North, Guntur - APPCB","wind_direction",0.17,"deg","2026-08-20T10:15:00Z","2026-08-20T15:45:00+05:30","Asia/Kolkata",16.316553,80.413302,,,,"OpenAQ admin","N/A"
6267806,"Rajendra Nagar North, Guntur - APPCB","wind_direction",292.92,"deg","2026-08-20T10:30:00Z","2026-08-20T16:00:00+05:30","Asia/Kolkata",16.316553,80.413302,,,,"OpenAQ admin","N/A"
6267806,"Rajendra Nagar North, Guntur - APPCB","wind_direction",350.96,"deg","2026-08-20T10:45:00Z","2026-08-20T16:15:00+05:30","Asia/Kolkata",16.316553,80.413302,,,,"OpenAQ admin","N/A"
6267806,"Rajendra Nagar North, Guntur - APPCB","wind_direction",353.15,"deg","2026-08-20T11:00:00Z","2026-08-20T16:30:00+05:30","Asia/Kolkata",16.316553,80.413302,,,,"OpenAQ admin","N/A"
6267806,"Rajendra Nagar North, Guntur - APPCB","wind_direction",302.04,"deg","2026-08-20T11:15:00Z","2026-08-20T16:45:00+05:30","Asia/Kolkata",16.316553,80.413302,,,,"OpenAQ admin","N/A"
6267806,"Rajendra Nagar North, Guntur - APPCB","wind_direction",6.69,"deg","2026-08-20T11:30:00Z","2026-08-20T17:00:00+05:30","Asia/Kolkata",16.316553,80.413302,,,,"OpenAQ admin","N/A"
6267806,"Rajendra Nagar North, Guntur - APPCB","wind_direction",349.01,"deg","2026-08-20T11:45:00Z","2026-08-20T17:15:00+05:30","Asia/Kolkata",16.316553,80.413302,,,,"OpenAQ admin","N/A"
6267806,"Rajendra Nagar North, Guntur - APPCB","wind_direction",344.32,"deg","2026-08-20T12:15:00Z","2026-08-20T17:45:00+05:30","Asia/Kolkata",16.316553,80.413302,,,,"OpenAQ admin","N/A"
6267806,"Rajendra Nagar North, Guntur - APPCB","wind_direction",6.88,"deg","2026-08-20T12:30:00Z","2026-08-20T18:00:00+05:30","Asia/Kolkata",16.316553,80.413302,,,,"OpenAQ admin","N/A"
6267806,"Rajendra Nagar North, Guntur - APPCB","wind_direction",11.97,"deg","2026-08-20T12:45:00Z","2026-08-20T18:15:00+05:30","Asia/Kolkata",16.316553,80.413302,,,,"OpenAQ admin","N/A"
6267806,"Rajendra Nagar North, Guntur - APPCB","wind_direction",13.28,"deg","2026-08-20T13:00:00Z","2026-08-20T18:30:00+05:30","Asia/Kolkata",16.316553,80.413302,,,,"OpenAQ admin","N/A"
6267806,"Rajendra Nagar North, Guntur - APPCB","wind_direction",10.57,"deg","2026-08-20T13:15:00Z","2026-08-20T18:45:00+05:30","Asia/Kolkata",16.316553,80.413302,,,,"OpenAQ admin","N/A"
6267806,"Rajendra Nagar North, Guntur - APPCB","wind_direction",7.6,"deg","2026-08-20T13:30:00Z","2026-08-20T19:00:00+05:30","Asia/Kolkata",16.316553,80.413302,,,,"OpenAQ admin","N/A"
6267806,"Rajendra Nagar North, Guntur - APPCB","wind_direction",10.69,"deg","2026-08-20T13:45:00Z","2026-08-20T19:15:00+05:30","Asia/Kolkata",16.316553,80.413302,,,,"OpenAQ admin","N/A"
6267806,"Rajendra Nagar North, Guntur - APPCB","wind_direction",226.69,"deg","2026-08-20T14:15:00Z","2026-08-20T19:45:00+05:30","Asia/Kolkata",16.316553,80.413302,,,,"OpenAQ admin","N/A"
6267806,"Rajendra Nagar North, Guntur - APPCB","wind_direction",238.13,"deg","2026-08-20T14:30:00Z","2026-08-20T20:00:00+05:30","Asia/Kolkata",16.316553,80.413302,,,,"OpenAQ admin","N/A"
6267806,"Rajendra Nagar North, Guntur - APPCB","wind_direction",217.77,"deg","2026-08-20T14:45:00Z","2026-08-20T20:15:00+05:30","Asia/Kolkata",16.316553,80.413302,,,,"OpenAQ admin","N/A"
6267806,"Rajendra Nagar North, Guntur - APPCB","wind_direction",220.37,"deg","2026-08-20T15:00:00Z","2026-08-20T20:30:00+05:30","Asia/Kolkata",16.316553,80.413302,,,,"OpenAQ admin","N/A"
6267806,"Rajendra Nagar North, Guntur - APPCB","wind_direction",232.62,"deg","2026-08-20T15:15:00Z","2026-08-20T20:45:00+05:30","Asia/Kolkata",16.316553,80.413302,,,,"OpenAQ admin","N/A"
6267806,"Rajendra Nagar North, Guntur - APPCB","wind_direction",233.74,"deg","2026-08-20T15:30:00Z","2026-08-20T21:00:00+05:30","Asia/Kolkata",16.316553,80.413302,,,,"OpenAQ admin","N/A"
6267806,"Rajendra Nagar North, Guntur - APPCB","wind_direction",224.41,"deg","2026-08-20T16:15:00Z","2026-08-20T21:45:00+05:30","Asia/Kolkata",16.316553,80.413302,,,,"OpenAQ admin","N/A"
6267806,"Rajendra Nagar North, Guntur - APPCB","wind_direction",237.12,"deg","2026-08-20T16:30:00Z","2026-08-20T22:00:00+05:30","Asia/Kolkata",16.316553,80.413302,,,,"OpenAQ admin","N/A"
6267806,"Rajendra Nagar North, Guntur - APPCB","wind_direction",232.63,"deg","2026-08-20T16:45:00Z","2026-08-20T22:15:00+05:30","Asia/Kolkata",16.316553,80.413302,,,,"OpenAQ admin","N/A"
6267806,"Rajendra Nagar North, Guntur - APPCB","wind_direction",236.95,"deg","2026-08-20T17:00:00Z","2026-08-20T22:30:00+05:30","Asia/Kolkata",16.316553,80.413302,,,,"OpenAQ admin","N/A"
6267806,"Rajendra Nagar North, Guntur - APPCB","wind_direction",234.4,"deg","2026-08-20T17:15:00Z","2026-08-20T22:45:00+05:30","Asia/Kolkata",16.316553,80.413302,,,,"OpenAQ admin","N/A"
6267806,"Rajendra Nagar North, Guntur - APPCB","wind_direction",232.04,"deg","2026-08-20T17:30:00Z","2026-08-20T23:00:00+05:30","Asia/Kolkata",16.316553,80.413302,,,,"OpenAQ admin","N/A"
6267806,"Rajendra Nagar North, Guntur - APPCB","wind_direction",230.16,"deg","2026-08-20T18:15:00Z","2026-08-20T23:45:00+05:30","Asia/Kolkata",16.316553,80.413302,,,,"OpenAQ admin","N/A"
6267806,"Rajendra Nagar North, Guntur - APPCB","wind_direction",237.21,"deg","2026-08-20T19:15:00Z","2026-08-21T00:45:00+05:30","Asia/Kolkata",16.316553,80.413302,,,,"OpenAQ admin","N/A"
6267806,"Rajendra Nagar North, Guntur - APPCB","wind_direction",235.82,"deg","2026-08-20T19:30:00Z","2026-08-21T01:00:00+05:30","Asia/Kolkata",16.316553,80.413302,,,,"OpenAQ admin","N/A"
6267806,"Rajendra Nagar North, Guntur - APPCB","wind_direction",232.91,"deg","2026-08-20T20:15:00Z","2026-08-21T01:45:00+05:30","Asia/Kolkata",16.316553,80.413302,,,,"OpenAQ admin","N/A"
6267806,"Rajendra Nagar North, Guntur - APPCB","wind_direction",239.75,"deg","2026-08-20T20:30:00Z","2026-08-21T02:00:00+05:30","Asia/Kolkata",16.316553,80.413302,,,,"OpenAQ admin","N/A"
6267806,"Rajendra Nagar North, Guntur - APPCB","wind_direction",234.08,"deg","2026-08-20T20:45:00Z","2026-08-21T02:15:00+05:30","Asia/Kolkata",16.316553,80.413302,,,,"OpenAQ admin","N/A"
6267806,"Rajendra Nagar North, Guntur - APPCB","wind_direction",229.53,"deg","2026-08-20T21:00:00Z","2026-08-21T02:30:00+05:30","Asia/Kolkata",16.316553,80.413302,,,,"OpenAQ admin","N/A"
6267806,"Rajendra Nagar North, Guntur - APPCB","wind_direction",229.61,"deg","2026-08-20T21:15:00Z","2026-08-21T02:45:00+05:30","Asia/Kolkata",16.316553,80.413302,,,,"OpenAQ admin","N/A"
6267806,"Rajendra Nagar North, Guntur - APPCB","wind_direction",235.68,"deg","2026-08-20T21:30:00Z","2026-08-21T03:00:00+05:30","Asia/Kolkata",16.316553,80.413302,,,,"OpenAQ admin","N/A"
6267806,"Rajendra Nagar North, Guntur - APPCB","wind_direction",237.4,"deg","2026-08-20T21:45:00Z","2026-08-21T03:15:00+05:30","Asia/Kolkata",16.316553,80.413302,,,,"OpenAQ admin","N/A"
6267806,"Rajendra Nagar North, Guntur - APPCB","wind_direction",231.41,"deg","2026-08-20T22:00:00Z","2026-08-21T03:30:00+05:30","Asia/Kolkata",16.316553,80.413302,,,,"OpenAQ admin","N/A"
6267806,"Rajendra Nagar North, Guntur - APPCB","wind_direction",240.57,"deg","2026-08-20T22:15:00Z","2026-08-21T03:45:00+05:30","Asia/Kolkata",16.316553,80.413302,,,,"OpenAQ admin","N/A"
6267806,"Rajendra Nagar North, Guntur - APPCB","wind_direction",263.74,"deg","2026-08-20T22:30:00Z","2026-08-21T04:00:00+05:30","Asia/Kolkata",16.316553,80.413302,,,,"OpenAQ admin","N/A"
6267806,"Rajendra Nagar North, Guntur - APPCB","wind_speed",0.92,"m/s","2026-08-20T00:15:00Z","2026-08-20T05:45:00+05:30","Asia/Kolkata",16.316553,80.413302,,,,"OpenAQ admin","N/A"
6267806,"Rajendra Nagar North, Guntur - APPCB","wind_speed",0.61,"m/s","2026-08-20T00:30:00Z","2026-08-20T06:00:00+05:30","Asia/Kolkata",16.316553,80.413302,,,,"OpenAQ admin","N/A"
6267806,"Rajendra Nagar North, Guntur - APPCB","wind_speed",0.4,"m/s","2026-08-20T00:45:00Z","2026-08-20T06:15:00+05:30","Asia/Kolkata",16.316553,80.413302,,,,"OpenAQ admin","N/A"
6267806,"Rajendra Nagar North, Guntur - APPCB","wind_speed",0.37,"m/s","2026-08-20T01:00:00Z","2026-08-20T06:30:00+05:30","Asia/Kolkata",16.316553,80.413302,,,,"OpenAQ admin","N/A"
6267806,"Rajendra Nagar North, Guntur - APPCB","wind_speed",0.44,"m/s","2026-08-20T01:15:00Z","2026-08-20T06:45:00+05:30","Asia/Kolkata",16.316553,80.413302,,,,"OpenAQ admin","N/A"
6267806,"Rajendra Nagar North, Guntur - APPCB","wind_speed",0.68,"m/s","2026-08-20T01:30:00Z","2026-08-20T07:00:00+05:30","Asia/Kolkata",16.316553,80.413302,,,,"OpenAQ admin","N/A"
6267806,"Rajendra Nagar North, Guntur - APPCB","wind_speed",0.53,"m/s","2026-08-20T01:45:00Z","2026-08-20T07:15:00+05:30","Asia/Kolkata",16.316553,80.413302,,,,"OpenAQ admin","N/A"
6267806,"Rajendra Nagar North, Guntur - APPCB","wind_speed",0.51,"m/s","2026-08-20T02:00:00Z","2026-08-20T07:30:00+05:30","Asia/Kolkata",16.316553,80.413302,,,,"OpenAQ admin","N/A"
6267806,"Rajendra Nagar North, Guntur - APPCB","wind_speed",0.93,"m/s","2026-08-20T02:15:00Z","2026-08-20T07:45:00+05:30","Asia/Kolkata",16.316553,80.413302,,,,"OpenAQ admin","N/A"
6267806,"Rajendra Nagar North, Guntur - APPCB","wind_speed",0.98,"m/s","2026-08-20T02:30:00Z","2026-08-20T08:00:00+05:30","Asia/Kolkata",16.316553,80.413302,,,,"OpenAQ admin","N/A"
6267806,"Rajendra Nagar North, Guntur - APPCB","wind_speed",1.11,"m/s","2026-08-20T02:45:00Z","2026-08-20T08:15:00+05:30","Asia/Kolkata",16.316553,80.413302,,,,"OpenAQ admin","N/A"
6267806,"Rajendra Nagar North, Guntur - APPCB","wind_speed",1.16,"m/s","2026-08-20T03:00:00Z","2026-08-20T08:30:00+05:30","Asia/Kolkata",16.316553,80.413302,,,,"OpenAQ admin","N/A"
6267806,"Rajendra Nagar North, Guntur - APPCB","wind_speed",0.64,"m/s","2026-08-20T03:15:00Z","2026-08-20T08:45:00+05:30","Asia/Kolkata",16.316553,80.413302,,,,"OpenAQ admin","N/A"
6267806,"Rajendra Nagar North, Guntur - APPCB","wind_speed",0.86,"m/s","2026-08-20T03:30:00Z","2026-08-20T09:00:00+05:30","Asia/Kolkata",16.316553,80.413302,,,,"OpenAQ admin","N/A"
6267806,"Rajendra Nagar North, Guntur - APPCB","wind_speed",0.87,"m/s","2026-08-20T03:45:00Z","2026-08-20T09:15:00+05:30","Asia/Kolkata",16.316553,80.413302,,,,"OpenAQ admin","N/A"
6267806,"Rajendra Nagar North, Guntur - APPCB","wind_speed",0.42,"m/s","2026-08-20T04:15:00Z","2026-08-20T09:45:00+05:30","Asia/Kolkata",16.316553,80.413302,,,,"OpenAQ admin","N/A"
6267806,"Rajendra Nagar North, Guntur - APPCB","wind_speed",1,"m/s","2026-08-20T04:30:00Z","2026-08-20T10:00:00+05:30","Asia/Kolkata",16.316553,80.413302,,,,"OpenAQ admin","N/A"
6267806,"Rajendra Nagar North, Guntur - APPCB","wind_speed",0.96,"m/s","2026-08-20T04:45:00Z","2026-08-20T10:15:00+05:30","Asia/Kolkata",16.316553,80.413302,,,,"OpenAQ admin","N/A"
6267806,"Rajendra Nagar North, Guntur - APPCB","wind_speed",0.68,"m/s","2026-08-20T05:00:00Z","2026-08-20T10:30:00+05:30","Asia/Kolkata",16.316553,80.413302,,,,"OpenAQ admin","N/A"
6267806,"Rajendra Nagar North, Guntur - APPCB","wind_speed",0.62,"m/s","2026-08-20T05:15:00Z","2026-08-20T10:45:00+05:30","Asia/Kolkata",16.316553,80.413302,,,,"OpenAQ admin","N/A"
6267806,"Rajendra Nagar North, Guntur - APPCB","wind_speed",0.55,"m/s","2026-08-20T05:30:00Z","2026-08-20T11:00:00+05:30","Asia/Kolkata",16.316553,80.413302,,,,"OpenAQ admin","N/A"
6267806,"Rajendra Nagar North, Guntur - APPCB","wind_speed",0.71,"m/s","2026-08-20T05:45:00Z","2026-08-20T11:15:00+05:30","Asia/Kolkata",16.316553,80.413302,,,,"OpenAQ admin","N/A"
6267806,"Rajendra Nagar North, Guntur - APPCB","wind_speed",0.44,"m/s","2026-08-20T06:15:00Z","2026-08-20T11:45:00+05:30","Asia/Kolkata",16.316553,80.413302,,,,"OpenAQ admin","N/A"
6267806,"Rajendra Nagar North, Guntur - APPCB","wind_speed",0.49,"m/s","2026-08-20T06:30:00Z","2026-08-20T12:00:00+05:30","Asia/Kolkata",16.316553,80.413302,,,,"OpenAQ admin","N/A"
6267806,"Rajendra Nagar North, Guntur - APPCB","wind_speed",0.4,"m/s","2026-08-20T06:45:00Z","2026-08-20T12:15:00+05:30","Asia/Kolkata",16.316553,80.413302,,,,"OpenAQ admin","N/A"
6267806,"Rajendra Nagar North, Guntur - APPCB","wind_speed",0.27,"m/s","2026-08-20T07:00:00Z","2026-08-20T12:30:00+05:30","Asia/Kolkata",16.316553,80.413302,,,,"OpenAQ admin","N/A"
6267806,"Rajendra Nagar North, Guntur - APPCB","wind_speed",0.13,"m/s","2026-08-20T07:15:00Z","2026-08-20T12:45:00+05:30","Asia/Kolkata",16.316553,80.413302,,,,"OpenAQ admin","N/A"
6267806,"Rajendra Nagar North, Guntur - APPCB","wind_speed",0.28,"m/s","2026-08-20T07:30:00Z","2026-08-20T13:00:00+05:30","Asia/Kolkata",16.316553,80.413302,,,,"OpenAQ admin","N/A"
6267806,"Rajendra Nagar North, Guntur - APPCB","wind_speed",0.36,"m/s","2026-08-20T07:45:00Z","2026-08-20T13:15:00+05:30","Asia/Kolkata",16.316553,80.413302,,,,"OpenAQ admin","N/A"
6267806,"Rajendra Nagar North, Guntur - APPCB","wind_speed",0.23,"m/s","2026-08-20T08:15:00Z","2026-08-20T13:45:00+05:30","Asia/Kolkata",16.316553,80.413302,,,,"OpenAQ admin","N/A"
6267806,"Rajendra Nagar North, Guntur - APPCB","wind_speed",0.3,"m/s","2026-08-20T08:30:00Z","2026-08-20T14:00:00+05:30","Asia/Kolkata",16.316553,80.413302,,,,"OpenAQ admin","N/A"
6267806,"Rajendra Nagar North, Guntur - APPCB","wind_speed",0.5,"m/s","2026-08-20T08:45:00Z","2026-08-20T14:15:00+05:30","Asia/Kolkata",16.316553,80.413302,,,,"OpenAQ admin","N/A"
6267806,"Rajendra Nagar North, Guntur - APPCB","wind_speed",0.59,"m/s","2026-08-20T09:00:00Z","2026-08-20T14:30:00+05:30","Asia/Kolkata",16.316553,80.413302,,,,"OpenAQ admin","N/A"
6267806,"Rajendra Nagar North, Guntur - APPCB","wind_speed",0.84,"m/s","2026-08-20T09:15:00Z","2026-08-20T14:45:00+05:30","Asia/Kolkata",16.316553,80.413302,,,,"OpenAQ admin","N/A"
6267806,"Rajendra Nagar North, Guntur - APPCB","wind_speed",0.47,"m/s","2026-08-20T09:30:00Z","2026-08-20T15:00:00+05:30","Asia/Kolkata",16.316553,80.413302,,,,"OpenAQ admin","N/A"
6267806,"Rajendra Nagar North, Guntur - APPCB","wind_speed",0.44,"m/s","2026-08-20T09:45:00Z","2026-08-20T15:15:00+05:30","Asia/Kolkata",16.316553,80.413302,,,,"OpenAQ admin","N/A"
6267806,"Rajendra Nagar North, Guntur - APPCB","wind_speed",0.38,"m/s","2026-08-20T10:15:00Z","2026-08-20T15:45:00+05:30","Asia/Kolkata",16.316553,80.413302,,,,"OpenAQ admin","N/A"
6267806,"Rajendra Nagar North, Guntur - APPCB","wind_speed",0.3,"m/s","2026-08-20T10:30:00Z","2026-08-20T16:00:00+05:30","Asia/Kolkata",16.316553,80.413302,,,,"OpenAQ admin","N/A"
6267806,"Rajendra Nagar North, Guntur - APPCB","wind_speed",0.18,"m/s","2026-08-20T10:45:00Z","2026-08-20T16:15:00+05:30","Asia/Kolkata",16.316553,80.413302,,,,"OpenAQ admin","N/A"
6267806,"Rajendra Nagar North, Guntur - APPCB","wind_speed",0.32,"m/s","2026-08-20T11:00:00Z","2026-08-20T16:30:00+05:30","Asia/Kolkata",16.316553,80.413302,,,,"OpenAQ admin","N/A"
6267806,"Rajendra Nagar North, Guntur - APPCB","wind_speed",0.3,"m/s","2026-08-20T11:15:00Z","2026-08-20T16:45:00+05:30","Asia/Kolkata",16.316553,80.413302,,,,"OpenAQ admin","N/A"
6267806,"Rajendra Nagar North, Guntur - APPCB","wind_speed",0.23,"m/s","2026-08-20T11:30:00Z","2026-08-20T17:00:00+05:30","Asia/Kolkata",16.316553,80.413302,,,,"OpenAQ admin","N/A"
6267806,"Rajendra Nagar North, Guntur - APPCB","wind_speed",0.21,"m/s","2026-08-20T11:45:00Z","2026-08-20T17:15:00+05:30","Asia/Kolkata",16.316553,80.413302,,,,"OpenAQ admin","N/A"
6267806,"Rajendra Nagar North, Guntur - APPCB","wind_speed",0.14,"m/s","2026-08-20T12:15:00Z","2026-08-20T17:45:00+05:30","Asia/Kolkata",16.316553,80.413302,,,,"OpenAQ admin","N/A"
6267806,"Rajendra Nagar North, Guntur - APPCB","wind_speed",0.5,"m/s","2026-08-20T12:30:00Z","2026-08-20T18:00:00+05:30","Asia/Kolkata",16.316553,80.413302,,,,"OpenAQ admin","N/A"
6267806,"Rajendra Nagar North, Guntur - APPCB","wind_speed",0.83,"m/s","2026-08-20T12:45:00Z","2026-08-20T18:15:00+05:30","Asia/Kolkata",16.316553,80.413302,,,,"OpenAQ admin","N/A"
6267806,"Rajendra Nagar North, Guntur - APPCB","wind_speed",0.88,"m/s","2026-08-20T13:00:00Z","2026-08-20T18:30:00+05:30","Asia/Kolkata",16.316553,80.413302,,,,"OpenAQ admin","N/A"
6267806,"Rajendra Nagar North, Guntur - APPCB","wind_speed",0.89,"m/s","2026-08-20T13:15:00Z","2026-08-20T18:45:00+05:30","Asia/Kolkata",16.316553,80.413302,,,,"OpenAQ admin","N/A"
6267806,"Rajendra Nagar North, Guntur - APPCB","wind_speed",0.65,"m/s","2026-08-20T13:30:00Z","2026-08-20T19:00:00+05:30","Asia/Kolkata",16.316553,80.413302,,,,"OpenAQ admin","N/A"
6267806,"Rajendra Nagar North, Guntur - APPCB","wind_speed",0.48,"m/s","2026-08-20T13:45:00Z","2026-08-20T19:15:00+05:30","Asia/Kolkata",16.316553,80.413302,,,,"OpenAQ admin","N/A"
6267806,"Rajendra Nagar North, Guntur - APPCB","wind_speed",0.32,"m/s","2026-08-20T14:15:00Z","2026-08-20T19:45:00+05:30","Asia/Kolkata",16.316553,80.413302,,,,"OpenAQ admin","N/A"
6267806,"Rajendra Nagar North, Guntur - APPCB","wind_speed",0.52,"m/s","2026-08-20T14:30:00Z","2026-08-20T20:00:00+05:30","Asia/Kolkata",16.316553,80.413302,,,,"OpenAQ admin","N/A"
6267806,"Rajendra Nagar North, Guntur - APPCB","wind_speed",0.27,"m/s","2026-08-20T14:45:00Z","2026-08-20T20:15:00+05:30","Asia/Kolkata",16.316553,80.413302,,,,"OpenAQ admin","N/A"
6267806,"Rajendra Nagar North, Guntur - APPCB","wind_speed",0.47,"m/s","2026-08-20T15:00:00Z","2026-08-20T20:30:00+05:30","Asia/Kolkata",16.316553,80.413302,,,,"OpenAQ admin","N/A"
6267806,"Rajendra Nagar North, Guntur - APPCB","wind_speed",0.81,"m/s","2026-08-20T15:15:00Z","2026-08-20T20:45:00+05:30","Asia/Kolkata",16.316553,80.413302,,,,"OpenAQ admin","N/A"
6267806,"Rajendra Nagar North, Guntur - APPCB","wind_speed",0.71,"m/s","2026-08-20T15:30:00Z","2026-08-20T21:00:00+05:30","Asia/Kolkata",16.316553,80.413302,,,,"OpenAQ admin","N/A"
6267806,"Rajendra Nagar North, Guntur - APPCB","wind_speed",0.39,"m/s","2026-08-20T16:15:00Z","2026-08-20T21:45:00+05:30","Asia/Kolkata",16.316553,80.413302,,,,"OpenAQ admin","N/A"
6267806,"Rajendra Nagar North, Guntur - APPCB","wind_speed",0.83,"m/s","2026-08-20T16:30:00Z","2026-08-20T22:00:00+05:30","Asia/Kolkata",16.316553,80.413302,,,,"OpenAQ admin","N/A"
6267806,"Rajendra Nagar North, Guntur - APPCB","wind_speed",0.78,"m/s","2026-08-20T16:45:00Z","2026-08-20T22:15:00+05:30","Asia/Kolkata",16.316553,80.413302,,,,"OpenAQ admin","N/A"
6267806,"Rajendra Nagar North, Guntur - APPCB","wind_speed",0.87,"m/s","2026-08-20T17:00:00Z","2026-08-20T22:30:00+05:30","Asia/Kolkata",16.316553,80.413302,,,,"OpenAQ admin","N/A"
6267806,"Rajendra Nagar North, Guntur - APPCB","wind_speed",1.06,"m/s","2026-08-20T17:15:00Z","2026-08-20T22:45:00+05:30","Asia/Kolkata",16.316553,80.413302,,,,"OpenAQ admin","N/A"
6267806,"Rajendra Nagar North, Guntur - APPCB","wind_speed",0.91,"m/s","2026-08-20T17:30:00Z","2026-08-20T23:00:00+05:30","Asia/Kolkata",16.316553,80.413302,,,,"OpenAQ admin","N/A"
6267806,"Rajendra Nagar North, Guntur - APPCB","wind_speed",0.82,"m/s","2026-08-20T18:15:00Z","2026-08-20T23:45:00+05:30","Asia/Kolkata",16.316553,80.413302,,,,"OpenAQ admin","N/A"
6267806,"Rajendra Nagar North, Guntur - APPCB","wind_speed",0.63,"m/s","2026-08-20T19:15:00Z","2026-08-21T00:45:00+05:30","Asia/Kolkata",16.316553,80.413302,,,,"OpenAQ admin","N/A"
6267806,"Rajendra Nagar North, Guntur - APPCB","wind_speed",0.97,"m/s","2026-08-20T19:30:00Z","2026-08-21T01:00:00+05:30","Asia/Kolkata",16.316553,80.413302,,,,"OpenAQ admin","N/A"
6267806,"Rajendra Nagar North, Guntur - APPCB","wind_speed",0.85,"m/s","2026-08-20T20:15:00Z","2026-08-21T01:45:00+05:30","Asia/Kolkata",16.316553,80.413302,,,,"OpenAQ admin","N/A"
6267806,"Rajendra Nagar North, Guntur - APPCB","wind_speed",1.16,"m/s","2026-08-20T20:30:00Z","2026-08-21T02:00:00+05:30","Asia/Kolkata",16.316553,80.413302,,,,"OpenAQ admin","N/A"
6267806,"Rajendra Nagar North, Guntur - APPCB","wind_speed",1.11,"m/s","2026-08-20T20:45:00Z","2026-08-21T02:15:00+05:30","Asia/Kolkata",16.316553,80.413302,,,,"OpenAQ admin","N/A"
6267806,"Rajendra Nagar North, Guntur - APPCB","wind_speed",0.88,"m/s","2026-08-20T21:00:00Z","2026-08-21T02:30:00+05:30","Asia/Kolkata",16.316553,80.413302,,,,"OpenAQ admin","N/A"
6267806,"Rajendra Nagar North, Guntur - APPCB","wind_speed",0.6,"m/s","2026-08-20T21:15:00Z","2026-08-21T02:45:00+05:30","Asia/Kolkata",16.316553,80.413302,,,,"OpenAQ admin","N/A"
6267806,"Rajendra Nagar North, Guntur - APPCB","wind_speed",0.68,"m/s","2026-08-20T21:30:00Z","2026-08-21T03:00:00+05:30","Asia/Kolkata",16.316553,80.413302,,,,"OpenAQ admin","N/A"
6267806,"Rajendra Nagar North, Guntur - APPCB","wind_speed",0.81,"m/s","2026-08-20T21:45:00Z","2026-08-21T03:15:00+05:30","Asia/Kolkata",16.316553,80.413302,,,,"OpenAQ admin","N/A"
6267806,"Rajendra Nagar North, Guntur - APPCB","wind_speed",0.74,"m/s","2026-08-20T22:00:00Z","2026-08-21T03:30:00+05:30","Asia/Kolkata",16.316553,80.413302,,,,"OpenAQ admin","N/A"
6267806,"Rajendra Nagar North, Guntur - APPCB","wind_speed",0.59,"m/s","2026-08-20T22:15:00Z","2026-08-21T03:45:00+05:30","Asia/Kolkata",16.316553,80.413302,,,,"OpenAQ admin","N/A"
6267806,"Rajendra Nagar North, Guntur - APPCB","wind_speed",0.71,"m/s","2026-08-20T22:30:00Z","2026-08-21T04:00:00+05:30","Asia/Kolkata",16.316553,80.413302,,,,"OpenAQ admin","N/A"