location_id,location_name,parameter,value,unit,datetimeUtc,datetimeLocal,timezone,latitude,longitude,country_iso,isMobile,isMonitor,owner_name,provider
3409493,"Rajiv Gandhi Park, Vijayawada - APPCB","co",0.67,"ppb","2026-08-19T03:15:00Z","2026-08-19T08:45:00+05:30","Asia/Kolkata",16.509717,80.612222,,,,"Andhra Pradesh Pollution Control Board","CPCB"
3409493,"Rajiv Gandhi Park, Vijayawada - APPCB","co",0.66,"ppb","2026-08-19T03:30:00Z","2026-08-19T09:00:00+05:30","Asia/Kolkata",16.509717,80.612222,,,,"Andhra Pradesh Pollution Control Board","CPCB"
3409493,"Rajiv Gandhi Park, Vijayawada - APPCB","co",0.67,"ppb","2026-08-19T03:45:00Z","2026-08-19T09:15:00+05:30","Asia/Kolkata",16.509717,80.612222,,,,"Andhra Pradesh Pollution Control Board","CPCB"
3409493,"Rajiv Gandhi Park, Vijayawada - APPCB","co",0.67,"ppb","2026-08-19T04:00:00Z","2026-08-19T09:30:00+05:30","Asia/Kolkata",16.509717,80.612222,,,,"Andhra Pradesh Pollution Control Board","CPCB"
3409493,"Rajiv Gandhi Park, Vijayawada - APPCB","co",0.66,"ppb","2026-08-19T04:15:00Z","2026-08-19T09:45:00+05:30","Asia/Kolkata",16.509717,80.612222,,,,"Andhra Pradesh Pollution Control Board","CPCB"
3409493,"Rajiv Gandhi Park, Vijayawada - APPCB","co",0.65,"ppb","2026-08-19T04:30:00Z","2026-08-19T10:00:00+05:30","Asia/Kolkata",16.509717,80.612222,,,,"Andhra Pradesh Pollution Control Board","CPCB"
3409493,"Rajiv Gandhi Park, Vijayawada - APPCB","co",0.66,"ppb","2026-08-19T04:45:00Z","2026-08-19T10:15:00+05:30","Asia/Kolkata",16.509717,80.612222,,,,"Andhra Pradesh Pollution Control Board","CPCB"
3409493,"Rajiv Gandhi Park, Vijayawada - APPCB","co",0.65,"ppb","2026-08-19T05:00:00Z","2026-08-19T10:30:00+05:30","Asia/Kolkata",16.509717,80.612222,,,,"Andhra Pradesh Pollution Control Board","CPCB"
3409493,"Rajiv Gandhi Park, Vijayawada - APPCB","co",0.66,"ppb","2026-08-19T05:15:00Z","2026-08-19T10:45:00+05:30","Asia/Kolkata",16.509717,80.612222,,,,"Andhra Pradesh Pollution Control Board","CPCB"
3409493,"Rajiv Gandhi Park, Vijayawada - APPCB","co",0.66,"ppb","2026-08-19T06:15:00Z","2026-08-19T11:45:00+05:30","Asia/Kolkata",16.509717,80.612222,,,,"Andhra Pradesh Pollution Control Board","CPCB"
3409493,"Rajiv Gandhi Park, Vijayawada - APPCB","co",0.69,"ppb","2026-08-19T06:30:00Z","2026-08-19T12:00:00+05:30","Asia/Kolkata",16.509717,80.612222,,,,"Andhra Pradesh Pollution Control Board","CPCB"
3409493,"Rajiv Gandhi Park, Vijayawada - APPCB","co",0.74,"ppb","2026-08-19T06:45:00Z","2026-08-19T12:15:00+05:30","Asia/Kolkata",16.509717,80.612222,,,,"Andhra Pradesh Pollution Control Board","CPCB"
3409493,"Rajiv Gandhi Park, Vijayawada - APPCB","co",0.74,"ppb","2026-08-19T07:00:00Z","2026-08-19T12:30:00+05:30","Asia/Kolkata",16.509717,80.612222,,,,"Andhra Pradesh Pollution Control Board","CPCB"
3409493,"Rajiv Gandhi Park, Vijayawada - APPCB","co",0.74,"ppb","2026-08-19T07:15:00Z","2026-08-19T12:45:00+05:30","Asia/Kolkata",16.509717,80.612222,,,,"Andhra Pradesh Pollution Control Board","CPCB"
3409493,"Rajiv Gandhi Park, Vijayawada - APPCB","co",0.75,"ppb","2026-08-19T07:30:00Z","2026-08-19T13:00:00+05:30","Asia/Kolkata",16.509717,80.612222,,,,"Andhra Pradesh Pollution Control Board","CPCB"
3409493,"Rajiv Gandhi Park, Vijayawada - APPCB","co",0.75,"ppb","2026-08-19T07:45:00Z","2026-08-19T13:15:00+05:30","Asia/Kolkata",16.509717,80.612222,,,,"Andhra Pradesh Pollution Control Board","CPCB"
3409493,"Rajiv Gandhi Park, Vijayawada - APPCB","co",0.7,"ppb","2026-08-19T08:00:00Z","2026-08-19T13:30:00+05:30","Asia/Kolkata",16.509717,80.612222,,,,"Andhra Pradesh Pollution Control Board","CPCB"
3409493,"Rajiv Gandhi Park, Vijayawada - APPCB","co",0.59,"ppb","2026-08-19T08:15:00Z","2026-08-19T13:45:00+05:30","Asia/Kolkata",16.509717,80.612222,,,,"Andhra Pradesh Pollution Control Board","CPCB"
3409493,"Rajiv Gandhi Park, Vijayawada - APPCB","co",0.59,"ppb","2026-08-19T08:30:00Z","2026-08-19T14:00:00+05:30","Asia/Kolkata",16.509717,80.612222,,,,"Andhra Pradesh Pollution Control Board","CPCB"
3409493,"Rajiv Gandhi Park, Vijayawada - APPCB","co",0.59,"ppb","2026-08-19T08:45:00Z","2026-08-19T14:15:00+05:30","Asia/Kolkata",16.509717,80.612222,,,,"Andhra Pradesh Pollution Control Board","CPCB"
3409493,"Rajiv Gandhi Park, Vijayawada - APPCB","co",0.6,"ppb","2026-08-19T09:00:00Z","2026-08-19T14:30:00+05:30","Asia/Kolkata",16.509717,80.612222,,,,"Andhra Pradesh Pollution Control Board","CPCB"
3409493,"Rajiv Gandhi Park, Vijayawada - APPCB","co",0.59,"ppb","2026-08-19T09:15:00Z","2026-08-19T14:45:00+05:30","Asia/Kolkata",16.509717,80.612222,,,,"Andhra Pradesh Pollution Control Board","CPCB"
3409493,"Rajiv Gandhi Park, Vijayawada - APPCB","co",0.59,"ppb","2026-08-19T09:30:00Z","2026-08-19T15:00:00+05:30","Asia/Kolkata",16.509717,80.612222,,,,"Andhra Pradesh Pollution Control Board","CPCB"
3409493,"Rajiv Gandhi Park, Vijayawada - APPCB","co",0.53,"ppb","2026-08-19T10:15:00Z","2026-08-19T15:45:00+05:30","Asia/Kolkata",16.509717,80.612222,,,,"Andhra Pradesh Pollution Control Board","CPCB"
3409493,"Rajiv Gandhi Park, Vijayawada - APPCB","co",0.54,"ppb","2026-08-19T10:30:00Z","2026-08-19T16:00:00+05:30","Asia/Kolkata",16.509717,80.612222,,,,"Andhra Pradesh Pollution Control Board","CPCB"
3409493,"Rajiv Gandhi Park, Vijayawada - APPCB","co",0.53,"ppb","2026-08-19T10:45:00Z","2026-08-19T16:15:00+05:30","Asia/Kolkata",16.509717,80.612222,,,,"Andhra Pradesh Pollution Control Board","CPCB"
3409493,"Rajiv Gandhi Park, Vijayawada - APPCB","co",0.55,"ppb","2026-08-19T11:00:00Z","2026-08-19T16:30:00+05:30","Asia/Kolkata",16.509717,80.612222,,,,"Andhra Pradesh Pollution Control Board","CPCB"
3409493,"Rajiv Gandhi Park, Vijayawada - APPCB","co",0.53,"ppb","2026-08-19T11:15:00Z","2026-08-19T16:45:00+05:30","Asia/Kolkata",16.509717,80.612222,,,,"Andhra Pradesh Pollution Control Board","CPCB"
3409493,"Rajiv Gandhi Park, Vijayawada - APPCB","co",0.64,"ppb","2026-08-19T11:30:00Z","2026-08-19T17:00:00+05:30","Asia/Kolkata",16.509717,80.612222,,,,"Andhra Pradesh Pollution Control Board","CPCB"
3409493,"Rajiv Gandhi Park, Vijayawada - APPCB","co",0.65,"ppb","2026-08-19T11:45:00Z","2026-08-19T17:15:00+05:30","Asia/Kolkata",16.509717,80.612222,,,,"Andhra Pradesh Pollution Control Board","CPCB"
3409493,"Rajiv Gandhi Park, Vijayawada - APPCB","co",0.68,"ppb","2026-08-19T12:15:00Z","2026-08-19T17:45:00+05:30","Asia/Kolkata",16.509717,80.612222,,,,"Andhra Pradesh Pollution Control Board","CPCB"
3409493,"Rajiv Gandhi Park, Vijayawada - APPCB","co",0.67,"ppb","2026-08-19T12:30:00Z","2026-08-19T18:00:00+05:30","Asia/Kolkata",16.509717,80.612222,,,,"Andhra Pradesh Pollution Control Board","CPCB"
3409493,"Rajiv Gandhi Park, Vijayawada - APPCB","co",0.67,"ppb","2026-08-19T12:45:00Z","2026-08-19T18:15:00+05:30","Asia/Kolkata",16.509717,80.612222,,,,"Andhra Pradesh Pollution Control Board","CPCB"
3409493,"Rajiv Gandhi Park, Vijayawada - APPCB","co",0.67,"ppb","2026-08-19T13:00:00Z","2026-08-19T18:30:00+05:30","Asia/Kolkata",16.509717,80.612222,,,,"Andhra Pradesh Pollution Control Board","CPCB"
3409493,"Rajiv Gandhi Park, Vijayawada - APPCB","co",0.67,"ppb","2026-08-19T13:15:00Z","2026-08-19T18:45:00+05:30","Asia/Kolkata",16.509717,80.612222,,,,"Andhra Pradesh Pollution Control Board","CPCB"
3409493,"Rajiv Gandhi Park, Vijayawada - APPCB","co",0.69,"ppb","2026-08-19T13:30:00Z","2026-08-19T19:00:00+05:30","Asia/Kolkata",16.509717,80.612222,,,,"Andhra Pradesh Pollution Control Board","CPCB"
3409493,"Rajiv Gandhi Park, Vijayawada - APPCB","co",0.71,"ppb","2026-08-19T13:45:00Z","2026-08-19T19:15:00+05:30","Asia/Kolkata",16.509717,80.612222,,,,"Andhra Pradesh Pollution Control Board","CPCB"
3409493,"Rajiv Gandhi Park, Vijayawada - APPCB","co",0.71,"ppb","2026-08-19T14:00:00Z","2026-08-19T19:30:00+05:30","Asia/Kolkata",16.509717,80.612222,,,,"Andhra Pradesh Pollution Control Board","CPCB"
3409493,"Rajiv Gandhi Park, Vijayawada - APPCB","co",0.71,"ppb","2026-08-19T14:15:00Z","2026-08-19T19:45:00+05:30","Asia/Kolkata",16.509717,80.612222,,,,"Andhra Pradesh Pollution Control Board","CPCB"
3409493,"Rajiv Gandhi Park, Vijayawada - APPCB","co",0.73,"ppb","2026-08-19T14:30:00Z","2026-08-19T20:00:00+05:30","Asia/Kolkata",16.509717,80.612222,,,,"Andhra Pradesh Pollution Control Board","CPCB"
3409493,"Rajiv Gandhi Park, Vijayawada - APPCB","co",0.75,"ppb","2026-08-19T14:45:00Z","2026-08-19T20:15:00+05:30","Asia/Kolkata",16.509717,80.612222,,,,"Andhra Pradesh Pollution Control Board","CPCB"
3409493,"Rajiv Gandhi Park, Vijayawada - APPCB","co",0.77,"ppb","2026-08-19T15:00:00Z","2026-08-19T20:30:00+05:30","Asia/Kolkata",16.509717,80.612222,,,,"Andhra Pradesh Pollution Control Board","CPCB"
3409493,"Rajiv Gandhi Park, Vijayawada - APPCB","co",0.76,"ppb","2026-08-19T15:15:00Z","2026-08-19T20:45:00+05:30","Asia/Kolkata",16.509717,80.612222,,,,"Andhra Pradesh Pollution Control Board","CPCB"
3409493,"Rajiv Gandhi Park, Vijayawada - APPCB","co",0.76,"ppb","2026-08-19T15:30:00Z","2026-08-19T21:00:00+05:30","Asia/Kolkata",16.509717,80.612222,,,,"Andhra Pradesh Pollution Control Board","CPCB"
3409493,"Rajiv Gandhi Park, Vijayawada - APPCB","co",0.78,"ppb","2026-08-19T15:45:00Z","2026-08-19T21:15:00+05:30","Asia/Kolkata",16.509717,80.612222,,,,"Andhra Pradesh Pollution Control Board","CPCB"
3409493,"Rajiv Gandhi Park, Vijayawada - APPCB","co",0.77,"ppb","2026-08-19T16:00:00Z","2026-08-19T21:30:00+05:30","Asia/Kolkata",16.509717,80.612222,,,,"Andhra Pradesh Pollution Control Board","CPCB"
3409493,"Rajiv Gandhi Park, Vijayawada - APPCB","co",0.78,"ppb","2026-08-19T16:15:00Z","2026-08-19T21:45:00+05:30","Asia/Kolkata",16.509717,80.612222,,,,"Andhra Pradesh Pollution Control Board","CPCB"
3409493,"Rajiv Gandhi Park, Vijayawada - APPCB","co",0.78,"ppb","2026-08-19T16:30:00Z","2026-08-19T22:00:00+05:30","Asia/Kolkata",16.509717,80.612222,,,,"Andhra Pradesh Pollution Control Board","CPCB"
3409493,"Rajiv Gandhi Park, Vijayawada - APPCB","co",0.78,"ppb","2026-08-19T16:45:00Z","2026-08-19T22:15:00+05:30","Asia/Kolkata",16.509717,80.612222,,,,"Andhra Pradesh Pollution Control Board","CPCB"
3409493,"Rajiv Gandhi Park, Vijayawada - APPCB","co",0.79,"ppb","2026-08-19T17:00:00Z","2026-08-19T22:30:00+05:30","Asia/Kolkata",16.509717,80.612222,,,,"Andhra Pradesh Pollution Control Board","CPCB"
3409493,"Rajiv Gandhi Park, Vijayawada - APPCB","co",0.78,"ppb","2026-08-19T17:15:00Z","2026-08-19T22:45:00+05:30","Asia/Kolkata",16.509717,80.612222,,,,"Andhra Pradesh Pollution Control Board","CPCB"
3409493,"Rajiv Gandhi Park, Vijayawada - APPCB","co",0.78,"ppb","2026-08-19T17:30:00Z","2026-08-19T23:00:00+05:30","Asia/Kolkata",16.509717,80.612222,,,,"Andhra Pradesh Pollution Control Board","CPCB"
3409493,"Rajiv Gandhi Park, Vijayawada - APPCB","co",0.79,"ppb","2026-08-19T17:45:00Z","2026-08-19T23:15:00+05:30","Asia/Kolkata",16.509717,80.612222,,,,"Andhra Pradesh Pollution Control Board","CPCB"
3409493,"Rajiv Gandhi Park, Vijayawada - APPCB","co",0.81,"ppb","2026-08-19T18:00:00Z","2026-08-19T23:30:00+05:30","Asia/Kolkata",16.509717,80.612222,,,,"Andhra Pradesh Pollution Control Board","CPCB"
3409493,"Rajiv Gandhi Park, Vijayawada - APPCB","co",0.78,"ppb","2026-08-19T18:15:00Z","2026-08-19T23:45:00+05:30","Asia/Kolkata",16.509717,80.612222,,,,"Andhra Pradesh Pollution Control Board","CPCB"
3409493,"Rajiv Gandhi Park, Vijayawada - APPCB","co",0.78,"ppb","2026-08-19T19:15:00Z","2026-08-20T00:45:00+05:30","Asia/Kolkata",16.509717,80.612222,,,,"Andhra Pradesh Pollution Control Board","CPCB"
3409493,"Rajiv Gandhi Park, Vijayawada - APPCB","co",0.77,"ppb","2026-08-19T19:30:00Z","2026-08-20T01:00:00+05:30","Asia/Kolkata",16.509717,80.612222,,,,"Andhra Pradesh Pollution Control Board","CPCB"
3409493,"Rajiv Gandhi Park, Vijayawada - APPCB","co",0.76,"ppb","2026-08-19T19:45:00Z","2026-08-20T01:15:00+05:30","Asia/Kolkata",16.509717,80.612222,,,,"Andhra Pradesh Pollution Control Board","CPCB"
3409493,"Rajiv Gandhi Park, Vijayawada - APPCB","co",0.75,"ppb","2026-08-19T20:00:00Z","2026-08-20T01:30:00+05:30","Asia/Kolkata",16.509717,80.612222,,,,"Andhra Pradesh Pollution Control Board","CPCB"
3409493,"Rajiv Gandhi Park, Vijayawada - APPCB","co",0.75,"ppb","2026-08-19T20:15:00Z","2026-08-20T01:45:00+05:30","Asia/Kolkata",16.509717,80.612222,,,,"Andhra Pradesh Pollution Control Board","CPCB"
3409493,"Rajiv Gandhi Park, Vijayawada - APPCB","co",0.75,"ppb","2026-08-19T20:30:00Z","2026-08-20T02:00:00+05:30","Asia/Kolkata",16.509717,80.612222,,,,"Andhra Pradesh Pollution Control Board","CPCB"
3409493,"Rajiv Gandhi Park, Vijayawada - APPCB","co",0.76,"ppb","2026-08-19T20:45:00Z","2026-08-20T02:15:00+05:30","Asia/Kolkata",16.509717,80.612222,,,,"Andhra Pradesh Pollution Control Board","CPCB"
3409493,"Rajiv Gandhi Park, Vijayawada - APPCB","co",0.75,"ppb","2026-08-19T21:00:00Z","2026-08-20T02:30:00+05:30","Asia/Kolkata",16.509717,80.612222,,,,"Andhra Pradesh Pollution Control Board","CPCB"
3409493,"Rajiv Gandhi Park, Vijayawada - APPCB","co",0.74,"ppb","2026-08-19T21:15:00Z","2026-08-20T02:45:00+05:30","Asia/Kolkata",16.509717,80.612222,,,,"Andhra Pradesh Pollution Control Board","CPCB"
3409493,"Rajiv Gandhi Park, Vijayawada - APPCB","co",0.73,"ppb","2026-08-19T21:30:00Z","2026-08-20T03:00:00+05:30","Asia/Kolkata",16.509717,80.612222,,,,"Andhra Pradesh Pollution Control Board","CPCB"
3409493,"Rajiv Gandhi Park, Vijayawada - APPCB","co",0.73,"ppb","2026-08-19T21:45:00Z","2026-08-20T03:15:00+05:30","Asia/Kolkata",16.509717,80.612222,,,,"Andhra Pradesh Pollution Control Board","CPCB"
3409493,"Rajiv Gandhi Park, Vijayawada - APPCB","co",0.72,"ppb","2026-08-19T22:00:00Z","2026-08-20T03:30:00+05:30","Asia/Kolkata",16.509717,80.612222,,,,"Andhra Pradesh Pollution Control Board","CPCB"
3409493,"Rajiv Gandhi Park, Vijayawada - APPCB","no",48.41,"ppb","2026-08-19T03:15:00Z","2026-08-19T08:45:00+05:30","Asia/Kolkata",16.509717,80.612222,,,,"Andhra Pradesh Pollution Control Board","CPCB"
3409493,"Rajiv Gandhi Park, Vijayawada - APPCB","no",49.07,"ppb","2026-08-19T03:30:00Z","2026-08-19T09:00:00+05:30","Asia/Kolkata",16.509717,80.612222,,,,"Andhra Pradesh Pollution Control Board","CPCB"
3409493,"Rajiv Gandhi Park, Vijayawada - APPCB","no",49.32,"ppb","2026-08-19T03:45:00Z","2026-08-19T09:15:00+05:30","Asia/Kolkata",16.509717,80.612222,,,,"Andhra Pradesh Pollution Control Board","CPCB"
3409493,"Rajiv Gandhi Park, Vijayawada - APPCB","no",30.14,"ppb","2026-08-19T04:00:00Z","2026-08-19T09:30:00+05:30","Asia/Kolkata",16.509717,80.612222,,,,"Andhra Pradesh Pollution Control Board","CPCB"
3409493,"Rajiv Gandhi Park, Vijayawada - APPCB","no",13.38,"ppb","2026-08-19T04:15:00Z","2026-08-19T09:45:00+05:30","Asia/Kolkata",16.509717,80.612222,,,,"Andhra Pradesh Pollution Control Board","CPCB"
3409493,"Rajiv Gandhi Park, Vijayawada - APPCB","no",3.68,"ppb","2026-08-19T04:30:00Z","2026-08-19T10:00:00+05:30","Asia/Kolkata",16.509717,80.612222,,,,"Andhra Pradesh Pollution Control Board","CPCB"
3409493,"Rajiv Gandhi Park, Vijayawada - APPCB","no",3.68,"ppb","2026-08-19T04:45:00Z","2026-08-19T10:15:00+05:30","Asia/Kolkata",16.509717,80.612222,,,,"Andhra Pradesh Pollution Control Board","CPCB"
3409493,"Rajiv Gandhi Park, Vijayawada - APPCB","no",3.75,"ppb","2026-08-19T05:00:00Z","2026-08-19T10:30:00+05:30","Asia/Kolkata",16.509717,80.612222,,,,"Andhra Pradesh Pollution Control Board","CPCB"
3409493,"Rajiv Gandhi Park, Vijayawada - APPCB","no",3.68,"ppb","2026-08-19T05:15:00Z","2026-08-19T10:45:00+05:30","Asia/Kolkata",16.509717,80.612222,,,,"Andhra Pradesh Pollution Control Board","CPCB"
3409493,"Rajiv Gandhi Park, Vijayawada - APPCB","no",5.78,"ppb","2026-08-19T06:15:00Z","2026-08-19T11:45:00+05:30","Asia/Kolkata",16.509717,80.612222,,,,"Andhra Pradesh Pollution Control Board","CPCB"
3409493,"Rajiv Gandhi Park, Vijayawada - APPCB","no",8.95,"ppb","2026-08-19T06:30:00Z","2026-08-19T12:00:00+05:30","Asia/Kolkata",16.509717,80.612222,,,,"Andhra Pradesh Pollution Control Board","CPCB"
3409493,"Rajiv Gandhi Park, Vijayawada - APPCB","no",6.37,"ppb","2026-08-19T06:45:00Z","2026-08-19T12:15:00+05:30","Asia/Kolkata",16.509717,80.612222,,,,"Andhra Pradesh Pollution Control Board","CPCB"
3409493,"Rajiv Gandhi Park, Vijayawada - APPCB","no",5.91,"ppb","2026-08-19T07:00:00Z","2026-08-19T12:30:00+05:30","Asia/Kolkata",16.509717,80.612222,,,,"Andhra Pradesh Pollution Control Board","CPCB"
3409493,"Rajiv Gandhi Park, Vijayawada - APPCB","no",6.36,"ppb","2026-08-19T07:15:00Z","2026-08-19T12:45:00+05:30","Asia/Kolkata",16.509717,80.612222,,,,"Andhra Pradesh Pollution Control Board","CPCB"
3409493,"Rajiv Gandhi Park, Vijayawada - APPCB","no",6.95,"ppb","2026-08-19T07:30:00Z","2026-08-19T13:00:00+05:30","Asia/Kolkata",16.509717,80.612222,,,,"Andhra Pradesh Pollution Control Board","CPCB"
3409493,"Rajiv Gandhi Park, Vijayawada - APPCB","no",7.05,"ppb","2026-08-19T07:45:00Z","2026-08-19T13:15:00+05:30","Asia/Kolkata",16.509717,80.612222,,,,"Andhra Pradesh Pollution Control Board","CPCB"
3409493,"Rajiv Gandhi Park, Vijayawada - APPCB","no",3.68,"ppb","2026-08-19T08:00:00Z","2026-08-19T13:30:00+05:30","Asia/Kolkata",16.509717,80.612222,,,,"Andhra Pradesh Pollution Control Board","CPCB"
3409493,"Rajiv Gandhi Park, Vijayawada - APPCB","no",12.81,"ppb","2026-08-19T08:15:00Z","2026-08-19T13:45:00+05:30","Asia/Kolkata",16.509717,80.612222,,,,"Andhra Pradesh Pollution Control Board","CPCB"
3409493,"Rajiv Gandhi Park, Vijayawada - APPCB","no",13.04,"ppb","2026-08-19T08:30:00Z","2026-08-19T14:00:00+05:30","Asia/Kolkata",16.509717,80.612222,,,,"Andhra Pradesh Pollution Control Board","CPCB"
3409493,"Rajiv Gandhi Park, Vijayawada - APPCB","no",13.63,"ppb","2026-08-19T08:45:00Z","2026-08-19T14:15:00+05:30","Asia/Kolkata",16.509717,80.612222,,,,"Andhra Pradesh Pollution Control Board","CPCB"
3409493,"Rajiv Gandhi Park, Vijayawada - APPCB","no",14.41,"ppb","2026-08-19T09:00:00Z","2026-08-19T14:30:00+05:30","Asia/Kolkata",16.509717,80.612222,,,,"Andhra Pradesh Pollution Control Board","CPCB"
3409493,"Rajiv Gandhi Park, Vijayawada - APPCB","no",15.26,"ppb","2026-08-19T09:15:00Z","2026-08-19T14:45:00+05:30","Asia/Kolkata",16.509717,80.612222,,,,"Andhra Pradesh Pollution Control Board","CPCB"
3409493,"Rajiv Gandhi Park, Vijayawada - APPCB","no",16.09,"ppb","2026-08-19T09:30:00Z","2026-08-19T15:00:00+05:30","Asia/Kolkata",16.509717,80.612222,,,,"Andhra Pradesh Pollution Control Board","CPCB"
3409493,"Rajiv Gandhi Park, Vijayawada - APPCB","no",25.46,"ppb","2026-08-19T10:15:00Z","2026-08-19T15:45:00+05:30","Asia/Kolkata",16.509717,80.612222,,,,"Andhra Pradesh Pollution Control Board","CPCB"
3409493,"Rajiv Gandhi Park, Vijayawada - APPCB","no",20.86,"ppb","2026-08-19T10:30:00Z","2026-08-19T16:00:00+05:30","Asia/Kolkata",16.509717,80.612222,,,,"Andhra Pradesh Pollution Control Board","CPCB"
3409493,"Rajiv Gandhi Park, Vijayawada - APPCB","no",26.14,"ppb","2026-08-19T10:45:00Z","2026-08-19T16:15:00+05:30","Asia/Kolkata",16.509717,80.612222,,,,"Andhra Pradesh Pollution Control Board","CPCB"
3409493,"Rajiv Gandhi Park, Vijayawada - APPCB","no",20.54,"ppb","2026-08-19T11:00:00Z","2026-08-19T16:30:00+05:30","Asia/Kolkata",16.509717,80.612222,,,,"Andhra Pradesh Pollution Control Board","CPCB"
3409493,"Rajiv Gandhi Park, Vijayawada - APPCB","no",14.65,"ppb","2026-08-19T11:15:00Z","2026-08-19T16:45:00+05:30","Asia/Kolkata",16.509717,80.612222,,,,"Andhra Pradesh Pollution Control Board","CPCB"
3409493,"Rajiv Gandhi Park, Vijayawada - APPCB","no",4.13,"ppb","2026-08-19T11:30:00Z","2026-08-19T17:00:00+05:30","Asia/Kolkata",16.509717,80.612222,,,,"Andhra Pradesh Pollution Control Board","CPCB"
3409493,"Rajiv Gandhi Park, Vijayawada - APPCB","no",5.07,"ppb","2026-08-19T11:45:00Z","2026-08-19T17:15:00+05:30","Asia/Kolkata",16.509717,80.612222,,,,"Andhra Pradesh Pollution Control Board","CPCB"
3409493,"Rajiv Gandhi Park, Vijayawada - APPCB","no",3.68,"ppb","2026-08-19T12:15:00Z","2026-08-19T17:45:00+05:30","Asia/Kolkata",16.509717,80.612222,,,,"Andhra Pradesh Pollution Control Board","CPCB"
3409493,"Rajiv Gandhi Park, Vijayawada - APPCB","no",3.68,"ppb","2026-08-19T12:30:00Z","2026-08-19T18:00:00+05:30","Asia/Kolkata",16.509717,80.612222,,,,"Andhra Pradesh Pollution Control Board","CPCB"
3409493,"Rajiv Gandhi Park, Vijayawada - APPCB","no",4.21,"ppb","2026-08-19T12:45:00Z","2026-08-19T18:15:00+05:30","Asia/Kolkata",16.509717,80.612222,,,,"Andhra Pradesh Pollution Control Board","CPCB"
3409493,"Rajiv Gandhi Park, Vijayawada - APPCB","no",5.63,"ppb","2026-08-19T13:00:00Z","2026-08-19T18:30:00+05:30","Asia/Kolkata",16.509717,80.612222,,,,"Andhra Pradesh Pollution Control Board","CPCB"
3409493,"Rajiv Gandhi Park, Vijayawada - APPCB","no",6.93,"ppb","2026-08-19T13:15:00Z","2026-08-19T18:45:00+05:30","Asia/Kolkata",16.509717,80.612222,,,,"Andhra Pradesh Pollution Control Board","CPCB"
3409493,"Rajiv Gandhi Park, Vijayawada - APPCB","no",8.26,"ppb","2026-08-19T13:30:00Z","2026-08-19T19:00:00+05:30","Asia/Kolkata",16.509717,80.612222,,,,"Andhra Pradesh Pollution Control Board","CPCB"
3409493,"Rajiv Gandhi Park, Vijayawada - APPCB","no",9.81,"ppb","2026-08-19T13:45:00Z","2026-08-19T19:15:00+05:30","Asia/Kolkata",16.509717,80.612222,,,,"Andhra Pradesh Pollution Control Board","CPCB"
3409493,"Rajiv Gandhi Park, Vijayawada - APPCB","no",11.04,"ppb","2026-08-19T14:00:00Z","2026-08-19T19:30:00+05:30","Asia/Kolkata",16.509717,80.612222,,,,"Andhra Pradesh Pollution Control Board","CPCB"
3409493,"Rajiv Gandhi Park, Vijayawada - APPCB","no",12.28,"ppb","2026-08-19T14:15:00Z","2026-08-19T19:45:00+05:30","Asia/Kolkata",16.509717,80.612222,,,,"Andhra Pradesh Pollution Control Board","CPCB"
3409493,"Rajiv Gandhi Park, Vijayawada - APPCB","no",13.43,"ppb","2026-08-19T14:30:00Z","2026-08-19T20:00:00+05:30","Asia/Kolkata",16.509717,80.612222,,,,"Andhra Pradesh Pollution Control Board","CPCB"
3409493,"Rajiv Gandhi Park, Vijayawada - APPCB","no",14.61,"ppb","2026-08-19T14:45:00Z","2026-08-19T20:15:00+05:30","Asia/Kolkata",16.509717,80.612222,,,,"Andhra Pradesh Pollution Control Board","CPCB"
3409493,"Rajiv Gandhi Park, Vijayawada - APPCB","no",16.12,"ppb","2026-08-19T15:00:00Z","2026-08-19T20:30:00+05:30","Asia/Kolkata",16.509717,80.612222,,,,"Andhra Pradesh Pollution Control Board","CPCB"
3409493,"Rajiv Gandhi Park, Vijayawada - APPCB","no",17.32,"ppb","2026-08-19T15:15:00Z","2026-08-19T20:45:00+05:30","Asia/Kolkata",16.509717,80.612222,,,,"Andhra Pradesh Pollution Control Board","CPCB"
3409493,"Rajiv Gandhi Park, Vijayawada - APPCB","no",22,"ppb","2026-08-19T15:30:00Z","2026-08-19T21:00:00+05:30","Asia/Kolkata",16.509717,80.612222,,,,"Andhra Pradesh Pollution Control Board","CPCB"
3409493,"Rajiv Gandhi Park, Vijayawada - APPCB","no",23.54,"ppb","2026-08-19T15:45:00Z","2026-08-19T21:15:00+05:30","Asia/Kolkata",16.509717,80.612222,,,,"Andhra Pradesh Pollution Control Board","CPCB"
3409493,"Rajiv Gandhi Park, Vijayawada - APPCB","no",26.31,"ppb","2026-08-19T16:00:00Z","2026-08-19T21:30:00+05:30","Asia/Kolkata",16.509717,80.612222,,,,"Andhra Pradesh Pollution Control Board","CPCB"
3409493,"Rajiv Gandhi Park, Vijayawada - APPCB","no",26.92,"ppb","2026-08-19T16:15:00Z","2026-08-19T21:45:00+05:30","Asia/Kolkata",16.509717,80.612222,,,,"Andhra Pradesh Pollution Control Board","CPCB"
3409493,"Rajiv Gandhi Park, Vijayawada - APPCB","no",27.78,"ppb","2026-08-19T16:30:00Z","2026-08-19T22:00:00+05:30","Asia/Kolkata",16.509717,80.612222,,,,"Andhra Pradesh Pollution Control Board","CPCB"
3409493,"Rajiv Gandhi Park, Vijayawada - APPCB","no",30.01,"ppb","2026-08-19T16:45:00Z","2026-08-19T22:15:00+05:30","Asia/Kolkata",16.509717,80.612222,,,,"Andhra Pradesh Pollution Control Board","CPCB"
3409493,"Rajiv Gandhi Park, Vijayawada - APPCB","no",29.32,"ppb","2026-08-19T17:00:00Z","2026-08-19T22:30:00+05:30","Asia/Kolkata",16.509717,80.612222,,,,"Andhra Pradesh Pollution Control Board","CPCB"
3409493,"Rajiv Gandhi Park, Vijayawada - APPCB","no",30.93,"ppb","2026-08-19T17:15:00Z","2026-08-19T22:45:00+05:30","Asia/Kolkata",16.509717,80.612222,,,,"Andhra Pradesh Pollution Control Board","CPCB"
3409493,"Rajiv Gandhi Park, Vijayawada - APPCB","no",32.57,"ppb","2026-08-19T17:30:00Z","2026-08-19T23:00:00+05:30","Asia/Kolkata",16.509717,80.612222,,,,"Andhra Pradesh Pollution Control Board","CPCB"
3409493,"Rajiv Gandhi Park, Vijayawada - APPCB","no",29.44,"ppb","2026-08-19T17:45:00Z","2026-08-19T23:15:00+05:30","Asia/Kolkata",16.509717,80.612222,,,,"Andhra Pradesh Pollution Control Board","CPCB"
3409493,"Rajiv Gandhi Park, Vijayawada - APPCB","no",30.19,"ppb","2026-08-19T18:00:00Z","2026-08-19T23:30:00+05:30","Asia/Kolkata",16.509717,80.612222,,,,"Andhra Pradesh Pollution Control Board","CPCB"
3409493,"Rajiv Gandhi Park, Vijayawada - APPCB","no",31.18,"ppb","2026-08-19T18:15:00Z","2026-08-19T23:45:00+05:30","Asia/Kolkata",16.509717,80.612222,,,,"Andhra Pradesh Pollution Control Board","CPCB"
3409493,"Rajiv Gandhi Park, Vijayawada - APPCB","no",21.04,"ppb","2026-08-19T19:15:00Z","2026-08-20T00:45:00+05:30","Asia/Kolkata",16.509717,80.612222,,,,"Andhra Pradesh Pollution Control Board","CPCB"
3409493,"Rajiv Gandhi Park, Vijayawada - APPCB","no",21.78,"ppb","2026-08-19T19:30:00Z","2026-08-20T01:00:00+05:30","Asia/Kolkata",16.509717,80.612222,,,,"Andhra Pradesh Pollution Control Board","CPCB"
3409493,"Rajiv Gandhi Park, Vijayawada - APPCB","no",22.66,"ppb","2026-08-19T19:45:00Z","2026-08-20T01:15:00+05:30","Asia/Kolkata",16.509717,80.612222,,,,"Andhra Pradesh Pollution Control Board","CPCB"
3409493,"Rajiv Gandhi Park, Vijayawada - APPCB","no",23.58,"ppb","2026-08-19T20:00:00Z","2026-08-20T01:30:00+05:30","Asia/Kolkata",16.509717,80.612222,,,,"Andhra Pradesh Pollution Control Board","CPCB"
3409493,"Rajiv Gandhi Park, Vijayawada - APPCB","no",24.21,"ppb","2026-08-19T20:15:00Z","2026-08-20T01:45:00+05:30","Asia/Kolkata",16.509717,80.612222,,,,"Andhra Pradesh Pollution Control Board","CPCB"
3409493,"Rajiv Gandhi Park, Vijayawada - APPCB","no",24.72,"ppb","2026-08-19T20:30:00Z","2026-08-20T02:00:00+05:30","Asia/Kolkata",16.509717,80.612222,,,,"Andhra Pradesh Pollution Control Board","CPCB"
3409493,"Rajiv Gandhi Park, Vijayawada - APPCB","no",25.63,"ppb","2026-08-19T20:45:00Z","2026-08-20T02:15:00+05:30","Asia/Kolkata",16.509717,80.612222,,,,"Andhra Pradesh Pollution Control Board","CPCB"
3409493,"Rajiv Gandhi Park, Vijayawada - APPCB","no",26.45,"ppb","2026-08-19T21:00:00Z","2026-08-20T02:30:00+05:30","Asia/Kolkata",16.509717,80.612222,,,,"Andhra Pradesh Pollution Control Board","CPCB"
3409493,"Rajiv Gandhi Park, Vijayawada - APPCB","no",31.97,"ppb","2026-08-19T21:15:00Z","2026-08-20T02:45:00+05:30","Asia/Kolkata",16.509717,80.612222,,,,"Andhra Pradesh Pollution Control Board","CPCB"
3409493,"Rajiv Gandhi Park, Vijayawada - APPCB","no",31.03,"ppb","2026-08-19T21:30:00Z","2026-08-20T03:00:00+05:30","Asia/Kolkata",16.509717,80.612222,,,,"Andhra Pradesh Pollution Control Board","CPCB"
3409493,"Rajiv Gandhi Park, Vijayawada - APPCB","no",31.16,"ppb","2026-08-19T21:45:00Z","2026-08-20T03:15:00+05:30","Asia/Kolkata",16.509717,80.612222,,,,"Andhra Pradesh Pollution Control Board","CPCB"
3409493,"Rajiv Gandhi Park, Vijayawada - APPCB","no",31.65,"ppb","2026-08-19T22:00:00Z","2026-08-20T03:30:00+05:30","Asia/Kolkata",16.509717,80.612222,,,,"Andhra Pradesh Pollution Control Board","CPCB"
3409493,"Rajiv Gandhi Park, Vijayawada - APPCB","no2",23.65,"ppb","2026-08-19T03:15:00Z","2026-08-19T08:45:00+05:30","Asia/Kolkata",16.509717,80.612222,,,,"Andhra Pradesh Pollution Control Board","CPCB"
3409493,"Rajiv Gandhi Park, Vijayawada - APPCB","no2",23.57,"ppb","2026-08-19T03:30:00Z","2026-08-19T09:00:00+05:30","Asia/Kolkata",16.509717,80.612222,,,,"Andhra Pradesh Pollution Control Board","CPCB"
3409493,"Rajiv Gandhi Park, Vijayawada - APPCB","no2",23.8,"ppb","2026-08-19T03:45:00Z","2026-08-19T09:15:00+05:30","Asia/Kolkata",16.509717,80.612222,,,,"Andhra Pradesh Pollution Control Board","CPCB"
3409493,"Rajiv Gandhi Park, Vijayawada - APPCB","no2",23.4,"ppb","2026-08-19T04:00:00Z","2026-08-19T09:30:00+05:30","Asia/Kolkata",16.509717,80.612222,,,,"Andhra Pradesh Pollution Control Board","CPCB"
3409493,"Rajiv Gandhi Park, Vijayawada - APPCB","no2",24.33,"ppb","2026-08-19T04:15:00Z","2026-08-19T09:45:00+05:30","Asia/Kolkata",16.509717,80.612222,,,,"Andhra Pradesh Pollution Control Board","CPCB"
3409493,"Rajiv Gandhi Park, Vijayawada - APPCB","no2",24.43,"ppb","2026-08-19T04:30:00Z","2026-08-19T10:00:00+05:30","Asia/Kolkata",16.509717,80.612222,,,,"Andhra Pradesh Pollution Control Board","CPCB"
3409493,"Rajiv Gandhi Park, Vijayawada - APPCB","no2",16.16,"ppb","2026-08-19T04:45:00Z","2026-08-19T10:15:00+05:30","Asia/Kolkata",16.509717,80.612222,,,,"Andhra Pradesh Pollution Control Board","CPCB"
3409493,"Rajiv Gandhi Park, Vijayawada - APPCB","no2",22.59,"ppb","2026-08-19T05:00:00Z","2026-08-19T10:30:00+05:30","Asia/Kolkata",16.509717,80.612222,,,,"Andhra Pradesh Pollution Control Board","CPCB"
3409493,"Rajiv Gandhi Park, Vijayawada - APPCB","no2",18.91,"ppb","2026-08-19T05:15:00Z","2026-08-19T10:45:00+05:30","Asia/Kolkata",16.509717,80.612222,,,,"Andhra Pradesh Pollution Control Board","CPCB"
3409493,"Rajiv Gandhi Park, Vijayawada - APPCB","no2",21.65,"ppb","2026-08-19T06:15:00Z","2026-08-19T11:45:00+05:30","Asia/Kolkata",16.509717,80.612222,,,,"Andhra Pradesh Pollution Control Board","CPCB"
3409493,"Rajiv Gandhi Park, Vijayawada - APPCB","no2",21.3,"ppb","2026-08-19T06:30:00Z","2026-08-19T12:00:00+05:30","Asia/Kolkata",16.509717,80.612222,,,,"Andhra Pradesh Pollution Control Board","CPCB"
3409493,"Rajiv Gandhi Park, Vijayawada - APPCB","no2",20.31,"ppb","2026-08-19T06:45:00Z","2026-08-19T12:15:00+05:30","Asia/Kolkata",16.509717,80.612222,,,,"Andhra Pradesh Pollution Control Board","CPCB"
3409493,"Rajiv Gandhi Park, Vijayawada - APPCB","no2",20.66,"ppb","2026-08-19T07:00:00Z","2026-08-19T12:30:00+05:30","Asia/Kolkata",16.509717,80.612222,,,,"Andhra Pradesh Pollution Control Board","CPCB"
3409493,"Rajiv Gandhi Park, Vijayawada - APPCB","no2",20.62,"ppb","2026-08-19T07:15:00Z","2026-08-19T12:45:00+05:30","Asia/Kolkata",16.509717,80.612222,,,,"Andhra Pradesh Pollution Control Board","CPCB"
3409493,"Rajiv Gandhi Park, Vijayawada - APPCB","no2",20.72,"ppb","2026-08-19T07:30:00Z","2026-08-19T13:00:00+05:30","Asia/Kolkata",16.509717,80.612222,,,,"Andhra Pradesh Pollution Control Board","CPCB"
3409493,"Rajiv Gandhi Park, Vijayawada - APPCB","no2",20.38,"ppb","2026-08-19T07:45:00Z","2026-08-19T13:15:00+05:30","Asia/Kolkata",16.509717,80.612222,,,,"Andhra Pradesh Pollution Control Board","CPCB"
3409493,"Rajiv Gandhi Park, Vijayawada - APPCB","no2",12.44,"ppb","2026-08-19T08:00:00Z","2026-08-19T13:30:00+05:30","Asia/Kolkata",16.509717,80.612222,,,,"Andhra Pradesh Pollution Control Board","CPCB"
3409493,"Rajiv Gandhi Park, Vijayawada - APPCB","no2",30.07,"ppb","2026-08-19T08:15:00Z","2026-08-19T13:45:00+05:30","Asia/Kolkata",16.509717,80.612222,,,,"Andhra Pradesh Pollution Control Board","CPCB"
3409493,"Rajiv Gandhi Park, Vijayawada - APPCB","no2",29.51,"ppb","2026-08-19T08:30:00Z","2026-08-19T14:00:00+05:30","Asia/Kolkata",16.509717,80.612222,,,,"Andhra Pradesh Pollution Control Board","CPCB"
3409493,"Rajiv Gandhi Park, Vijayawada - APPCB","no2",28.23,"ppb","2026-08-19T08:45:00Z","2026-08-19T14:15:00+05:30","Asia/Kolkata",16.509717,80.612222,,,,"Andhra Pradesh Pollution Control Board","CPCB"
3409493,"Rajiv Gandhi Park, Vijayawada - APPCB","no2",27.21,"ppb","2026-08-19T09:00:00Z","2026-08-19T14:30:00+05:30","Asia/Kolkata",16.509717,80.612222,,,,"Andhra Pradesh Pollution Control Board","CPCB"
3409493,"Rajiv Gandhi Park, Vijayawada - APPCB","no2",26.54,"ppb","2026-08-19T09:15:00Z","2026-08-19T14:45:00+05:30","Asia/Kolkata",16.509717,80.612222,,,,"Andhra Pradesh Pollution Control Board","CPCB"
3409493,"Rajiv Gandhi Park, Vijayawada - APPCB","no2",26.01,"ppb","2026-08-19T09:30:00Z","2026-08-19T15:00:00+05:30","Asia/Kolkata",16.509717,80.612222,,,,"Andhra Pradesh Pollution Control Board","CPCB"
3409493,"Rajiv Gandhi Park, Vijayawada - APPCB","no2",22.16,"ppb","2026-08-19T10:15:00Z","2026-08-19T15:45:00+05:30","Asia/Kolkata",16.509717,80.612222,,,,"Andhra Pradesh Pollution Control Board","CPCB"
3409493,"Rajiv Gandhi Park, Vijayawada - APPCB","no2",23.46,"ppb","2026-08-19T10:30:00Z","2026-08-19T16:00:00+05:30","Asia/Kolkata",16.509717,80.612222,,,,"Andhra Pradesh Pollution Control Board","CPCB"
3409493,"Rajiv Gandhi Park, Vijayawada - APPCB","no2",23.49,"ppb","2026-08-19T10:45:00Z","2026-08-19T16:15:00+05:30","Asia/Kolkata",16.509717,80.612222,,,,"Andhra Pradesh Pollution Control Board","CPCB"
3409493,"Rajiv Gandhi Park, Vijayawada - APPCB","no2",23.82,"ppb","2026-08-19T11:00:00Z","2026-08-19T16:30:00+05:30","Asia/Kolkata",16.509717,80.612222,,,,"Andhra Pradesh Pollution Control Board","CPCB"
3409493,"Rajiv Gandhi Park, Vijayawada - APPCB","no2",29.33,"ppb","2026-08-19T11:15:00Z","2026-08-19T16:45:00+05:30","Asia/Kolkata",16.509717,80.612222,,,,"Andhra Pradesh Pollution Control Board","CPCB"
3409493,"Rajiv Gandhi Park, Vijayawada - APPCB","no2",27.99,"ppb","2026-08-19T11:30:00Z","2026-08-19T17:00:00+05:30","Asia/Kolkata",16.509717,80.612222,,,,"Andhra Pradesh Pollution Control Board","CPCB"
3409493,"Rajiv Gandhi Park, Vijayawada - APPCB","no2",27.58,"ppb","2026-08-19T11:45:00Z","2026-08-19T17:15:00+05:30","Asia/Kolkata",16.509717,80.612222,,,,"Andhra Pradesh Pollution Control Board","CPCB"
3409493,"Rajiv Gandhi Park, Vijayawada - APPCB","no2",24.2,"ppb","2026-08-19T12:15:00Z","2026-08-19T17:45:00+05:30","Asia/Kolkata",16.509717,80.612222,,,,"Andhra Pradesh Pollution Control Board","CPCB"
3409493,"Rajiv Gandhi Park, Vijayawada - APPCB","no2",23.35,"ppb","2026-08-19T12:30:00Z","2026-08-19T18:00:00+05:30","Asia/Kolkata",16.509717,80.612222,,,,"Andhra Pradesh Pollution Control Board","CPCB"
3409493,"Rajiv Gandhi Park, Vijayawada - APPCB","no2",23.78,"ppb","2026-08-19T12:45:00Z","2026-08-19T18:15:00+05:30","Asia/Kolkata",16.509717,80.612222,,,,"Andhra Pradesh Pollution Control Board","CPCB"
3409493,"Rajiv Gandhi Park, Vijayawada - APPCB","no2",23.42,"ppb","2026-08-19T13:00:00Z","2026-08-19T18:30:00+05:30","Asia/Kolkata",16.509717,80.612222,,,,"Andhra Pradesh Pollution Control Board","CPCB"
3409493,"Rajiv Gandhi Park, Vijayawada - APPCB","no2",23.43,"ppb","2026-08-19T13:15:00Z","2026-08-19T18:45:00+05:30","Asia/Kolkata",16.509717,80.612222,,,,"Andhra Pradesh Pollution Control Board","CPCB"
3409493,"Rajiv Gandhi Park, Vijayawada - APPCB","no2",23.47,"ppb","2026-08-19T13:30:00Z","2026-08-19T19:00:00+05:30","Asia/Kolkata",16.509717,80.612222,,,,"Andhra Pradesh Pollution Control Board","CPCB"
3409493,"Rajiv Gandhi Park, Vijayawada - APPCB","no2",23.73,"ppb","2026-08-19T13:45:00Z","2026-08-19T19:15:00+05:30","Asia/Kolkata",16.509717,80.612222,,,,"Andhra Pradesh Pollution Control Board","CPCB"
3409493,"Rajiv Gandhi Park, Vijayawada - APPCB","no2",23.65,"ppb","2026-08-19T14:00:00Z","2026-08-19T19:30:00+05:30","Asia/Kolkata",16.509717,80.612222,,,,"Andhra Pradesh Pollution Control Board","CPCB"
3409493,"Rajiv Gandhi Park, Vijayawada - APPCB","no2",23.76,"ppb","2026-08-19T14:15:00Z","2026-08-19T19:45:00+05:30","Asia/Kolkata",16.509717,80.612222,,,,"Andhra Pradesh Pollution Control Board","CPCB"
3409493,"Rajiv Gandhi Park, Vijayawada - APPCB","no2",23.95,"ppb","2026-08-19T14:30:00Z","2026-08-19T20:00:00+05:30","Asia/Kolkata",16.509717,80.612222,,,,"Andhra Pradesh Pollution Control Board","CPCB"
3409493,"Rajiv Gandhi Park, Vijayawada - APPCB","no2",24,"ppb","2026-08-19T14:45:00Z","2026-08-19T20:15:00+05:30","Asia/Kolkata",16.509717,80.612222,,,,"Andhra Pradesh Pollution Control Board","CPCB"
3409493,"Rajiv Gandhi Park, Vijayawada - APPCB","no2",24.08,"ppb","2026-08-19T15:00:00Z","2026-08-19T20:30:00+05:30","Asia/Kolkata",16.509717,80.612222,,,,"Andhra Pradesh Pollution Control Board","CPCB"
3409493,"Rajiv Gandhi Park, Vijayawada - APPCB","no2",24.12,"ppb","2026-08-19T15:15:00Z","2026-08-19T20:45:00+05:30","Asia/Kolkata",16.509717,80.612222,,,,"Andhra Pradesh Pollution Control Board","CPCB"
3409493,"Rajiv Gandhi Park, Vijayawada - APPCB","no2",23.9,"ppb","2026-08-19T15:30:00Z","2026-08-19T21:00:00+05:30","Asia/Kolkata",16.509717,80.612222,,,,"Andhra Pradesh Pollution Control Board","CPCB"
3409493,"Rajiv Gandhi Park, Vijayawada - APPCB","no2",23.79,"ppb","2026-08-19T15:45:00Z","2026-08-19T21:15:00+05:30","Asia/Kolkata",16.509717,80.612222,,,,"Andhra Pradesh Pollution Control Board","CPCB"
3409493,"Rajiv Gandhi Park, Vijayawada - APPCB","no2",23.33,"ppb","2026-08-19T16:00:00Z","2026-08-19T21:30:00+05:30","Asia/Kolkata",16.509717,80.612222,,,,"Andhra Pradesh Pollution Control Board","CPCB"
3409493,"Rajiv Gandhi Park, Vijayawada - APPCB","no2",25.71,"ppb","2026-08-19T16:15:00Z","2026-08-19T21:45:00+05:30","Asia/Kolkata",16.509717,80.612222,,,,"Andhra Pradesh Pollution Control Board","CPCB"
3409493,"Rajiv Gandhi Park, Vijayawada - APPCB","no2",24.48,"ppb","2026-08-19T16:30:00Z","2026-08-19T22:00:00+05:30","Asia/Kolkata",16.509717,80.612222,,,,"Andhra Pradesh Pollution Control Board","CPCB"
3409493,"Rajiv Gandhi Park, Vijayawada - APPCB","no2",24.76,"ppb","2026-08-19T16:45:00Z","2026-08-19T22:15:00+05:30","Asia/Kolkata",16.509717,80.612222,,,,"Andhra Pradesh Pollution Control Board","CPCB"
3409493,"Rajiv Gandhi Park, Vijayawada - APPCB","no2",24.17,"ppb","2026-08-19T17:00:00Z","2026-08-19T22:30:00+05:30","Asia/Kolkata",16.509717,80.612222,,,,"Andhra Pradesh Pollution Control Board","CPCB"
3409493,"Rajiv Gandhi Park, Vijayawada - APPCB","no2",22.47,"ppb","2026-08-19T17:15:00Z","2026-08-19T22:45:00+05:30","Asia/Kolkata",16.509717,80.612222,,,,"Andhra Pradesh Pollution Control Board","CPCB"
3409493,"Rajiv Gandhi Park, Vijayawada - APPCB","no2",22.69,"ppb","2026-08-19T17:30:00Z","2026-08-19T23:00:00+05:30","Asia/Kolkata",16.509717,80.612222,,,,"Andhra Pradesh Pollution Control Board","CPCB"
3409493,"Rajiv Gandhi Park, Vijayawada - APPCB","no2",22.67,"ppb","2026-08-19T17:45:00Z","2026-08-19T23:15:00+05:30","Asia/Kolkata",16.509717,80.612222,,,,"Andhra Pradesh Pollution Control Board","CPCB"
3409493,"Rajiv Gandhi Park, Vijayawada - APPCB","no2",22.44,"ppb","2026-08-19T18:00:00Z","2026-08-19T23:30:00+05:30","Asia/Kolkata",16.509717,80.612222,,,,"Andhra Pradesh Pollution Control Board","CPCB"
3409493,"Rajiv Gandhi Park, Vijayawada - APPCB","no2",22.72,"ppb","2026-08-19T18:15:00Z","2026-08-19T23:45:00+05:30","Asia/Kolkata",16.509717,80.612222,,,,"Andhra Pradesh Pollution Control Board","CPCB"
3409493,"Rajiv Gandhi Park, Vijayawada - APPCB","no2",23,"ppb","2026-08-19T19:15:00Z","2026-08-20T00:45:00+05:30","Asia/Kolkata",16.509717,80.612222,,,,"Andhra Pradesh Pollution Control Board","CPCB"
3409493,"Rajiv Gandhi Park, Vijayawada - APPCB","no2",23.39,"ppb","2026-08-19T19:30:00Z","2026-08-20T01:00:00+05:30","Asia/Kolkata",16.509717,80.612222,,,,"Andhra Pradesh Pollution Control Board","CPCB"
3409493,"Rajiv Gandhi Park, Vijayawada - APPCB","no2",23.27,"ppb","2026-08-19T19:45:00Z","2026-08-20T01:15:00+05:30","Asia/Kolkata",16.509717,80.612222,,,,"Andhra Pradesh Pollution Control Board","CPCB"
3409493,"Rajiv Gandhi Park, Vijayawada - APPCB","no2",23.36,"ppb","2026-08-19T20:00:00Z","2026-08-20T01:30:00+05:30","Asia/Kolkata",16.509717,80.612222,,,,"Andhra Pradesh Pollution Control Board","CPCB"
3409493,"Rajiv Gandhi Park, Vijayawada - APPCB","no2",23.43,"ppb","2026-08-19T20:15:00Z","2026-08-20T01:45:00+05:30","Asia/Kolkata",16.509717,80.612222,,,,"Andhra Pradesh Pollution Control Board","CPCB"
3409493,"Rajiv Gandhi Park, Vijayawada - APPCB","no2",23.58,"ppb","2026-08-19T20:30:00Z","2026-08-20T02:00:00+05:30","Asia/Kolkata",16.509717,80.612222,,,,"Andhra Pradesh Pollution Control Board","CPCB"
3409493,"Rajiv Gandhi Park, Vijayawada - APPCB","no2",23.54,"ppb","2026-08-19T20:45:00Z","2026-08-20T02:15:00+05:30","Asia/Kolkata",16.509717,80.612222,,,,"Andhra Pradesh Pollution Control Board","CPCB"
3409493,"Rajiv Gandhi Park, Vijayawada - APPCB","no2",23.59,"ppb","2026-08-19T21:00:00Z","2026-08-20T02:30:00+05:30","Asia/Kolkata",16.509717,80.612222,,,,"Andhra Pradesh Pollution Control Board","CPCB"
3409493,"Rajiv Gandhi Park, Vijayawada - APPCB","no2",20.67,"ppb","2026-08-19T21:15:00Z","2026-08-20T02:45:00+05:30","Asia/Kolkata",16.509717,80.612222,,,,"Andhra Pradesh Pollution Control Board","CPCB"
3409493,"Rajiv Gandhi Park, Vijayawada - APPCB","no2",22.6,"ppb","2026-08-19T21:30:00Z","2026-08-20T03:00:00+05:30","Asia/Kolkata",16.509717,80.612222,,,,"Andhra Pradesh Pollution Control Board","CPCB"
3409493,"Rajiv Gandhi Park, Vijayawada - APPCB","no2",23.71,"ppb","2026-08-19T21:45:00Z","2026-08-20T03:15:00+05:30","Asia/Kolkata",16.509717,80.612222,,,,"Andhra Pradesh Pollution Control Board","CPCB"
3409493,"Rajiv Gandhi Park, Vijayawada - APPCB","no2",23.73,"ppb","2026-08-19T22:00:00Z","2026-08-20T03:30:00+05:30","Asia/Kolkata",16.509717,80.612222,,,,"Andhra Pradesh Pollution Control Board","CPCB"
3409493,"Rajiv Gandhi Park, Vijayawada - APPCB","nox",0.051340000000000004,"ppb","2026-08-19T03:15:00Z","2026-08-19T08:45:00+05:30","Asia/Kolkata",16.509717,80.612222,,,,"Andhra Pradesh Pollution Control Board","CPCB"
3409493,"Rajiv Gandhi Park, Vijayawada - APPCB","nox",0.05182,"ppb","2026-08-19T03:30:00Z","2026-08-19T09:00:00+05:30","Asia/Kolkata",16.509717,80.612222,,,,"Andhra Pradesh Pollution Control Board","CPCB"
3409493,"Rajiv Gandhi Park, Vijayawada - APPCB","nox",0.05214,"ppb","2026-08-19T03:45:00Z","2026-08-19T09:15:00+05:30","Asia/Kolkata",16.509717,80.612222,,,,"Andhra Pradesh Pollution Control Board","CPCB"
3409493,"Rajiv Gandhi Park, Vijayawada - APPCB","nox",0.03655,"ppb","2026-08-19T04:00:00Z","2026-08-19T09:30:00+05:30","Asia/Kolkata",16.509717,80.612222,,,,"Andhra Pradesh Pollution Control Board","CPCB"
3409493,"Rajiv Gandhi Park, Vijayawada - APPCB","nox",0.023600000000000003,"ppb","2026-08-19T04:15:00Z","2026-08-19T09:45:00+05:30","Asia/Kolkata",16.509717,80.612222,,,,"Andhra Pradesh Pollution Control Board","CPCB"
3409493,"Rajiv Gandhi Park, Vijayawada - APPCB","nox",0.01587,"ppb","2026-08-19T04:30:00Z","2026-08-19T10:00:00+05:30","Asia/Kolkata",16.509717,80.612222,,,,"Andhra Pradesh Pollution Control Board","CPCB"
3409493,"Rajiv Gandhi Park, Vijayawada - APPCB","nox",0.011550000000000001,"ppb","2026-08-19T04:45:00Z","2026-08-19T10:15:00+05:30","Asia/Kolkata",16.509717,80.612222,,,,"Andhra Pradesh Pollution Control Board","CPCB"
3409493,"Rajiv Gandhi Park, Vijayawada - APPCB","nox",0.014960000000000001,"ppb","2026-08-19T05:00:00Z","2026-08-19T10:30:00+05:30","Asia/Kolkata",16.509717,80.612222,,,,"Andhra Pradesh Pollution Control Board","CPCB"
3409493,"Rajiv Gandhi Park, Vijayawada - APPCB","nox",0.01298,"ppb","2026-08-19T05:15:00Z","2026-08-19T10:45:00+05:30","Asia/Kolkata",16.509717,80.612222,,,,"Andhra Pradesh Pollution Control Board","CPCB"
3409493,"Rajiv Gandhi Park, Vijayawada - APPCB","nox",0.0161,"ppb","2026-08-19T06:15:00Z","2026-08-19T11:45:00+05:30","Asia/Kolkata",16.509717,80.612222,,,,"Andhra Pradesh Pollution Control Board","CPCB"
3409493,"Rajiv Gandhi Park, Vijayawada - APPCB","nox",0.01837,"ppb","2026-08-19T06:30:00Z","2026-08-19T12:00:00+05:30","Asia/Kolkata",16.509717,80.612222,,,,"Andhra Pradesh Pollution Control Board","CPCB"
3409493,"Rajiv Gandhi Park, Vijayawada - APPCB","nox",0.015880000000000002,"ppb","2026-08-19T06:45:00Z","2026-08-19T12:15:00+05:30","Asia/Kolkata",16.509717,80.612222,,,,"Andhra Pradesh Pollution Control Board","CPCB"
3409493,"Rajiv Gandhi Park, Vijayawada - APPCB","nox",0.01569,"ppb","2026-08-19T07:00:00Z","2026-08-19T12:30:00+05:30","Asia/Kolkata",16.509717,80.612222,,,,"Andhra Pradesh Pollution Control Board","CPCB"
3409493,"Rajiv Gandhi Park, Vijayawada - APPCB","nox",0.016030000000000003,"ppb","2026-08-19T07:15:00Z","2026-08-19T12:45:00+05:30","Asia/Kolkata",16.509717,80.612222,,,,"Andhra Pradesh Pollution Control Board","CPCB"
3409493,"Rajiv Gandhi Park, Vijayawada - APPCB","nox",0.016550000000000002,"ppb","2026-08-19T07:30:00Z","2026-08-19T13:00:00+05:30","Asia/Kolkata",16.509717,80.612222,,,,"Andhra Pradesh Pollution Control Board","CPCB"
3409493,"Rajiv Gandhi Park, Vijayawada - APPCB","nox",0.01645,"ppb","2026-08-19T07:45:00Z","2026-08-19T13:15:00+05:30","Asia/Kolkata",16.509717,80.612222,,,,"Andhra Pradesh Pollution Control Board","CPCB"
3409493,"Rajiv Gandhi Park, Vijayawada - APPCB","nox",0.0096,"ppb","2026-08-19T08:00:00Z","2026-08-19T13:30:00+05:30","Asia/Kolkata",16.509717,80.612222,,,,"Andhra Pradesh Pollution Control Board","CPCB"
3409493,"Rajiv Gandhi Park, Vijayawada - APPCB","nox",0.02614,"ppb","2026-08-19T08:15:00Z","2026-08-19T13:45:00+05:30","Asia/Kolkata",16.509717,80.612222,,,,"Andhra Pradesh Pollution Control Board","CPCB"
3409493,"Rajiv Gandhi Park, Vijayawada - APPCB","nox",0.02603,"ppb","2026-08-19T08:30:00Z","2026-08-19T14:00:00+05:30","Asia/Kolkata",16.509717,80.612222,,,,"Andhra Pradesh Pollution Control Board","CPCB"
3409493,"Rajiv Gandhi Park, Vijayawada - APPCB","nox",0.02583,"ppb","2026-08-19T08:45:00Z","2026-08-19T14:15:00+05:30","Asia/Kolkata",16.509717,80.612222,,,,"Andhra Pradesh Pollution Control Board","CPCB"
3409493,"Rajiv Gandhi Park, Vijayawada - APPCB","nox",0.025920000000000002,"ppb","2026-08-19T09:00:00Z","2026-08-19T14:30:00+05:30","Asia/Kolkata",16.509717,80.612222,,,,"Andhra Pradesh Pollution Control Board","CPCB"
3409493,"Rajiv Gandhi Park, Vijayawada - APPCB","nox",0.026260000000000002,"ppb","2026-08-19T09:15:00Z","2026-08-19T14:45:00+05:30","Asia/Kolkata",16.509717,80.612222,,,,"Andhra Pradesh Pollution Control Board","CPCB"
3409493,"Rajiv Gandhi Park, Vijayawada - APPCB","nox",0.02665,"ppb","2026-08-19T09:30:00Z","2026-08-19T15:00:00+05:30","Asia/Kolkata",16.509717,80.612222,,,,"Andhra Pradesh Pollution Control Board","CPCB"
3409493,"Rajiv Gandhi Park, Vijayawada - APPCB","nox",0.03215,"ppb","2026-08-19T10:15:00Z","2026-08-19T15:45:00+05:30","Asia/Kolkata",16.509717,80.612222,,,,"Andhra Pradesh Pollution Control Board","CPCB"
3409493,"Rajiv Gandhi Park, Vijayawada - APPCB","nox",0.02914,"ppb","2026-08-19T10:30:00Z","2026-08-19T16:00:00+05:30","Asia/Kolkata",16.509717,80.612222,,,,"Andhra Pradesh Pollution Control Board","CPCB"
3409493,"Rajiv Gandhi Park, Vijayawada - APPCB","nox",0.03339,"ppb","2026-08-19T10:45:00Z","2026-08-19T16:15:00+05:30","Asia/Kolkata",16.509717,80.612222,,,,"Andhra Pradesh Pollution Control Board","CPCB"
3409493,"Rajiv Gandhi Park, Vijayawada - APPCB","nox",0.02907,"ppb","2026-08-19T11:00:00Z","2026-08-19T16:30:00+05:30","Asia/Kolkata",16.509717,80.612222,,,,"Andhra Pradesh Pollution Control Board","CPCB"
3409493,"Rajiv Gandhi Park, Vijayawada - APPCB","nox",0.02723,"ppb","2026-08-19T11:15:00Z","2026-08-19T16:45:00+05:30","Asia/Kolkata",16.509717,80.612222,,,,"Andhra Pradesh Pollution Control Board","CPCB"
3409493,"Rajiv Gandhi Park, Vijayawada - APPCB","nox",0.01809,"ppb","2026-08-19T11:30:00Z","2026-08-19T17:00:00+05:30","Asia/Kolkata",16.509717,80.612222,,,,"Andhra Pradesh Pollution Control Board","CPCB"
3409493,"Rajiv Gandhi Park, Vijayawada - APPCB","nox",0.01863,"ppb","2026-08-19T11:45:00Z","2026-08-19T17:15:00+05:30","Asia/Kolkata",16.509717,80.612222,,,,"Andhra Pradesh Pollution Control Board","CPCB"
3409493,"Rajiv Gandhi Park, Vijayawada - APPCB","nox",0.01575,"ppb","2026-08-19T12:15:00Z","2026-08-19T17:45:00+05:30","Asia/Kolkata",16.509717,80.612222,,,,"Andhra Pradesh Pollution Control Board","CPCB"
3409493,"Rajiv Gandhi Park, Vijayawada - APPCB","nox",0.015300000000000001,"ppb","2026-08-19T12:30:00Z","2026-08-19T18:00:00+05:30","Asia/Kolkata",16.509717,80.612222,,,,"Andhra Pradesh Pollution Control Board","CPCB"
3409493,"Rajiv Gandhi Park, Vijayawada - APPCB","nox",0.01595,"ppb","2026-08-19T12:45:00Z","2026-08-19T18:15:00+05:30","Asia/Kolkata",16.509717,80.612222,,,,"Andhra Pradesh Pollution Control Board","CPCB"
3409493,"Rajiv Gandhi Park, Vijayawada - APPCB","nox",0.01691,"ppb","2026-08-19T13:00:00Z","2026-08-19T18:30:00+05:30","Asia/Kolkata",16.509717,80.612222,,,,"Andhra Pradesh Pollution Control Board","CPCB"
3409493,"Rajiv Gandhi Park, Vijayawada - APPCB","nox",0.01795,"ppb","2026-08-19T13:15:00Z","2026-08-19T18:45:00+05:30","Asia/Kolkata",16.509717,80.612222,,,,"Andhra Pradesh Pollution Control Board","CPCB"
3409493,"Rajiv Gandhi Park, Vijayawada - APPCB","nox",0.019039999999999998,"ppb","2026-08-19T13:30:00Z","2026-08-19T19:00:00+05:30","Asia/Kolkata",16.509717,80.612222,,,,"Andhra Pradesh Pollution Control Board","CPCB"
3409493,"Rajiv Gandhi Park, Vijayawada - APPCB","nox",0.02042,"ppb","2026-08-19T13:45:00Z","2026-08-19T19:15:00+05:30","Asia/Kolkata",16.509717,80.612222,,,,"Andhra Pradesh Pollution Control Board","CPCB"
3409493,"Rajiv Gandhi Park, Vijayawada - APPCB","nox",0.02137,"ppb","2026-08-19T14:00:00Z","2026-08-19T19:30:00+05:30","Asia/Kolkata",16.509717,80.612222,,,,"Andhra Pradesh Pollution Control Board","CPCB"
3409493,"Rajiv Gandhi Park, Vijayawada - APPCB","nox",0.022420000000000002,"ppb","2026-08-19T14:15:00Z","2026-08-19T19:45:00+05:30","Asia/Kolkata",16.509717,80.612222,,,,"Andhra Pradesh Pollution Control Board","CPCB"
3409493,"Rajiv Gandhi Park, Vijayawada - APPCB","nox",0.023440000000000003,"ppb","2026-08-19T14:30:00Z","2026-08-19T20:00:00+05:30","Asia/Kolkata",16.509717,80.612222,,,,"Andhra Pradesh Pollution Control Board","CPCB"
3409493,"Rajiv Gandhi Park, Vijayawada - APPCB","nox",0.02441,"ppb","2026-08-19T14:45:00Z","2026-08-19T20:15:00+05:30","Asia/Kolkata",16.509717,80.612222,,,,"Andhra Pradesh Pollution Control Board","CPCB"
3409493,"Rajiv Gandhi Park, Vijayawada - APPCB","nox",0.02566,"ppb","2026-08-19T15:00:00Z","2026-08-19T20:30:00+05:30","Asia/Kolkata",16.509717,80.612222,,,,"Andhra Pradesh Pollution Control Board","CPCB"
3409493,"Rajiv Gandhi Park, Vijayawada - APPCB","nox",0.02665,"ppb","2026-08-19T15:15:00Z","2026-08-19T20:45:00+05:30","Asia/Kolkata",16.509717,80.612222,,,,"Andhra Pradesh Pollution Control Board","CPCB"
3409493,"Rajiv Gandhi Park, Vijayawada - APPCB","nox",0.030289999999999997,"ppb","2026-08-19T15:30:00Z","2026-08-19T21:00:00+05:30","Asia/Kolkata",16.509717,80.612222,,,,"Andhra Pradesh Pollution Control Board","CPCB"
3409493,"Rajiv Gandhi Park, Vijayawada - APPCB","nox",0.03147,"ppb","2026-08-19T15:45:00Z","2026-08-19T21:15:00+05:30","Asia/Kolkata",16.509717,80.612222,,,,"Andhra Pradesh Pollution Control Board","CPCB"
3409493,"Rajiv Gandhi Park, Vijayawada - APPCB","nox",0.03345,"ppb","2026-08-19T16:00:00Z","2026-08-19T21:30:00+05:30","Asia/Kolkata",16.509717,80.612222,,,,"Andhra Pradesh Pollution Control Board","CPCB"
3409493,"Rajiv Gandhi Park, Vijayawada - APPCB","nox",0.03517,"ppb","2026-08-19T16:15:00Z","2026-08-19T21:45:00+05:30","Asia/Kolkata",16.509717,80.612222,,,,"Andhra Pradesh Pollution Control Board","CPCB"
3409493,"Rajiv Gandhi Park, Vijayawada - APPCB","nox",0.03522,"ppb","2026-08-19T16:30:00Z","2026-08-19T22:00:00+05:30","Asia/Kolkata",16.509717,80.612222,,,,"Andhra Pradesh Pollution Control Board","CPCB"
3409493,"Rajiv Gandhi Park, Vijayawada - APPCB","nox",0.03716,"ppb","2026-08-19T16:45:00Z","2026-08-19T22:15:00+05:30","Asia/Kolkata",16.509717,80.612222,,,,"Andhra Pradesh Pollution Control Board","CPCB"
3409493,"Rajiv Gandhi Park, Vijayawada - APPCB","nox",0.0363,"ppb","2026-08-19T17:00:00Z","2026-08-19T22:30:00+05:30","Asia/Kolkata",16.509717,80.612222,,,,"Andhra Pradesh Pollution Control Board","CPCB"
3409493,"Rajiv Gandhi Park, Vijayawada - APPCB","nox",0.0367,"ppb","2026-08-19T17:15:00Z","2026-08-19T22:45:00+05:30","Asia/Kolkata",16.509717,80.612222,,,,"Andhra Pradesh Pollution Control Board","CPCB"
3409493,"Rajiv Gandhi Park, Vijayawada - APPCB","nox",0.038130000000000004,"ppb","2026-08-19T17:30:00Z","2026-08-19T23:00:00+05:30","Asia/Kolkata",16.509717,80.612222,,,,"Andhra Pradesh Pollution Control Board","CPCB"
3409493,"Rajiv Gandhi Park, Vijayawada - APPCB","nox",0.03561,"ppb","2026-08-19T17:45:00Z","2026-08-19T23:15:00+05:30","Asia/Kolkata",16.509717,80.612222,,,,"Andhra Pradesh Pollution Control Board","CPCB"
3409493,"Rajiv Gandhi Park, Vijayawada - APPCB","nox",0.036090000000000004,"ppb","2026-08-19T18:00:00Z","2026-08-19T23:30:00+05:30","Asia/Kolkata",16.509717,80.612222,,,,"Andhra Pradesh Pollution Control Board","CPCB"
3409493,"Rajiv Gandhi Park, Vijayawada - APPCB","nox",0.037020000000000004,"ppb","2026-08-19T18:15:00Z","2026-08-19T23:45:00+05:30","Asia/Kolkata",16.509717,80.612222,,,,"Andhra Pradesh Pollution Control Board","CPCB"
3409493,"Rajiv Gandhi Park, Vijayawada - APPCB","nox",0.02904,"ppb","2026-08-19T19:15:00Z","2026-08-20T00:45:00+05:30","Asia/Kolkata",16.509717,80.612222,,,,"Andhra Pradesh Pollution Control Board","CPCB"
3409493,"Rajiv Gandhi Park, Vijayawada - APPCB","nox",0.02984,"ppb","2026-08-19T19:30:00Z","2026-08-20T01:00:00+05:30","Asia/Kolkata",16.509717,80.612222,,,,"Andhra Pradesh Pollution Control Board","CPCB"
3409493,"Rajiv Gandhi Park, Vijayawada - APPCB","nox",0.03049,"ppb","2026-08-19T19:45:00Z","2026-08-20T01:15:00+05:30","Asia/Kolkata",16.509717,80.612222,,,,"Andhra Pradesh Pollution Control Board","CPCB"
3409493,"Rajiv Gandhi Park, Vijayawada - APPCB","nox",0.03127,"ppb","2026-08-19T20:00:00Z","2026-08-20T01:30:00+05:30","Asia/Kolkata",16.509717,80.612222,,,,"Andhra Pradesh Pollution Control Board","CPCB"
3409493,"Rajiv Gandhi Park, Vijayawada - APPCB","nox",0.03181,"ppb","2026-08-19T20:15:00Z","2026-08-20T01:45:00+05:30","Asia/Kolkata",16.509717,80.612222,,,,"Andhra Pradesh Pollution Control Board","CPCB"
3409493,"Rajiv Gandhi Park, Vijayawada - APPCB","nox",0.032299999999999995,"ppb","2026-08-19T20:30:00Z","2026-08-20T02:00:00+05:30","Asia/Kolkata",16.509717,80.612222,,,,"Andhra Pradesh Pollution Control Board","CPCB"
3409493,"Rajiv Gandhi Park, Vijayawada - APPCB","nox",0.03301,"ppb","2026-08-19T20:45:00Z","2026-08-20T02:15:00+05:30","Asia/Kolkata",16.509717,80.612222,,,,"Andhra Pradesh Pollution Control Board","CPCB"
3409493,"Rajiv Gandhi Park, Vijayawada - APPCB","nox",0.03369,"ppb","2026-08-19T21:00:00Z","2026-08-20T02:30:00+05:30","Asia/Kolkata",16.509717,80.612222,,,,"Andhra Pradesh Pollution Control Board","CPCB"
3409493,"Rajiv Gandhi Park, Vijayawada - APPCB","nox",0.036590000000000004,"ppb","2026-08-19T21:15:00Z","2026-08-20T02:45:00+05:30","Asia/Kolkata",16.509717,80.612222,,,,"Andhra Pradesh Pollution Control Board","CPCB"
3409493,"Rajiv Gandhi Park, Vijayawada - APPCB","nox",0.036840000000000005,"ppb","2026-08-19T21:30:00Z","2026-08-20T03:00:00+05:30","Asia/Kolkata",16.509717,80.612222,,,,"Andhra Pradesh Pollution Control Board","CPCB"
3409493,"Rajiv Gandhi Park, Vijayawada - APPCB","nox",0.03753,"ppb","2026-08-19T21:45:00Z","2026-08-20T03:15:00+05:30","Asia/Kolkata",16.509717,80.612222,,,,"Andhra Pradesh Pollution Control Board","CPCB"
3409493,"Rajiv Gandhi Park, Vijayawada - APPCB","nox",0.03793,"ppb","2026-08-19T22:00:00Z","2026-08-20T03:30:00+05:30","Asia/Kolkata",16.509717,80.612222,,,,"Andhra Pradesh Pollution Control Board","CPCB"
3409493,"Rajiv Gandhi Park, Vijayawada - APPCB","o3",15.61,"µg/m³","2026-08-19T03:15:00Z","2026-08-19T08:45:00+05:30","Asia/Kolkata",16.509717,80.612222,,,,"Andhra Pradesh Pollution Control Board","CPCB"
3409493,"Rajiv Gandhi Park, Vijayawada - APPCB","o3",15.61,"µg/m³","2026-08-19T03:30:00Z","2026-08-19T09:00:00+05:30","Asia/Kolkata",16.509717,80.612222,,,,"Andhra Pradesh Pollution Control Board","CPCB"
3409493,"Rajiv Gandhi Park, Vijayawada - APPCB","o3",15.61,"µg/m³","2026-08-19T03:45:00Z","2026-08-19T09:15:00+05:30","Asia/Kolkata",16.509717,80.612222,,,,"Andhra Pradesh Pollution Control Board","CPCB"
3409493,"Rajiv Gandhi Park, Vijayawada - APPCB","o3",15.61,"µg/m³","2026-08-19T04:00:00Z","2026-08-19T09:30:00+05:30","Asia/Kolkata",16.509717,80.612222,,,,"Andhra Pradesh Pollution Control Board","CPCB"
3409493,"Rajiv Gandhi Park, Vijayawada - APPCB","o3",19.59,"µg/m³","2026-08-19T04:15:00Z","2026-08-19T09:45:00+05:30","Asia/Kolkata",16.509717,80.612222,,,,"Andhra Pradesh Pollution Control Board","CPCB"
3409493,"Rajiv Gandhi Park, Vijayawada - APPCB","o3",28.63,"µg/m³","2026-08-19T04:30:00Z","2026-08-19T10:00:00+05:30","Asia/Kolkata",16.509717,80.612222,,,,"Andhra Pradesh Pollution Control Board","CPCB"
3409493,"Rajiv Gandhi Park, Vijayawada - APPCB","o3",28.63,"µg/m³","2026-08-19T04:45:00Z","2026-08-19T10:15:00+05:30","Asia/Kolkata",16.509717,80.612222,,,,"Andhra Pradesh Pollution Control Board","CPCB"
3409493,"Rajiv Gandhi Park, Vijayawada - APPCB","o3",28.63,"µg/m³","2026-08-19T05:00:00Z","2026-08-19T10:30:00+05:30","Asia/Kolkata",16.509717,80.612222,,,,"Andhra Pradesh Pollution Control Board","CPCB"
3409493,"Rajiv Gandhi Park, Vijayawada - APPCB","o3",31.51,"µg/m³","2026-08-19T05:15:00Z","2026-08-19T10:45:00+05:30","Asia/Kolkata",16.509717,80.612222,,,,"Andhra Pradesh Pollution Control Board","CPCB"
3409493,"Rajiv Gandhi Park, Vijayawada - APPCB","o3",33.68,"µg/m³","2026-08-19T06:15:00Z","2026-08-19T11:45:00+05:30","Asia/Kolkata",16.509717,80.612222,,,,"Andhra Pradesh Pollution Control Board","CPCB"
3409493,"Rajiv Gandhi Park, Vijayawada - APPCB","o3",39.13,"µg/m³","2026-08-19T06:30:00Z","2026-08-19T12:00:00+05:30","Asia/Kolkata",16.509717,80.612222,,,,"Andhra Pradesh Pollution Control Board","CPCB"
3409493,"Rajiv Gandhi Park, Vijayawada - APPCB","o3",45.24,"µg/m³","2026-08-19T06:45:00Z","2026-08-19T12:15:00+05:30","Asia/Kolkata",16.509717,80.612222,,,,"Andhra Pradesh Pollution Control Board","CPCB"
3409493,"Rajiv Gandhi Park, Vijayawada - APPCB","o3",45.24,"µg/m³","2026-08-19T07:00:00Z","2026-08-19T12:30:00+05:30","Asia/Kolkata",16.509717,80.612222,,,,"Andhra Pradesh Pollution Control Board","CPCB"
3409493,"Rajiv Gandhi Park, Vijayawada - APPCB","o3",45.24,"µg/m³","2026-08-19T07:15:00Z","2026-08-19T12:45:00+05:30","Asia/Kolkata",16.509717,80.612222,,,,"Andhra Pradesh Pollution Control Board","CPCB"
3409493,"Rajiv Gandhi Park, Vijayawada - APPCB","o3",45.24,"µg/m³","2026-08-19T07:30:00Z","2026-08-19T13:00:00+05:30","Asia/Kolkata",16.509717,80.612222,,,,"Andhra Pradesh Pollution Control Board","CPCB"
3409493,"Rajiv Gandhi Park, Vijayawada - APPCB","o3",45.24,"µg/m³","2026-08-19T07:45:00Z","2026-08-19T13:15:00+05:30","Asia/Kolkata",16.509717,80.612222,,,,"Andhra Pradesh Pollution Control Board","CPCB"
3409493,"Rajiv Gandhi Park, Vijayawada - APPCB","o3",46.41,"µg/m³","2026-08-19T08:00:00Z","2026-08-19T13:30:00+05:30","Asia/Kolkata",16.509717,80.612222,,,,"Andhra Pradesh Pollution Control Board","CPCB"
3409493,"Rajiv Gandhi Park, Vijayawada - APPCB","o3",49.68,"µg/m³","2026-08-19T08:15:00Z","2026-08-19T13:45:00+05:30","Asia/Kolkata",16.509717,80.612222,,,,"Andhra Pradesh Pollution Control Board","CPCB"
3409493,"Rajiv Gandhi Park, Vijayawada - APPCB","o3",49.68,"µg/m³","2026-08-19T08:30:00Z","2026-08-19T14:00:00+05:30","Asia/Kolkata",16.509717,80.612222,,,,"Andhra Pradesh Pollution Control Board","CPCB"
3409493,"Rajiv Gandhi Park, Vijayawada - APPCB","o3",49.68,"µg/m³","2026-08-19T08:45:00Z","2026-08-19T14:15:00+05:30","Asia/Kolkata",16.509717,80.612222,,,,"Andhra Pradesh Pollution Control Board","CPCB"
3409493,"Rajiv Gandhi Park, Vijayawada - APPCB","o3",49.68,"µg/m³","2026-08-19T09:00:00Z","2026-08-19T14:30:00+05:30","Asia/Kolkata",16.509717,80.612222,,,,"Andhra Pradesh Pollution Control Board","CPCB"
3409493,"Rajiv Gandhi Park, Vijayawada - APPCB","o3",49.68,"µg/m³","2026-08-19T09:15:00Z","2026-08-19T14:45:00+05:30","Asia/Kolkata",16.509717,80.612222,,,,"Andhra Pradesh Pollution Control Board","CPCB"
3409493,"Rajiv Gandhi Park, Vijayawada - APPCB","o3",49.68,"µg/m³","2026-08-19T09:30:00Z","2026-08-19T15:00:00+05:30","Asia/Kolkata",16.509717,80.612222,,,,"Andhra Pradesh Pollution Control Board","CPCB"
3409493,"Rajiv Gandhi Park, Vijayawada - APPCB","o3",36.34,"µg/m³","2026-08-19T10:15:00Z","2026-08-19T15:45:00+05:30","Asia/Kolkata",16.509717,80.612222,,,,"Andhra Pradesh Pollution Control Board","CPCB"
3409493,"Rajiv Gandhi Park, Vijayawada - APPCB","o3",36.34,"µg/m³","2026-08-19T10:30:00Z","2026-08-19T16:00:00+05:30","Asia/Kolkata",16.509717,80.612222,,,,"Andhra Pradesh Pollution Control Board","CPCB"
3409493,"Rajiv Gandhi Park, Vijayawada - APPCB","o3",36.34,"µg/m³","2026-08-19T10:45:00Z","2026-08-19T16:15:00+05:30","Asia/Kolkata",16.509717,80.612222,,,,"Andhra Pradesh Pollution Control Board","CPCB"
3409493,"Rajiv Gandhi Park, Vijayawada - APPCB","o3",36.34,"µg/m³","2026-08-19T11:00:00Z","2026-08-19T16:30:00+05:30","Asia/Kolkata",16.509717,80.612222,,,,"Andhra Pradesh Pollution Control Board","CPCB"
3409493,"Rajiv Gandhi Park, Vijayawada - APPCB","o3",36.34,"µg/m³","2026-08-19T11:15:00Z","2026-08-19T16:45:00+05:30","Asia/Kolkata",16.509717,80.612222,,,,"Andhra Pradesh Pollution Control Board","CPCB"
3409493,"Rajiv Gandhi Park, Vijayawada - APPCB","o3",19.27,"µg/m³","2026-08-19T11:30:00Z","2026-08-19T17:00:00+05:30","Asia/Kolkata",16.509717,80.612222,,,,"Andhra Pradesh Pollution Control Board","CPCB"
3409493,"Rajiv Gandhi Park, Vijayawada - APPCB","o3",18.65,"µg/m³","2026-08-19T11:45:00Z","2026-08-19T17:15:00+05:30","Asia/Kolkata",16.509717,80.612222,,,,"Andhra Pradesh Pollution Control Board","CPCB"
3409493,"Rajiv Gandhi Park, Vijayawada - APPCB","o3",18.65,"µg/m³","2026-08-19T12:15:00Z","2026-08-19T17:45:00+05:30","Asia/Kolkata",16.509717,80.612222,,,,"Andhra Pradesh Pollution Control Board","CPCB"
3409493,"Rajiv Gandhi Park, Vijayawada - APPCB","o3",18.65,"µg/m³","2026-08-19T12:30:00Z","2026-08-19T18:00:00+05:30","Asia/Kolkata",16.509717,80.612222,,,,"Andhra Pradesh Pollution Control Board","CPCB"
3409493,"Rajiv Gandhi Park, Vijayawada - APPCB","o3",18.65,"µg/m³","2026-08-19T12:45:00Z","2026-08-19T18:15:00+05:30","Asia/Kolkata",16.509717,80.612222,,,,"Andhra Pradesh Pollution Control Board","CPCB"
3409493,"Rajiv Gandhi Park, Vijayawada - APPCB","o3",18.65,"µg/m³","2026-08-19T13:00:00Z","2026-08-19T18:30:00+05:30","Asia/Kolkata",16.509717,80.612222,,,,"Andhra Pradesh Pollution Control Board","CPCB"
3409493,"Rajiv Gandhi Park, Vijayawada - APPCB","o3",18.65,"µg/m³","2026-08-19T13:15:00Z","2026-08-19T18:45:00+05:30","Asia/Kolkata",16.509717,80.612222,,,,"Andhra Pradesh Pollution Control Board","CPCB"
3409493,"Rajiv Gandhi Park, Vijayawada - APPCB","o3",18.65,"µg/m³","2026-08-19T13:30:00Z","2026-08-19T19:00:00+05:30","Asia/Kolkata",16.509717,80.612222,,,,"Andhra Pradesh Pollution Control Board","CPCB"
3409493,"Rajiv Gandhi Park, Vijayawada - APPCB","o3",18.65,"µg/m³","2026-08-19T13:45:00Z","2026-08-19T19:15:00+05:30","Asia/Kolkata",16.509717,80.612222,,,,"Andhra Pradesh Pollution Control Board","CPCB"
3409493,"Rajiv Gandhi Park, Vijayawada - APPCB","o3",18.65,"µg/m³","2026-08-19T14:00:00Z","2026-08-19T19:30:00+05:30","Asia/Kolkata",16.509717,80.612222,,,,"Andhra Pradesh Pollution Control Board","CPCB"
3409493,"Rajiv Gandhi Park, Vijayawada - APPCB","o3",18.65,"µg/m³","2026-08-19T14:15:00Z","2026-08-19T19:45:00+05:30","Asia/Kolkata",16.509717,80.612222,,,,"Andhra Pradesh Pollution Control Board","CPCB"
3409493,"Rajiv Gandhi Park, Vijayawada - APPCB","o3",18.65,"µg/m³","2026-08-19T14:30:00Z","2026-08-19T20:00:00+05:30","Asia/Kolkata",16.509717,80.612222,,,,"Andhra Pradesh Pollution Control Board","CPCB"
3409493,"Rajiv Gandhi Park, Vijayawada - APPCB","o3",18.65,"µg/m³","2026-08-19T14:45:00Z","2026-08-19T20:15:00+05:30","Asia/Kolkata",16.509717,80.612222,,,,"Andhra Pradesh Pollution Control Board","CPCB"
3409493,"Rajiv Gandhi Park, Vijayawada - APPCB","o3",18.65,"µg/m³","2026-08-19T15:00:00Z","2026-08-19T20:30:00+05:30","Asia/Kolkata",16.509717,80.612222,,,,"Andhra Pradesh Pollution Control Board","CPCB"
3409493,"Rajiv Gandhi Park, Vijayawada - APPCB","o3",18.65,"µg/m³","2026-08-19T15:15:00Z","2026-08-19T20:45:00+05:30","Asia/Kolkata",16.509717,80.612222,,,,"Andhra Pradesh Pollution Control Board","CPCB"
3409493,"Rajiv Gandhi Park, Vijayawada - APPCB","o3",18.65,"µg/m³","2026-08-19T15:30:00Z","2026-08-19T21:00:00+05:30","Asia/Kolkata",16.509717,80.612222,,,,"Andhra Pradesh Pollution Control Board","CPCB"
3409493,"Rajiv Gandhi Park, Vijayawada - APPCB","o3",18.65,"µg/m³","2026-08-19T15:45:00Z","2026-08-19T21:15:00+05:30","Asia/Kolkata",16.509717,80.612222,,,,"Andhra Pradesh Pollution Control Board","CPCB"
3409493,"Rajiv Gandhi Park, Vijayawada - APPCB","o3",18.65,"µg/m³","2026-08-19T16:00:00Z","2026-08-19T21:30:00+05:30","Asia/Kolkata",16.509717,80.612222,,,,"Andhra Pradesh Pollution Control Board","CPCB"
3409493,"Rajiv Gandhi Park, Vijayawada - APPCB","o3",18.65,"µg/m³","2026-08-19T16:15:00Z","2026-08-19T21:45:00+05:30","Asia/Kolkata",16.509717,80.612222,,,,"Andhra Pradesh Pollution Control Board","CPCB"
3409493,"Rajiv Gandhi Park, Vijayawada - APPCB","o3",18.65,"µg/m³","2026-08-19T16:30:00Z","2026-08-19T22:00:00+05:30","Asia/Kolkata",16.509717,80.612222,,,,"Andhra Pradesh Pollution Control Board","CPCB"
3409493,"Rajiv Gandhi Park, Vijayawada - APPCB","o3",18.65,"µg/m³","2026-08-19T16:45:00Z","2026-08-19T22:15:00+05:30","Asia/Kolkata",16.509717,80.612222,,,,"Andhra Pradesh Pollution Control Board","CPCB"
3409493,"Rajiv Gandhi Park, Vijayawada - APPCB","o3",18.65,"µg/m³","2026-08-19T17:00:00Z","2026-08-19T22:30:00+05:30","Asia/Kolkata",16.509717,80.612222,,,,"Andhra Pradesh Pollution Control Board","CPCB"
3409493,"Rajiv Gandhi Park, Vijayawada - APPCB","o3",18.65,"µg/m³","2026-08-19T17:15:00Z","2026-08-19T22:45:00+05:30","Asia/Kolkata",16.509717,80.612222,,,,"Andhra Pradesh Pollution Control Board","CPCB"
3409493,"Rajiv Gandhi Park, Vijayawada - APPCB","o3",18.65,"µg/m³","2026-08-19T17:30:00Z","2026-08-19T23:00:00+05:30","Asia/Kolkata",16.509717,80.612222,,,,"Andhra Pradesh Pollution Control Board","CPCB"
3409493,"Rajiv Gandhi Park, Vijayawada - APPCB","o3",18.65,"µg/m³","2026-08-19T17:45:00Z","2026-08-19T23:15:00+05:30","Asia/Kolkata",16.509717,80.612222,,,,"Andhra Pradesh Pollution Control Board","CPCB"
3409493,"Rajiv Gandhi Park, Vijayawada - APPCB","o3",18.65,"µg/m³","2026-08-19T18:00:00Z","2026-08-19T23:30:00+05:30","Asia/Kolkata",16.509717,80.612222,,,,"Andhra Pradesh Pollution Control Board","CPCB"
3409493,"Rajiv Gandhi Park, Vijayawada - APPCB","o3",18.65,"µg/m³","2026-08-19T18:15:00Z","2026-08-19T23:45:00+05:30","Asia/Kolkata",16.509717,80.612222,,,,"Andhra Pradesh Pollution Control Board","CPCB"
3409493,"Rajiv Gandhi Park, Vijayawada - APPCB","o3",18.65,"µg/m³","2026-08-19T19:15:00Z","2026-08-20T00:45:00+05:30","Asia/Kolkata",16.509717,80.612222,,,,"Andhra Pradesh Pollution Control Board","CPCB"
3409493,"Rajiv Gandhi Park, Vijayawada - APPCB","o3",18.65,"µg/m³","2026-08-19T19:30:00Z","2026-08-20T01:00:00+05:30","Asia/Kolkata",16.509717,80.612222,,,,"Andhra Pradesh Pollution Control Board","CPCB"
3409493,"Rajiv Gandhi Park, Vijayawada - APPCB","o3",18.65,"µg/m³","2026-08-19T19:45:00Z","2026-08-20T01:15:00+05:30","Asia/Kolkata",16.509717,80.612222,,,,"Andhra Pradesh Pollution Control Board","CPCB"
3409493,"Rajiv Gandhi Park, Vijayawada - APPCB","o3",18.65,"µg/m³","2026-08-19T20:00:00Z","2026-08-20T01:30:00+05:30","Asia/Kolkata",16.509717,80.612222,,,,"Andhra Pradesh Pollution Control Board","CPCB"
3409493,"Rajiv Gandhi Park, Vijayawada - APPCB","o3",18.65,"µg/m³","2026-08-19T20:15:00Z","2026-08-20T01:45:00+05:30","Asia/Kolkata",16.509717,80.612222,,,,"Andhra Pradesh Pollution Control Board","CPCB"
3409493,"Rajiv Gandhi Park, Vijayawada - APPCB","o3",18.65,"µg/m³","2026-08-19T20:30:00Z","2026-08-20T02:00:00+05:30","Asia/Kolkata",16.509717,80.612222,,,,"Andhra Pradesh Pollution Control Board","CPCB"
3409493,"Rajiv Gandhi Park, Vijayawada - APPCB","o3",18.65,"µg/m³","2026-08-19T20:45:00Z","2026-08-20T02:15:00+05:30","Asia/Kolkata",16.509717,80.612222,,,,"Andhra Pradesh Pollution Control Board","CPCB"
3409493,"Rajiv Gandhi Park, Vijayawada - APPCB","o3",18.65,"µg/m³","2026-08-19T21:00:00Z","2026-08-20T02:30:00+05:30","Asia/Kolkata",16.509717,80.612222,,,,"Andhra Pradesh Pollution Control Board","CPCB"
3409493,"Rajiv Gandhi Park, Vijayawada - APPCB","o3",18.65,"µg/m³","2026-08-19T21:15:00Z","2026-08-20T02:45:00+05:30","Asia/Kolkata",16.509717,80.612222,,,,"Andhra Pradesh Pollution Control Board","CPCB"
3409493,"Rajiv Gandhi Park, Vijayawada - APPCB","o3",18.65,"µg/m³","2026-08-19T21:30:00Z","2026-08-20T03:00:00+05:30","Asia/Kolkata",16.509717,80.612222,,,,"Andhra Pradesh Pollution Control Board","CPCB"
3409493,"Rajiv Gandhi Park, Vijayawada - APPCB","o3",18.65,"µg/m³","2026-08-19T21:45:00Z","2026-08-20T03:15:00+05:30","Asia/Kolkata",16.509717,80.612222,,,,"Andhra Pradesh Pollution Control Board","CPCB"
3409493,"Rajiv Gandhi Park, Vijayawada - APPCB","o3",18.65,"µg/m³","2026-08-19T22:00:00Z","2026-08-20T03:30:00+05:30","Asia/Kolkata",16.509717,80.612222,,,,"Andhra Pradesh Pollution Control Board","CPCB"
3409493,"Rajiv Gandhi Park, Vijayawada - APPCB","pm10",51.02,"µg/m³","2026-08-19T03:15:00Z","2026-08-19T08:45:00+05:30","Asia/Kolkata",16.509717,80.612222,,,,"Andhra Pradesh Pollution Control Board","CPCB"
3409493,"Rajiv Gandhi Park, Vijayawada - APPCB","pm10",51.02,"µg/m³","2026-08-19T03:30:00Z","2026-08-19T09:00:00+05:30","Asia/Kolkata",16.509717,80.612222,,,,"Andhra Pradesh Pollution Control Board","CPCB"
3409493,"Rajiv Gandhi Park, Vijayawada - APPCB","pm10",48.75,"µg/m³","2026-08-19T03:45:00Z","2026-08-19T09:15:00+05:30","Asia/Kolkata",16.509717,80.612222,,,,"Andhra Pradesh Pollution Control Board","CPCB"
3409493,"Rajiv Gandhi Park, Vijayawada - APPCB","pm10",45.51,"µg/m³","2026-08-19T04:00:00Z","2026-08-19T09:30:00+05:30","Asia/Kolkata",16.509717,80.612222,,,,"Andhra Pradesh Pollution Control Board","CPCB"
3409493,"Rajiv Gandhi Park, Vijayawada - APPCB","pm10",45.51,"µg/m³","2026-08-19T04:15:00Z","2026-08-19T09:45:00+05:30","Asia/Kolkata",16.509717,80.612222,,,,"Andhra Pradesh Pollution Control Board","CPCB"
3409493,"Rajiv Gandhi Park, Vijayawada - APPCB","pm10",45.51,"µg/m³","2026-08-19T04:30:00Z","2026-08-19T10:00:00+05:30","Asia/Kolkata",16.509717,80.612222,,,,"Andhra Pradesh Pollution Control Board","CPCB"
3409493,"Rajiv Gandhi Park, Vijayawada - APPCB","pm10",45.39,"µg/m³","2026-08-19T04:45:00Z","2026-08-19T10:15:00+05:30","Asia/Kolkata",16.509717,80.612222,,,,"Andhra Pradesh Pollution Control Board","CPCB"
3409493,"Rajiv Gandhi Park, Vijayawada - APPCB","pm10",45.21,"µg/m³","2026-08-19T05:00:00Z","2026-08-19T10:30:00+05:30","Asia/Kolkata",16.509717,80.612222,,,,"Andhra Pradesh Pollution Control Board","CPCB"
3409493,"Rajiv Gandhi Park, Vijayawada - APPCB","pm10",45.21,"µg/m³","2026-08-19T05:15:00Z","2026-08-19T10:45:00+05:30","Asia/Kolkata",16.509717,80.612222,,,,"Andhra Pradesh Pollution Control Board","CPCB"
3409493,"Rajiv Gandhi Park, Vijayawada - APPCB","pm10",43,"µg/m³","2026-08-19T06:15:00Z","2026-08-19T11:45:00+05:30","Asia/Kolkata",16.509717,80.612222,,,,"Andhra Pradesh Pollution Control Board","CPCB"
3409493,"Rajiv Gandhi Park, Vijayawada - APPCB","pm10",43,"µg/m³","2026-08-19T06:30:00Z","2026-08-19T12:00:00+05:30","Asia/Kolkata",16.509717,80.612222,,,,"Andhra Pradesh Pollution Control Board","CPCB"
3409493,"Rajiv Gandhi Park, Vijayawada - APPCB","pm10",45.44,"µg/m³","2026-08-19T06:45:00Z","2026-08-19T12:15:00+05:30","Asia/Kolkata",16.509717,80.612222,,,,"Andhra Pradesh Pollution Control Board","CPCB"
3409493,"Rajiv Gandhi Park, Vijayawada - APPCB","pm10",49.11,"µg/m³","2026-08-19T07:00:00Z","2026-08-19T12:30:00+05:30","Asia/Kolkata",16.509717,80.612222,,,,"Andhra Pradesh Pollution Control Board","CPCB"
3409493,"Rajiv Gandhi Park, Vijayawada - APPCB","pm10",49.11,"µg/m³","2026-08-19T07:15:00Z","2026-08-19T12:45:00+05:30","Asia/Kolkata",16.509717,80.612222,,,,"Andhra Pradesh Pollution Control Board","CPCB"
3409493,"Rajiv Gandhi Park, Vijayawada - APPCB","pm10",49.11,"µg/m³","2026-08-19T07:30:00Z","2026-08-19T13:00:00+05:30","Asia/Kolkata",16.509717,80.612222,,,,"Andhra Pradesh Pollution Control Board","CPCB"
3409493,"Rajiv Gandhi Park, Vijayawada - APPCB","pm10",55.81,"µg/m³","2026-08-19T07:45:00Z","2026-08-19T13:15:00+05:30","Asia/Kolkata",16.509717,80.612222,,,,"Andhra Pradesh Pollution Control Board","CPCB"
3409493,"Rajiv Gandhi Park, Vijayawada - APPCB","pm10",65.85,"µg/m³","2026-08-19T08:00:00Z","2026-08-19T13:30:00+05:30","Asia/Kolkata",16.509717,80.612222,,,,"Andhra Pradesh Pollution Control Board","CPCB"
3409493,"Rajiv Gandhi Park, Vijayawada - APPCB","pm10",65.85,"µg/m³","2026-08-19T08:15:00Z","2026-08-19T13:45:00+05:30","Asia/Kolkata",16.509717,80.612222,,,,"Andhra Pradesh Pollution Control Board","CPCB"
3409493,"Rajiv Gandhi Park, Vijayawada - APPCB","pm10",65.85,"µg/m³","2026-08-19T08:30:00Z","2026-08-19T14:00:00+05:30","Asia/Kolkata",16.509717,80.612222,,,,"Andhra Pradesh Pollution Control Board","CPCB"
3409493,"Rajiv Gandhi Park, Vijayawada - APPCB","pm10",67.14,"µg/m³","2026-08-19T08:45:00Z","2026-08-19T14:15:00+05:30","Asia/Kolkata",16.509717,80.612222,,,,"Andhra Pradesh Pollution Control Board","CPCB"
3409493,"Rajiv Gandhi Park, Vijayawada - APPCB","pm10",69.09,"µg/m³","2026-08-19T09:00:00Z","2026-08-19T14:30:00+05:30","Asia/Kolkata",16.509717,80.612222,,,,"Andhra Pradesh Pollution Control Board","CPCB"
3409493,"Rajiv Gandhi Park, Vijayawada - APPCB","pm10",69.09,"µg/m³","2026-08-19T09:15:00Z","2026-08-19T14:45:00+05:30","Asia/Kolkata",16.509717,80.612222,,,,"Andhra Pradesh Pollution Control Board","CPCB"
3409493,"Rajiv Gandhi Park, Vijayawada - APPCB","pm10",69.09,"µg/m³","2026-08-19T09:30:00Z","2026-08-19T15:00:00+05:30","Asia/Kolkata",16.509717,80.612222,,,,"Andhra Pradesh Pollution Control Board","CPCB"
3409493,"Rajiv Gandhi Park, Vijayawada - APPCB","pm10",61.94,"µg/m³","2026-08-19T10:15:00Z","2026-08-19T15:45:00+05:30","Asia/Kolkata",16.509717,80.612222,,,,"Andhra Pradesh Pollution Control Board","CPCB"
3409493,"Rajiv Gandhi Park, Vijayawada - APPCB","pm10",61.94,"µg/m³","2026-08-19T10:30:00Z","2026-08-19T16:00:00+05:30","Asia/Kolkata",16.509717,80.612222,,,,"Andhra Pradesh Pollution Control Board","CPCB"
3409493,"Rajiv Gandhi Park, Vijayawada - APPCB","pm10",57.92,"µg/m³","2026-08-19T10:45:00Z","2026-08-19T16:15:00+05:30","Asia/Kolkata",16.509717,80.612222,,,,"Andhra Pradesh Pollution Control Board","CPCB"
3409493,"Rajiv Gandhi Park, Vijayawada - APPCB","pm10",51.88,"µg/m³","2026-08-19T11:00:00Z","2026-08-19T16:30:00+05:30","Asia/Kolkata",16.509717,80.612222,,,,"Andhra Pradesh Pollution Control Board","CPCB"
3409493,"Rajiv Gandhi Park, Vijayawada - APPCB","pm10",51.88,"µg/m³","2026-08-19T11:15:00Z","2026-08-19T16:45:00+05:30","Asia/Kolkata",16.509717,80.612222,,,,"Andhra Pradesh Pollution Control Board","CPCB"
3409493,"Rajiv Gandhi Park, Vijayawada - APPCB","pm10",51.88,"µg/m³","2026-08-19T11:30:00Z","2026-08-19T17:00:00+05:30","Asia/Kolkata",16.509717,80.612222,,,,"Andhra Pradesh Pollution Control Board","CPCB"
3409493,"Rajiv Gandhi Park, Vijayawada - APPCB","pm10",59.36,"µg/m³","2026-08-19T11:45:00Z","2026-08-19T17:15:00+05:30","Asia/Kolkata",16.509717,80.612222,,,,"Andhra Pradesh Pollution Control Board","CPCB"
3409493,"Rajiv Gandhi Park, Vijayawada - APPCB","pm10",59.36,"µg/m³","2026-08-19T12:15:00Z","2026-08-19T17:45:00+05:30","Asia/Kolkata",16.509717,80.612222,,,,"Andhra Pradesh Pollution Control Board","CPCB"
3409493,"Rajiv Gandhi Park, Vijayawada - APPCB","pm10",59.36,"µg/m³","2026-08-19T12:30:00Z","2026-08-19T18:00:00+05:30","Asia/Kolkata",16.509717,80.612222,,,,"Andhra Pradesh Pollution Control Board","CPCB"
3409493,"Rajiv Gandhi Park, Vijayawada - APPCB","pm10",64.02,"µg/m³","2026-08-19T12:45:00Z","2026-08-19T18:15:00+05:30","Asia/Kolkata",16.509717,80.612222,,,,"Andhra Pradesh Pollution Control Board","CPCB"
3409493,"Rajiv Gandhi Park, Vijayawada - APPCB","pm10",71.02,"µg/m³","2026-08-19T13:00:00Z","2026-08-19T18:30:00+05:30","Asia/Kolkata",16.509717,80.612222,,,,"Andhra Pradesh Pollution Control Board","CPCB"
3409493,"Rajiv Gandhi Park, Vijayawada - APPCB","pm10",71.02,"µg/m³","2026-08-19T13:15:00Z","2026-08-19T18:45:00+05:30","Asia/Kolkata",16.509717,80.612222,,,,"Andhra Pradesh Pollution Control Board","CPCB"
3409493,"Rajiv Gandhi Park, Vijayawada - APPCB","pm10",71.02,"µg/m³","2026-08-19T13:30:00Z","2026-08-19T19:00:00+05:30","Asia/Kolkata",16.509717,80.612222,,,,"Andhra Pradesh Pollution Control Board","CPCB"
3409493,"Rajiv Gandhi Park, Vijayawada - APPCB","pm10",70.24,"µg/m³","2026-08-19T13:45:00Z","2026-08-19T19:15:00+05:30","Asia/Kolkata",16.509717,80.612222,,,,"Andhra Pradesh Pollution Control Board","CPCB"
3409493,"Rajiv Gandhi Park, Vijayawada - APPCB","pm10",69.08,"µg/m³","2026-08-19T14:00:00Z","2026-08-19T19:30:00+05:30","Asia/Kolkata",16.509717,80.612222,,,,"Andhra Pradesh Pollution Control Board","CPCB"
3409493,"Rajiv Gandhi Park, Vijayawada - APPCB","pm10",69.08,"µg/m³","2026-08-19T14:15:00Z","2026-08-19T19:45:00+05:30","Asia/Kolkata",16.509717,80.612222,,,,"Andhra Pradesh Pollution Control Board","CPCB"
3409493,"Rajiv Gandhi Park, Vijayawada - APPCB","pm10",69.08,"µg/m³","2026-08-19T14:30:00Z","2026-08-19T20:00:00+05:30","Asia/Kolkata",16.509717,80.612222,,,,"Andhra Pradesh Pollution Control Board","CPCB"
3409493,"Rajiv Gandhi Park, Vijayawada - APPCB","pm10",70.32,"µg/m³","2026-08-19T14:45:00Z","2026-08-19T20:15:00+05:30","Asia/Kolkata",16.509717,80.612222,,,,"Andhra Pradesh Pollution Control Board","CPCB"
3409493,"Rajiv Gandhi Park, Vijayawada - APPCB","pm10",72.19,"µg/m³","2026-08-19T15:00:00Z","2026-08-19T20:30:00+05:30","Asia/Kolkata",16.509717,80.612222,,,,"Andhra Pradesh Pollution Control Board","CPCB"
3409493,"Rajiv Gandhi Park, Vijayawada - APPCB","pm10",72.19,"µg/m³","2026-08-19T15:15:00Z","2026-08-19T20:45:00+05:30","Asia/Kolkata",16.509717,80.612222,,,,"Andhra Pradesh Pollution Control Board","CPCB"
3409493,"Rajiv Gandhi Park, Vijayawada - APPCB","pm10",72.19,"µg/m³","2026-08-19T15:30:00Z","2026-08-19T21:00:00+05:30","Asia/Kolkata",16.509717,80.612222,,,,"Andhra Pradesh Pollution Control Board","CPCB"
3409493,"Rajiv Gandhi Park, Vijayawada - APPCB","pm10",71.68,"µg/m³","2026-08-19T15:45:00Z","2026-08-19T21:15:00+05:30","Asia/Kolkata",16.509717,80.612222,,,,"Andhra Pradesh Pollution Control Board","CPCB"
3409493,"Rajiv Gandhi Park, Vijayawada - APPCB","pm10",70.93,"µg/m³","2026-08-19T16:00:00Z","2026-08-19T21:30:00+05:30","Asia/Kolkata",16.509717,80.612222,,,,"Andhra Pradesh Pollution Control Board","CPCB"
3409493,"Rajiv Gandhi Park, Vijayawada - APPCB","pm10",70.93,"µg/m³","2026-08-19T16:15:00Z","2026-08-19T21:45:00+05:30","Asia/Kolkata",16.509717,80.612222,,,,"Andhra Pradesh Pollution Control Board","CPCB"
3409493,"Rajiv Gandhi Park, Vijayawada - APPCB","pm10",70.93,"µg/m³","2026-08-19T16:30:00Z","2026-08-19T22:00:00+05:30","Asia/Kolkata",16.509717,80.612222,,,,"Andhra Pradesh Pollution Control Board","CPCB"
3409493,"Rajiv Gandhi Park, Vijayawada - APPCB","pm10",65.91,"µg/m³","2026-08-19T16:45:00Z","2026-08-19T22:15:00+05:30","Asia/Kolkata",16.509717,80.612222,,,,"Andhra Pradesh Pollution Control Board","CPCB"
3409493,"Rajiv Gandhi Park, Vijayawada - APPCB","pm10",58.37,"µg/m³","2026-08-19T17:00:00Z","2026-08-19T22:30:00+05:30","Asia/Kolkata",16.509717,80.612222,,,,"Andhra Pradesh Pollution Control Board","CPCB"
3409493,"Rajiv Gandhi Park, Vijayawada - APPCB","pm10",58.37,"µg/m³","2026-08-19T17:15:00Z","2026-08-19T22:45:00+05:30","Asia/Kolkata",16.509717,80.612222,,,,"Andhra Pradesh Pollution Control Board","CPCB"
3409493,"Rajiv Gandhi Park, Vijayawada - APPCB","pm10",58.37,"µg/m³","2026-08-19T17:30:00Z","2026-08-19T23:00:00+05:30","Asia/Kolkata",16.509717,80.612222,,,,"Andhra Pradesh Pollution Control Board","CPCB"
3409493,"Rajiv Gandhi Park, Vijayawada - APPCB","pm10",60.45,"µg/m³","2026-08-19T17:45:00Z","2026-08-19T23:15:00+05:30","Asia/Kolkata",16.509717,80.612222,,,,"Andhra Pradesh Pollution Control Board","CPCB"
3409493,"Rajiv Gandhi Park, Vijayawada - APPCB","pm10",63.58,"µg/m³","2026-08-19T18:00:00Z","2026-08-19T23:30:00+05:30","Asia/Kolkata",16.509717,80.612222,,,,"Andhra Pradesh Pollution Control Board","CPCB"
3409493,"Rajiv Gandhi Park, Vijayawada - APPCB","pm10",63.58,"µg/m³","2026-08-19T18:15:00Z","2026-08-19T23:45:00+05:30","Asia/Kolkata",16.509717,80.612222,,,,"Andhra Pradesh Pollution Control Board","CPCB"
3409493,"Rajiv Gandhi Park, Vijayawada - APPCB","pm10",73.73,"µg/m³","2026-08-19T19:15:00Z","2026-08-20T00:45:00+05:30","Asia/Kolkata",16.509717,80.612222,,,,"Andhra Pradesh Pollution Control Board","CPCB"
3409493,"Rajiv Gandhi Park, Vijayawada - APPCB","pm10",73.73,"µg/m³","2026-08-19T19:30:00Z","2026-08-20T01:00:00+05:30","Asia/Kolkata",16.509717,80.612222,,,,"Andhra Pradesh Pollution Control Board","CPCB"
3409493,"Rajiv Gandhi Park, Vijayawada - APPCB","pm10",71.11,"µg/m³","2026-08-19T19:45:00Z","2026-08-20T01:15:00+05:30","Asia/Kolkata",16.509717,80.612222,,,,"Andhra Pradesh Pollution Control Board","CPCB"
3409493,"Rajiv Gandhi Park, Vijayawada - APPCB","pm10",67.26,"µg/m³","2026-08-19T20:00:00Z","2026-08-20T01:30:00+05:30","Asia/Kolkata",16.509717,80.612222,,,,"Andhra Pradesh Pollution Control Board","CPCB"
3409493,"Rajiv Gandhi Park, Vijayawada - APPCB","pm10",67.26,"µg/m³","2026-08-19T20:15:00Z","2026-08-20T01:45:00+05:30","Asia/Kolkata",16.509717,80.612222,,,,"Andhra Pradesh Pollution Control Board","CPCB"
3409493,"Rajiv Gandhi Park, Vijayawada - APPCB","pm10",67.26,"µg/m³","2026-08-19T20:30:00Z","2026-08-20T02:00:00+05:30","Asia/Kolkata",16.509717,80.612222,,,,"Andhra Pradesh Pollution Control Board","CPCB"
3409493,"Rajiv Gandhi Park, Vijayawada - APPCB","pm10",70.37,"µg/m³","2026-08-19T20:45:00Z","2026-08-20T02:15:00+05:30","Asia/Kolkata",16.509717,80.612222,,,,"Andhra Pradesh Pollution Control Board","CPCB"
3409493,"Rajiv Gandhi Park, Vijayawada - APPCB","pm10",75.02,"µg/m³","2026-08-19T21:00:00Z","2026-08-20T02:30:00+05:30","Asia/Kolkata",16.509717,80.612222,,,,"Andhra Pradesh Pollution Control Board","CPCB"
3409493,"Rajiv Gandhi Park, Vijayawada - APPCB","pm10",75.02,"µg/m³","2026-08-19T21:15:00Z","2026-08-20T02:45:00+05:30","Asia/Kolkata",16.509717,80.612222,,,,"Andhra Pradesh Pollution Control Board","CPCB"
3409493,"Rajiv Gandhi Park, Vijayawada - APPCB","pm10",75.02,"µg/m³","2026-08-19T21:30:00Z","2026-08-20T03:00:00+05:30","Asia/Kolkata",16.509717,80.612222,,,,"Andhra Pradesh Pollution Control Board","CPCB"
3409493,"Rajiv Gandhi Park, Vijayawada - APPCB","pm10",69.45,"µg/m³","2026-08-19T21:45:00Z","2026-08-20T03:15:00+05:30","Asia/Kolkata",16.509717,80.612222,,,,"Andhra Pradesh Pollution Control Board","CPCB"
3409493,"Rajiv Gandhi Park, Vijayawada - APPCB","pm10",61.09,"µg/m³","2026-08-19T22:00:00Z","2026-08-20T03:30:00+05:30","Asia/Kolkata",16.509717,80.612222,,,,"Andhra Pradesh Pollution Control Board","CPCB"
3409493,"Rajiv Gandhi Park, Vijayawada - APPCB","pm25",28.12,"µg/m³","2026-08-19T03:15:00Z","2026-08-19T08:45:00+05:30","Asia/Kolkata",16.509717,80.612222,,,,"Andhra Pradesh Pollution Control Board","CPCB"
3409493,"Rajiv Gandhi Park, Vijayawada - APPCB","pm25",28.12,"µg/m³","2026-08-19T03:30:00Z","2026-08-19T09:00:00+05:30","Asia/Kolkata",16.509717,80.612222,,,,"Andhra Pradesh Pollution Control Board","CPCB"
3409493,"Rajiv Gandhi Park, Vijayawada - APPCB","pm25",26.9,"µg/m³","2026-08-19T03:45:00Z","2026-08-19T09:15:00+05:30","Asia/Kolkata",16.509717,80.612222,,,,"Andhra Pradesh Pollution Control Board","CPCB"
3409493,"Rajiv Gandhi Park, Vijayawada - APPCB","pm25",25.17,"µg/m³","2026-08-19T04:00:00Z","2026-08-19T09:30:00+05:30","Asia/Kolkata",16.509717,80.612222,,,,"Andhra Pradesh Pollution Control Board","CPCB"
3409493,"Rajiv Gandhi Park, Vijayawada - APPCB","pm25",25.17,"µg/m³","2026-08-19T04:15:00Z","2026-08-19T09:45:00+05:30","Asia/Kolkata",16.509717,80.612222,,,,"Andhra Pradesh Pollution Control Board","CPCB"
3409493,"Rajiv Gandhi Park, Vijayawada - APPCB","pm25",25.17,"µg/m³","2026-08-19T04:30:00Z","2026-08-19T10:00:00+05:30","Asia/Kolkata",16.509717,80.612222,,,,"Andhra Pradesh Pollution Control Board","CPCB"
3409493,"Rajiv Gandhi Park, Vijayawada - APPCB","pm25",25.1,"µg/m³","2026-08-19T04:45:00Z","2026-08-19T10:15:00+05:30","Asia/Kolkata",16.509717,80.612222,,,,"Andhra Pradesh Pollution Control Board","CPCB"
3409493,"Rajiv Gandhi Park, Vijayawada - APPCB","pm25",25,"µg/m³","2026-08-19T05:00:00Z","2026-08-19T10:30:00+05:30","Asia/Kolkata",16.509717,80.612222,,,,"Andhra Pradesh Pollution Control Board","CPCB"
3409493,"Rajiv Gandhi Park, Vijayawada - APPCB","pm25",25,"µg/m³","2026-08-19T05:15:00Z","2026-08-19T10:45:00+05:30","Asia/Kolkata",16.509717,80.612222,,,,"Andhra Pradesh Pollution Control Board","CPCB"
3409493,"Rajiv Gandhi Park, Vijayawada - APPCB","pm25",23.82,"µg/m³","2026-08-19T06:15:00Z","2026-08-19T11:45:00+05:30","Asia/Kolkata",16.509717,80.612222,,,,"Andhra Pradesh Pollution Control Board","CPCB"
3409493,"Rajiv Gandhi Park, Vijayawada - APPCB","pm25",23.82,"µg/m³","2026-08-19T06:30:00Z","2026-08-19T12:00:00+05:30","Asia/Kolkata",16.509717,80.612222,,,,"Andhra Pradesh Pollution Control Board","CPCB"
3409493,"Rajiv Gandhi Park, Vijayawada - APPCB","pm25",25.13,"µg/m³","2026-08-19T06:45:00Z","2026-08-19T12:15:00+05:30","Asia/Kolkata",16.509717,80.612222,,,,"Andhra Pradesh Pollution Control Board","CPCB"
3409493,"Rajiv Gandhi Park, Vijayawada - APPCB","pm25",27.1,"µg/m³","2026-08-19T07:00:00Z","2026-08-19T12:30:00+05:30","Asia/Kolkata",16.509717,80.612222,,,,"Andhra Pradesh Pollution Control Board","CPCB"
3409493,"Rajiv Gandhi Park, Vijayawada - APPCB","pm25",27.1,"µg/m³","2026-08-19T07:15:00Z","2026-08-19T12:45:00+05:30","Asia/Kolkata",16.509717,80.612222,,,,"Andhra Pradesh Pollution Control Board","CPCB"
3409493,"Rajiv Gandhi Park, Vijayawada - APPCB","pm25",27.1,"µg/m³","2026-08-19T07:30:00Z","2026-08-19T13:00:00+05:30","Asia/Kolkata",16.509717,80.612222,,,,"Andhra Pradesh Pollution Control Board","CPCB"
3409493,"Rajiv Gandhi Park, Vijayawada - APPCB","pm25",30.68,"µg/m³","2026-08-19T07:45:00Z","2026-08-19T13:15:00+05:30","Asia/Kolkata",16.509717,80.612222,,,,"Andhra Pradesh Pollution Control Board","CPCB"
3409493,"Rajiv Gandhi Park, Vijayawada - APPCB","pm25",36.06,"µg/m³","2026-08-19T08:00:00Z","2026-08-19T13:30:00+05:30","Asia/Kolkata",16.509717,80.612222,,,,"Andhra Pradesh Pollution Control Board","CPCB"
3409493,"Rajiv Gandhi Park, Vijayawada - APPCB","pm25",36.06,"µg/m³","2026-08-19T08:15:00Z","2026-08-19T13:45:00+05:30","Asia/Kolkata",16.509717,80.612222,,,,"Andhra Pradesh Pollution Control Board","CPCB"
3409493,"Rajiv Gandhi Park, Vijayawada - APPCB","pm25",36.06,"µg/m³","2026-08-19T08:30:00Z","2026-08-19T14:00:00+05:30","Asia/Kolkata",16.509717,80.612222,,,,"Andhra Pradesh Pollution Control Board","CPCB"
3409493,"Rajiv Gandhi Park, Vijayawada - APPCB","pm25",36.76,"µg/m³","2026-08-19T08:45:00Z","2026-08-19T14:15:00+05:30","Asia/Kolkata",16.509717,80.612222,,,,"Andhra Pradesh Pollution Control Board","CPCB"
3409493,"Rajiv Gandhi Park, Vijayawada - APPCB","pm25",37.8,"µg/m³","2026-08-19T09:00:00Z","2026-08-19T14:30:00+05:30","Asia/Kolkata",16.509717,80.612222,,,,"Andhra Pradesh Pollution Control Board","CPCB"
3409493,"Rajiv Gandhi Park, Vijayawada - APPCB","pm25",37.8,"µg/m³","2026-08-19T09:15:00Z","2026-08-19T14:45:00+05:30","Asia/Kolkata",16.509717,80.612222,,,,"Andhra Pradesh Pollution Control Board","CPCB"
3409493,"Rajiv Gandhi Park, Vijayawada - APPCB","pm25",37.8,"µg/m³","2026-08-19T09:30:00Z","2026-08-19T15:00:00+05:30","Asia/Kolkata",16.509717,80.612222,,,,"Andhra Pradesh Pollution Control Board","CPCB"
3409493,"Rajiv Gandhi Park, Vijayawada - APPCB","pm25",33.97,"µg/m³","2026-08-19T10:15:00Z","2026-08-19T15:45:00+05:30","Asia/Kolkata",16.509717,80.612222,,,,"Andhra Pradesh Pollution Control Board","CPCB"
3409493,"Rajiv Gandhi Park, Vijayawada - APPCB","pm25",33.97,"µg/m³","2026-08-19T10:30:00Z","2026-08-19T16:00:00+05:30","Asia/Kolkata",16.509717,80.612222,,,,"Andhra Pradesh Pollution Control Board","CPCB"
3409493,"Rajiv Gandhi Park, Vijayawada - APPCB","pm25",31.81,"µg/m³","2026-08-19T10:45:00Z","2026-08-19T16:15:00+05:30","Asia/Kolkata",16.509717,80.612222,,,,"Andhra Pradesh Pollution Control Board","CPCB"
3409493,"Rajiv Gandhi Park, Vijayawada - APPCB","pm25",28.58,"µg/m³","2026-08-19T11:00:00Z","2026-08-19T16:30:00+05:30","Asia/Kolkata",16.509717,80.612222,,,,"Andhra Pradesh Pollution Control Board","CPCB"
3409493,"Rajiv Gandhi Park, Vijayawada - APPCB","pm25",28.58,"µg/m³","2026-08-19T11:15:00Z","2026-08-19T16:45:00+05:30","Asia/Kolkata",16.509717,80.612222,,,,"Andhra Pradesh Pollution Control Board","CPCB"
3409493,"Rajiv Gandhi Park, Vijayawada - APPCB","pm25",28.58,"µg/m³","2026-08-19T11:30:00Z","2026-08-19T17:00:00+05:30","Asia/Kolkata",16.509717,80.612222,,,,"Andhra Pradesh Pollution Control Board","CPCB"
3409493,"Rajiv Gandhi Park, Vijayawada - APPCB","pm25",32.58,"µg/m³","2026-08-19T11:45:00Z","2026-08-19T17:15:00+05:30","Asia/Kolkata",16.509717,80.612222,,,,"Andhra Pradesh Pollution Control Board","CPCB"
3409493,"Rajiv Gandhi Park, Vijayawada - APPCB","pm25",32.58,"µg/m³","2026-08-19T12:15:00Z","2026-08-19T17:45:00+05:30","Asia/Kolkata",16.509717,80.612222,,,,"Andhra Pradesh Pollution Control Board","CPCB"
3409493,"Rajiv Gandhi Park, Vijayawada - APPCB","pm25",32.58,"µg/m³","2026-08-19T12:30:00Z","2026-08-19T18:00:00+05:30","Asia/Kolkata",16.509717,80.612222,,,,"Andhra Pradesh Pollution Control Board","CPCB"
3409493,"Rajiv Gandhi Park, Vijayawada - APPCB","pm25",35.08,"µg/m³","2026-08-19T12:45:00Z","2026-08-19T18:15:00+05:30","Asia/Kolkata",16.509717,80.612222,,,,"Andhra Pradesh Pollution Control Board","CPCB"
3409493,"Rajiv Gandhi Park, Vijayawada - APPCB","pm25",38.83,"µg/m³","2026-08-19T13:00:00Z","2026-08-19T18:30:00+05:30","Asia/Kolkata",16.509717,80.612222,,,,"Andhra Pradesh Pollution Control Board","CPCB"
3409493,"Rajiv Gandhi Park, Vijayawada - APPCB","pm25",38.83,"µg/m³","2026-08-19T13:15:00Z","2026-08-19T18:45:00+05:30","Asia/Kolkata",16.509717,80.612222,,,,"Andhra Pradesh Pollution Control Board","CPCB"
3409493,"Rajiv Gandhi Park, Vijayawada - APPCB","pm25",38.83,"µg/m³","2026-08-19T13:30:00Z","2026-08-19T19:00:00+05:30","Asia/Kolkata",16.509717,80.612222,,,,"Andhra Pradesh Pollution Control Board","CPCB"
3409493,"Rajiv Gandhi Park, Vijayawada - APPCB","pm25",38.41,"µg/m³","2026-08-19T13:45:00Z","2026-08-19T19:15:00+05:30","Asia/Kolkata",16.509717,80.612222,,,,"Andhra Pradesh Pollution Control Board","CPCB"
3409493,"Rajiv Gandhi Park, Vijayawada - APPCB","pm25",37.79,"µg/m³","2026-08-19T14:00:00Z","2026-08-19T19:30:00+05:30","Asia/Kolkata",16.509717,80.612222,,,,"Andhra Pradesh Pollution Control Board","CPCB"
3409493,"Rajiv Gandhi Park, Vijayawada - APPCB","pm25",37.79,"µg/m³","2026-08-19T14:15:00Z","2026-08-19T19:45:00+05:30","Asia/Kolkata",16.509717,80.612222,,,,"Andhra Pradesh Pollution Control Board","CPCB"
3409493,"Rajiv Gandhi Park, Vijayawada - APPCB","pm25",37.79,"µg/m³","2026-08-19T14:30:00Z","2026-08-19T20:00:00+05:30","Asia/Kolkata",16.509717,80.612222,,,,"Andhra Pradesh Pollution Control Board","CPCB"
3409493,"Rajiv Gandhi Park, Vijayawada - APPCB","pm25",38.46,"µg/m³","2026-08-19T14:45:00Z","2026-08-19T20:15:00+05:30","Asia/Kolkata",16.509717,80.612222,,,,"Andhra Pradesh Pollution Control Board","CPCB"
3409493,"Rajiv Gandhi Park, Vijayawada - APPCB","pm25",39.46,"µg/m³","2026-08-19T15:00:00Z","2026-08-19T20:30:00+05:30","Asia/Kolkata",16.509717,80.612222,,,,"Andhra Pradesh Pollution Control Board","CPCB"
3409493,"Rajiv Gandhi Park, Vijayawada - APPCB","pm25",39.46,"µg/m³","2026-08-19T15:15:00Z","2026-08-19T20:45:00+05:30","Asia/Kolkata",16.509717,80.612222,,,,"Andhra Pradesh Pollution Control Board","CPCB"
3409493,"Rajiv Gandhi Park, Vijayawada - APPCB","pm25",39.46,"µg/m³","2026-08-19T15:30:00Z","2026-08-19T21:00:00+05:30","Asia/Kolkata",16.509717,80.612222,,,,"Andhra Pradesh Pollution Control Board","CPCB"
3409493,"Rajiv Gandhi Park, Vijayawada - APPCB","pm25",39.19,"µg/m³","2026-08-19T15:45:00Z","2026-08-19T21:15:00+05:30","Asia/Kolkata",16.509717,80.612222,,,,"Andhra Pradesh Pollution Control Board","CPCB"
3409493,"Rajiv Gandhi Park, Vijayawada - APPCB","pm25",38.79,"µg/m³","2026-08-19T16:00:00Z","2026-08-19T21:30:00+05:30","Asia/Kolkata",16.509717,80.612222,,,,"Andhra Pradesh Pollution Control Board","CPCB"
3409493,"Rajiv Gandhi Park, Vijayawada - APPCB","pm25",38.79,"µg/m³","2026-08-19T16:15:00Z","2026-08-19T21:45:00+05:30","Asia/Kolkata",16.509717,80.612222,,,,"Andhra Pradesh Pollution Control Board","CPCB"
3409493,"Rajiv Gandhi Park, Vijayawada - APPCB","pm25",38.79,"µg/m³","2026-08-19T16:30:00Z","2026-08-19T22:00:00+05:30","Asia/Kolkata",16.509717,80.612222,,,,"Andhra Pradesh Pollution Control Board","CPCB"
3409493,"Rajiv Gandhi Park, Vijayawada - APPCB","pm25",36.09,"µg/m³","2026-08-19T16:45:00Z","2026-08-19T22:15:00+05:30","Asia/Kolkata",16.509717,80.612222,,,,"Andhra Pradesh Pollution Control Board","CPCB"
3409493,"Rajiv Gandhi Park, Vijayawada - APPCB","pm25",32.05,"µg/m³","2026-08-19T17:00:00Z","2026-08-19T22:30:00+05:30","Asia/Kolkata",16.509717,80.612222,,,,"Andhra Pradesh Pollution Control Board","CPCB"
3409493,"Rajiv Gandhi Park, Vijayawada - APPCB","pm25",32.05,"µg/m³","2026-08-19T17:15:00Z","2026-08-19T22:45:00+05:30","Asia/Kolkata",16.509717,80.612222,,,,"Andhra Pradesh Pollution Control Board","CPCB"
3409493,"Rajiv Gandhi Park, Vijayawada - APPCB","pm25",32.05,"µg/m³","2026-08-19T17:30:00Z","2026-08-19T23:00:00+05:30","Asia/Kolkata",16.509717,80.612222,,,,"Andhra Pradesh Pollution Control Board","CPCB"
3409493,"Rajiv Gandhi Park, Vijayawada - APPCB","pm25",33.17,"µg/m³","2026-08-19T17:45:00Z","2026-08-19T23:15:00+05:30","Asia/Kolkata",16.509717,80.612222,,,,"Andhra Pradesh Pollution Control Board","CPCB"
3409493,"Rajiv Gandhi Park, Vijayawada - APPCB","pm25",34.85,"µg/m³","2026-08-19T18:00:00Z","2026-08-19T23:30:00+05:30","Asia/Kolkata",16.509717,80.612222,,,,"Andhra Pradesh Pollution Control Board","CPCB"
3409493,"Rajiv Gandhi Park, Vijayawada - APPCB","pm25",34.85,"µg/m³","2026-08-19T18:15:00Z","2026-08-19T23:45:00+05:30","Asia/Kolkata",16.509717,80.612222,,,,"Andhra Pradesh Pollution Control Board","CPCB"
3409493,"Rajiv Gandhi Park, Vijayawada - APPCB","pm25",40.28,"µg/m³","2026-08-19T19:15:00Z","2026-08-20T00:45:00+05:30","Asia/Kolkata",16.509717,80.612222,,,,"Andhra Pradesh Pollution Control Board","CPCB"
3409493,"Rajiv Gandhi Park, Vijayawada - APPCB","pm25",40.28,"µg/m³","2026-08-19T19:30:00Z","2026-08-20T01:00:00+05:30","Asia/Kolkata",16.509717,80.612222,,,,"Andhra Pradesh Pollution Control Board","CPCB"
3409493,"Rajiv Gandhi Park, Vijayawada - APPCB","pm25",38.88,"µg/m³","2026-08-19T19:45:00Z","2026-08-20T01:15:00+05:30","Asia/Kolkata",16.509717,80.612222,,,,"Andhra Pradesh Pollution Control Board","CPCB"
3409493,"Rajiv Gandhi Park, Vijayawada - APPCB","pm25",36.82,"µg/m³","2026-08-19T20:00:00Z","2026-08-20T01:30:00+05:30","Asia/Kolkata",16.509717,80.612222,,,,"Andhra Pradesh Pollution Control Board","CPCB"
3409493,"Rajiv Gandhi Park, Vijayawada - APPCB","pm25",36.82,"µg/m³","2026-08-19T20:15:00Z","2026-08-20T01:45:00+05:30","Asia/Kolkata",16.509717,80.612222,,,,"Andhra Pradesh Pollution Control Board","CPCB"
3409493,"Rajiv Gandhi Park, Vijayawada - APPCB","pm25",36.82,"µg/m³","2026-08-19T20:30:00Z","2026-08-20T02:00:00+05:30","Asia/Kolkata",16.509717,80.612222,,,,"Andhra Pradesh Pollution Control Board","CPCB"
3409493,"Rajiv Gandhi Park, Vijayawada - APPCB","pm25",38.48,"µg/m³","2026-08-19T20:45:00Z","2026-08-20T02:15:00+05:30","Asia/Kolkata",16.509717,80.612222,,,,"Andhra Pradesh Pollution Control Board","CPCB"
3409493,"Rajiv Gandhi Park, Vijayawada - APPCB","pm25",40.98,"µg/m³","2026-08-19T21:00:00Z","2026-08-20T02:30:00+05:30","Asia/Kolkata",16.509717,80.612222,,,,"Andhra Pradesh Pollution Control Board","CPCB"
3409493,"Rajiv Gandhi Park, Vijayawada - APPCB","pm25",40.98,"µg/m³","2026-08-19T21:15:00Z","2026-08-20T02:45:00+05:30","Asia/Kolkata",16.509717,80.612222,,,,"Andhra Pradesh Pollution Control Board","CPCB"
3409493,"Rajiv Gandhi Park, Vijayawada - APPCB","pm25",40.98,"µg/m³","2026-08-19T21:30:00Z","2026-08-20T03:00:00+05:30","Asia/Kolkata",16.509717,80.612222,,,,"Andhra Pradesh Pollution Control Board","CPCB"
3409493,"Rajiv Gandhi Park, Vijayawada - APPCB","pm25",37.99,"µg/m³","2026-08-19T21:45:00Z","2026-08-20T03:15:00+05:30","Asia/Kolkata",16.509717,80.612222,,,,"Andhra Pradesh Pollution Control Board","CPCB"
3409493,"Rajiv Gandhi Park, Vijayawada - APPCB","pm25",33.51,"µg/m³","2026-08-19T22:00:00Z","2026-08-20T03:30:00+05:30","Asia/Kolkata",16.509717,80.612222,,,,"Andhra Pradesh Pollution Control Board","CPCB"
3409493,"Rajiv Gandhi Park, Vijayawada - APPCB","relativehumidity",81.41,"%","2026-08-19T03:15:00Z","2026-08-19T08:45:00+05:30","Asia/Kolkata",16.509717,80.612222,,,,"Andhra Pradesh Pollution Control Board","CPCB"
3409493,"Rajiv Gandhi Park, Vijayawada - APPCB","relativehumidity",81.27,"%","2026-08-19T03:30:00Z","2026-08-19T09:00:00+05:30","Asia/Kolkata",16.509717,80.612222,,,,"Andhra Pradesh Pollution Control Board","CPCB"
3409493,"Rajiv Gandhi Park, Vijayawada - APPCB","relativehumidity",79.68,"%","2026-08-19T03:45:00Z","2026-08-19T09:15:00+05:30","Asia/Kolkata",16.509717,80.612222,,,,"Andhra Pradesh Pollution Control Board","CPCB"
3409493,"Rajiv Gandhi Park, Vijayawada - APPCB","relativehumidity",78.15,"%","2026-08-19T04:00:00Z","2026-08-19T09:30:00+05:30","Asia/Kolkata",16.509717,80.612222,,,,"Andhra Pradesh Pollution Control Board","CPCB"
3409493,"Rajiv Gandhi Park, Vijayawada - APPCB","relativehumidity",75.22,"%","2026-08-19T04:15:00Z","2026-08-19T09:45:00+05:30","Asia/Kolkata",16.509717,80.612222,,,,"Andhra Pradesh Pollution Control Board","CPCB"
3409493,"Rajiv Gandhi Park, Vijayawada - APPCB","relativehumidity",72.87,"%","2026-08-19T04:30:00Z","2026-08-19T10:00:00+05:30","Asia/Kolkata",16.509717,80.612222,,,,"Andhra Pradesh Pollution Control Board","CPCB"
3409493,"Rajiv Gandhi Park, Vijayawada - APPCB","relativehumidity",70.96,"%","2026-08-19T04:45:00Z","2026-08-19T10:15:00+05:30","Asia/Kolkata",16.509717,80.612222,,,,"Andhra Pradesh Pollution Control Board","CPCB"
3409493,"Rajiv Gandhi Park, Vijayawada - APPCB","relativehumidity",68.34,"%","2026-08-19T05:00:00Z","2026-08-19T10:30:00+05:30","Asia/Kolkata",16.509717,80.612222,,,,"Andhra Pradesh Pollution Control Board","CPCB"
3409493,"Rajiv Gandhi Park, Vijayawada - APPCB","relativehumidity",65.82,"%","2026-08-19T05:15:00Z","2026-08-19T10:45:00+05:30","Asia/Kolkata",16.509717,80.612222,,,,"Andhra Pradesh Pollution Control Board","CPCB"
3409493,"Rajiv Gandhi Park, Vijayawada - APPCB","relativehumidity",59.13,"%","2026-08-19T06:15:00Z","2026-08-19T11:45:00+05:30","Asia/Kolkata",16.509717,80.612222,,,,"Andhra Pradesh Pollution Control Board","CPCB"
3409493,"Rajiv Gandhi Park, Vijayawada - APPCB","relativehumidity",59.85,"%","2026-08-19T06:30:00Z","2026-08-19T12:00:00+05:30","Asia/Kolkata",16.509717,80.612222,,,,"Andhra Pradesh Pollution Control Board","CPCB"
3409493,"Rajiv Gandhi Park, Vijayawada - APPCB","relativehumidity",61.23,"%","2026-08-19T06:45:00Z","2026-08-19T12:15:00+05:30","Asia/Kolkata",16.509717,80.612222,,,,"Andhra Pradesh Pollution Control Board","CPCB"
3409493,"Rajiv Gandhi Park, Vijayawada - APPCB","relativehumidity",59.79,"%","2026-08-19T07:00:00Z","2026-08-19T12:30:00+05:30","Asia/Kolkata",16.509717,80.612222,,,,"Andhra Pradesh Pollution Control Board","CPCB"
3409493,"Rajiv Gandhi Park, Vijayawada - APPCB","relativehumidity",58.36,"%","2026-08-19T07:15:00Z","2026-08-19T12:45:00+05:30","Asia/Kolkata",16.509717,80.612222,,,,"Andhra Pradesh Pollution Control Board","CPCB"
3409493,"Rajiv Gandhi Park, Vijayawada - APPCB","relativehumidity",57.33,"%","2026-08-19T07:30:00Z","2026-08-19T13:00:00+05:30","Asia/Kolkata",16.509717,80.612222,,,,"Andhra Pradesh Pollution Control Board","CPCB"
3409493,"Rajiv Gandhi Park, Vijayawada - APPCB","relativehumidity",58.87,"%","2026-08-19T07:45:00Z","2026-08-19T13:15:00+05:30","Asia/Kolkata",16.509717,80.612222,,,,"Andhra Pradesh Pollution Control Board","CPCB"
3409493,"Rajiv Gandhi Park, Vijayawada - APPCB","relativehumidity",59.47,"%","2026-08-19T08:00:00Z","2026-08-19T13:30:00+05:30","Asia/Kolkata",16.509717,80.612222,,,,"Andhra Pradesh Pollution Control Board","CPCB"
3409493,"Rajiv Gandhi Park, Vijayawada - APPCB","relativehumidity",58.41,"%","2026-08-19T08:15:00Z","2026-08-19T13:45:00+05:30","Asia/Kolkata",16.509717,80.612222,,,,"Andhra Pradesh Pollution Control Board","CPCB"
3409493,"Rajiv Gandhi Park, Vijayawada - APPCB","relativehumidity",60.6,"%","2026-08-19T08:30:00Z","2026-08-19T14:00:00+05:30","Asia/Kolkata",16.509717,80.612222,,,,"Andhra Pradesh Pollution Control Board","CPCB"
3409493,"Rajiv Gandhi Park, Vijayawada - APPCB","relativehumidity",62.21,"%","2026-08-19T08:45:00Z","2026-08-19T14:15:00+05:30","Asia/Kolkata",16.509717,80.612222,,,,"Andhra Pradesh Pollution Control Board","CPCB"
3409493,"Rajiv Gandhi Park, Vijayawada - APPCB","relativehumidity",63.74,"%","2026-08-19T09:00:00Z","2026-08-19T14:30:00+05:30","Asia/Kolkata",16.509717,80.612222,,,,"Andhra Pradesh Pollution Control Board","CPCB"
3409493,"Rajiv Gandhi Park, Vijayawada - APPCB","relativehumidity",64.46,"%","2026-08-19T09:15:00Z","2026-08-19T14:45:00+05:30","Asia/Kolkata",16.509717,80.612222,,,,"Andhra Pradesh Pollution Control Board","CPCB"
3409493,"Rajiv Gandhi Park, Vijayawada - APPCB","relativehumidity",64.04,"%","2026-08-19T09:30:00Z","2026-08-19T15:00:00+05:30","Asia/Kolkata",16.509717,80.612222,,,,"Andhra Pradesh Pollution Control Board","CPCB"
3409493,"Rajiv Gandhi Park, Vijayawada - APPCB","relativehumidity",66.72,"%","2026-08-19T10:15:00Z","2026-08-19T15:45:00+05:30","Asia/Kolkata",16.509717,80.612222,,,,"Andhra Pradesh Pollution Control Board","CPCB"
3409493,"Rajiv Gandhi Park, Vijayawada - APPCB","relativehumidity",66.39,"%","2026-08-19T10:30:00Z","2026-08-19T16:00:00+05:30","Asia/Kolkata",16.509717,80.612222,,,,"Andhra Pradesh Pollution Control Board","CPCB"
3409493,"Rajiv Gandhi Park, Vijayawada - APPCB","relativehumidity",66.9,"%","2026-08-19T10:45:00Z","2026-08-19T16:15:00+05:30","Asia/Kolkata",16.509717,80.612222,,,,"Andhra Pradesh Pollution Control Board","CPCB"
3409493,"Rajiv Gandhi Park, Vijayawada - APPCB","relativehumidity",67.09,"%","2026-08-19T11:00:00Z","2026-08-19T16:30:00+05:30","Asia/Kolkata",16.509717,80.612222,,,,"Andhra Pradesh Pollution Control Board","CPCB"
3409493,"Rajiv Gandhi Park, Vijayawada - APPCB","relativehumidity",68.17,"%","2026-08-19T11:15:00Z","2026-08-19T16:45:00+05:30","Asia/Kolkata",16.509717,80.612222,,,,"Andhra Pradesh Pollution Control Board","CPCB"
3409493,"Rajiv Gandhi Park, Vijayawada - APPCB","relativehumidity",69.42,"%","2026-08-19T11:30:00Z","2026-08-19T17:00:00+05:30","Asia/Kolkata",16.509717,80.612222,,,,"Andhra Pradesh Pollution Control Board","CPCB"
3409493,"Rajiv Gandhi Park, Vijayawada - APPCB","relativehumidity",70.82,"%","2026-08-19T11:45:00Z","2026-08-19T17:15:00+05:30","Asia/Kolkata",16.509717,80.612222,,,,"Andhra Pradesh Pollution Control Board","CPCB"
3409493,"Rajiv Gandhi Park, Vijayawada - APPCB","relativehumidity",71.07,"%","2026-08-19T12:15:00Z","2026-08-19T17:45:00+05:30","Asia/Kolkata",16.509717,80.612222,,,,"Andhra Pradesh Pollution Control Board","CPCB"
3409493,"Rajiv Gandhi Park, Vijayawada - APPCB","relativehumidity",71.57,"%","2026-08-19T12:30:00Z","2026-08-19T18:00:00+05:30","Asia/Kolkata",16.509717,80.612222,,,,"Andhra Pradesh Pollution Control Board","CPCB"
3409493,"Rajiv Gandhi Park, Vijayawada - APPCB","relativehumidity",69.86,"%","2026-08-19T12:45:00Z","2026-08-19T18:15:00+05:30","Asia/Kolkata",16.509717,80.612222,,,,"Andhra Pradesh Pollution Control Board","CPCB"
3409493,"Rajiv Gandhi Park, Vijayawada - APPCB","relativehumidity",70.08,"%","2026-08-19T13:00:00Z","2026-08-19T18:30:00+05:30","Asia/Kolkata",16.509717,80.612222,,,,"Andhra Pradesh Pollution Control Board","CPCB"
3409493,"Rajiv Gandhi Park, Vijayawada - APPCB","relativehumidity",71.65,"%","2026-08-19T13:15:00Z","2026-08-19T18:45:00+05:30","Asia/Kolkata",16.509717,80.612222,,,,"Andhra Pradesh Pollution Control Board","CPCB"
3409493,"Rajiv Gandhi Park, Vijayawada - APPCB","relativehumidity",73.42,"%","2026-08-19T13:30:00Z","2026-08-19T19:00:00+05:30","Asia/Kolkata",16.509717,80.612222,,,,"Andhra Pradesh Pollution Control Board","CPCB"
3409493,"Rajiv Gandhi Park, Vijayawada - APPCB","relativehumidity",73.18,"%","2026-08-19T13:45:00Z","2026-08-19T19:15:00+05:30","Asia/Kolkata",16.509717,80.612222,,,,"Andhra Pradesh Pollution Control Board","CPCB"
3409493,"Rajiv Gandhi Park, Vijayawada - APPCB","relativehumidity",74.07,"%","2026-08-19T14:00:00Z","2026-08-19T19:30:00+05:30","Asia/Kolkata",16.509717,80.612222,,,,"Andhra Pradesh Pollution Control Board","CPCB"
3409493,"Rajiv Gandhi Park, Vijayawada - APPCB","relativehumidity",73.29,"%","2026-08-19T14:15:00Z","2026-08-19T19:45:00+05:30","Asia/Kolkata",16.509717,80.612222,,,,"Andhra Pradesh Pollution Control Board","CPCB"
3409493,"Rajiv Gandhi Park, Vijayawada - APPCB","relativehumidity",72.05,"%","2026-08-19T14:30:00Z","2026-08-19T20:00:00+05:30","Asia/Kolkata",16.509717,80.612222,,,,"Andhra Pradesh Pollution Control Board","CPCB"
3409493,"Rajiv Gandhi Park, Vijayawada - APPCB","relativehumidity",72.39,"%","2026-08-19T14:45:00Z","2026-08-19T20:15:00+05:30","Asia/Kolkata",16.509717,80.612222,,,,"Andhra Pradesh Pollution Control Board","CPCB"
3409493,"Rajiv Gandhi Park, Vijayawada - APPCB","relativehumidity",72.78,"%","2026-08-19T15:00:00Z","2026-08-19T20:30:00+05:30","Asia/Kolkata",16.509717,80.612222,,,,"Andhra Pradesh Pollution Control Board","CPCB"
3409493,"Rajiv Gandhi Park, Vijayawada - APPCB","relativehumidity",71.69,"%","2026-08-19T15:15:00Z","2026-08-19T20:45:00+05:30","Asia/Kolkata",16.509717,80.612222,,,,"Andhra Pradesh Pollution Control Board","CPCB"
3409493,"Rajiv Gandhi Park, Vijayawada - APPCB","relativehumidity",71.34,"%","2026-08-19T15:30:00Z","2026-08-19T21:00:00+05:30","Asia/Kolkata",16.509717,80.612222,,,,"Andhra Pradesh Pollution Control Board","CPCB"
3409493,"Rajiv Gandhi Park, Vijayawada - APPCB","relativehumidity",73.66,"%","2026-08-19T15:45:00Z","2026-08-19T21:15:00+05:30","Asia/Kolkata",16.509717,80.612222,,,,"Andhra Pradesh Pollution Control Board","CPCB"
3409493,"Rajiv Gandhi Park, Vijayawada - APPCB","relativehumidity",75.93,"%","2026-08-19T16:00:00Z","2026-08-19T21:30:00+05:30","Asia/Kolkata",16.509717,80.612222,,,,"Andhra Pradesh Pollution Control Board","CPCB"
3409493,"Rajiv Gandhi Park, Vijayawada - APPCB","relativehumidity",77.04,"%","2026-08-19T16:15:00Z","2026-08-19T21:45:00+05:30","Asia/Kolkata",16.509717,80.612222,,,,"Andhra Pradesh Pollution Control Board","CPCB"
3409493,"Rajiv Gandhi Park, Vijayawada - APPCB","relativehumidity",77.46,"%","2026-08-19T16:30:00Z","2026-08-19T22:00:00+05:30","Asia/Kolkata",16.509717,80.612222,,,,"Andhra Pradesh Pollution Control Board","CPCB"
3409493,"Rajiv Gandhi Park, Vijayawada - APPCB","relativehumidity",77.42,"%","2026-08-19T16:45:00Z","2026-08-19T22:15:00+05:30","Asia/Kolkata",16.509717,80.612222,,,,"Andhra Pradesh Pollution Control Board","CPCB"
3409493,"Rajiv Gandhi Park, Vijayawada - APPCB","relativehumidity",77.73,"%","2026-08-19T17:00:00Z","2026-08-19T22:30:00+05:30","Asia/Kolkata",16.509717,80.612222,,,,"Andhra Pradesh Pollution Control Board","CPCB"
3409493,"Rajiv Gandhi Park, Vijayawada - APPCB","relativehumidity",77.64,"%","2026-08-19T17:15:00Z","2026-08-19T22:45:00+05:30","Asia/Kolkata",16.509717,80.612222,,,,"Andhra Pradesh Pollution Control Board","CPCB"
3409493,"Rajiv Gandhi Park, Vijayawada - APPCB","relativehumidity",76.44,"%","2026-08-19T17:30:00Z","2026-08-19T23:00:00+05:30","Asia/Kolkata",16.509717,80.612222,,,,"Andhra Pradesh Pollution Control Board","CPCB"
3409493,"Rajiv Gandhi Park, Vijayawada - APPCB","relativehumidity",75.16,"%","2026-08-19T17:45:00Z","2026-08-19T23:15:00+05:30","Asia/Kolkata",16.509717,80.612222,,,,"Andhra Pradesh Pollution Control Board","CPCB"
3409493,"Rajiv Gandhi Park, Vijayawada - APPCB","relativehumidity",75.67,"%","2026-08-19T18:00:00Z","2026-08-19T23:30:00+05:30","Asia/Kolkata",16.509717,80.612222,,,,"Andhra Pradesh Pollution Control Board","CPCB"
3409493,"Rajiv Gandhi Park, Vijayawada - APPCB","relativehumidity",73.84,"%","2026-08-19T18:15:00Z","2026-08-19T23:45:00+05:30","Asia/Kolkata",16.509717,80.612222,,,,"Andhra Pradesh Pollution Control Board","CPCB"
3409493,"Rajiv Gandhi Park, Vijayawada - APPCB","relativehumidity",75.01,"%","2026-08-19T19:15:00Z","2026-08-20T00:45:00+05:30","Asia/Kolkata",16.509717,80.612222,,,,"Andhra Pradesh Pollution Control Board","CPCB"
3409493,"Rajiv Gandhi Park, Vijayawada - APPCB","relativehumidity",73.03,"%","2026-08-19T19:30:00Z","2026-08-20T01:00:00+05:30","Asia/Kolkata",16.509717,80.612222,,,,"Andhra Pradesh Pollution Control Board","CPCB"
3409493,"Rajiv Gandhi Park, Vijayawada - APPCB","relativehumidity",71.9,"%","2026-08-19T19:45:00Z","2026-08-20T01:15:00+05:30","Asia/Kolkata",16.509717,80.612222,,,,"Andhra Pradesh Pollution Control Board","CPCB"
3409493,"Rajiv Gandhi Park, Vijayawada - APPCB","relativehumidity",72.46,"%","2026-08-19T20:00:00Z","2026-08-20T01:30:00+05:30","Asia/Kolkata",16.509717,80.612222,,,,"Andhra Pradesh Pollution Control Board","CPCB"
3409493,"Rajiv Gandhi Park, Vijayawada - APPCB","relativehumidity",73.12,"%","2026-08-19T20:15:00Z","2026-08-20T01:45:00+05:30","Asia/Kolkata",16.509717,80.612222,,,,"Andhra Pradesh Pollution Control Board","CPCB"
3409493,"Rajiv Gandhi Park, Vijayawada - APPCB","relativehumidity",74.17,"%","2026-08-19T20:30:00Z","2026-08-20T02:00:00+05:30","Asia/Kolkata",16.509717,80.612222,,,,"Andhra Pradesh Pollution Control Board","CPCB"
3409493,"Rajiv Gandhi Park, Vijayawada - APPCB","relativehumidity",74.56,"%","2026-08-19T20:45:00Z","2026-08-20T02:15:00+05:30","Asia/Kolkata",16.509717,80.612222,,,,"Andhra Pradesh Pollution Control Board","CPCB"
3409493,"Rajiv Gandhi Park, Vijayawada - APPCB","relativehumidity",73.69,"%","2026-08-19T21:00:00Z","2026-08-20T02:30:00+05:30","Asia/Kolkata",16.509717,80.612222,,,,"Andhra Pradesh Pollution Control Board","CPCB"
3409493,"Rajiv Gandhi Park, Vijayawada - APPCB","relativehumidity",73.1,"%","2026-08-19T21:15:00Z","2026-08-20T02:45:00+05:30","Asia/Kolkata",16.509717,80.612222,,,,"Andhra Pradesh Pollution Control Board","CPCB"
3409493,"Rajiv Gandhi Park, Vijayawada - APPCB","relativehumidity",73.17,"%","2026-08-19T21:30:00Z","2026-08-20T03:00:00+05:30","Asia/Kolkata",16.509717,80.612222,,,,"Andhra Pradesh Pollution Control Board","CPCB"
3409493,"Rajiv Gandhi Park, Vijayawada - APPCB","relativehumidity",72.77,"%","2026-08-19T21:45:00Z","2026-08-20T03:15:00+05:30","Asia/Kolkata",16.509717,80.612222,,,,"Andhra Pradesh Pollution Control Board","CPCB"
3409493,"Rajiv Gandhi Park, Vijayawada - APPCB","relativehumidity",73.01,"%","2026-08-19T22:00:00Z","2026-08-20T03:30:00+05:30","Asia/Kolkata",16.509717,80.612222,,,,"Andhra Pradesh Pollution Control Board","CPCB"
3409493,"Rajiv Gandhi Park, Vijayawada - APPCB","so2",11.7,"ppb","2026-08-19T03:15:00Z","2026-08-19T08:45:00+05:30","Asia/Kolkata",16.509717,80.612222,,,,"Andhra Pradesh Pollution Control Board","CPCB"
3409493,"Rajiv Gandhi Park, Vijayawada - APPCB","so2",11.6,"ppb","2026-08-19T03:30:00Z","2026-08-19T09:00:00+05:30","Asia/Kolkata",16.509717,80.612222,,,,"Andhra Pradesh Pollution Control Board","CPCB"
3409493,"Rajiv Gandhi Park, Vijayawada - APPCB","so2",11.53,"ppb","2026-08-19T03:45:00Z","2026-08-19T09:15:00+05:30","Asia/Kolkata",16.509717,80.612222,,,,"Andhra Pradesh Pollution Control Board","CPCB"
3409493,"Rajiv Gandhi Park, Vijayawada - APPCB","so2",11.69,"ppb","2026-08-19T04:00:00Z","2026-08-19T09:30:00+05:30","Asia/Kolkata",16.509717,80.612222,,,,"Andhra Pradesh Pollution Control Board","CPCB"
3409493,"Rajiv Gandhi Park, Vijayawada - APPCB","so2",10.65,"ppb","2026-08-19T04:15:00Z","2026-08-19T09:45:00+05:30","Asia/Kolkata",16.509717,80.612222,,,,"Andhra Pradesh Pollution Control Board","CPCB"
3409493,"Rajiv Gandhi Park, Vijayawada - APPCB","so2",8.19,"ppb","2026-08-19T04:30:00Z","2026-08-19T10:00:00+05:30","Asia/Kolkata",16.509717,80.612222,,,,"Andhra Pradesh Pollution Control Board","CPCB"
3409493,"Rajiv Gandhi Park, Vijayawada - APPCB","so2",8.04,"ppb","2026-08-19T04:45:00Z","2026-08-19T10:15:00+05:30","Asia/Kolkata",16.509717,80.612222,,,,"Andhra Pradesh Pollution Control Board","CPCB"
3409493,"Rajiv Gandhi Park, Vijayawada - APPCB","so2",8.21,"ppb","2026-08-19T05:00:00Z","2026-08-19T10:30:00+05:30","Asia/Kolkata",16.509717,80.612222,,,,"Andhra Pradesh Pollution Control Board","CPCB"
3409493,"Rajiv Gandhi Park, Vijayawada - APPCB","so2",8.06,"ppb","2026-08-19T05:15:00Z","2026-08-19T10:45:00+05:30","Asia/Kolkata",16.509717,80.612222,,,,"Andhra Pradesh Pollution Control Board","CPCB"
3409493,"Rajiv Gandhi Park, Vijayawada - APPCB","so2",8.19,"ppb","2026-08-19T06:15:00Z","2026-08-19T11:45:00+05:30","Asia/Kolkata",16.509717,80.612222,,,,"Andhra Pradesh Pollution Control Board","CPCB"
3409493,"Rajiv Gandhi Park, Vijayawada - APPCB","so2",10.32,"ppb","2026-08-19T06:30:00Z","2026-08-19T12:00:00+05:30","Asia/Kolkata",16.509717,80.612222,,,,"Andhra Pradesh Pollution Control Board","CPCB"
3409493,"Rajiv Gandhi Park, Vijayawada - APPCB","so2",12.96,"ppb","2026-08-19T06:45:00Z","2026-08-19T12:15:00+05:30","Asia/Kolkata",16.509717,80.612222,,,,"Andhra Pradesh Pollution Control Board","CPCB"
3409493,"Rajiv Gandhi Park, Vijayawada - APPCB","so2",12.89,"ppb","2026-08-19T07:00:00Z","2026-08-19T12:30:00+05:30","Asia/Kolkata",16.509717,80.612222,,,,"Andhra Pradesh Pollution Control Board","CPCB"
3409493,"Rajiv Gandhi Park, Vijayawada - APPCB","so2",12.86,"ppb","2026-08-19T07:15:00Z","2026-08-19T12:45:00+05:30","Asia/Kolkata",16.509717,80.612222,,,,"Andhra Pradesh Pollution Control Board","CPCB"
3409493,"Rajiv Gandhi Park, Vijayawada - APPCB","so2",12.94,"ppb","2026-08-19T07:30:00Z","2026-08-19T13:00:00+05:30","Asia/Kolkata",16.509717,80.612222,,,,"Andhra Pradesh Pollution Control Board","CPCB"
3409493,"Rajiv Gandhi Park, Vijayawada - APPCB","so2",12.96,"ppb","2026-08-19T07:45:00Z","2026-08-19T13:15:00+05:30","Asia/Kolkata",16.509717,80.612222,,,,"Andhra Pradesh Pollution Control Board","CPCB"
3409493,"Rajiv Gandhi Park, Vijayawada - APPCB","so2",13.15,"ppb","2026-08-19T08:00:00Z","2026-08-19T13:30:00+05:30","Asia/Kolkata",16.509717,80.612222,,,,"Andhra Pradesh Pollution Control Board","CPCB"
3409493,"Rajiv Gandhi Park, Vijayawada - APPCB","so2",13.93,"ppb","2026-08-19T08:15:00Z","2026-08-19T13:45:00+05:30","Asia/Kolkata",16.509717,80.612222,,,,"Andhra Pradesh Pollution Control Board","CPCB"
3409493,"Rajiv Gandhi Park, Vijayawada - APPCB","so2",13.83,"ppb","2026-08-19T08:30:00Z","2026-08-19T14:00:00+05:30","Asia/Kolkata",16.509717,80.612222,,,,"Andhra Pradesh Pollution Control Board","CPCB"
3409493,"Rajiv Gandhi Park, Vijayawada - APPCB","so2",13.83,"ppb","2026-08-19T08:45:00Z","2026-08-19T14:15:00+05:30","Asia/Kolkata",16.509717,80.612222,,,,"Andhra Pradesh Pollution Control Board","CPCB"
3409493,"Rajiv Gandhi Park, Vijayawada - APPCB","so2",13.7,"ppb","2026-08-19T09:00:00Z","2026-08-19T14:30:00+05:30","Asia/Kolkata",16.509717,80.612222,,,,"Andhra Pradesh Pollution Control Board","CPCB"
3409493,"Rajiv Gandhi Park, Vijayawada - APPCB","so2",13.76,"ppb","2026-08-19T09:15:00Z","2026-08-19T14:45:00+05:30","Asia/Kolkata",16.509717,80.612222,,,,"Andhra Pradesh Pollution Control Board","CPCB"
3409493,"Rajiv Gandhi Park, Vijayawada - APPCB","so2",13.89,"ppb","2026-08-19T09:30:00Z","2026-08-19T15:00:00+05:30","Asia/Kolkata",16.509717,80.612222,,,,"Andhra Pradesh Pollution Control Board","CPCB"
3409493,"Rajiv Gandhi Park, Vijayawada - APPCB","so2",10.29,"ppb","2026-08-19T10:15:00Z","2026-08-19T15:45:00+05:30","Asia/Kolkata",16.509717,80.612222,,,,"Andhra Pradesh Pollution Control Board","CPCB"
3409493,"Rajiv Gandhi Park, Vijayawada - APPCB","so2",10.32,"ppb","2026-08-19T10:30:00Z","2026-08-19T16:00:00+05:30","Asia/Kolkata",16.509717,80.612222,,,,"Andhra Pradesh Pollution Control Board","CPCB"
3409493,"Rajiv Gandhi Park, Vijayawada - APPCB","so2",10.3,"ppb","2026-08-19T10:45:00Z","2026-08-19T16:15:00+05:30","Asia/Kolkata",16.509717,80.612222,,,,"Andhra Pradesh Pollution Control Board","CPCB"
3409493,"Rajiv Gandhi Park, Vijayawada - APPCB","so2",10.38,"ppb","2026-08-19T11:00:00Z","2026-08-19T16:30:00+05:30","Asia/Kolkata",16.509717,80.612222,,,,"Andhra Pradesh Pollution Control Board","CPCB"
3409493,"Rajiv Gandhi Park, Vijayawada - APPCB","so2",10.38,"ppb","2026-08-19T11:15:00Z","2026-08-19T16:45:00+05:30","Asia/Kolkata",16.509717,80.612222,,,,"Andhra Pradesh Pollution Control Board","CPCB"
3409493,"Rajiv Gandhi Park, Vijayawada - APPCB","so2",10.17,"ppb","2026-08-19T11:30:00Z","2026-08-19T17:00:00+05:30","Asia/Kolkata",16.509717,80.612222,,,,"Andhra Pradesh Pollution Control Board","CPCB"
3409493,"Rajiv Gandhi Park, Vijayawada - APPCB","so2",10.2,"ppb","2026-08-19T11:45:00Z","2026-08-19T17:15:00+05:30","Asia/Kolkata",16.509717,80.612222,,,,"Andhra Pradesh Pollution Control Board","CPCB"
3409493,"Rajiv Gandhi Park, Vijayawada - APPCB","so2",10.07,"ppb","2026-08-19T12:15:00Z","2026-08-19T17:45:00+05:30","Asia/Kolkata",16.509717,80.612222,,,,"Andhra Pradesh Pollution Control Board","CPCB"
3409493,"Rajiv Gandhi Park, Vijayawada - APPCB","so2",10.05,"ppb","2026-08-19T12:30:00Z","2026-08-19T18:00:00+05:30","Asia/Kolkata",16.509717,80.612222,,,,"Andhra Pradesh Pollution Control Board","CPCB"
3409493,"Rajiv Gandhi Park, Vijayawada - APPCB","so2",9.98,"ppb","2026-08-19T12:45:00Z","2026-08-19T18:15:00+05:30","Asia/Kolkata",16.509717,80.612222,,,,"Andhra Pradesh Pollution Control Board","CPCB"
3409493,"Rajiv Gandhi Park, Vijayawada - APPCB","so2",10.02,"ppb","2026-08-19T13:00:00Z","2026-08-19T18:30:00+05:30","Asia/Kolkata",16.509717,80.612222,,,,"Andhra Pradesh Pollution Control Board","CPCB"
3409493,"Rajiv Gandhi Park, Vijayawada - APPCB","so2",10.02,"ppb","2026-08-19T13:15:00Z","2026-08-19T18:45:00+05:30","Asia/Kolkata",16.509717,80.612222,,,,"Andhra Pradesh Pollution Control Board","CPCB"
3409493,"Rajiv Gandhi Park, Vijayawada - APPCB","so2",10.31,"ppb","2026-08-19T13:30:00Z","2026-08-19T19:00:00+05:30","Asia/Kolkata",16.509717,80.612222,,,,"Andhra Pradesh Pollution Control Board","CPCB"
3409493,"Rajiv Gandhi Park, Vijayawada - APPCB","so2",10.1,"ppb","2026-08-19T13:45:00Z","2026-08-19T19:15:00+05:30","Asia/Kolkata",16.509717,80.612222,,,,"Andhra Pradesh Pollution Control Board","CPCB"
3409493,"Rajiv Gandhi Park, Vijayawada - APPCB","so2",10.11,"ppb","2026-08-19T14:00:00Z","2026-08-19T19:30:00+05:30","Asia/Kolkata",16.509717,80.612222,,,,"Andhra Pradesh Pollution Control Board","CPCB"
3409493,"Rajiv Gandhi Park, Vijayawada - APPCB","so2",10.09,"ppb","2026-08-19T14:15:00Z","2026-08-19T19:45:00+05:30","Asia/Kolkata",16.509717,80.612222,,,,"Andhra Pradesh Pollution Control Board","CPCB"
3409493,"Rajiv Gandhi Park, Vijayawada - APPCB","so2",10.18,"ppb","2026-08-19T14:30:00Z","2026-08-19T20:00:00+05:30","Asia/Kolkata",16.509717,80.612222,,,,"Andhra Pradesh Pollution Control Board","CPCB"
3409493,"Rajiv Gandhi Park, Vijayawada - APPCB","so2",10.19,"ppb","2026-08-19T14:45:00Z","2026-08-19T20:15:00+05:30","Asia/Kolkata",16.509717,80.612222,,,,"Andhra Pradesh Pollution Control Board","CPCB"
3409493,"Rajiv Gandhi Park, Vijayawada - APPCB","so2",10.4,"ppb","2026-08-19T15:00:00Z","2026-08-19T20:30:00+05:30","Asia/Kolkata",16.509717,80.612222,,,,"Andhra Pradesh Pollution Control Board","CPCB"
3409493,"Rajiv Gandhi Park, Vijayawada - APPCB","so2",10.2,"ppb","2026-08-19T15:15:00Z","2026-08-19T20:45:00+05:30","Asia/Kolkata",16.509717,80.612222,,,,"Andhra Pradesh Pollution Control Board","CPCB"
3409493,"Rajiv Gandhi Park, Vijayawada - APPCB","so2",10.34,"ppb","2026-08-19T15:30:00Z","2026-08-19T21:00:00+05:30","Asia/Kolkata",16.509717,80.612222,,,,"Andhra Pradesh Pollution Control Board","CPCB"
3409493,"Rajiv Gandhi Park, Vijayawada - APPCB","so2",10.37,"ppb","2026-08-19T15:45:00Z","2026-08-19T21:15:00+05:30","Asia/Kolkata",16.509717,80.612222,,,,"Andhra Pradesh Pollution Control Board","CPCB"
3409493,"Rajiv Gandhi Park, Vijayawada - APPCB","so2",10.48,"ppb","2026-08-19T16:00:00Z","2026-08-19T21:30:00+05:30","Asia/Kolkata",16.509717,80.612222,,,,"Andhra Pradesh Pollution Control Board","CPCB"
3409493,"Rajiv Gandhi Park, Vijayawada - APPCB","so2",10.31,"ppb","2026-08-19T16:15:00Z","2026-08-19T21:45:00+05:30","Asia/Kolkata",16.509717,80.612222,,,,"Andhra Pradesh Pollution Control Board","CPCB"
3409493,"Rajiv Gandhi Park, Vijayawada - APPCB","so2",10.5,"ppb","2026-08-19T16:30:00Z","2026-08-19T22:00:00+05:30","Asia/Kolkata",16.509717,80.612222,,,,"Andhra Pradesh Pollution Control Board","CPCB"
3409493,"Rajiv Gandhi Park, Vijayawada - APPCB","so2",10.32,"ppb","2026-08-19T16:45:00Z","2026-08-19T22:15:00+05:30","Asia/Kolkata",16.509717,80.612222,,,,"Andhra Pradesh Pollution Control Board","CPCB"
3409493,"Rajiv Gandhi Park, Vijayawada - APPCB","so2",10.45,"ppb","2026-08-19T17:00:00Z","2026-08-19T22:30:00+05:30","Asia/Kolkata",16.509717,80.612222,,,,"Andhra Pradesh Pollution Control Board","CPCB"
3409493,"Rajiv Gandhi Park, Vijayawada - APPCB","so2",10.54,"ppb","2026-08-19T17:15:00Z","2026-08-19T22:45:00+05:30","Asia/Kolkata",16.509717,80.612222,,,,"Andhra Pradesh Pollution Control Board","CPCB"
3409493,"Rajiv Gandhi Park, Vijayawada - APPCB","so2",10.44,"ppb","2026-08-19T17:30:00Z","2026-08-19T23:00:00+05:30","Asia/Kolkata",16.509717,80.612222,,,,"Andhra Pradesh Pollution Control Board","CPCB"
3409493,"Rajiv Gandhi Park, Vijayawada - APPCB","so2",10.45,"ppb","2026-08-19T17:45:00Z","2026-08-19T23:15:00+05:30","Asia/Kolkata",16.509717,80.612222,,,,"Andhra Pradesh Pollution Control Board","CPCB"
3409493,"Rajiv Gandhi Park, Vijayawada - APPCB","so2",10.34,"ppb","2026-08-19T18:00:00Z","2026-08-19T23:30:00+05:30","Asia/Kolkata",16.509717,80.612222,,,,"Andhra Pradesh Pollution Control Board","CPCB"
3409493,"Rajiv Gandhi Park, Vijayawada - APPCB","so2",10.49,"ppb","2026-08-19T18:15:00Z","2026-08-19T23:45:00+05:30","Asia/Kolkata",16.509717,80.612222,,,,"Andhra Pradesh Pollution Control Board","CPCB"
3409493,"Rajiv Gandhi Park, Vijayawada - APPCB","so2",10.26,"ppb","2026-08-19T19:15:00Z","2026-08-20T00:45:00+05:30","Asia/Kolkata",16.509717,80.612222,,,,"Andhra Pradesh Pollution Control Board","CPCB"
3409493,"Rajiv Gandhi Park, Vijayawada - APPCB","so2",10.17,"ppb","2026-08-19T19:30:00Z","2026-08-20T01:00:00+05:30","Asia/Kolkata",16.509717,80.612222,,,,"Andhra Pradesh Pollution Control Board","CPCB"
3409493,"Rajiv Gandhi Park, Vijayawada - APPCB","so2",10.32,"ppb","2026-08-19T19:45:00Z","2026-08-20T01:15:00+05:30","Asia/Kolkata",16.509717,80.612222,,,,"Andhra Pradesh Pollution Control Board","CPCB"
3409493,"Rajiv Gandhi Park, Vijayawada - APPCB","so2",10.3,"ppb","2026-08-19T20:00:00Z","2026-08-20T01:30:00+05:30","Asia/Kolkata",16.509717,80.612222,,,,"Andhra Pradesh Pollution Control Board","CPCB"
3409493,"Rajiv Gandhi Park, Vijayawada - APPCB","so2",10.28,"ppb","2026-08-19T20:15:00Z","2026-08-20T01:45:00+05:30","Asia/Kolkata",16.509717,80.612222,,,,"Andhra Pradesh Pollution Control Board","CPCB"
3409493,"Rajiv Gandhi Park, Vijayawada - APPCB","so2",10.36,"ppb","2026-08-19T20:30:00Z","2026-08-20T02:00:00+05:30","Asia/Kolkata",16.509717,80.612222,,,,"Andhra Pradesh Pollution Control Board","CPCB"
3409493,"Rajiv Gandhi Park, Vijayawada - APPCB","so2",10.39,"ppb","2026-08-19T20:45:00Z","2026-08-20T02:15:00+05:30","Asia/Kolkata",16.509717,80.612222,,,,"Andhra Pradesh Pollution Control Board","CPCB"
3409493,"Rajiv Gandhi Park, Vijayawada - APPCB","so2",10.24,"ppb","2026-08-19T21:00:00Z","2026-08-20T02:30:00+05:30","Asia/Kolkata",16.509717,80.612222,,,,"Andhra Pradesh Pollution Control Board","CPCB"
3409493,"Rajiv Gandhi Park, Vijayawada - APPCB","so2",10.37,"ppb","2026-08-19T21:15:00Z","2026-08-20T02:45:00+05:30","Asia/Kolkata",16.509717,80.612222,,,,"Andhra Pradesh Pollution Control Board","CPCB"
3409493,"Rajiv Gandhi Park, Vijayawada - APPCB","so2",10.47,"ppb","2026-08-19T21:30:00Z","2026-08-20T03:00:00+05:30","Asia/Kolkata",16.509717,80.612222,,,,"Andhra Pradesh Pollution Control Board","CPCB"
3409493,"Rajiv Gandhi Park, Vijayawada - APPCB","so2",10.41,"ppb","2026-08-19T21:45:00Z","2026-08-20T03:15:00+05:30","Asia/Kolkata",16.509717,80.612222,,,,"Andhra Pradesh Pollution Control Board","CPCB"
3409493,"Rajiv Gandhi Park, Vijayawada - APPCB","so2",10.24,"ppb","2026-08-19T22:00:00Z","2026-08-20T03:30:00+05:30","Asia/Kolkata",16.509717,80.612222,,,,"Andhra Pradesh Pollution Control Board","CPCB"
3409493,"Rajiv Gandhi Park, Vijayawada - APPCB","temperature",30.02,"c","2026-08-19T03:15:00Z","2026-08-19T08:45:00+05:30","Asia/Kolkata",16.509717,80.612222,,,,"Andhra Pradesh Pollution Control Board","CPCB"
3409493,"Rajiv Gandhi Park, Vijayawada - APPCB","temperature",30.13,"c","2026-08-19T03:30:00Z","2026-08-19T09:00:00+05:30","Asia/Kolkata",16.509717,80.612222,,,,"Andhra Pradesh Pollution Control Board","CPCB"
3409493,"Rajiv Gandhi Park, Vijayawada - APPCB","temperature",30.29,"c","2026-08-19T03:45:00Z","2026-08-19T09:15:00+05:30","Asia/Kolkata",16.509717,80.612222,,,,"Andhra Pradesh Pollution Control Board","CPCB"
3409493,"Rajiv Gandhi Park, Vijayawada - APPCB","temperature",30.44,"c","2026-08-19T04:00:00Z","2026-08-19T09:30:00+05:30","Asia/Kolkata",16.509717,80.612222,,,,"Andhra Pradesh Pollution Control Board","CPCB"
3409493,"Rajiv Gandhi Park, Vijayawada - APPCB","temperature",30.96,"c","2026-08-19T04:15:00Z","2026-08-19T09:45:00+05:30","Asia/Kolkata",16.509717,80.612222,,,,"Andhra Pradesh Pollution Control Board","CPCB"
3409493,"Rajiv Gandhi Park, Vijayawada - APPCB","temperature",31.45,"c","2026-08-19T04:30:00Z","2026-08-19T10:00:00+05:30","Asia/Kolkata",16.509717,80.612222,,,,"Andhra Pradesh Pollution Control Board","CPCB"
3409493,"Rajiv Gandhi Park, Vijayawada - APPCB","temperature",31.57,"c","2026-08-19T04:45:00Z","2026-08-19T10:15:00+05:30","Asia/Kolkata",16.509717,80.612222,,,,"Andhra Pradesh Pollution Control Board","CPCB"
3409493,"Rajiv Gandhi Park, Vijayawada - APPCB","temperature",31.96,"c","2026-08-19T05:00:00Z","2026-08-19T10:30:00+05:30","Asia/Kolkata",16.509717,80.612222,,,,"Andhra Pradesh Pollution Control Board","CPCB"
3409493,"Rajiv Gandhi Park, Vijayawada - APPCB","temperature",32.43,"c","2026-08-19T05:15:00Z","2026-08-19T10:45:00+05:30","Asia/Kolkata",16.509717,80.612222,,,,"Andhra Pradesh Pollution Control Board","CPCB"
3409493,"Rajiv Gandhi Park, Vijayawada - APPCB","temperature",33.31,"c","2026-08-19T06:15:00Z","2026-08-19T11:45:00+05:30","Asia/Kolkata",16.509717,80.612222,,,,"Andhra Pradesh Pollution Control Board","CPCB"
3409493,"Rajiv Gandhi Park, Vijayawada - APPCB","temperature",33.06,"c","2026-08-19T06:30:00Z","2026-08-19T12:00:00+05:30","Asia/Kolkata",16.509717,80.612222,,,,"Andhra Pradesh Pollution Control Board","CPCB"
3409493,"Rajiv Gandhi Park, Vijayawada - APPCB","temperature",32.97,"c","2026-08-19T06:45:00Z","2026-08-19T12:15:00+05:30","Asia/Kolkata",16.509717,80.612222,,,,"Andhra Pradesh Pollution Control Board","CPCB"
3409493,"Rajiv Gandhi Park, Vijayawada - APPCB","temperature",33.16,"c","2026-08-19T07:00:00Z","2026-08-19T12:30:00+05:30","Asia/Kolkata",16.509717,80.612222,,,,"Andhra Pradesh Pollution Control Board","CPCB"
3409493,"Rajiv Gandhi Park, Vijayawada - APPCB","temperature",33.53,"c","2026-08-19T07:15:00Z","2026-08-19T12:45:00+05:30","Asia/Kolkata",16.509717,80.612222,,,,"Andhra Pradesh Pollution Control Board","CPCB"
3409493,"Rajiv Gandhi Park, Vijayawada - APPCB","temperature",33.75,"c","2026-08-19T07:30:00Z","2026-08-19T13:00:00+05:30","Asia/Kolkata",16.509717,80.612222,,,,"Andhra Pradesh Pollution Control Board","CPCB"
3409493,"Rajiv Gandhi Park, Vijayawada - APPCB","temperature",33.53,"c","2026-08-19T07:45:00Z","2026-08-19T13:15:00+05:30","Asia/Kolkata",16.509717,80.612222,,,,"Andhra Pradesh Pollution Control Board","CPCB"
3409493,"Rajiv Gandhi Park, Vijayawada - APPCB","temperature",33.39,"c","2026-08-19T08:00:00Z","2026-08-19T13:30:00+05:30","Asia/Kolkata",16.509717,80.612222,,,,"Andhra Pradesh Pollution Control Board","CPCB"
3409493,"Rajiv Gandhi Park, Vijayawada - APPCB","temperature",33.38,"c","2026-08-19T08:15:00Z","2026-08-19T13:45:00+05:30","Asia/Kolkata",16.509717,80.612222,,,,"Andhra Pradesh Pollution Control Board","CPCB"
3409493,"Rajiv Gandhi Park, Vijayawada - APPCB","temperature",33.02,"c","2026-08-19T08:30:00Z","2026-08-19T14:00:00+05:30","Asia/Kolkata",16.509717,80.612222,,,,"Andhra Pradesh Pollution Control Board","CPCB"
3409493,"Rajiv Gandhi Park, Vijayawada - APPCB","temperature",32.85,"c","2026-08-19T08:45:00Z","2026-08-19T14:15:00+05:30","Asia/Kolkata",16.509717,80.612222,,,,"Andhra Pradesh Pollution Control Board","CPCB"
3409493,"Rajiv Gandhi Park, Vijayawada - APPCB","temperature",32.62,"c","2026-08-19T09:00:00Z","2026-08-19T14:30:00+05:30","Asia/Kolkata",16.509717,80.612222,,,,"Andhra Pradesh Pollution Control Board","CPCB"
3409493,"Rajiv Gandhi Park, Vijayawada - APPCB","temperature",32.38,"c","2026-08-19T09:15:00Z","2026-08-19T14:45:00+05:30","Asia/Kolkata",16.509717,80.612222,,,,"Andhra Pradesh Pollution Control Board","CPCB"
3409493,"Rajiv Gandhi Park, Vijayawada - APPCB","temperature",32.28,"c","2026-08-19T09:30:00Z","2026-08-19T15:00:00+05:30","Asia/Kolkata",16.509717,80.612222,,,,"Andhra Pradesh Pollution Control Board","CPCB"
3409493,"Rajiv Gandhi Park, Vijayawada - APPCB","temperature",31.86,"c","2026-08-19T10:15:00Z","2026-08-19T15:45:00+05:30","Asia/Kolkata",16.509717,80.612222,,,,"Andhra Pradesh Pollution Control Board","CPCB"
3409493,"Rajiv Gandhi Park, Vijayawada - APPCB","temperature",31.71,"c","2026-08-19T10:30:00Z","2026-08-19T16:00:00+05:30","Asia/Kolkata",16.509717,80.612222,,,,"Andhra Pradesh Pollution Control Board","CPCB"
3409493,"Rajiv Gandhi Park, Vijayawada - APPCB","temperature",31.73,"c","2026-08-19T10:45:00Z","2026-08-19T16:15:00+05:30","Asia/Kolkata",16.509717,80.612222,,,,"Andhra Pradesh Pollution Control Board","CPCB"
3409493,"Rajiv Gandhi Park, Vijayawada - APPCB","temperature",31.7,"c","2026-08-19T11:00:00Z","2026-08-19T16:30:00+05:30","Asia/Kolkata",16.509717,80.612222,,,,"Andhra Pradesh Pollution Control Board","CPCB"
3409493,"Rajiv Gandhi Park, Vijayawada - APPCB","temperature",31.72,"c","2026-08-19T11:15:00Z","2026-08-19T16:45:00+05:30","Asia/Kolkata",16.509717,80.612222,,,,"Andhra Pradesh Pollution Control Board","CPCB"
3409493,"Rajiv Gandhi Park, Vijayawada - APPCB","temperature",31.6,"c","2026-08-19T11:30:00Z","2026-08-19T17:00:00+05:30","Asia/Kolkata",16.509717,80.612222,,,,"Andhra Pradesh Pollution Control Board","CPCB"
3409493,"Rajiv Gandhi Park, Vijayawada - APPCB","temperature",31.55,"c","2026-08-19T11:45:00Z","2026-08-19T17:15:00+05:30","Asia/Kolkata",16.509717,80.612222,,,,"Andhra Pradesh Pollution Control Board","CPCB"
3409493,"Rajiv Gandhi Park, Vijayawada - APPCB","temperature",31.46,"c","2026-08-19T12:15:00Z","2026-08-19T17:45:00+05:30","Asia/Kolkata",16.509717,80.612222,,,,"Andhra Pradesh Pollution Control Board","CPCB"
3409493,"Rajiv Gandhi Park, Vijayawada - APPCB","temperature",31.37,"c","2026-08-19T12:30:00Z","2026-08-19T18:00:00+05:30","Asia/Kolkata",16.509717,80.612222,,,,"Andhra Pradesh Pollution Control Board","CPCB"
3409493,"Rajiv Gandhi Park, Vijayawada - APPCB","temperature",31.41,"c","2026-08-19T12:45:00Z","2026-08-19T18:15:00+05:30","Asia/Kolkata",16.509717,80.612222,,,,"Andhra Pradesh Pollution Control Board","CPCB"
3409493,"Rajiv Gandhi Park, Vijayawada - APPCB","temperature",31.4,"c","2026-08-19T13:00:00Z","2026-08-19T18:30:00+05:30","Asia/Kolkata",16.509717,80.612222,,,,"Andhra Pradesh Pollution Control Board","CPCB"
3409493,"Rajiv Gandhi Park, Vijayawada - APPCB","temperature",31.34,"c","2026-08-19T13:15:00Z","2026-08-19T18:45:00+05:30","Asia/Kolkata",16.509717,80.612222,,,,"Andhra Pradesh Pollution Control Board","CPCB"
3409493,"Rajiv Gandhi Park, Vijayawada - APPCB","temperature",31.16,"c","2026-08-19T13:30:00Z","2026-08-19T19:00:00+05:30","Asia/Kolkata",16.509717,80.612222,,,,"Andhra Pradesh Pollution Control Board","CPCB"
3409493,"Rajiv Gandhi Park, Vijayawada - APPCB","temperature",31.19,"c","2026-08-19T13:45:00Z","2026-08-19T19:15:00+05:30","Asia/Kolkata",16.509717,80.612222,,,,"Andhra Pradesh Pollution Control Board","CPCB"
3409493,"Rajiv Gandhi Park, Vijayawada - APPCB","temperature",31.1,"c","2026-08-19T14:00:00Z","2026-08-19T19:30:00+05:30","Asia/Kolkata",16.509717,80.612222,,,,"Andhra Pradesh Pollution Control Board","CPCB"
3409493,"Rajiv Gandhi Park, Vijayawada - APPCB","temperature",31.13,"c","2026-08-19T14:15:00Z","2026-08-19T19:45:00+05:30","Asia/Kolkata",16.509717,80.612222,,,,"Andhra Pradesh Pollution Control Board","CPCB"
3409493,"Rajiv Gandhi Park, Vijayawada - APPCB","temperature",31.13,"c","2026-08-19T14:30:00Z","2026-08-19T20:00:00+05:30","Asia/Kolkata",16.509717,80.612222,,,,"Andhra Pradesh Pollution Control Board","CPCB"
3409493,"Rajiv Gandhi Park, Vijayawada - APPCB","temperature",30.95,"c","2026-08-19T14:45:00Z","2026-08-19T20:15:00+05:30","Asia/Kolkata",16.509717,80.612222,,,,"Andhra Pradesh Pollution Control Board","CPCB"
3409493,"Rajiv Gandhi Park, Vijayawada - APPCB","temperature",30.76,"c","2026-08-19T15:00:00Z","2026-08-19T20:30:00+05:30","Asia/Kolkata",16.509717,80.612222,,,,"Andhra Pradesh Pollution Control Board","CPCB"
3409493,"Rajiv Gandhi Park, Vijayawada - APPCB","temperature",30.79,"c","2026-08-19T15:15:00Z","2026-08-19T20:45:00+05:30","Asia/Kolkata",16.509717,80.612222,,,,"Andhra Pradesh Pollution Control Board","CPCB"
3409493,"Rajiv Gandhi Park, Vijayawada - APPCB","temperature",30.92,"c","2026-08-19T15:30:00Z","2026-08-19T21:00:00+05:30","Asia/Kolkata",16.509717,80.612222,,,,"Andhra Pradesh Pollution Control Board","CPCB"
3409493,"Rajiv Gandhi Park, Vijayawada - APPCB","temperature",30.75,"c","2026-08-19T15:45:00Z","2026-08-19T21:15:00+05:30","Asia/Kolkata",16.509717,80.612222,,,,"Andhra Pradesh Pollution Control Board","CPCB"
3409493,"Rajiv Gandhi Park, Vijayawada - APPCB","temperature",30.69,"c","2026-08-19T16:00:00Z","2026-08-19T21:30:00+05:30","Asia/Kolkata",16.509717,80.612222,,,,"Andhra Pradesh Pollution Control Board","CPCB"
3409493,"Rajiv Gandhi Park, Vijayawada - APPCB","temperature",30.66,"c","2026-08-19T16:15:00Z","2026-08-19T21:45:00+05:30","Asia/Kolkata",16.509717,80.612222,,,,"Andhra Pradesh Pollution Control Board","CPCB"
3409493,"Rajiv Gandhi Park, Vijayawada - APPCB","temperature",30.62,"c","2026-08-19T16:30:00Z","2026-08-19T22:00:00+05:30","Asia/Kolkata",16.509717,80.612222,,,,"Andhra Pradesh Pollution Control Board","CPCB"
3409493,"Rajiv Gandhi Park, Vijayawada - APPCB","temperature",30.61,"c","2026-08-19T16:45:00Z","2026-08-19T22:15:00+05:30","Asia/Kolkata",16.509717,80.612222,,,,"Andhra Pradesh Pollution Control Board","CPCB"
3409493,"Rajiv Gandhi Park, Vijayawada - APPCB","temperature",30.54,"c","2026-08-19T17:00:00Z","2026-08-19T22:30:00+05:30","Asia/Kolkata",16.509717,80.612222,,,,"Andhra Pradesh Pollution Control Board","CPCB"
3409493,"Rajiv Gandhi Park, Vijayawada - APPCB","temperature",30.48,"c","2026-08-19T17:15:00Z","2026-08-19T22:45:00+05:30","Asia/Kolkata",16.509717,80.612222,,,,"Andhra Pradesh Pollution Control Board","CPCB"
3409493,"Rajiv Gandhi Park, Vijayawada - APPCB","temperature",30.58,"c","2026-08-19T17:30:00Z","2026-08-19T23:00:00+05:30","Asia/Kolkata",16.509717,80.612222,,,,"Andhra Pradesh Pollution Control Board","CPCB"
3409493,"Rajiv Gandhi Park, Vijayawada - APPCB","temperature",30.56,"c","2026-08-19T17:45:00Z","2026-08-19T23:15:00+05:30","Asia/Kolkata",16.509717,80.612222,,,,"Andhra Pradesh Pollution Control Board","CPCB"
3409493,"Rajiv Gandhi Park, Vijayawada - APPCB","temperature",30.55,"c","2026-08-19T18:00:00Z","2026-08-19T23:30:00+05:30","Asia/Kolkata",16.509717,80.612222,,,,"Andhra Pradesh Pollution Control Board","CPCB"
3409493,"Rajiv Gandhi Park, Vijayawada - APPCB","temperature",30.54,"c","2026-08-19T18:15:00Z","2026-08-19T23:45:00+05:30","Asia/Kolkata",16.509717,80.612222,,,,"Andhra Pradesh Pollution Control Board","CPCB"
3409493,"Rajiv Gandhi Park, Vijayawada - APPCB","temperature",30.38,"c","2026-08-19T19:15:00Z","2026-08-20T00:45:00+05:30","Asia/Kolkata",16.509717,80.612222,,,,"Andhra Pradesh Pollution Control Board","CPCB"
3409493,"Rajiv Gandhi Park, Vijayawada - APPCB","temperature",30.35,"c","2026-08-19T19:30:00Z","2026-08-20T01:00:00+05:30","Asia/Kolkata",16.509717,80.612222,,,,"Andhra Pradesh Pollution Control Board","CPCB"
3409493,"Rajiv Gandhi Park, Vijayawada - APPCB","temperature",30.41,"c","2026-08-19T19:45:00Z","2026-08-20T01:15:00+05:30","Asia/Kolkata",16.509717,80.612222,,,,"Andhra Pradesh Pollution Control Board","CPCB"
3409493,"Rajiv Gandhi Park, Vijayawada - APPCB","temperature",30.34,"c","2026-08-19T20:00:00Z","2026-08-20T01:30:00+05:30","Asia/Kolkata",16.509717,80.612222,,,,"Andhra Pradesh Pollution Control Board","CPCB"
3409493,"Rajiv Gandhi Park, Vijayawada - APPCB","temperature",30.26,"c","2026-08-19T20:15:00Z","2026-08-20T01:45:00+05:30","Asia/Kolkata",16.509717,80.612222,,,,"Andhra Pradesh Pollution Control Board","CPCB"
3409493,"Rajiv Gandhi Park, Vijayawada - APPCB","temperature",30.16,"c","2026-08-19T20:30:00Z","2026-08-20T02:00:00+05:30","Asia/Kolkata",16.509717,80.612222,,,,"Andhra Pradesh Pollution Control Board","CPCB"
3409493,"Rajiv Gandhi Park, Vijayawada - APPCB","temperature",30.16,"c","2026-08-19T20:45:00Z","2026-08-20T02:15:00+05:30","Asia/Kolkata",16.509717,80.612222,,,,"Andhra Pradesh Pollution Control Board","CPCB"
3409493,"Rajiv Gandhi Park, Vijayawada - APPCB","temperature",30.18,"c","2026-08-19T21:00:00Z","2026-08-20T02:30:00+05:30","Asia/Kolkata",16.509717,80.612222,,,,"Andhra Pradesh Pollution Control Board","CPCB"
3409493,"Rajiv Gandhi Park, Vijayawada - APPCB","temperature",30.21,"c","2026-08-19T21:15:00Z","2026-08-20T02:45:00+05:30","Asia/Kolkata",16.509717,80.612222,,,,"Andhra Pradesh Pollution Control Board","CPCB"
3409493,"Rajiv Gandhi Park, Vijayawada - APPCB","temperature",30.18,"c","2026-08-19T21:30:00Z","2026-08-20T03:00:00+05:30","Asia/Kolkata",16.509717,80.612222,,,,"Andhra Pradesh Pollution Control Board","CPCB"
3409493,"Rajiv Gandhi Park, Vijayawada - APPCB","temperature",30.18,"c","2026-08-19T21:45:00Z","2026-08-20T03:15:00+05:30","Asia/Kolkata",16.509717,80.612222,,,,"Andhra Pradesh Pollution Control Board","CPCB"
3409493,"Rajiv Gandhi Park, Vijayawada - APPCB","temperature",30.22,"c","2026-08-19T22:00:00Z","2026-08-20T03:30:00+05:30","Asia/Kolkata",16.509717,80.612222,,,,"Andhra Pradesh Pollution Control Board","CPCB"
3409493,"Rajiv Gandhi Park, Vijayawada - APPCB","wind_direction",115.83,"deg","2026-08-19T03:15:00Z","2026-08-19T08:45:00+05:30","Asia/Kolkata",16.509717,80.612222,,,,"Andhra Pradesh Pollution Control Board","CPCB"
3409493,"Rajiv Gandhi Park, Vijayawada - APPCB","wind_direction",106.89,"deg","2026-08-19T03:30:00Z","2026-08-19T09:00:00+05:30","Asia/Kolkata",16.509717,80.612222,,,,"Andhra Pradesh Pollution Control Board","CPCB"
3409493,"Rajiv Gandhi Park, Vijayawada - APPCB","wind_direction",130.52,"deg","2026-08-19T03:45:00Z","2026-08-19T09:15:00+05:30","Asia/Kolkata",16.509717,80.612222,,,,"Andhra Pradesh Pollution Control Board","CPCB"
3409493,"Rajiv Gandhi Park, Vijayawada - APPCB","wind_direction",190.69,"deg","2026-08-19T04:00:00Z","2026-08-19T09:30:00+05:30","Asia/Kolkata",16.509717,80.612222,,,,"Andhra Pradesh Pollution Control Board","CPCB"
3409493,"Rajiv Gandhi Park, Vijayawada - APPCB","wind_direction",281.81,"deg","2026-08-19T04:15:00Z","2026-08-19T09:45:00+05:30","Asia/Kolkata",16.509717,80.612222,,,,"Andhra Pradesh Pollution Control Board","CPCB"
3409493,"Rajiv Gandhi Park, Vijayawada - APPCB","wind_direction",25.48,"deg","2026-08-19T04:30:00Z","2026-08-19T10:00:00+05:30","Asia/Kolkata",16.509717,80.612222,,,,"Andhra Pradesh Pollution Control Board","CPCB"
3409493,"Rajiv Gandhi Park, Vijayawada - APPCB","wind_direction",111.33,"deg","2026-08-19T04:45:00Z","2026-08-19T10:15:00+05:30","Asia/Kolkata",16.509717,80.612222,,,,"Andhra Pradesh Pollution Control Board","CPCB"
3409493,"Rajiv Gandhi Park, Vijayawada - APPCB","wind_direction",179.13,"deg","2026-08-19T05:00:00Z","2026-08-19T10:30:00+05:30","Asia/Kolkata",16.509717,80.612222,,,,"Andhra Pradesh Pollution Control Board","CPCB"
3409493,"Rajiv Gandhi Park, Vijayawada - APPCB","wind_direction",308.61,"deg","2026-08-19T05:15:00Z","2026-08-19T10:45:00+05:30","Asia/Kolkata",16.509717,80.612222,,,,"Andhra Pradesh Pollution Control Board","CPCB"
3409493,"Rajiv Gandhi Park, Vijayawada - APPCB","wind_direction",232.36,"deg","2026-08-19T06:15:00Z","2026-08-19T11:45:00+05:30","Asia/Kolkata",16.509717,80.612222,,,,"Andhra Pradesh Pollution Control Board","CPCB"
3409493,"Rajiv Gandhi Park, Vijayawada - APPCB","wind_direction",191.7,"deg","2026-08-19T06:30:00Z","2026-08-19T12:00:00+05:30","Asia/Kolkata",16.509717,80.612222,,,,"Andhra Pradesh Pollution Control Board","CPCB"
3409493,"Rajiv Gandhi Park, Vijayawada - APPCB","wind_direction",148.35,"deg","2026-08-19T06:45:00Z","2026-08-19T12:15:00+05:30","Asia/Kolkata",16.509717,80.612222,,,,"Andhra Pradesh Pollution Control Board","CPCB"
3409493,"Rajiv Gandhi Park, Vijayawada - APPCB","wind_direction",134.95,"deg","2026-08-19T07:00:00Z","2026-08-19T12:30:00+05:30","Asia/Kolkata",16.509717,80.612222,,,,"Andhra Pradesh Pollution Control Board","CPCB"
3409493,"Rajiv Gandhi Park, Vijayawada - APPCB","wind_direction",184.75,"deg","2026-08-19T07:15:00Z","2026-08-19T12:45:00+05:30","Asia/Kolkata",16.509717,80.612222,,,,"Andhra Pradesh Pollution Control Board","CPCB"
3409493,"Rajiv Gandhi Park, Vijayawada - APPCB","wind_direction",245.37,"deg","2026-08-19T07:30:00Z","2026-08-19T13:00:00+05:30","Asia/Kolkata",16.509717,80.612222,,,,"Andhra Pradesh Pollution Control Board","CPCB"
3409493,"Rajiv Gandhi Park, Vijayawada - APPCB","wind_direction",216.79,"deg","2026-08-19T07:45:00Z","2026-08-19T13:15:00+05:30","Asia/Kolkata",16.509717,80.612222,,,,"Andhra Pradesh Pollution Control Board","CPCB"
3409493,"Rajiv Gandhi Park, Vijayawada - APPCB","wind_direction",159.26,"deg","2026-08-19T08:00:00Z","2026-08-19T13:30:00+05:30","Asia/Kolkata",16.509717,80.612222,,,,"Andhra Pradesh Pollution Control Board","CPCB"
3409493,"Rajiv Gandhi Park, Vijayawada - APPCB","wind_direction",199.76,"deg","2026-08-19T08:15:00Z","2026-08-19T13:45:00+05:30","Asia/Kolkata",16.509717,80.612222,,,,"Andhra Pradesh Pollution Control Board","CPCB"
3409493,"Rajiv Gandhi Park, Vijayawada - APPCB","wind_direction",105.38,"deg","2026-08-19T08:30:00Z","2026-08-19T14:00:00+05:30","Asia/Kolkata",16.509717,80.612222,,,,"Andhra Pradesh Pollution Control Board","CPCB"
3409493,"Rajiv Gandhi Park, Vijayawada - APPCB","wind_direction",29.86,"deg","2026-08-19T08:45:00Z","2026-08-19T14:15:00+05:30","Asia/Kolkata",16.509717,80.612222,,,,"Andhra Pradesh Pollution Control Board","CPCB"
3409493,"Rajiv Gandhi Park, Vijayawada - APPCB","wind_direction",328.57,"deg","2026-08-19T09:00:00Z","2026-08-19T14:30:00+05:30","Asia/Kolkata",16.509717,80.612222,,,,"Andhra Pradesh Pollution Control Board","CPCB"
3409493,"Rajiv Gandhi Park, Vijayawada - APPCB","wind_direction",268.24,"deg","2026-08-19T09:15:00Z","2026-08-19T14:45:00+05:30","Asia/Kolkata",16.509717,80.612222,,,,"Andhra Pradesh Pollution Control Board","CPCB"
3409493,"Rajiv Gandhi Park, Vijayawada - APPCB","wind_direction",198.98,"deg","2026-08-19T09:30:00Z","2026-08-19T15:00:00+05:30","Asia/Kolkata",16.509717,80.612222,,,,"Andhra Pradesh Pollution Control Board","CPCB"
3409493,"Rajiv Gandhi Park, Vijayawada - APPCB","wind_direction",59.2,"deg","2026-08-19T10:15:00Z","2026-08-19T15:45:00+05:30","Asia/Kolkata",16.509717,80.612222,,,,"Andhra Pradesh Pollution Control Board","CPCB"
3409493,"Rajiv Gandhi Park, Vijayawada - APPCB","wind_direction",358.34,"deg","2026-08-19T10:30:00Z","2026-08-19T16:00:00+05:30","Asia/Kolkata",16.509717,80.612222,,,,"Andhra Pradesh Pollution Control Board","CPCB"
3409493,"Rajiv Gandhi Park, Vijayawada - APPCB","wind_direction",338.07,"deg","2026-08-19T10:45:00Z","2026-08-19T16:15:00+05:30","Asia/Kolkata",16.509717,80.612222,,,,"Andhra Pradesh Pollution Control Board","CPCB"
3409493,"Rajiv Gandhi Park, Vijayawada - APPCB","wind_direction",306.54,"deg","2026-08-19T11:00:00Z","2026-08-19T16:30:00+05:30","Asia/Kolkata",16.509717,80.612222,,,,"Andhra Pradesh Pollution Control Board","CPCB"
3409493,"Rajiv Gandhi Park, Vijayawada - APPCB","wind_direction",308.57,"deg","2026-08-19T11:15:00Z","2026-08-19T16:45:00+05:30","Asia/Kolkata",16.509717,80.612222,,,,"Andhra Pradesh Pollution Control Board","CPCB"
3409493,"Rajiv Gandhi Park, Vijayawada - APPCB","wind_direction",317.67,"deg","2026-08-19T11:30:00Z","2026-08-19T17:00:00+05:30","Asia/Kolkata",16.509717,80.612222,,,,"Andhra Pradesh Pollution Control Board","CPCB"
3409493,"Rajiv Gandhi Park, Vijayawada - APPCB","wind_direction",207.88,"deg","2026-08-19T11:45:00Z","2026-08-19T17:15:00+05:30","Asia/Kolkata",16.509717,80.612222,,,,"Andhra Pradesh Pollution Control Board","CPCB"
3409493,"Rajiv Gandhi Park, Vijayawada - APPCB","wind_direction",256.71,"deg","2026-08-19T12:15:00Z","2026-08-19T17:45:00+05:30","Asia/Kolkata",16.509717,80.612222,,,,"Andhra Pradesh Pollution Control Board","CPCB"
3409493,"Rajiv Gandhi Park, Vijayawada - APPCB","wind_direction",248.87,"deg","2026-08-19T12:30:00Z","2026-08-19T18:00:00+05:30","Asia/Kolkata",16.509717,80.612222,,,,"Andhra Pradesh Pollution Control Board","CPCB"
3409493,"Rajiv Gandhi Park, Vijayawada - APPCB","wind_direction",175.21,"deg","2026-08-19T12:45:00Z","2026-08-19T18:15:00+05:30","Asia/Kolkata",16.509717,80.612222,,,,"Andhra Pradesh Pollution Control Board","CPCB"
3409493,"Rajiv Gandhi Park, Vijayawada - APPCB","wind_direction",194.55,"deg","2026-08-19T13:00:00Z","2026-08-19T18:30:00+05:30","Asia/Kolkata",16.509717,80.612222,,,,"Andhra Pradesh Pollution Control Board","CPCB"
3409493,"Rajiv Gandhi Park, Vijayawada - APPCB","wind_direction",184.32,"deg","2026-08-19T13:15:00Z","2026-08-19T18:45:00+05:30","Asia/Kolkata",16.509717,80.612222,,,,"Andhra Pradesh Pollution Control Board","CPCB"
3409493,"Rajiv Gandhi Park, Vijayawada - APPCB","wind_direction",139.5,"deg","2026-08-19T13:30:00Z","2026-08-19T19:00:00+05:30","Asia/Kolkata",16.509717,80.612222,,,,"Andhra Pradesh Pollution Control Board","CPCB"
3409493,"Rajiv Gandhi Park, Vijayawada - APPCB","wind_direction",150.85,"deg","2026-08-19T13:45:00Z","2026-08-19T19:15:00+05:30","Asia/Kolkata",16.509717,80.612222,,,,"Andhra Pradesh Pollution Control Board","CPCB"
3409493,"Rajiv Gandhi Park, Vijayawada - APPCB","wind_direction",143.52,"deg","2026-08-19T14:00:00Z","2026-08-19T19:30:00+05:30","Asia/Kolkata",16.509717,80.612222,,,,"Andhra Pradesh Pollution Control Board","CPCB"
3409493,"Rajiv Gandhi Park, Vijayawada - APPCB","wind_direction",85.8,"deg","2026-08-19T14:15:00Z","2026-08-19T19:45:00+05:30","Asia/Kolkata",16.509717,80.612222,,,,"Andhra Pradesh Pollution Control Board","CPCB"
3409493,"Rajiv Gandhi Park, Vijayawada - APPCB","wind_direction",91.33,"deg","2026-08-19T14:30:00Z","2026-08-19T20:00:00+05:30","Asia/Kolkata",16.509717,80.612222,,,,"Andhra Pradesh Pollution Control Board","CPCB"
3409493,"Rajiv Gandhi Park, Vijayawada - APPCB","wind_direction",135.35,"deg","2026-08-19T14:45:00Z","2026-08-19T20:15:00+05:30","Asia/Kolkata",16.509717,80.612222,,,,"Andhra Pradesh Pollution Control Board","CPCB"
3409493,"Rajiv Gandhi Park, Vijayawada - APPCB","wind_direction",136.04,"deg","2026-08-19T15:00:00Z","2026-08-19T20:30:00+05:30","Asia/Kolkata",16.509717,80.612222,,,,"Andhra Pradesh Pollution Control Board","CPCB"
3409493,"Rajiv Gandhi Park, Vijayawada - APPCB","wind_direction",107.51,"deg","2026-08-19T15:15:00Z","2026-08-19T20:45:00+05:30","Asia/Kolkata",16.509717,80.612222,,,,"Andhra Pradesh Pollution Control Board","CPCB"
3409493,"Rajiv Gandhi Park, Vijayawada - APPCB","wind_direction",112.16,"deg","2026-08-19T15:30:00Z","2026-08-19T21:00:00+05:30","Asia/Kolkata",16.509717,80.612222,,,,"Andhra Pradesh Pollution Control Board","CPCB"
3409493,"Rajiv Gandhi Park, Vijayawada - APPCB","wind_direction",137.69,"deg","2026-08-19T15:45:00Z","2026-08-19T21:15:00+05:30","Asia/Kolkata",16.509717,80.612222,,,,"Andhra Pradesh Pollution Control Board","CPCB"
3409493,"Rajiv Gandhi Park, Vijayawada - APPCB","wind_direction",93.15,"deg","2026-08-19T16:00:00Z","2026-08-19T21:30:00+05:30","Asia/Kolkata",16.509717,80.612222,,,,"Andhra Pradesh Pollution Control Board","CPCB"
3409493,"Rajiv Gandhi Park, Vijayawada - APPCB","wind_direction",96.4,"deg","2026-08-19T16:15:00Z","2026-08-19T21:45:00+05:30","Asia/Kolkata",16.509717,80.612222,,,,"Andhra Pradesh Pollution Control Board","CPCB"
3409493,"Rajiv Gandhi Park, Vijayawada - APPCB","wind_direction",90.66,"deg","2026-08-19T16:30:00Z","2026-08-19T22:00:00+05:30","Asia/Kolkata",16.509717,80.612222,,,,"Andhra Pradesh Pollution Control Board","CPCB"
3409493,"Rajiv Gandhi Park, Vijayawada - APPCB","wind_direction",82.16,"deg","2026-08-19T16:45:00Z","2026-08-19T22:15:00+05:30","Asia/Kolkata",16.509717,80.612222,,,,"Andhra Pradesh Pollution Control Board","CPCB"
3409493,"Rajiv Gandhi Park, Vijayawada - APPCB","wind_direction",59.6,"deg","2026-08-19T17:00:00Z","2026-08-19T22:30:00+05:30","Asia/Kolkata",16.509717,80.612222,,,,"Andhra Pradesh Pollution Control Board","CPCB"
3409493,"Rajiv Gandhi Park, Vijayawada - APPCB","wind_direction",109.14,"deg","2026-08-19T17:15:00Z","2026-08-19T22:45:00+05:30","Asia/Kolkata",16.509717,80.612222,,,,"Andhra Pradesh Pollution Control Board","CPCB"
3409493,"Rajiv Gandhi Park, Vijayawada - APPCB","wind_direction",116.8,"deg","2026-08-19T17:30:00Z","2026-08-19T23:00:00+05:30","Asia/Kolkata",16.509717,80.612222,,,,"Andhra Pradesh Pollution Control Board","CPCB"
3409493,"Rajiv Gandhi Park, Vijayawada - APPCB","wind_direction",122.38,"deg","2026-08-19T17:45:00Z","2026-08-19T23:15:00+05:30","Asia/Kolkata",16.509717,80.612222,,,,"Andhra Pradesh Pollution Control Board","CPCB"
3409493,"Rajiv Gandhi Park, Vijayawada - APPCB","wind_direction",122.59,"deg","2026-08-19T18:00:00Z","2026-08-19T23:30:00+05:30","Asia/Kolkata",16.509717,80.612222,,,,"Andhra Pradesh Pollution Control Board","CPCB"
3409493,"Rajiv Gandhi Park, Vijayawada - APPCB","wind_direction",105.2,"deg","2026-08-19T18:15:00Z","2026-08-19T23:45:00+05:30","Asia/Kolkata",16.509717,80.612222,,,,"Andhra Pradesh Pollution Control Board","CPCB"
3409493,"Rajiv Gandhi Park, Vijayawada - APPCB","wind_direction",54.94,"deg","2026-08-19T19:15:00Z","2026-08-20T00:45:00+05:30","Asia/Kolkata",16.509717,80.612222,,,,"Andhra Pradesh Pollution Control Board","CPCB"
3409493,"Rajiv Gandhi Park, Vijayawada - APPCB","wind_direction",45.63,"deg","2026-08-19T19:30:00Z","2026-08-20T01:00:00+05:30","Asia/Kolkata",16.509717,80.612222,,,,"Andhra Pradesh Pollution Control Board","CPCB"
3409493,"Rajiv Gandhi Park, Vijayawada - APPCB","wind_direction",17.39,"deg","2026-08-19T19:45:00Z","2026-08-20T01:15:00+05:30","Asia/Kolkata",16.509717,80.612222,,,,"Andhra Pradesh Pollution Control Board","CPCB"
3409493,"Rajiv Gandhi Park, Vijayawada - APPCB","wind_direction",31.87,"deg","2026-08-19T20:00:00Z","2026-08-20T01:30:00+05:30","Asia/Kolkata",16.509717,80.612222,,,,"Andhra Pradesh Pollution Control Board","CPCB"
3409493,"Rajiv Gandhi Park, Vijayawada - APPCB","wind_direction",57.4,"deg","2026-08-19T20:15:00Z","2026-08-20T01:45:00+05:30","Asia/Kolkata",16.509717,80.612222,,,,"Andhra Pradesh Pollution Control Board","CPCB"
3409493,"Rajiv Gandhi Park, Vijayawada - APPCB","wind_direction",52.47,"deg","2026-08-19T20:30:00Z","2026-08-20T02:00:00+05:30","Asia/Kolkata",16.509717,80.612222,,,,"Andhra Pradesh Pollution Control Board","CPCB"
3409493,"Rajiv Gandhi Park, Vijayawada - APPCB","wind_direction",42.55,"deg","2026-08-19T20:45:00Z","2026-08-20T02:15:00+05:30","Asia/Kolkata",16.509717,80.612222,,,,"Andhra Pradesh Pollution Control Board","CPCB"
3409493,"Rajiv Gandhi Park, Vijayawada - APPCB","wind_direction",53.34,"deg","2026-08-19T21:00:00Z","2026-08-20T02:30:00+05:30","Asia/Kolkata",16.509717,80.612222,,,,"Andhra Pradesh Pollution Control Board","CPCB"
3409493,"Rajiv Gandhi Park, Vijayawada - APPCB","wind_direction",65.93,"deg","2026-08-19T21:15:00Z","2026-08-20T02:45:00+05:30","Asia/Kolkata",16.509717,80.612222,,,,"Andhra Pradesh Pollution Control Board","CPCB"
3409493,"Rajiv Gandhi Park, Vijayawada - APPCB","wind_direction",47.32,"deg","2026-08-19T21:30:00Z","2026-08-20T03:00:00+05:30","Asia/Kolkata",16.509717,80.612222,,,,"Andhra Pradesh Pollution Control Board","CPCB"
3409493,"Rajiv Gandhi Park, Vijayawada - APPCB","wind_direction",74.16,"deg","2026-08-19T21:45:00Z","2026-08-20T03:15:00+05:30","Asia/Kolkata",16.509717,80.612222,,,,"Andhra Pradesh Pollution Control Board","CPCB"
3409493,"Rajiv Gandhi Park, Vijayawada - APPCB","wind_direction",52.6,"deg","2026-08-19T22:00:00Z","2026-08-20T03:30:00+05:30","Asia/Kolkata",16.509717,80.612222,,,,"Andhra Pradesh Pollution Control Board","CPCB"
3409493,"Rajiv Gandhi Park, Vijayawada - APPCB","wind_speed",0.9,"m/s","2026-08-19T03:15:00Z","2026-08-19T08:45:00+05:30","Asia/Kolkata",16.509717,80.612222,,,,"Andhra Pradesh Pollution Control Board","CPCB"
3409493,"Rajiv Gandhi Park, Vijayawada - APPCB","wind_speed",0.75,"m/s","2026-08-19T03:30:00Z","2026-08-19T09:00:00+05:30","Asia/Kolkata",16.509717,80.612222,,,,"Andhra Pradesh Pollution Control Board","CPCB"
3409493,"Rajiv Gandhi Park, Vijayawada - APPCB","wind_speed",0.76,"m/s","2026-08-19T03:45:00Z","2026-08-19T09:15:00+05:30","Asia/Kolkata",16.509717,80.612222,,,,"Andhra Pradesh Pollution Control Board","CPCB"
3409493,"Rajiv Gandhi Park, Vijayawada - APPCB","wind_speed",0.61,"m/s","2026-08-19T04:00:00Z","2026-08-19T09:30:00+05:30","Asia/Kolkata",16.509717,80.612222,,,,"Andhra Pradesh Pollution Control Board","CPCB"
3409493,"Rajiv Gandhi Park, Vijayawada - APPCB","wind_speed",0.77,"m/s","2026-08-19T04:15:00Z","2026-08-19T09:45:00+05:30","Asia/Kolkata",16.509717,80.612222,,,,"Andhra Pradesh Pollution Control Board","CPCB"
3409493,"Rajiv Gandhi Park, Vijayawada - APPCB","wind_speed",0.68,"m/s","2026-08-19T04:30:00Z","2026-08-19T10:00:00+05:30","Asia/Kolkata",16.509717,80.612222,,,,"Andhra Pradesh Pollution Control Board","CPCB"
3409493,"Rajiv Gandhi Park, Vijayawada - APPCB","wind_speed",0.61,"m/s","2026-08-19T04:45:00Z","2026-08-19T10:15:00+05:30","Asia/Kolkata",16.509717,80.612222,,,,"Andhra Pradesh Pollution Control Board","CPCB"
3409493,"Rajiv Gandhi Park, Vijayawada - APPCB","wind_speed",0.54,"m/s","2026-08-19T05:00:00Z","2026-08-19T10:30:00+05:30","Asia/Kolkata",16.509717,80.612222,,,,"Andhra Pradesh Pollution Control Board","CPCB"
3409493,"Rajiv Gandhi Park, Vijayawada - APPCB","wind_speed",0.59,"m/s","2026-08-19T05:15:00Z","2026-08-19T10:45:00+05:30","Asia/Kolkata",16.509717,80.612222,,,,"Andhra Pradesh Pollution Control Board","CPCB"
3409493,"Rajiv Gandhi Park, Vijayawada - APPCB","wind_speed",0.71,"m/s","2026-08-19T06:15:00Z","2026-08-19T11:45:00+05:30","Asia/Kolkata",16.509717,80.612222,,,,"Andhra Pradesh Pollution Control Board","CPCB"
3409493,"Rajiv Gandhi Park, Vijayawada - APPCB","wind_speed",0.7,"m/s","2026-08-19T06:30:00Z","2026-08-19T12:00:00+05:30","Asia/Kolkata",16.509717,80.612222,,,,"Andhra Pradesh Pollution Control Board","CPCB"
3409493,"Rajiv Gandhi Park, Vijayawada - APPCB","wind_speed",0.66,"m/s","2026-08-19T06:45:00Z","2026-08-19T12:15:00+05:30","Asia/Kolkata",16.509717,80.612222,,,,"Andhra Pradesh Pollution Control Board","CPCB"
3409493,"Rajiv Gandhi Park, Vijayawada - APPCB","wind_speed",0.67,"m/s","2026-08-19T07:00:00Z","2026-08-19T12:30:00+05:30","Asia/Kolkata",16.509717,80.612222,,,,"Andhra Pradesh Pollution Control Board","CPCB"
3409493,"Rajiv Gandhi Park, Vijayawada - APPCB","wind_speed",0.74,"m/s","2026-08-19T07:15:00Z","2026-08-19T12:45:00+05:30","Asia/Kolkata",16.509717,80.612222,,,,"Andhra Pradesh Pollution Control Board","CPCB"
3409493,"Rajiv Gandhi Park, Vijayawada - APPCB","wind_speed",0.77,"m/s","2026-08-19T07:30:00Z","2026-08-19T13:00:00+05:30","Asia/Kolkata",16.509717,80.612222,,,,"Andhra Pradesh Pollution Control Board","CPCB"
3409493,"Rajiv Gandhi Park, Vijayawada - APPCB","wind_speed",0.65,"m/s","2026-08-19T07:45:00Z","2026-08-19T13:15:00+05:30","Asia/Kolkata",16.509717,80.612222,,,,"Andhra Pradesh Pollution Control Board","CPCB"
3409493,"Rajiv Gandhi Park, Vijayawada - APPCB","wind_speed",0.75,"m/s","2026-08-19T08:00:00Z","2026-08-19T13:30:00+05:30","Asia/Kolkata",16.509717,80.612222,,,,"Andhra Pradesh Pollution Control Board","CPCB"
3409493,"Rajiv Gandhi Park, Vijayawada - APPCB","wind_speed",0.81,"m/s","2026-08-19T08:15:00Z","2026-08-19T13:45:00+05:30","Asia/Kolkata",16.509717,80.612222,,,,"Andhra Pradesh Pollution Control Board","CPCB"
3409493,"Rajiv Gandhi Park, Vijayawada - APPCB","wind_speed",0.65,"m/s","2026-08-19T08:30:00Z","2026-08-19T14:00:00+05:30","Asia/Kolkata",16.509717,80.612222,,,,"Andhra Pradesh Pollution Control Board","CPCB"
3409493,"Rajiv Gandhi Park, Vijayawada - APPCB","wind_speed",0.65,"m/s","2026-08-19T08:45:00Z","2026-08-19T14:15:00+05:30","Asia/Kolkata",16.509717,80.612222,,,,"Andhra Pradesh Pollution Control Board","CPCB"
3409493,"Rajiv Gandhi Park, Vijayawada - APPCB","wind_speed",0.62,"m/s","2026-08-19T09:00:00Z","2026-08-19T14:30:00+05:30","Asia/Kolkata",16.509717,80.612222,,,,"Andhra Pradesh Pollution Control Board","CPCB"
3409493,"Rajiv Gandhi Park, Vijayawada - APPCB","wind_speed",0.49,"m/s","2026-08-19T09:15:00Z","2026-08-19T14:45:00+05:30","Asia/Kolkata",16.509717,80.612222,,,,"Andhra Pradesh Pollution Control Board","CPCB"
3409493,"Rajiv Gandhi Park, Vijayawada - APPCB","wind_speed",0.71,"m/s","2026-08-19T09:30:00Z","2026-08-19T15:00:00+05:30","Asia/Kolkata",16.509717,80.612222,,,,"Andhra Pradesh Pollution Control Board","CPCB"
3409493,"Rajiv Gandhi Park, Vijayawada - APPCB","wind_speed",0.7,"m/s","2026-08-19T10:15:00Z","2026-08-19T15:45:00+05:30","Asia/Kolkata",16.509717,80.612222,,,,"Andhra Pradesh Pollution Control Board","CPCB"
3409493,"Rajiv Gandhi Park, Vijayawada - APPCB","wind_speed",0.57,"m/s","2026-08-19T10:30:00Z","2026-08-19T16:00:00+05:30","Asia/Kolkata",16.509717,80.612222,,,,"Andhra Pradesh Pollution Control Board","CPCB"
3409493,"Rajiv Gandhi Park, Vijayawada - APPCB","wind_speed",0.63,"m/s","2026-08-19T10:45:00Z","2026-08-19T16:15:00+05:30","Asia/Kolkata",16.509717,80.612222,,,,"Andhra Pradesh Pollution Control Board","CPCB"
3409493,"Rajiv Gandhi Park, Vijayawada - APPCB","wind_speed",0.5,"m/s","2026-08-19T11:00:00Z","2026-08-19T16:30:00+05:30","Asia/Kolkata",16.509717,80.612222,,,,"Andhra Pradesh Pollution Control Board","CPCB"
3409493,"Rajiv Gandhi Park, Vijayawada - APPCB","wind_speed",0.72,"m/s","2026-08-19T11:15:00Z","2026-08-19T16:45:00+05:30","Asia/Kolkata",16.509717,80.612222,,,,"Andhra Pradesh Pollution Control Board","CPCB"
3409493,"Rajiv Gandhi Park, Vijayawada - APPCB","wind_speed",0.61,"m/s","2026-08-19T11:30:00Z","2026-08-19T17:00:00+05:30","Asia/Kolkata",16.509717,80.612222,,,,"Andhra Pradesh Pollution Control Board","CPCB"
3409493,"Rajiv Gandhi Park, Vijayawada - APPCB","wind_speed",0.59,"m/s","2026-08-19T11:45:00Z","2026-08-19T17:15:00+05:30","Asia/Kolkata",16.509717,80.612222,,,,"Andhra Pradesh Pollution Control Board","CPCB"
3409493,"Rajiv Gandhi Park, Vijayawada - APPCB","wind_speed",0.41,"m/s","2026-08-19T12:15:00Z","2026-08-19T17:45:00+05:30","Asia/Kolkata",16.509717,80.612222,,,,"Andhra Pradesh Pollution Control Board","CPCB"
3409493,"Rajiv Gandhi Park, Vijayawada - APPCB","wind_speed",0.73,"m/s","2026-08-19T12:30:00Z","2026-08-19T18:00:00+05:30","Asia/Kolkata",16.509717,80.612222,,,,"Andhra Pradesh Pollution Control Board","CPCB"
3409493,"Rajiv Gandhi Park, Vijayawada - APPCB","wind_speed",0.55,"m/s","2026-08-19T12:45:00Z","2026-08-19T18:15:00+05:30","Asia/Kolkata",16.509717,80.612222,,,,"Andhra Pradesh Pollution Control Board","CPCB"
3409493,"Rajiv Gandhi Park, Vijayawada - APPCB","wind_speed",0.36,"m/s","2026-08-19T13:00:00Z","2026-08-19T18:30:00+05:30","Asia/Kolkata",16.509717,80.612222,,,,"Andhra Pradesh Pollution Control Board","CPCB"
3409493,"Rajiv Gandhi Park, Vijayawada - APPCB","wind_speed",0.52,"m/s","2026-08-19T13:15:00Z","2026-08-19T18:45:00+05:30","Asia/Kolkata",16.509717,80.612222,,,,"Andhra Pradesh Pollution Control Board","CPCB"
3409493,"Rajiv Gandhi Park, Vijayawada - APPCB","wind_speed",0.52,"m/s","2026-08-19T13:30:00Z","2026-08-19T19:00:00+05:30","Asia/Kolkata",16.509717,80.612222,,,,"Andhra Pradesh Pollution Control Board","CPCB"
3409493,"Rajiv Gandhi Park, Vijayawada - APPCB","wind_speed",0.41,"m/s","2026-08-19T13:45:00Z","2026-08-19T19:15:00+05:30","Asia/Kolkata",16.509717,80.612222,,,,"Andhra Pradesh Pollution Control Board","CPCB"
3409493,"Rajiv Gandhi Park, Vijayawada - APPCB","wind_speed",0.47,"m/s","2026-08-19T14:00:00Z","2026-08-19T19:30:00+05:30","Asia/Kolkata",16.509717,80.612222,,,,"Andhra Pradesh Pollution Control Board","CPCB"
3409493,"Rajiv Gandhi Park, Vijayawada - APPCB","wind_speed",0.76,"m/s","2026-08-19T14:15:00Z","2026-08-19T19:45:00+05:30","Asia/Kolkata",16.509717,80.612222,,,,"Andhra Pradesh Pollution Control Board","CPCB"
3409493,"Rajiv Gandhi Park, Vijayawada - APPCB","wind_speed",0.5,"m/s","2026-08-19T14:30:00Z","2026-08-19T20:00:00+05:30","Asia/Kolkata",16.509717,80.612222,,,,"Andhra Pradesh Pollution Control Board","CPCB"
3409493,"Rajiv Gandhi Park, Vijayawada - APPCB","wind_speed",0.5,"m/s","2026-08-19T14:45:00Z","2026-08-19T20:15:00+05:30","Asia/Kolkata",16.509717,80.612222,,,,"Andhra Pradesh Pollution Control Board","CPCB"
3409493,"Rajiv Gandhi Park, Vijayawada - APPCB","wind_speed",0.77,"m/s","2026-08-19T15:00:00Z","2026-08-19T20:30:00+05:30","Asia/Kolkata",16.509717,80.612222,,,,"Andhra Pradesh Pollution Control Board","CPCB"
3409493,"Rajiv Gandhi Park, Vijayawada - APPCB","wind_speed",0.9,"m/s","2026-08-19T15:15:00Z","2026-08-19T20:45:00+05:30","Asia/Kolkata",16.509717,80.612222,,,,"Andhra Pradesh Pollution Control Board","CPCB"
3409493,"Rajiv Gandhi Park, Vijayawada - APPCB","wind_speed",0.95,"m/s","2026-08-19T15:30:00Z","2026-08-19T21:00:00+05:30","Asia/Kolkata",16.509717,80.612222,,,,"Andhra Pradesh Pollution Control Board","CPCB"
3409493,"Rajiv Gandhi Park, Vijayawada - APPCB","wind_speed",0.94,"m/s","2026-08-19T15:45:00Z","2026-08-19T21:15:00+05:30","Asia/Kolkata",16.509717,80.612222,,,,"Andhra Pradesh Pollution Control Board","CPCB"
3409493,"Rajiv Gandhi Park, Vijayawada - APPCB","wind_speed",0.97,"m/s","2026-08-19T16:00:00Z","2026-08-19T21:30:00+05:30","Asia/Kolkata",16.509717,80.612222,,,,"Andhra Pradesh Pollution Control Board","CPCB"
3409493,"Rajiv Gandhi Park, Vijayawada - APPCB","wind_speed",0.96,"m/s","2026-08-19T16:15:00Z","2026-08-19T21:45:00+05:30","Asia/Kolkata",16.509717,80.612222,,,,"Andhra Pradesh Pollution Control Board","CPCB"
3409493,"Rajiv Gandhi Park, Vijayawada - APPCB","wind_speed",0.96,"m/s","2026-08-19T16:30:00Z","2026-08-19T22:00:00+05:30","Asia/Kolkata",16.509717,80.612222,,,,"Andhra Pradesh Pollution Control Board","CPCB"
3409493,"Rajiv Gandhi Park, Vijayawada - APPCB","wind_speed",0.96,"m/s","2026-08-19T16:45:00Z","2026-08-19T22:15:00+05:30","Asia/Kolkata",16.509717,80.612222,,,,"Andhra Pradesh Pollution Control Board","CPCB"
3409493,"Rajiv Gandhi Park, Vijayawada - APPCB","wind_speed",0.68,"m/s","2026-08-19T17:00:00Z","2026-08-19T22:30:00+05:30","Asia/Kolkata",16.509717,80.612222,,,,"Andhra Pradesh Pollution Control Board","CPCB"
3409493,"Rajiv Gandhi Park, Vijayawada - APPCB","wind_speed",0.91,"m/s","2026-08-19T17:15:00Z","2026-08-19T22:45:00+05:30","Asia/Kolkata",16.509717,80.612222,,,,"Andhra Pradesh Pollution Control Board","CPCB"
3409493,"Rajiv Gandhi Park, Vijayawada - APPCB","wind_speed",0.87,"m/s","2026-08-19T17:30:00Z","2026-08-19T23:00:00+05:30","Asia/Kolkata",16.509717,80.612222,,,,"Andhra Pradesh Pollution Control Board","CPCB"
3409493,"Rajiv Gandhi Park, Vijayawada - APPCB","wind_speed",0.94,"m/s","2026-08-19T17:45:00Z","2026-08-19T23:15:00+05:30","Asia/Kolkata",16.509717,80.612222,,,,"Andhra Pradesh Pollution Control Board","CPCB"
3409493,"Rajiv Gandhi Park, Vijayawada - APPCB","wind_speed",0.93,"m/s","2026-08-19T18:00:00Z","2026-08-19T23:30:00+05:30","Asia/Kolkata",16.509717,80.612222,,,,"Andhra Pradesh Pollution Control Board","CPCB"
3409493,"Rajiv Gandhi Park, Vijayawada - APPCB","wind_speed",0.86,"m/s","2026-08-19T18:15:00Z","2026-08-19T23:45:00+05:30","Asia/Kolkata",16.509717,80.612222,,,,"Andhra Pradesh Pollution Control Board","CPCB"
3409493,"Rajiv Gandhi Park, Vijayawada - APPCB","wind_speed",0.91,"m/s","2026-08-19T19:15:00Z","2026-08-20T00:45:00+05:30","Asia/Kolkata",16.509717,80.612222,,,,"Andhra Pradesh Pollution Control Board","CPCB"
3409493,"Rajiv Gandhi Park, Vijayawada - APPCB","wind_speed",0.9,"m/s","2026-08-19T19:30:00Z","2026-08-20T01:00:00+05:30","Asia/Kolkata",16.509717,80.612222,,,,"Andhra Pradesh Pollution Control Board","CPCB"
3409493,"Rajiv Gandhi Park, Vijayawada - APPCB","wind_speed",0.8,"m/s","2026-08-19T19:45:00Z","2026-08-20T01:15:00+05:30","Asia/Kolkata",16.509717,80.612222,,,,"Andhra Pradesh Pollution Control Board","CPCB"
3409493,"Rajiv Gandhi Park, Vijayawada - APPCB","wind_speed",0.83,"m/s","2026-08-19T20:00:00Z","2026-08-20T01:30:00+05:30","Asia/Kolkata",16.509717,80.612222,,,,"Andhra Pradesh Pollution Control Board","CPCB"
3409493,"Rajiv Gandhi Park, Vijayawada - APPCB","wind_speed",0.85,"m/s","2026-08-19T20:15:00Z","2026-08-20T01:45:00+05:30","Asia/Kolkata",16.509717,80.612222,,,,"Andhra Pradesh Pollution Control Board","CPCB"
3409493,"Rajiv Gandhi Park, Vijayawada - APPCB","wind_speed",0.94,"m/s","2026-08-19T20:30:00Z","2026-08-20T02:00:00+05:30","Asia/Kolkata",16.509717,80.612222,,,,"Andhra Pradesh Pollution Control Board","CPCB"
3409493,"Rajiv Gandhi Park, Vijayawada - APPCB","wind_speed",0.78,"m/s","2026-08-19T20:45:00Z","2026-08-20T02:15:00+05:30","Asia/Kolkata",16.509717,80.612222,,,,"Andhra Pradesh Pollution Control Board","CPCB"
3409493,"Rajiv Gandhi Park, Vijayawada - APPCB","wind_speed",0.56,"m/s","2026-08-19T21:00:00Z","2026-08-20T02:30:00+05:30","Asia/Kolkata",16.509717,80.612222,,,,"Andhra Pradesh Pollution Control Board","CPCB"
3409493,"Rajiv Gandhi Park, Vijayawada - APPCB","wind_speed",0.84,"m/s","2026-08-19T21:15:00Z","2026-08-20T02:45:00+05:30","Asia/Kolkata",16.509717,80.612222,,,,"Andhra Pradesh Pollution Control Board","CPCB"
3409493,"Rajiv Gandhi Park, Vijayawada - APPCB","wind_speed",0.33,"m/s","2026-08-19T21:30:00Z","2026-08-20T03:00:00+05:30","Asia/Kolkata",16.509717,80.612222,,,,"Andhra Pradesh Pollution Control Board","CPCB"
3409493,"Rajiv Gandhi Park, Vijayawada - APPCB","wind_speed",0.9,"m/s","2026-08-19T21:45:00Z","2026-08-20T03:15:00+05:30","Asia/Kolkata",16.509717,80.612222,,,,"Andhra Pradesh Pollution Control Board","CPCB"
3409493,"Rajiv Gandhi Park, Vijayawada - APPCB","wind_speed",0.86,"m/s","2026-08-19T22:00:00Z","2026-08-20T03:30:00+05:30","Asia/Kolkata",16.509717,80.612222,,,,"Andhra Pradesh Pollution Control Board","CPCB"