timestamp,city,state,station,latitude,longitude,pm25,pm10,no2,so2,co,o3,temperature,humidity,wind_speed,wind_direction,pressure,rainfall,aqi,aqi_category,dominant_pollutant
2026-06-26 14:18:43,Delhi,Delhi,"Anand Vihar, Delhi - DPCC",28.6139,77.209,101.71,164.47,49.6,10.2,1.49,53.8,34.53,46.82,7.94,302,1009.2,0.0,238,Poor,PM25
2026-06-26 15:18:43,Delhi,Delhi,"Anand Vihar, Delhi - DPCC",28.6139,77.209,97.21,160.55,64.12,28.73,1.71,56.9,32.59,57.78,9.95,10,1010.8,0.0,222,Poor,PM25
2026-06-26 16:18:43,Delhi,Delhi,"Anand Vihar, Delhi - DPCC",28.6139,77.209,93.19,154.88,79.53,15.66,1.39,45.17,33.39,54.59,9.77,84,1013.4,0.0,208,Poor,PM25
2026-06-26 17:18:43,Delhi,Delhi,"Anand Vihar, Delhi - DPCC",28.6139,77.209,89.76,139.05,50.76,19.15,0.75,36.74,33.84,52.75,9.09,213,1012.1,0.0,199,Moderate,PM25
2026-06-26 18:18:43,Delhi,Delhi,"Anand Vihar, Delhi - DPCC",28.6139,77.209,84.77,129.27,43.94,31.17,0.62,29.71,29.59,52.47,12.82,85,1009.6,0.0,182,Moderate,PM25
2026-06-26 19:18:43,Delhi,Delhi,"Anand Vihar, Delhi - DPCC",28.6139,77.209,77.56,122.51,75.16,11.94,2.09,18.88,28.01,58.61,8.09,217,1010.5,0.0,202,Poor,CO
2026-06-26 20:18:43,Delhi,Delhi,"Anand Vihar, Delhi - DPCC",28.6139,77.209,74.32,117.31,86.85,23.07,2.29,-4.72,28.53,64.82,10.91,64,1008.6,0.0,146,Moderate,PM25
2026-06-26 21:18:43,Delhi,Delhi,"Anand Vihar, Delhi - DPCC",28.6139,77.209,72.59,113.17,48.79,26.52,0.64,-5.24,26.16,75.2,9.93,91,1011.7,0.0,141,Moderate,PM25
2026-06-26 22:18:43,Delhi,Delhi,"Anand Vihar, Delhi - DPCC",28.6139,77.209,67.72,98.4,28.61,33.38,2.21,-14.23,23.07,83.27,7.28,56,1009.6,0.0,124,Moderate,PM25
2026-06-26 23:18:43,Delhi,Delhi,"Anand Vihar, Delhi - DPCC",28.6139,77.209,65.86,117.99,42.46,8.47,1.14,0.77,19.17,88.62,8.3,40,1013.6,0.0,118,Moderate,PM25
2026-06-27 00:18:43,Delhi,Delhi,"Anand Vihar, Delhi - DPCC",28.6139,77.209,64.21,111.13,60.02,23.58,1.37,18.98,19.55,87.84,7.9,311,1015.0,0.0,112,Moderate,PM25
2026-06-27 01:18:43,Delhi,Delhi,"Anand Vihar, Delhi - DPCC",28.6139,77.209,62.0,89.5,59.03,28.66,2.64,25.95,17.31,98.0,4.88,135,1010.1,0.0,108,Moderate,CO
2026-06-27 02:18:43,Delhi,Delhi,"Anand Vihar, Delhi - DPCC",28.6139,77.209,62.09,102.07,53.81,18.27,1.81,29.91,15.08,92.69,7.15,5,1012.1,0.0,105,Moderate,PM25
2026-06-27 03:18:43,Delhi,Delhi,"Anand Vihar, Delhi - DPCC",28.6139,77.209,62.75,100.41,52.54,33.69,2.46,37.86,18.05,98.0,1.9,88,1011.3,0.0,107,Moderate,PM25
2026-06-27 04:18:43,Delhi,Delhi,"Anand Vihar, Delhi - DPCC",28.6139,77.209,64.16,108.19,51.27,30.2,1.55,37.42,17.76,95.59,5.33,70,1011.4,0.0,112,Moderate,PM25
2026-06-27 05:18:43,Delhi,Delhi,"Anand Vihar, Delhi - DPCC",28.6139,77.209,64.3,103.47,60.21,33.1,1.77,29.52,16.41,97.41,1.92,143,1014.8,0.0,112,Moderate,PM25
2026-06-27 06:18:43,Delhi,Delhi,"Anand Vihar, Delhi - DPCC",28.6139,77.209,63.08,109.99,67.99,12.98,1.25,34.84,19.44,90.21,2.27,293,1010.6,0.0,108,Moderate,PM25
2026-06-27 07:18:43,Delhi,Delhi,"Anand Vihar, Delhi - DPCC",28.6139,77.209,63.95,104.72,67.62,25.46,0.98,24.02,24.38,88.03,3.03,200,1009.8,0.0,111,Moderate,PM25
2026-06-27 08:18:43,Delhi,Delhi,"Anand Vihar, Delhi - DPCC",28.6139,77.209,65.5,109.3,83.57,28.7,1.43,25.6,23.62,80.13,2.16,312,1011.3,0.0,116,Moderate,PM25
2026-06-27 09:18:43,Delhi,Delhi,"Anand Vihar, Delhi - DPCC",28.6139,77.209,65.51,97.74,47.37,25.22,1.67,41.62,23.59,77.0,1.35,243,1011.1,0.0,116,Moderate,PM25
2026-06-27 10:18:43,Delhi,Delhi,"Anand Vihar, Delhi - DPCC",28.6139,77.209,67.49,110.77,40.23,32.45,2.3,42.19,26.29,71.92,7.07,144,1010.6,0.0,123,Moderate,PM25
2026-06-27 11:18:43,Delhi,Delhi,"Anand Vihar, Delhi - DPCC",28.6139,77.209,66.65,115.49,60.18,9.89,2.01,50.09,32.12,67.57,6.77,83,1011.2,0.0,201,Poor,CO
2026-06-27 12:18:43,Delhi,Delhi,"Anand Vihar, Delhi - DPCC",28.6139,77.209,66.85,103.29,79.73,20.05,1.33,62.8,29.86,61.26,7.54,61,1010.9,0.0,121,Moderate,PM25
2026-06-27 13:18:43,Delhi,Delhi,"Anand Vihar, Delhi - DPCC",28.6139,77.209,64.13,92.86,78.45,8.54,2.22,69.21,31.18,55.67,5.8,33,1009.8,0.0,112,Moderate,PM25
2026-06-27 14:18:43,Delhi,Delhi,"Anand Vihar, Delhi - DPCC",28.6139,77.209,64.66,103.63,29.56,9.7,0.86,53.97,34.23,47.38,6.19,124,1009.7,0.0,114,Moderate,PM25
2026-06-27 15:18:43,Delhi,Delhi,"Anand Vihar, Delhi - DPCC",28.6139,77.209,63.7,113.19,72.4,12.37,2.33,57.68,34.22,44.02,11.16,180,1010.8,0.0,110,Moderate,PM25
2026-06-27 16:18:43,Delhi,Delhi,"Anand Vihar, Delhi - DPCC",28.6139,77.209,64.89,104.67,63.29,11.81,1.07,56.04,34.35,49.55,9.15,344,1012.0,0.0,195,Moderate,CO
2026-06-27 17:18:43,Delhi,Delhi,"Anand Vihar, Delhi - DPCC",28.6139,77.209,62.85,95.87,56.38,11.76,2.58,46.55,35.87,54.21,10.19,297,1012.7,0.0,107,Moderate,PM25
2026-06-27 18:18:43,Delhi,Delhi,"Anand Vihar, Delhi - DPCC",28.6139,77.209,62.72,93.64,24.8,28.97,0.87,29.86,25.57,59.5,9.81,0,1008.1,0.0,107,Moderate,PM25
2026-06-27 19:18:43,Delhi,Delhi,"Anand Vihar, Delhi - DPCC",28.6139,77.209,59.54,96.81,46.51,13.72,2.17,23.04,26.66,58.01,11.69,154,1009.2,11.8,102,Moderate,CO
2026-06-27 20:18:43,Delhi,Delhi,"Anand Vihar, Delhi - DPCC",28.6139,77.209,57.23,95.95,72.08,25.1,1.6,0.24,26.23,66.75,9.2,236,1013.9,0.0,96,Satisfactory,PM10
2026-06-27 21:18:43,Delhi,Delhi,"Anand Vihar, Delhi - DPCC",28.6139,77.209,55.49,92.2,41.25,22.19,1.66,-8.89,26.99,76.25,9.18,89,1008.9,0.0,92,Satisfactory,PM25
2026-06-27 22:18:43,Delhi,Delhi,"Anand Vihar, Delhi - DPCC",28.6139,77.209,54.92,91.85,31.38,24.71,1.31,2.57,24.98,77.89,9.27,23,1008.3,0.0,92,Satisfactory,PM10
2026-06-27 23:18:43,Delhi,Delhi,"Anand Vihar, Delhi - DPCC",28.6139,77.209,55.0,87.98,35.96,12.03,0.88,1.62,19.04,89.7,5.68,291,1012.3,0.0,92,Satisfactory,PM25
2026-06-28 00:18:43,Delhi,Delhi,"Anand Vihar, Delhi - DPCC",28.6139,77.209,54.83,79.68,26.13,25.78,2.67,35.22,19.17,92.08,5.93,334,1009.8,0.0,108,Moderate,CO
2026-06-28 01:18:43,Delhi,Delhi,"Anand Vihar, Delhi - DPCC",28.6139,77.209,54.32,84.44,47.01,14.13,2.56,26.27,20.04,96.56,5.85,17,1008.3,0.0,107,Moderate,CO
2026-06-28 02:18:43,Delhi,Delhi,"Anand Vihar, Delhi - DPCC",28.6139,77.209,55.54,80.1,22.13,21.73,1.45,26.55,18.14,95.92,1.83,197,1013.8,6.7,92,Satisfactory,PM25
2026-06-28 03:18:43,Delhi,Delhi,"Anand Vihar, Delhi - DPCC",28.6139,77.209,55.7,98.0,66.95,14.15,2.75,31.68,15.73,98.0,3.5,345,1011.3,0.0,109,Moderate,CO
2026-06-28 04:18:43,Delhi,Delhi,"Anand Vihar, Delhi - DPCC",28.6139,77.209,55.28,87.88,26.84,21.12,2.62,28.02,16.72,95.93,3.58,15,1008.8,0.0,108,Moderate,CO
2026-06-28 05:18:43,Delhi,Delhi,"Anand Vihar, Delhi - DPCC",28.6139,77.209,56.0,90.71,43.32,12.42,1.2,38.21,16.9,96.51,5.7,4,1014.9,0.0,93,Satisfactory,PM25
2026-06-28 06:18:43,Delhi,Delhi,"Anand Vihar, Delhi - DPCC",28.6139,77.209,58.19,87.47,52.64,25.17,1.09,39.46,18.8,93.8,4.9,65,1008.4,0.0,195,Moderate,CO
2026-06-28 07:18:43,Delhi,Delhi,"Anand Vihar, Delhi - DPCC",28.6139,77.209,58.5,94.53,63.68,10.91,2.11,17.3,22.36,87.46,3.44,54,1010.4,0.0,101,Moderate,CO
2026-06-28 08:18:43,Delhi,Delhi,"Anand Vihar, Delhi - DPCC",28.6139,77.209,61.0,100.34,41.36,12.09,1.31,29.43,24.21,80.93,4.56,57,1011.9,0.0,101,Moderate,PM25
2026-06-28 09:18:43,Delhi,Delhi,"Anand Vihar, Delhi - DPCC",28.6139,77.209,62.99,95.18,46.64,31.76,2.55,33.59,25.51,77.28,4.55,221,1012.8,0.0,108,Moderate,PM25
2026-06-28 10:18:43,Delhi,Delhi,"Anand Vihar, Delhi - DPCC",28.6139,77.209,66.06,114.9,70.4,30.48,0.62,54.31,31.01,70.85,6.18,272,1013.9,0.0,118,Moderate,PM25
2026-06-28 11:18:43,Delhi,Delhi,"Anand Vihar, Delhi - DPCC",28.6139,77.209,65.38,101.61,58.6,29.07,1.08,46.76,29.01,61.32,4.85,139,1010.8,0.0,195,Moderate,CO
2026-06-28 12:18:43,Delhi,Delhi,"Anand Vihar, Delhi - DPCC",28.6139,77.209,68.09,98.16,33.53,26.98,0.72,60.45,30.78,62.14,8.84,8,1010.3,0.0,125,Moderate,PM25
2026-06-28 13:18:43,Delhi,Delhi,"Anand Vihar, Delhi - DPCC",28.6139,77.209,68.54,116.4,78.92,13.67,2.42,63.01,30.7,50.64,7.08,264,1009.7,0.0,127,Moderate,PM25
2026-06-28 14:18:43,Delhi,Delhi,"Anand Vihar, Delhi - DPCC",28.6139,77.209,68.97,104.82,30.41,25.21,1.69,52.74,34.05,53.4,9.81,342,1009.4,0.0,128,Moderate,PM25
2026-06-28 15:18:43,Delhi,Delhi,"Anand Vihar, Delhi - DPCC",28.6139,77.209,68.89,112.6,61.86,33.1,2.32,44.72,35.51,48.77,10.12,135,1011.2,0.0,128,Moderate,PM25
2026-06-28 16:18:43,Delhi,Delhi,"Anand Vihar, Delhi - DPCC",28.6139,77.209,68.37,115.02,57.87,9.35,2.59,58.31,32.57,50.03,8.47,332,1011.3,4.6,126,Moderate,PM25
2026-06-28 17:18:43,Delhi,Delhi,"Anand Vihar, Delhi - DPCC",28.6139,77.209,65.52,112.36,78.49,18.02,1.54,46.94,30.5,51.2,9.64,307,1008.3,0.0,116,Moderate,PM25
2026-06-28 18:18:43,Delhi,Delhi,"Anand Vihar, Delhi - DPCC",28.6139,77.209,61.51,93.87,66.31,10.33,1.12,33.31,31.83,54.13,10.71,317,1010.8,0.0,103,Moderate,PM25
2026-06-28 19:18:43,Delhi,Delhi,"Anand Vihar, Delhi - DPCC",28.6139,77.209,60.74,97.06,93.77,11.91,2.7,8.96,30.88,58.69,8.75,340,1014.8,0.0,211,Poor,PM25
2026-06-28 20:18:43,Delhi,Delhi,"Anand Vihar, Delhi - DPCC",28.6139,77.209,58.18,97.37,67.71,34.47,1.6,4.53,26.82,72.85,10.28,197,1012.3,0.0,97,Satisfactory,PM10
2026-06-28 21:18:43,Delhi,Delhi,"Anand Vihar, Delhi - DPCC",28.6139,77.209,56.54,82.34,59.85,13.83,0.81,8.23,26.73,79.9,8.94,104,1013.5,0.0,94,Satisfactory,PM25
2026-06-28 22:18:43,Delhi,Delhi,"Anand Vihar, Delhi - DPCC",28.6139,77.209,55.44,95.22,49.84,17.17,2.52,-4.67,22.9,83.86,9.71,6,1008.9,0.0,106,Moderate,CO
2026-06-28 23:18:43,Delhi,Delhi,"Anand Vihar, Delhi - DPCC",28.6139,77.209,53.86,95.8,53.61,28.27,1.83,-6.19,19.97,86.69,6.49,101,1010.7,0.0,96,Satisfactory,PM10
2026-06-29 00:18:43,Delhi,Delhi,"Anand Vihar, Delhi - DPCC",28.6139,77.209,52.3,81.54,25.6,19.91,1.03,19.67,16.15,91.91,5.41,272,1009.9,0.0,195,Moderate,CO
2026-06-29 01:18:43,Delhi,Delhi,"Anand Vihar, Delhi - DPCC",28.6139,77.209,50.82,89.38,51.21,20.09,1.83,19.15,18.88,91.95,7.41,322,1009.2,0.0,91,Satisfactory,CO
2026-06-29 02:18:43,Delhi,Delhi,"Anand Vihar, Delhi - DPCC",28.6139,77.209,50.75,78.43,63.96,30.15,1.29,34.96,17.41,98.0,3.69,115,1014.9,0.0,84,Satisfactory,PM25
2026-06-29 03:18:43,Delhi,Delhi,"Anand Vihar, Delhi - DPCC",28.6139,77.209,52.03,79.56,79.82,34.45,2.04,18.25,16.08,98.0,4.09,10,1013.8,0.0,201,Poor,CO
2026-06-29 04:18:43,Delhi,Delhi,"Anand Vihar, Delhi - DPCC",28.6139,77.209,53.45,82.03,37.79,32.79,0.84,33.99,17.16,95.16,4.66,91,1013.7,0.0,89,Satisfactory,PM25
2026-06-29 05:18:43,Delhi,Delhi,"Anand Vihar, Delhi - DPCC",28.6139,77.209,52.78,76.27,25.23,27.42,1.52,37.63,18.31,94.3,3.55,220,1011.0,0.0,88,Satisfactory,PM25
2026-06-29 06:18:43,Delhi,Delhi,"Anand Vihar, Delhi - DPCC",28.6139,77.209,55.51,96.45,35.24,8.84,2.23,17.66,20.27,89.91,3.26,235,1014.9,1.6,103,Moderate,CO
2026-06-29 07:18:43,Delhi,Delhi,"Anand Vihar, Delhi - DPCC",28.6139,77.209,58.26,86.59,41.62,9.85,2.28,25.21,20.43,88.53,2.97,83,1013.7,13.5,103,Moderate,CO
2026-06-29 08:18:43,Delhi,Delhi,"Anand Vihar, Delhi - DPCC",28.6139,77.209,60.87,85.22,45.14,18.52,1.93,20.67,23.45,78.61,2.58,148,1013.6,0.0,211,Poor,PM25
2026-06-29 09:18:43,Delhi,Delhi,"Anand Vihar, Delhi - DPCC",28.6139,77.209,62.16,87.71,92.97,11.44,2.66,50.14,24.55,76.62,5.0,302,1014.9,0.0,125,Moderate,O3
2026-06-29 10:18:43,Delhi,Delhi,"Anand Vihar, Delhi - DPCC",28.6139,77.209,65.85,106.22,58.11,20.15,1.08,38.58,28.48,68.17,4.17,16,1012.0,0.0,195,Moderate,CO
2026-06-29 11:18:43,Delhi,Delhi,"Anand Vihar, Delhi - DPCC",28.6139,77.209,67.38,110.47,23.87,31.69,2.53,51.58,27.67,64.18,8.84,301,1010.0,0.0,123,Moderate,PM25
2026-06-29 12:18:43,Delhi,Delhi,"Anand Vihar, Delhi - DPCC",28.6139,77.209,68.66,111.87,59.53,14.81,1.08,60.5,29.63,57.87,9.06,11,1014.1,14.4,195,Moderate,CO
2026-06-29 13:18:43,Delhi,Delhi,"Anand Vihar, Delhi - DPCC",28.6139,77.209,67.13,103.14,29.89,12.61,2.69,61.13,31.76,55.09,9.33,243,1008.9,0.0,122,Moderate,PM25
2026-06-29 14:18:43,Delhi,Delhi,"Anand Vihar, Delhi - DPCC",28.6139,77.209,65.77,104.53,79.03,15.26,1.5,70.57,31.33,53.27,8.81,85,1011.3,0.0,117,Moderate,PM25
2026-06-29 15:18:43,Delhi,Delhi,"Anand Vihar, Delhi - DPCC",28.6139,77.209,68.06,108.08,46.85,20.81,1.9,56.74,32.24,50.89,9.76,102,1011.2,0.0,125,Moderate,PM25
2026-06-29 16:18:43,Delhi,Delhi,"Anand Vihar, Delhi - DPCC",28.6139,77.209,66.24,93.91,36.67,30.05,1.23,56.03,30.71,53.97,10.09,206,1008.2,0.0,119,Moderate,PM25
2026-06-29 17:18:43,Delhi,Delhi,"Anand Vihar, Delhi - DPCC",28.6139,77.209,64.78,114.78,29.91,18.53,2.21,47.87,31.04,49.8,11.62,242,1010.1,0.0,114,Moderate,PM25
2026-06-29 18:18:43,Delhi,Delhi,"Anand Vihar, Delhi - DPCC",28.6139,77.209,64.19,90.91,72.3,14.93,2.06,35.01,31.46,55.31,10.9,214,1011.8,0.0,202,Poor,CO
2026-06-29 19:18:43,Delhi,Delhi,"Anand Vihar, Delhi - DPCC",28.6139,77.209,60.36,102.62,59.76,25.44,2.52,26.39,27.66,62.67,14.18,49,1008.8,0.0,210,Poor,PM25
2026-06-29 20:18:43,Delhi,Delhi,"Anand Vihar, Delhi - DPCC",28.6139,77.209,59.39,100.75,66.8,30.38,3.28,14.93,25.46,69.48,12.82,161,1008.6,0.0,116,Moderate,CO
2026-06-29 21:18:43,Delhi,Delhi,"Anand Vihar, Delhi - DPCC",28.6139,77.209,57.64,99.52,24.04,18.46,2.47,-3.22,22.77,75.24,8.12,310,1012.1,0.0,106,Moderate,CO
2026-06-29 22:18:43,Delhi,Delhi,"Anand Vihar, Delhi - DPCC",28.6139,77.209,55.17,90.02,65.56,10.67,2.56,-17.98,19.7,80.65,8.39,141,1011.7,0.0,107,Moderate,CO
2026-06-29 23:18:43,Delhi,Delhi,"Anand Vihar, Delhi - DPCC",28.6139,77.209,54.77,77.66,65.71,33.56,1.35,-7.07,19.46,91.32,6.79,214,1008.7,0.0,91,Satisfactory,PM25
2026-06-30 00:18:43,Delhi,Delhi,"Anand Vihar, Delhi - DPCC",28.6139,77.209,55.5,90.59,53.58,10.84,0.97,39.3,19.51,89.33,6.65,35,1009.5,0.0,92,Satisfactory,PM25
2026-06-30 01:18:43,Delhi,Delhi,"Anand Vihar, Delhi - DPCC",28.6139,77.209,52.79,80.52,28.82,21.17,0.89,35.89,15.9,92.44,3.28,170,1011.1,0.0,88,Satisfactory,PM25
2026-06-30 02:18:43,Delhi,Delhi,"Anand Vihar, Delhi - DPCC",28.6139,77.209,51.9,85.26,29.1,8.84,2.74,34.34,17.42,98.0,5.1,191,1009.2,0.0,109,Moderate,CO
2026-06-30 03:18:43,Delhi,Delhi,"Anand Vihar, Delhi - DPCC",28.6139,77.209,52.05,90.08,62.54,12.78,1.72,31.93,18.53,98.0,2.91,196,1009.2,0.0,90,Satisfactory,PM10
2026-06-30 04:18:43,Delhi,Delhi,"Anand Vihar, Delhi - DPCC",28.6139,77.209,52.49,89.91,64.07,16.11,1.32,34.81,18.12,98.0,2.61,53,1014.0,0.0,90,Satisfactory,PM10
2026-06-30 05:18:43,Delhi,Delhi,"Anand Vihar, Delhi - DPCC",28.6139,77.209,55.91,86.17,47.51,9.03,2.24,28.73,20.41,97.13,2.04,168,1008.2,0.0,103,Moderate,CO
2026-06-30 06:18:43,Delhi,Delhi,"Anand Vihar, Delhi - DPCC",28.6139,77.209,57.24,82.28,65.28,21.28,1.27,27.29,20.32,98.0,3.94,158,1012.2,0.0,95,Satisfactory,PM25
2026-06-30 07:18:43,Delhi,Delhi,"Anand Vihar, Delhi - DPCC",28.6139,77.209,60.33,106.04,47.36,19.97,1.92,29.79,19.75,87.18,4.72,358,1008.4,9.8,210,Poor,PM25
2026-06-30 08:18:43,Delhi,Delhi,"Anand Vihar, Delhi - DPCC",28.6139,77.209,60.36,92.04,50.36,8.83,3.24,20.52,21.74,84.13,4.22,334,1008.2,0.0,210,Poor,PM25
2026-06-30 09:18:43,Delhi,Delhi,"Anand Vihar, Delhi - DPCC",28.6139,77.209,64.48,106.9,84.19,17.0,2.71,39.03,25.69,74.63,3.14,227,1008.5,14.1,113,Moderate,PM25
2026-06-30 10:18:43,Delhi,Delhi,"Anand Vihar, Delhi - DPCC",28.6139,77.209,65.93,115.62,62.0,10.82,1.48,53.65,27.8,71.42,2.81,8,1010.1,0.0,118,Moderate,PM25
2026-06-30 11:18:43,Delhi,Delhi,"Anand Vihar, Delhi - DPCC",28.6139,77.209,67.87,113.96,20.37,10.73,2.51,60.36,31.82,62.09,3.04,52,1013.0,0.0,124,Moderate,PM25
2026-06-30 12:18:43,Delhi,Delhi,"Anand Vihar, Delhi - DPCC",28.6139,77.209,68.56,107.0,37.55,12.11,1.19,48.84,30.15,60.77,6.92,197,1009.5,3.6,127,Moderate,PM25
2026-06-30 13:18:43,Delhi,Delhi,"Anand Vihar, Delhi - DPCC",28.6139,77.209,70.17,103.51,63.19,31.41,1.6,70.54,31.21,59.51,8.76,189,1011.2,0.0,132,Moderate,PM25
2026-06-30 14:18:43,Delhi,Delhi,"Anand Vihar, Delhi - DPCC",28.6139,77.209,68.13,110.74,27.2,32.75,2.19,58.32,31.2,52.52,9.72,97,1010.8,0.0,125,Moderate,PM25
2026-06-30 15:18:43,Delhi,Delhi,"Anand Vihar, Delhi - DPCC",28.6139,77.209,67.98,114.62,55.61,32.18,1.88,54.99,32.08,51.44,9.07,29,1014.5,0.0,125,Moderate,PM25
2026-06-30 16:18:43,Delhi,Delhi,"Anand Vihar, Delhi - DPCC",28.6139,77.209,66.99,117.0,54.31,32.49,2.67,46.13,31.15,52.66,9.71,243,1008.8,8.7,121,Moderate,PM25
2026-06-30 17:18:43,Delhi,Delhi,"Anand Vihar, Delhi - DPCC",28.6139,77.209,64.48,96.83,72.53,12.94,1.21,29.06,32.54,54.54,10.6,96,1011.3,0.0,113,Moderate,PM25
2026-06-30 18:18:43,Delhi,Delhi,"Anand Vihar, Delhi - DPCC",28.6139,77.209,60.06,104.88,48.56,11.0,2.0,34.27,30.61,57.98,8.51,149,1013.0,0.0,210,Poor,PM25
2026-06-30 19:18:43,Delhi,Delhi,"Anand Vihar, Delhi - DPCC",28.6139,77.209,59.33,98.43,82.77,28.36,1.18,14.05,29.94,62.91,9.85,168,1012.1,1.1,103,Moderate,NO2
2026-06-30 20:18:43,Delhi,Delhi,"Anand Vihar, Delhi - DPCC",28.6139,77.209,59.17,101.35,67.63,10.7,2.61,0.47,27.85,69.06,10.09,11,1013.2,0.0,107,Moderate,CO
2026-06-30 21:18:43,Delhi,Delhi,"Anand Vihar, Delhi - DPCC",28.6139,77.209,57.35,96.92,72.66,9.12,1.47,5.74,25.67,69.91,8.84,79,1008.9,0.0,97,Satisfactory,PM10
2026-06-30 22:18:43,Delhi,Delhi,"Anand Vihar, Delhi - DPCC",28.6139,77.209,55.13,85.61,42.06,12.91,1.56,-9.98,23.13,85.2,7.26,80,1012.5,0.0,92,Satisfactory,PM25
2026-06-30 23:18:43,Delhi,Delhi,"Anand Vihar, Delhi - DPCC",28.6139,77.209,56.45,91.42,72.76,26.24,1.8,0.74,22.18,82.84,8.72,74,1009.1,0.0,94,Satisfactory,PM25
2026-07-01 00:18:43,Delhi,Delhi,"Anand Vihar, Delhi - DPCC",28.6139,77.209,55.84,91.66,48.4,9.61,2.08,29.56,19.57,98.0,7.15,232,1011.9,0.0,202,Poor,CO
2026-07-01 01:18:43,Delhi,Delhi,"Anand Vihar, Delhi - DPCC",28.6139,77.209,56.0,92.28,73.76,30.87,1.29,21.91,16.77,96.71,6.03,326,1009.1,0.0,93,Satisfactory,PM25
2026-07-01 02:18:43,Delhi,Delhi,"Anand Vihar, Delhi - DPCC",28.6139,77.209,57.15,92.33,23.64,26.63,2.12,38.27,15.92,94.44,4.48,16,1010.9,0.0,101,Moderate,CO
2026-07-01 03:18:43,Delhi,Delhi,"Anand Vihar, Delhi - DPCC",28.6139,77.209,56.19,100.0,77.74,24.76,2.64,34.02,18.88,96.08,3.96,165,1011.9,0.0,108,Moderate,CO
2026-07-01 04:18:43,Delhi,Delhi,"Anand Vihar, Delhi - DPCC",28.6139,77.209,57.78,96.47,28.22,34.86,1.76,24.8,17.21,96.86,3.5,229,1011.5,0.0,96,Satisfactory,PM10
2026-07-01 05:18:43,Delhi,Delhi,"Anand Vihar, Delhi - DPCC",28.6139,77.209,58.44,86.94,47.54,32.82,0.99,20.35,19.01,98.0,3.78,127,1012.9,0.0,97,Satisfactory,PM25
2026-07-01 06:18:43,Delhi,Delhi,"Anand Vihar, Delhi - DPCC",28.6139,77.209,60.63,103.63,38.6,14.27,1.61,34.53,18.87,93.6,4.08,300,1013.5,0.0,211,Poor,PM25
2026-07-01 07:18:43,Delhi,Delhi,"Anand Vihar, Delhi - DPCC",28.6139,77.209,63.22,89.67,68.48,12.8,1.73,35.21,21.35,84.97,1.41,144,1014.3,13.6,109,Moderate,PM25
2026-07-01 08:18:43,Delhi,Delhi,"Anand Vihar, Delhi - DPCC",28.6139,77.209,64.04,102.79,63.89,25.16,1.3,15.82,23.85,81.22,2.03,99,1012.4,0.0,111,Moderate,PM25
2026-07-01 09:18:43,Delhi,Delhi,"Anand Vihar, Delhi - DPCC",28.6139,77.209,66.41,104.02,85.84,32.36,3.03,50.17,22.13,72.59,4.79,344,1009.0,0.0,125,Moderate,O3
2026-07-01 10:18:43,Delhi,Delhi,"Anand Vihar, Delhi - DPCC",28.6139,77.209,66.57,112.35,53.8,19.54,1.32,56.56,24.88,67.88,2.83,325,1013.9,0.0,120,Moderate,PM25
2026-07-01 11:18:43,Delhi,Delhi,"Anand Vihar, Delhi - DPCC",28.6139,77.209,67.89,119.19,52.67,13.52,1.16,50.71,29.81,61.21,5.59,228,1010.6,0.0,126,Moderate,O3
2026-07-01 12:18:43,Delhi,Delhi,"Anand Vihar, Delhi - DPCC",28.6139,77.209,67.94,97.7,69.6,9.29,2.2,67.63,32.21,60.5,5.78,185,1011.2,4.7,125,Moderate,PM25
2026-07-01 13:18:43,Delhi,Delhi,"Anand Vihar, Delhi - DPCC",28.6139,77.209,67.67,109.53,51.92,23.94,0.73,59.05,32.93,50.75,8.5,73,1008.1,0.0,124,Moderate,PM25
2026-07-01 14:18:43,Delhi,Delhi,"Anand Vihar, Delhi - DPCC",28.6139,77.209,66.59,112.72,58.44,19.23,2.27,63.53,31.28,48.29,7.11,45,1010.4,0.0,120,Moderate,PM25
2026-07-01 15:18:43,Delhi,Delhi,"Anand Vihar, Delhi - DPCC",28.6139,77.209,64.35,109.72,52.55,12.04,1.44,53.68,32.3,50.4,6.7,96,1012.4,0.0,112,Moderate,PM25
2026-07-01 16:18:43,Delhi,Delhi,"Anand Vihar, Delhi - DPCC",28.6139,77.209,64.25,106.19,27.8,23.12,2.32,53.28,32.51,47.23,9.69,64,1008.7,0.0,112,Moderate,PM25
2026-07-01 17:18:43,Delhi,Delhi,"Anand Vihar, Delhi - DPCC",28.6139,77.209,62.66,88.5,23.11,11.84,1.07,42.44,33.34,55.56,12.08,156,1011.8,0.0,195,Moderate,CO
2026-07-01 18:18:43,Delhi,Delhi,"Anand Vihar, Delhi - DPCC",28.6139,77.209,62.97,97.91,74.39,8.43,2.32,18.11,25.58,58.78,12.37,303,1008.7,0.0,108,Moderate,PM25
2026-07-01 19:18:43,Delhi,Delhi,"Anand Vihar, Delhi - DPCC",28.6139,77.209,63.59,102.62,67.44,19.6,1.78,16.24,29.01,63.76,9.91,291,1012.7,0.0,110,Moderate,PM25
2026-07-01 20:18:43,Delhi,Delhi,"Anand Vihar, Delhi - DPCC",28.6139,77.209,62.75,100.44,39.25,16.45,3.16,15.69,26.23,68.61,10.12,89,1009.1,0.0,114,Moderate,CO
2026-07-01 21:18:43,Delhi,Delhi,"Anand Vihar, Delhi - DPCC",28.6139,77.209,60.64,89.54,44.7,33.24,1.55,8.63,24.64,70.71,10.22,128,1008.6,0.0,211,Poor,PM25
2026-07-01 22:18:43,Delhi,Delhi,"Anand Vihar, Delhi - DPCC",28.6139,77.209,58.22,86.3,42.89,34.52,2.33,0.05,23.25,82.26,7.96,282,1012.2,0.0,104,Moderate,CO
2026-07-01 23:18:43,Delhi,Delhi,"Anand Vihar, Delhi - DPCC",28.6139,77.209,57.33,101.25,20.69,20.15,2.75,-17.42,20.75,88.66,7.59,199,1009.3,0.0,109,Moderate,CO
2026-07-02 00:18:43,Delhi,Delhi,"Anand Vihar, Delhi - DPCC",28.6139,77.209,56.34,80.54,56.33,21.95,2.23,30.77,17.18,98.0,7.23,51,1012.2,0.0,103,Moderate,CO
2026-07-02 01:18:43,Delhi,Delhi,"Anand Vihar, Delhi - DPCC",28.6139,77.209,57.74,91.41,25.53,22.94,2.01,32.59,17.13,98.0,2.46,162,1012.7,0.0,201,Poor,CO
2026-07-02 02:18:43,Delhi,Delhi,"Anand Vihar, Delhi - DPCC",28.6139,77.209,55.16,77.27,30.44,11.16,1.59,30.31,17.53,94.81,6.65,18,1012.4,0.0,92,Satisfactory,PM25
2026-07-02 03:18:43,Delhi,Delhi,"Anand Vihar, Delhi - DPCC",28.6139,77.209,55.42,98.42,33.23,27.59,1.96,33.49,18.08,98.0,2.0,179,1013.2,0.0,98,Satisfactory,PM10
2026-07-02 04:18:43,Delhi,Delhi,"Anand Vihar, Delhi - DPCC",28.6139,77.209,56.4,97.4,50.76,19.84,2.79,20.73,17.72,98.0,3.85,252,1009.4,0.0,110,Moderate,CO
2026-07-02 05:18:43,Delhi,Delhi,"Anand Vihar, Delhi - DPCC",28.6139,77.209,56.07,83.33,55.83,24.06,1.42,23.33,15.26,95.84,3.98,177,1010.0,0.0,93,Satisfactory,PM25
2026-07-02 06:18:43,Delhi,Delhi,"Anand Vihar, Delhi - DPCC",28.6139,77.209,57.75,86.7,79.26,15.87,2.3,25.69,15.61,94.47,1.62,120,1014.1,0.0,104,Moderate,CO
2026-07-02 07:18:43,Delhi,Delhi,"Anand Vihar, Delhi - DPCC",28.6139,77.209,58.62,102.56,58.28,30.51,1.7,28.38,23.04,88.65,1.92,150,1011.5,0.0,102,Moderate,PM10
2026-07-02 08:18:43,Delhi,Delhi,"Anand Vihar, Delhi - DPCC",28.6139,77.209,58.59,95.86,59.46,20.68,1.16,20.25,23.57,84.41,1.53,4,1010.9,0.0,98,Satisfactory,PM25
2026-07-02 09:18:43,Delhi,Delhi,"Anand Vihar, Delhi - DPCC",28.6139,77.209,60.34,103.46,91.55,28.16,2.69,46.48,23.49,79.08,3.31,2,1014.5,0.0,210,Poor,PM25
2026-07-02 10:18:43,Delhi,Delhi,"Anand Vihar, Delhi - DPCC",28.6139,77.209,59.9,101.65,24.6,31.56,2.42,40.97,27.6,70.21,5.41,227,1010.6,0.0,105,Moderate,CO
2026-07-02 11:18:43,Delhi,Delhi,"Anand Vihar, Delhi - DPCC",28.6139,77.209,60.54,106.64,24.66,30.38,1.37,56.36,27.36,63.35,5.79,124,1011.2,0.0,210,Poor,PM25
2026-07-02 12:18:43,Delhi,Delhi,"Anand Vihar, Delhi - DPCC",28.6139,77.209,59.04,99.7,43.09,21.21,1.55,66.8,29.06,57.62,8.18,284,1010.1,0.0,100,Satisfactory,PM10
2026-07-02 13:18:43,Delhi,Delhi,"Anand Vihar, Delhi - DPCC",28.6139,77.209,59.11,100.08,72.9,11.28,2.0,64.55,29.25,52.58,7.03,111,1009.2,0.0,100,Satisfactory,CO
2026-07-02 14:18:43,Delhi,Delhi,"Anand Vihar, Delhi - DPCC",28.6139,77.209,58.99,100.27,54.31,34.63,1.51,67.13,30.89,52.0,9.69,148,1013.3,0.0,98,Satisfactory,PM25
2026-07-02 15:18:43,Delhi,Delhi,"Anand Vihar, Delhi - DPCC",28.6139,77.209,60.18,98.1,21.33,33.52,2.13,55.71,30.06,49.69,10.42,352,1011.6,0.0,210,Poor,PM25
2026-07-02 16:18:43,Delhi,Delhi,"Anand Vihar, Delhi - DPCC",28.6139,77.209,61.03,104.31,77.09,28.97,1.94,57.01,34.39,48.13,12.53,318,1009.6,0.0,103,Moderate,PM10
2026-07-02 17:18:43,Delhi,Delhi,"Anand Vihar, Delhi - DPCC",28.6139,77.209,60.85,102.16,65.16,20.56,2.52,30.9,32.79,52.19,9.35,191,1011.6,0.0,211,Poor,PM25
2026-07-02 18:18:43,Delhi,Delhi,"Anand Vihar, Delhi - DPCC",28.6139,77.209,59.38,83.45,44.58,25.49,0.63,22.02,26.86,53.31,10.37,267,1013.9,0.0,99,Satisfactory,PM25
2026-07-02 19:18:43,Delhi,Delhi,"Anand Vihar, Delhi - DPCC",28.6139,77.209,58.24,93.49,94.35,14.25,3.17,5.26,29.53,60.25,10.22,262,1012.3,0.0,114,Moderate,CO
2026-07-02 20:18:43,Delhi,Delhi,"Anand Vihar, Delhi - DPCC",28.6139,77.209,55.3,78.42,56.0,33.09,1.93,15.21,24.97,67.36,11.54,227,1008.7,0.0,96,Satisfactory,CO
2026-07-02 21:18:43,Delhi,Delhi,"Anand Vihar, Delhi - DPCC",28.6139,77.209,54.49,85.58,52.88,22.07,1.37,3.62,24.13,77.01,7.95,139,1012.6,0.0,91,Satisfactory,PM25
2026-07-02 22:18:43,Delhi,Delhi,"Anand Vihar, Delhi - DPCC",28.6139,77.209,52.29,78.61,56.32,19.7,2.3,3.03,22.4,86.24,8.88,110,1010.9,0.0,104,Moderate,CO
2026-07-02 23:18:43,Delhi,Delhi,"Anand Vihar, Delhi - DPCC",28.6139,77.209,53.43,78.76,55.99,31.26,2.51,-1.89,18.36,88.64,9.95,210,1008.9,0.0,106,Moderate,CO
2026-07-03 00:18:43,Delhi,Delhi,"Anand Vihar, Delhi - DPCC",28.6139,77.209,53.58,84.25,52.96,22.4,2.0,33.71,19.25,93.16,4.2,297,1011.2,0.0,201,Poor,CO
2026-07-03 01:18:43,Delhi,Delhi,"Anand Vihar, Delhi - DPCC",28.6139,77.209,54.52,77.71,66.61,30.18,1.62,39.58,18.82,98.0,6.51,269,1009.1,0.0,91,Satisfactory,PM25
2026-07-03 02:18:43,Delhi,Delhi,"Anand Vihar, Delhi - DPCC",28.6139,77.209,52.37,82.01,73.31,30.26,1.99,36.45,16.88,98.0,6.63,72,1011.6,0.0,99,Satisfactory,CO
2026-07-03 03:18:43,Delhi,Delhi,"Anand Vihar, Delhi - DPCC",28.6139,77.209,55.24,79.42,64.88,29.94,2.16,39.18,15.92,98.0,1.91,109,1010.2,0.0,102,Moderate,CO
2026-07-03 04:18:43,Delhi,Delhi,"Anand Vihar, Delhi - DPCC",28.6139,77.209,55.6,79.62,38.73,8.43,0.64,37.92,17.22,96.05,4.71,47,1011.6,14.1,93,Satisfactory,PM25
2026-07-03 05:18:43,Delhi,Delhi,"Anand Vihar, Delhi - DPCC",28.6139,77.209,54.45,84.74,24.16,25.23,2.21,31.9,15.78,97.35,1.03,205,1014.1,0.0,102,Moderate,CO
2026-07-03 06:18:43,Delhi,Delhi,"Anand Vihar, Delhi - DPCC",28.6139,77.209,57.64,95.3,48.16,19.96,1.69,36.53,17.08,94.78,2.41,181,1014.6,0.0,96,Satisfactory,PM25
2026-07-03 07:18:43,Delhi,Delhi,"Anand Vihar, Delhi - DPCC",28.6139,77.209,60.16,86.88,75.5,25.05,0.72,31.11,20.47,92.33,3.17,291,1010.9,0.0,210,Poor,PM25
2026-07-03 08:18:43,Delhi,Delhi,"Anand Vihar, Delhi - DPCC",28.6139,77.209,61.56,97.34,91.92,9.64,2.61,15.62,22.13,80.93,1.13,163,1012.8,0.0,112,Moderate,NO2
2026-07-03 09:18:43,Delhi,Delhi,"Anand Vihar, Delhi - DPCC",28.6139,77.209,63.34,111.01,70.07,30.51,2.51,27.78,25.2,73.74,4.05,213,1012.9,3.8,109,Moderate,PM25
2026-07-03 10:18:43,Delhi,Delhi,"Anand Vihar, Delhi - DPCC",28.6139,77.209,64.64,96.87,61.44,24.11,1.7,59.98,28.18,65.49,6.74,288,1014.2,0.0,113,Moderate,PM25
2026-07-03 11:18:43,Delhi,Delhi,"Anand Vihar, Delhi - DPCC",28.6139,77.209,64.74,108.53,56.18,24.71,2.67,62.71,28.05,61.44,4.17,156,1010.8,0.0,114,Moderate,PM25
2026-07-03 12:18:43,Delhi,Delhi,"Anand Vihar, Delhi - DPCC",28.6139,77.209,65.0,105.35,67.36,19.24,0.97,60.16,31.64,56.99,5.34,190,1014.9,0.0,115,Moderate,PM25
2026-07-03 13:18:43,Delhi,Delhi,"Anand Vihar, Delhi - DPCC",28.6139,77.209,64.87,107.19,33.18,8.55,2.42,59.14,31.2,49.29,6.03,351,1009.2,0.0,114,Moderate,PM25
2026-07-03 14:18:43,Delhi,Delhi,"Anand Vihar, Delhi - DPCC",28.6139,77.209,65.95,96.45,48.71,29.08,1.27,56.08,34.98,50.37,10.05,354,1010.8,0.0,118,Moderate,PM25
2026-07-03 15:18:43,Delhi,Delhi,"Anand Vihar, Delhi - DPCC",28.6139,77.209,64.42,95.1,40.82,22.78,2.78,59.92,30.92,50.52,7.77,275,1014.6,8.1,113,Moderate,PM25
2026-07-03 16:18:43,Delhi,Delhi,"Anand Vihar, Delhi - DPCC",28.6139,77.209,66.26,107.6,61.22,25.77,0.86,55.57,32.14,51.97,8.9,149,1011.6,0.0,119,Moderate,PM25
2026-07-03 17:18:43,Delhi,Delhi,"Anand Vihar, Delhi - DPCC",28.6139,77.209,66.95,107.47,72.18,18.87,2.73,49.12,32.04,50.71,11.81,47,1014.0,0.0,121,Moderate,PM25
2026-07-03 18:18:43,Delhi,Delhi,"Anand Vihar, Delhi - DPCC",28.6139,77.209,65.03,101.62,74.19,24.3,1.87,28.97,32.42,61.06,9.66,91,1014.6,0.0,115,Moderate,PM25
2026-07-03 19:18:43,Delhi,Delhi,"Anand Vihar, Delhi - DPCC",28.6139,77.209,64.57,105.2,55.26,34.69,1.16,10.5,27.68,69.94,13.76,212,1013.3,0.0,113,Moderate,PM25
2026-07-03 20:18:43,Delhi,Delhi,"Anand Vihar, Delhi - DPCC",28.6139,77.209,61.73,95.71,48.92,15.16,2.32,-0.58,27.27,65.53,8.79,341,1014.6,0.0,104,Moderate,CO
2026-07-03 21:18:43,Delhi,Delhi,"Anand Vihar, Delhi - DPCC",28.6139,77.209,60.72,99.95,65.63,21.85,2.15,10.06,26.5,79.38,8.02,171,1012.7,0.0,211,Poor,PM25
2026-07-03 22:18:43,Delhi,Delhi,"Anand Vihar, Delhi - DPCC",28.6139,77.209,59.06,88.05,60.2,20.64,2.3,-15.2,22.32,77.19,9.72,307,1014.5,0.0,104,Moderate,CO
2026-07-03 23:18:43,Delhi,Delhi,"Anand Vihar, Delhi - DPCC",28.6139,77.209,58.32,86.67,40.16,20.57,2.3,2.87,22.14,90.14,9.87,71,1008.4,0.0,104,Moderate,CO
2026-07-04 00:18:43,Delhi,Delhi,"Anand Vihar, Delhi - DPCC",28.6139,77.209,55.67,90.33,71.39,30.55,2.64,24.15,20.25,96.04,5.27,155,1008.6,0.0,108,Moderate,CO
2026-07-04 01:18:43,Delhi,Delhi,"Anand Vihar, Delhi - DPCC",28.6139,77.209,53.04,81.31,37.63,9.12,2.0,29.93,17.09,93.36,6.28,106,1012.3,0.0,201,Poor,CO
2026-07-04 02:18:43,Delhi,Delhi,"Anand Vihar, Delhi - DPCC",28.6139,77.209,50.52,89.17,40.39,20.3,2.09,28.58,17.41,96.71,1.6,286,1009.9,0.0,202,Poor,CO
2026-07-04 03:18:43,Delhi,Delhi,"Anand Vihar, Delhi - DPCC",28.6139,77.209,52.41,75.24,79.5,22.61,2.77,38.47,16.32,95.83,3.35,59,1009.7,0.0,109,Moderate,CO
2026-07-04 04:18:43,Delhi,Delhi,"Anand Vihar, Delhi - DPCC",28.6139,77.209,52.36,82.71,74.79,13.11,0.61,16.5,15.38,98.0,4.12,98,1009.2,0.0,94,Satisfactory,NO2
2026-07-04 05:18:43,Delhi,Delhi,"Anand Vihar, Delhi - DPCC",28.6139,77.209,53.57,93.53,34.97,27.36,2.48,23.92,20.29,94.23,4.15,107,1008.7,0.0,106,Moderate,CO
2026-07-04 06:18:43,Delhi,Delhi,"Anand Vihar, Delhi - DPCC",28.6139,77.209,55.41,90.95,71.79,30.21,0.98,27.15,19.46,93.72,1.4,341,1009.0,0.0,92,Satisfactory,PM25
2026-07-04 07:18:43,Delhi,Delhi,"Anand Vihar, Delhi - DPCC",28.6139,77.209,58.52,91.06,41.31,9.22,1.08,15.38,23.73,84.76,2.92,314,1011.7,0.0,195,Moderate,CO
2026-07-04 08:18:43,Delhi,Delhi,"Anand Vihar, Delhi - DPCC",28.6139,77.209,61.72,109.68,39.96,14.86,2.82,17.47,19.86,80.84,2.08,33,1012.1,0.0,110,Moderate,CO
2026-07-04 09:18:43,Delhi,Delhi,"Anand Vihar, Delhi - DPCC",28.6139,77.209,63.18,106.13,72.02,31.31,1.59,47.64,25.4,77.03,4.86,202,1009.7,0.0,108,Moderate,PM25
2026-07-04 10:18:43,Delhi,Delhi,"Anand Vihar, Delhi - DPCC",28.6139,77.209,63.42,92.45,26.94,8.74,1.75,41.03,28.21,68.62,4.8,49,1012.8,0.0,109,Moderate,PM25
2026-07-04 11:18:43,Delhi,Delhi,"Anand Vihar, Delhi - DPCC",28.6139,77.209,64.12,112.74,67.64,12.27,0.71,57.25,29.22,63.35,5.03,129,1014.4,0.0,112,Moderate,PM25
2026-07-04 12:18:43,Delhi,Delhi,"Anand Vihar, Delhi - DPCC",28.6139,77.209,64.5,105.18,65.71,29.1,1.21,53.39,30.26,56.9,5.36,216,1014.6,0.0,113,Moderate,PM25
2026-07-04 13:18:43,Delhi,Delhi,"Anand Vihar, Delhi - DPCC",28.6139,77.209,65.86,108.52,39.93,33.06,2.46,55.6,30.07,53.58,5.12,278,1008.3,0.0,118,Moderate,PM25
2026-07-04 14:18:43,Delhi,Delhi,"Anand Vihar, Delhi - DPCC",28.6139,77.209,64.3,107.55,76.41,9.26,1.3,59.24,33.74,55.64,7.96,191,1011.8,0.0,112,Moderate,PM25
2026-07-04 15:18:43,Delhi,Delhi,"Anand Vihar, Delhi - DPCC",28.6139,77.209,63.21,102.56,21.75,32.5,0.94,48.82,31.59,55.55,9.57,34,1010.2,0.0,108,Moderate,PM25
2026-07-04 16:18:43,Delhi,Delhi,"Anand Vihar, Delhi - DPCC",28.6139,77.209,61.65,106.94,23.01,20.54,1.44,43.49,31.06,49.35,9.57,113,1008.3,0.0,105,Moderate,PM10
2026-07-04 17:18:43,Delhi,Delhi,"Anand Vihar, Delhi - DPCC",28.6139,77.209,59.56,104.67,59.48,8.22,2.67,31.74,28.75,54.11,9.81,180,1011.0,0.0,108,Moderate,CO
2026-07-04 18:18:43,Delhi,Delhi,"Anand Vihar, Delhi - DPCC",28.6139,77.209,56.72,99.86,32.91,31.88,1.83,35.71,31.2,60.33,12.13,116,1009.6,0.0,100,Satisfactory,PM10
2026-07-04 19:18:43,Delhi,Delhi,"Anand Vihar, Delhi - DPCC",28.6139,77.209,56.34,88.81,42.94,18.32,2.46,15.54,29.45,61.97,8.32,155,1010.1,0.0,106,Moderate,CO
2026-07-04 20:18:43,Delhi,Delhi,"Anand Vihar, Delhi - DPCC",28.6139,77.209,55.3,97.71,81.58,11.52,2.34,5.48,23.02,70.49,11.26,248,1010.4,0.0,104,Moderate,CO
2026-07-04 21:18:43,Delhi,Delhi,"Anand Vihar, Delhi - DPCC",28.6139,77.209,53.68,80.19,69.81,33.6,1.27,-6.7,24.66,72.08,7.88,12,1014.5,0.0,89,Satisfactory,PM25
2026-07-04 22:18:43,Delhi,Delhi,"Anand Vihar, Delhi - DPCC",28.6139,77.209,52.73,91.92,63.87,33.56,2.32,-10.44,22.89,83.94,6.93,131,1012.0,1.4,104,Moderate,CO
2026-07-04 23:18:43,Delhi,Delhi,"Anand Vihar, Delhi - DPCC",28.6139,77.209,55.07,93.65,27.92,21.86,1.03,-17.67,22.95,84.01,7.07,79,1010.2,0.0,195,Moderate,CO
2026-07-05 00:18:43,Delhi,Delhi,"Anand Vihar, Delhi - DPCC",28.6139,77.209,52.56,79.47,39.92,25.9,2.52,33.98,20.63,92.31,9.15,249,1011.9,0.0,106,Moderate,CO
2026-07-05 01:18:43,Delhi,Delhi,"Anand Vihar, Delhi - DPCC",28.6139,77.209,51.61,91.06,52.84,27.82,1.36,25.19,16.64,96.42,5.33,297,1012.1,0.0,91,Satisfactory,PM10
2026-07-05 02:18:43,Delhi,Delhi,"Anand Vihar, Delhi - DPCC",28.6139,77.209,51.18,91.64,40.69,17.11,1.29,18.05,18.39,98.0,3.3,315,1013.5,0.0,92,Satisfactory,PM10
2026-07-05 03:18:43,Delhi,Delhi,"Anand Vihar, Delhi - DPCC",28.6139,77.209,50.81,72.06,59.38,22.45,0.78,15.87,17.17,98.0,1.0,42,1009.2,0.0,84,Satisfactory,PM25
2026-07-05 04:18:43,Delhi,Delhi,"Anand Vihar, Delhi - DPCC",28.6139,77.209,52.11,86.26,79.11,28.74,1.56,26.16,19.69,98.0,4.69,180,1012.5,6.7,99,Satisfactory,NO2
2026-07-05 05:18:43,Delhi,Delhi,"Anand Vihar, Delhi - DPCC",28.6139,77.209,52.8,76.03,56.19,22.14,1.16,26.77,17.48,92.43,2.58,234,1013.5,0.0,88,Satisfactory,PM25
2026-07-05 06:18:43,Delhi,Delhi,"Anand Vihar, Delhi - DPCC",28.6139,77.209,54.92,78.22,37.27,10.52,2.72,18.38,23.09,89.66,1.98,6,1011.2,0.0,109,Moderate,CO
2026-07-05 07:18:43,Delhi,Delhi,"Anand Vihar, Delhi - DPCC",28.6139,77.209,58.11,96.52,35.06,25.56,1.07,18.05,19.1,85.53,3.15,358,1009.3,0.0,195,Moderate,CO
2026-07-05 08:18:43,Delhi,Delhi,"Anand Vihar, Delhi - DPCC",28.6139,77.209,58.51,82.56,72.36,29.78,2.95,27.07,22.57,83.54,4.7,260,1011.4,0.0,112,Moderate,CO
2026-07-05 09:18:43,Delhi,Delhi,"Anand Vihar, Delhi - DPCC",28.6139,77.209,59.71,102.85,70.52,12.48,1.15,34.88,26.89,78.65,3.92,45,1013.6,0.0,102,Moderate,PM10
2026-07-05 10:18:43,Delhi,Delhi,"Anand Vihar, Delhi - DPCC",28.6139,77.209,61.47,110.44,63.61,29.19,2.79,50.71,26.87,71.15,3.75,221,1012.1,0.0,126,Moderate,O3
2026-07-05 11:18:43,Delhi,Delhi,"Anand Vihar, Delhi - DPCC",28.6139,77.209,62.48,110.58,39.55,11.45,1.57,44.38,29.22,64.4,5.9,301,1008.9,0.0,107,Moderate,PM10
2026-07-05 12:18:43,Delhi,Delhi,"Anand Vihar, Delhi - DPCC",28.6139,77.209,63.38,96.79,73.66,25.41,1.23,55.76,25.88,59.07,3.64,53,1008.6,0.0,109,Moderate,PM25
2026-07-05 13:18:43,Delhi,Delhi,"Anand Vihar, Delhi - DPCC",28.6139,77.209,64.13,110.62,43.04,25.99,2.78,55.64,33.31,52.04,3.92,49,1008.6,0.0,112,Moderate,PM25
2026-07-05 14:18:43,Delhi,Delhi,"Anand Vihar, Delhi - DPCC",28.6139,77.209,64.22,92.16,23.95,32.07,1.62,56.29,33.22,44.89,8.11,176,1014.0,0.0,112,Moderate,PM25
2026-07-05 15:18:43,Delhi,Delhi,"Anand Vihar, Delhi - DPCC",28.6139,77.209,62.8,106.48,60.0,11.23,1.86,49.73,35.13,49.03,11.32,358,1008.6,0.0,107,Moderate,PM25
2026-07-05 16:18:43,Delhi,Delhi,"Anand Vihar, Delhi - DPCC",28.6139,77.209,63.71,97.03,49.52,29.51,1.11,41.22,33.82,54.57,13.99,101,1010.1,0.0,110,Moderate,PM25
2026-07-05 17:18:43,Delhi,Delhi,"Anand Vihar, Delhi - DPCC",28.6139,77.209,63.52,110.07,78.53,20.8,0.75,27.02,33.73,54.49,10.09,188,1009.9,0.0,110,Moderate,PM25
2026-07-05 18:18:43,Delhi,Delhi,"Anand Vihar, Delhi - DPCC",28.6139,77.209,64.17,93.79,78.62,22.71,0.9,37.34,32.29,55.22,12.24,338,1011.7,0.0,112,Moderate,PM25
2026-07-05 19:18:43,Delhi,Delhi,"Anand Vihar, Delhi - DPCC",28.6139,77.209,61.74,110.3,72.69,33.13,2.59,11.87,30.31,64.95,7.2,284,1010.2,0.0,107,Moderate,PM10
2026-07-05 20:18:43,Delhi,Delhi,"Anand Vihar, Delhi - DPCC",28.6139,77.209,61.3,97.26,39.6,12.48,1.23,6.91,26.29,69.45,9.92,0,1012.3,0.0,102,Moderate,PM25
2026-07-05 21:18:43,Delhi,Delhi,"Anand Vihar, Delhi - DPCC",28.6139,77.209,56.75,89.78,44.9,27.72,0.9,-8.37,23.6,73.29,8.18,189,1008.8,0.0,94,Satisfactory,PM25
2026-07-05 22:18:43,Delhi,Delhi,"Anand Vihar, Delhi - DPCC",28.6139,77.209,54.52,91.07,22.29,24.74,2.14,-12.91,22.17,81.11,7.89,35,1008.8,0.0,102,Moderate,CO
2026-07-05 23:18:43,Delhi,Delhi,"Anand Vihar, Delhi - DPCC",28.6139,77.209,54.01,90.27,55.57,12.01,0.98,1.97,18.21,90.69,7.79,133,1012.3,0.0,90,Satisfactory,PM10
2026-07-06 00:18:43,Delhi,Delhi,"Anand Vihar, Delhi - DPCC",28.6139,77.209,53.0,84.85,32.05,16.51,2.34,37.89,16.38,88.5,4.98,70,1012.7,0.0,104,Moderate,CO
2026-07-06 01:18:43,Delhi,Delhi,"Anand Vihar, Delhi - DPCC",28.6139,77.209,54.63,94.0,48.17,19.41,2.79,15.26,15.7,98.0,7.39,123,1014.1,3.8,110,Moderate,CO
2026-07-06 02:18:43,Delhi,Delhi,"Anand Vihar, Delhi - DPCC",28.6139,77.209,52.18,85.79,21.45,11.14,0.88,19.73,18.58,98.0,4.11,325,1013.8,0.0,87,Satisfactory,PM25
2026-07-06 03:18:43,Delhi,Delhi,"Anand Vihar, Delhi - DPCC",28.6139,77.209,51.16,77.03,50.21,9.84,1.08,38.38,16.6,92.7,1.41,5,1009.7,0.0,195,Moderate,CO
2026-07-06 04:18:43,Delhi,Delhi,"Anand Vihar, Delhi - DPCC",28.6139,77.209,52.0,73.09,48.7,8.57,2.4,35.62,15.51,97.08,4.41,301,1011.8,0.0,105,Moderate,CO
2026-07-06 05:18:43,Delhi,Delhi,"Anand Vihar, Delhi - DPCC",28.6139,77.209,54.01,80.89,55.88,18.4,2.48,38.81,17.12,95.62,3.5,69,1011.3,0.9,106,Moderate,CO
2026-07-06 06:18:43,Delhi,Delhi,"Anand Vihar, Delhi - DPCC",28.6139,77.209,56.87,102.24,32.11,14.97,0.85,37.94,23.47,94.5,3.29,324,1011.7,0.0,102,Moderate,PM10
2026-07-06 07:18:43,Delhi,Delhi,"Anand Vihar, Delhi - DPCC",28.6139,77.209,59.47,94.07,47.09,33.3,2.76,34.91,18.4,89.85,4.31,59,1008.4,0.0,109,Moderate,CO
2026-07-06 08:18:43,Delhi,Delhi,"Anand Vihar, Delhi - DPCC",28.6139,77.209,62.03,91.05,38.32,16.94,2.79,25.34,21.12,84.33,5.78,7,1014.9,14.5,110,Moderate,CO
2026-07-06 09:18:43,Delhi,Delhi,"Anand Vihar, Delhi - DPCC",28.6139,77.209,63.85,92.31,64.42,12.58,1.21,41.25,25.09,76.21,1.65,40,1010.3,0.0,111,Moderate,PM25
2026-07-06 10:18:43,Delhi,Delhi,"Anand Vihar, Delhi - DPCC",28.6139,77.209,67.24,111.55,70.63,16.77,2.11,59.61,25.58,68.3,7.14,227,1013.2,0.0,122,Moderate,PM25
2026-07-06 11:18:43,Delhi,Delhi,"Anand Vihar, Delhi - DPCC",28.6139,77.209,66.94,113.31,42.33,22.09,0.75,47.85,30.24,60.85,8.58,243,1012.3,0.0,121,Moderate,PM25
2026-07-06 12:18:43,Delhi,Delhi,"Anand Vihar, Delhi - DPCC",28.6139,77.209,67.46,115.2,79.64,8.3,2.21,62.58,29.83,54.2,6.22,147,1010.5,0.0,123,Moderate,PM25
2026-07-06 13:18:43,Delhi,Delhi,"Anand Vihar, Delhi - DPCC",28.6139,77.209,68.56,112.14,76.32,17.45,1.14,66.4,33.52,51.5,6.03,80,1008.5,0.0,127,Moderate,PM25
2026-07-06 14:18:43,Delhi,Delhi,"Anand Vihar, Delhi - DPCC",28.6139,77.209,67.85,96.16,61.96,16.93,2.24,58.6,30.22,51.03,6.39,46,1011.1,0.0,124,Moderate,PM25
2026-07-06 15:18:43,Delhi,Delhi,"Anand Vihar, Delhi - DPCC",28.6139,77.209,65.95,100.75,44.93,32.52,1.13,45.6,33.85,47.96,8.86,46,1012.0,0.9,118,Moderate,PM25
2026-07-06 16:18:43,Delhi,Delhi,"Anand Vihar, Delhi - DPCC",28.6139,77.209,63.97,92.77,35.22,25.34,1.21,47.94,34.79,51.54,8.5,113,1012.4,0.0,111,Moderate,PM25
2026-07-06 17:18:43,Delhi,Delhi,"Anand Vihar, Delhi - DPCC",28.6139,77.209,61.09,91.78,39.65,12.44,1.0,45.58,33.19,49.99,7.34,213,1012.1,12.6,101,Moderate,PM25
2026-07-06 18:18:43,Delhi,Delhi,"Anand Vihar, Delhi - DPCC",28.6139,77.209,60.75,103.83,62.89,23.63,0.63,24.01,29.44,52.56,12.72,310,1010.2,0.0,211,Poor,PM25
2026-07-06 19:18:43,Delhi,Delhi,"Anand Vihar, Delhi - DPCC",28.6139,77.209,58.41,94.8,77.42,25.89,2.88,26.33,27.18,60.0,11.38,47,1012.5,0.0,111,Moderate,CO
2026-07-06 20:18:43,Delhi,Delhi,"Anand Vihar, Delhi - DPCC",28.6139,77.209,55.01,97.08,37.42,21.83,2.6,17.72,25.48,72.17,10.68,30,1010.7,0.0,107,Moderate,CO
2026-07-06 21:18:43,Delhi,Delhi,"Anand Vihar, Delhi - DPCC",28.6139,77.209,53.59,76.2,30.95,34.06,1.54,2.48,23.64,72.56,11.4,53,1009.4,0.0,89,Satisfactory,PM25
2026-07-06 22:18:43,Delhi,Delhi,"Anand Vihar, Delhi - DPCC",28.6139,77.209,51.35,72.03,51.4,32.88,2.39,2.34,25.43,79.59,10.08,275,1009.0,0.0,105,Moderate,CO
2026-07-06 23:18:43,Delhi,Delhi,"Anand Vihar, Delhi - DPCC",28.6139,77.209,50.76,87.06,74.19,15.22,2.39,-17.94,21.09,86.42,11.29,196,1014.5,0.0,105,Moderate,CO
2026-07-07 00:18:43,Delhi,Delhi,"Anand Vihar, Delhi - DPCC",28.6139,77.209,49.79,87.86,25.85,31.04,1.32,16.34,20.67,89.26,7.58,87,1010.1,3.1,88,Satisfactory,PM10
2026-07-07 01:18:43,Delhi,Delhi,"Anand Vihar, Delhi - DPCC",28.6139,77.209,50.04,71.74,60.96,14.36,2.68,36.78,17.88,98.0,4.41,289,1014.9,0.0,108,Moderate,CO
2026-07-07 02:18:43,Delhi,Delhi,"Anand Vihar, Delhi - DPCC",28.6139,77.209,50.87,83.94,58.3,16.29,2.49,38.99,16.29,98.0,4.44,70,1013.7,0.0,106,Moderate,CO
2026-07-07 03:18:43,Delhi,Delhi,"Anand Vihar, Delhi - DPCC",28.6139,77.209,50.22,81.92,38.47,20.88,2.34,39.53,19.54,97.7,1.0,254,1014.5,0.0,104,Moderate,CO
2026-07-07 04:18:43,Delhi,Delhi,"Anand Vihar, Delhi - DPCC",28.6139,77.209,50.62,83.27,38.38,16.8,0.76,23.74,16.64,98.0,3.82,250,1012.4,0.0,84,Satisfactory,PM25
2026-07-07 05:18:43,Delhi,Delhi,"Anand Vihar, Delhi - DPCC",28.6139,77.209,52.22,74.28,35.34,22.24,0.98,19.19,18.27,95.12,2.57,43,1010.9,6.3,87,Satisfactory,PM25
2026-07-07 06:18:43,Delhi,Delhi,"Anand Vihar, Delhi - DPCC",28.6139,77.209,50.94,89.02,51.8,20.64,1.5,35.44,17.25,90.15,3.1,99,1008.3,0.0,89,Satisfactory,PM10
2026-07-07 07:18:43,Delhi,Delhi,"Anand Vihar, Delhi - DPCC",28.6139,77.209,54.8,83.55,70.74,15.01,0.6,24.41,22.19,85.11,6.61,310,1008.7,0.0,91,Satisfactory,PM25
2026-07-07 08:18:43,Delhi,Delhi,"Anand Vihar, Delhi - DPCC",28.6139,77.209,54.72,94.6,80.17,27.79,3.03,33.07,23.09,83.76,1.55,110,1009.7,11.3,113,Moderate,CO
2026-07-07 09:18:43,Delhi,Delhi,"Anand Vihar, Delhi - DPCC",28.6139,77.209,55.82,94.89,90.07,10.92,1.61,44.57,26.16,77.36,1.53,29,1011.2,0.0,110,Moderate,NO2
2026-07-07 10:18:43,Delhi,Delhi,"Anand Vihar, Delhi - DPCC",28.6139,77.209,59.16,103.59,66.39,26.13,0.67,48.95,27.92,70.47,1.71,100,1013.5,0.0,103,Moderate,PM10
2026-07-07 11:18:43,Delhi,Delhi,"Anand Vihar, Delhi - DPCC",28.6139,77.209,62.03,93.47,52.08,31.19,1.32,67.17,28.57,62.85,3.79,66,1011.0,3.7,104,Moderate,PM25
2026-07-07 12:18:43,Delhi,Delhi,"Anand Vihar, Delhi - DPCC",28.6139,77.209,62.01,111.06,68.47,27.91,1.78,69.29,27.65,61.13,5.04,357,1010.2,0.0,108,Moderate,PM10
2026-07-07 13:18:43,Delhi,Delhi,"Anand Vihar, Delhi - DPCC",28.6139,77.209,61.65,94.35,21.25,28.54,0.69,71.62,33.41,58.48,7.28,50,1011.1,0.0,103,Moderate,PM25
2026-07-07 14:18:43,Delhi,Delhi,"Anand Vihar, Delhi - DPCC",28.6139,77.209,61.8,107.2,50.15,8.39,2.37,72.81,32.37,51.11,12.23,316,1014.7,0.0,105,Moderate,PM10
2026-07-07 15:18:43,Delhi,Delhi,"Anand Vihar, Delhi - DPCC",28.6139,77.209,64.49,108.37,31.66,20.07,2.43,59.68,31.1,55.24,7.9,42,1010.8,0.0,113,Moderate,PM25
2026-07-07 16:18:43,Delhi,Delhi,"Anand Vihar, Delhi - DPCC",28.6139,77.209,63.05,112.25,32.59,15.04,2.73,53.94,31.9,53.24,10.64,41,1012.9,0.0,109,Moderate,CO
2026-07-07 17:18:43,Delhi,Delhi,"Anand Vihar, Delhi - DPCC",28.6139,77.209,62.19,102.49,48.66,20.91,2.29,41.53,33.87,51.0,13.52,191,1013.2,0.0,105,Moderate,PM25
2026-07-07 18:18:43,Delhi,Delhi,"Anand Vihar, Delhi - DPCC",28.6139,77.209,61.58,106.42,53.71,26.13,2.64,30.48,30.98,58.93,11.89,198,1009.7,0.0,108,Moderate,CO
2026-07-07 19:18:43,Delhi,Delhi,"Anand Vihar, Delhi - DPCC",28.6139,77.209,60.24,97.93,90.98,23.84,2.26,23.17,29.32,59.83,11.29,169,1011.3,0.0,210,Poor,PM25
2026-07-07 20:18:43,Delhi,Delhi,"Anand Vihar, Delhi - DPCC",28.6139,77.209,55.65,82.34,59.74,9.95,2.37,15.77,27.84,66.01,12.0,31,1009.4,0.0,104,Moderate,CO
2026-07-07 21:18:43,Delhi,Delhi,"Anand Vihar, Delhi - DPCC",28.6139,77.209,54.92,81.97,70.94,18.73,1.14,6.99,22.85,72.66,8.86,205,1012.1,0.0,91,Satisfactory,PM25
2026-07-07 22:18:43,Delhi,Delhi,"Anand Vihar, Delhi - DPCC",28.6139,77.209,53.57,81.05,24.86,31.67,2.2,-10.75,20.6,77.6,9.14,320,1008.8,7.8,102,Moderate,CO
2026-07-07 23:18:43,Delhi,Delhi,"Anand Vihar, Delhi - DPCC",28.6139,77.209,54.88,78.02,38.84,21.48,1.08,1.82,23.64,87.42,6.22,248,1009.8,0.0,195,Moderate,CO
2026-07-08 00:18:43,Delhi,Delhi,"Anand Vihar, Delhi - DPCC",28.6139,77.209,53.61,94.72,53.21,16.08,1.55,22.8,20.04,95.27,7.49,299,1014.9,0.0,95,Satisfactory,PM10
2026-07-08 01:18:43,Delhi,Delhi,"Anand Vihar, Delhi - DPCC",28.6139,77.209,51.3,83.0,22.46,28.11,1.58,15.5,19.65,96.17,4.54,210,1011.2,0.0,85,Satisfactory,PM25
2026-07-08 02:18:43,Delhi,Delhi,"Anand Vihar, Delhi - DPCC",28.6139,77.209,54.19,80.62,26.77,24.1,1.67,15.67,16.89,96.62,4.12,191,1010.8,0.0,90,Satisfactory,PM25
2026-07-08 03:18:43,Delhi,Delhi,"Anand Vihar, Delhi - DPCC",28.6139,77.209,53.78,95.99,52.14,24.69,2.1,31.67,18.4,91.75,4.31,19,1008.2,0.0,202,Poor,CO
2026-07-08 04:18:43,Delhi,Delhi,"Anand Vihar, Delhi - DPCC",28.6139,77.209,53.3,77.57,64.29,31.14,2.67,27.31,14.9,98.0,3.7,150,1010.2,0.0,108,Moderate,CO
2026-07-08 05:18:43,Delhi,Delhi,"Anand Vihar, Delhi - DPCC",28.6139,77.209,53.83,79.21,26.49,30.74,1.95,23.15,23.56,97.38,1.0,210,1009.4,0.0,97,Satisfactory,CO
2026-07-08 06:18:43,Delhi,Delhi,"Anand Vihar, Delhi - DPCC",28.6139,77.209,55.17,92.25,36.45,30.35,2.23,34.73,18.33,93.14,1.0,269,1013.9,0.0,103,Moderate,CO
2026-07-08 07:18:43,Delhi,Delhi,"Anand Vihar, Delhi - DPCC",28.6139,77.209,57.1,86.93,35.9,26.8,1.02,17.32,21.36,91.44,2.83,36,1013.5,0.0,195,Moderate,CO
2026-07-08 08:18:43,Delhi,Delhi,"Anand Vihar, Delhi - DPCC",28.6139,77.209,58.01,85.26,77.45,27.22,3.08,29.57,22.89,78.97,3.91,118,1011.4,4.1,113,Moderate,CO
2026-07-08 09:18:43,Delhi,Delhi,"Anand Vihar, Delhi - DPCC",28.6139,77.209,57.89,84.21,78.68,29.95,1.67,45.18,24.01,75.42,1.0,308,1013.2,0.0,98,Satisfactory,NO2
2026-07-08 10:18:43,Delhi,Delhi,"Anand Vihar, Delhi - DPCC",28.6139,77.209,59.47,90.11,63.48,30.58,2.5,43.47,28.36,68.94,3.74,22,1010.3,0.0,106,Moderate,CO
2026-07-08 11:18:43,Delhi,Delhi,"Anand Vihar, Delhi - DPCC",28.6139,77.209,59.83,90.5,47.45,20.84,2.32,62.07,28.22,66.08,5.24,41,1009.8,0.0,104,Moderate,CO
2026-07-08 12:18:43,Delhi,Delhi,"Anand Vihar, Delhi - DPCC",28.6139,77.209,61.42,97.44,67.52,18.86,1.53,57.86,30.59,58.46,9.13,339,1009.8,0.0,102,Moderate,PM25
2026-07-08 13:18:43,Delhi,Delhi,"Anand Vihar, Delhi - DPCC",28.6139,77.209,64.22,112.03,40.77,25.65,1.37,65.43,29.76,52.48,8.15,145,1015.0,0.0,112,Moderate,PM25
2026-07-08 14:18:43,Delhi,Delhi,"Anand Vihar, Delhi - DPCC",28.6139,77.209,65.23,98.74,51.03,30.9,2.11,55.54,36.85,48.91,7.26,61,1008.7,0.0,115,Moderate,PM25
2026-07-08 15:18:43,Delhi,Delhi,"Anand Vihar, Delhi - DPCC",28.6139,77.209,63.36,90.32,39.04,13.95,1.73,45.87,33.26,51.08,9.66,267,1011.7,0.0,109,Moderate,PM25
2026-07-08 16:18:43,Delhi,Delhi,"Anand Vihar, Delhi - DPCC",28.6139,77.209,64.11,98.63,22.11,28.15,2.36,39.59,32.24,46.74,10.21,258,1009.9,0.0,112,Moderate,PM25
2026-07-08 17:18:43,Delhi,Delhi,"Anand Vihar, Delhi - DPCC",28.6139,77.209,62.95,105.0,44.14,16.05,1.98,29.69,33.75,49.64,9.55,250,1014.6,0.0,108,Moderate,PM25
2026-07-08 18:18:43,Delhi,Delhi,"Anand Vihar, Delhi - DPCC",28.6139,77.209,59.72,94.18,70.84,13.56,2.69,23.55,30.17,55.56,11.99,3,1010.7,0.0,108,Moderate,CO
2026-07-08 19:18:43,Delhi,Delhi,"Anand Vihar, Delhi - DPCC",28.6139,77.209,58.58,91.45,73.07,24.77,1.37,28.61,28.16,61.8,8.37,175,1013.7,6.7,98,Satisfactory,PM25
2026-07-08 20:18:43,Delhi,Delhi,"Anand Vihar, Delhi - DPCC",28.6139,77.209,55.83,92.18,90.42,34.93,1.17,0.32,27.92,65.94,7.53,87,1009.4,0.0,110,Moderate,NO2
2026-07-08 21:18:43,Delhi,Delhi,"Anand Vihar, Delhi - DPCC",28.6139,77.209,53.61,80.18,57.73,25.29,2.47,5.21,22.44,81.18,10.19,98,1012.2,0.0,106,Moderate,CO
2026-07-08 22:18:43,Delhi,Delhi,"Anand Vihar, Delhi - DPCC",28.6139,77.209,52.41,79.48,75.46,14.22,1.24,-9.05,22.12,79.1,9.01,343,1014.1,0.0,94,Satisfactory,NO2
2026-07-08 23:18:43,Delhi,Delhi,"Anand Vihar, Delhi - DPCC",28.6139,77.209,53.21,76.14,36.94,23.8,1.16,3.35,20.1,88.37,6.99,182,1013.3,0.0,88,Satisfactory,PM25
2026-07-09 00:18:43,Delhi,Delhi,"Anand Vihar, Delhi - DPCC",28.6139,77.209,54.1,85.85,41.58,22.48,2.18,26.09,19.41,92.23,6.98,171,1013.3,0.0,102,Moderate,CO
2026-07-09 01:18:43,Delhi,Delhi,"Anand Vihar, Delhi - DPCC",28.6139,77.209,52.58,74.25,63.61,31.6,1.09,18.96,17.8,94.09,3.01,180,1013.9,0.0,195,Moderate,CO
2026-07-09 02:18:43,Delhi,Delhi,"Anand Vihar, Delhi - DPCC",28.6139,77.209,51.37,82.47,62.92,34.28,1.04,15.24,17.89,98.0,3.49,295,1008.0,0.0,195,Moderate,CO
2026-07-09 03:18:43,Delhi,Delhi,"Anand Vihar, Delhi - DPCC",28.6139,77.209,51.65,81.62,35.28,17.5,2.15,28.04,16.78,98.0,4.65,28,1008.3,3.2,102,Moderate,CO
2026-07-09 04:18:43,Delhi,Delhi,"Anand Vihar, Delhi - DPCC",28.6139,77.209,53.59,84.82,37.42,23.17,0.85,30.24,17.07,98.0,3.53,355,1009.8,0.0,89,Satisfactory,PM25
2026-07-09 05:18:43,Delhi,Delhi,"Anand Vihar, Delhi - DPCC",28.6139,77.209,54.92,87.6,76.72,9.55,2.65,16.26,18.21,98.0,2.81,94,1011.3,0.0,108,Moderate,CO
2026-07-09 06:18:43,Delhi,Delhi,"Anand Vihar, Delhi - DPCC",28.6139,77.209,57.2,98.86,43.54,20.08,2.21,23.94,21.8,98.0,2.14,141,1009.8,0.0,102,Moderate,CO
2026-07-09 07:18:43,Delhi,Delhi,"Anand Vihar, Delhi - DPCC",28.6139,77.209,59.29,105.24,60.78,23.39,1.94,38.56,22.85,93.29,3.16,269,1009.5,0.0,104,Moderate,PM10
2026-07-09 08:18:43,Delhi,Delhi,"Anand Vihar, Delhi - DPCC",28.6139,77.209,60.62,87.38,52.73,10.45,2.57,18.33,22.71,82.4,3.55,4,1014.3,4.0,211,Poor,PM25
2026-07-09 09:18:43,Delhi,Delhi,"Anand Vihar, Delhi - DPCC",28.6139,77.209,61.94,99.44,82.8,17.13,2.65,30.5,24.73,72.55,4.84,51,1009.3,0.0,108,Moderate,CO
2026-07-09 10:18:43,Delhi,Delhi,"Anand Vihar, Delhi - DPCC",28.6139,77.209,64.66,92.59,62.42,25.67,2.52,41.68,27.14,70.87,4.36,237,1010.7,0.0,114,Moderate,PM25
2026-07-09 11:18:43,Delhi,Delhi,"Anand Vihar, Delhi - DPCC",28.6139,77.209,66.12,111.57,27.47,24.19,1.81,56.16,26.64,65.14,6.21,116,1014.2,0.0,118,Moderate,PM25
2026-07-09 12:18:43,Delhi,Delhi,"Anand Vihar, Delhi - DPCC",28.6139,77.209,65.92,95.43,33.82,10.87,2.41,51.76,29.51,57.56,6.75,2,1013.3,0.0,118,Moderate,PM25
2026-07-09 13:18:43,Delhi,Delhi,"Anand Vihar, Delhi - DPCC",28.6139,77.209,66.29,109.81,67.18,18.94,0.61,71.25,34.2,53.11,3.94,2,1011.4,0.0,119,Moderate,PM25
2026-07-09 14:18:43,Delhi,Delhi,"Anand Vihar, Delhi - DPCC",28.6139,77.209,65.27,109.32,68.89,19.27,1.28,71.73,30.44,48.58,9.03,24,1011.4,0.0,116,Moderate,PM25
2026-07-09 15:18:43,Delhi,Delhi,"Anand Vihar, Delhi - DPCC",28.6139,77.209,65.53,94.09,62.92,15.32,2.27,61.38,32.47,50.01,8.96,50,1014.1,0.0,116,Moderate,PM25
2026-07-09 16:18:43,Delhi,Delhi,"Anand Vihar, Delhi - DPCC",28.6139,77.209,62.96,95.78,63.0,17.68,1.19,46.38,29.57,51.52,9.41,4,1012.5,0.0,108,Moderate,PM25
2026-07-09 17:18:43,Delhi,Delhi,"Anand Vihar, Delhi - DPCC",28.6139,77.209,62.84,112.94,66.66,14.1,0.99,47.47,30.02,50.05,10.11,310,1013.7,0.0,109,Moderate,PM10
2026-07-09 18:18:43,Delhi,Delhi,"Anand Vihar, Delhi - DPCC",28.6139,77.209,62.94,99.65,43.81,19.64,1.85,15.05,34.41,57.71,7.94,259,1009.2,0.0,108,Moderate,PM25
2026-07-09 19:18:43,Delhi,Delhi,"Anand Vihar, Delhi - DPCC",28.6139,77.209,60.77,85.73,61.96,16.0,3.15,7.3,31.62,61.15,10.59,160,1011.9,0.0,211,Poor,PM25
2026-07-09 20:18:43,Delhi,Delhi,"Anand Vihar, Delhi - DPCC",28.6139,77.209,57.71,87.82,72.27,16.15,3.08,10.14,26.82,66.93,9.86,179,1013.4,0.0,113,Moderate,CO
2026-07-09 21:18:43,Delhi,Delhi,"Anand Vihar, Delhi - DPCC",28.6139,77.209,55.68,96.3,25.12,31.39,1.7,-5.9,26.13,73.59,6.89,359,1009.5,0.0,96,Satisfactory,PM10
2026-07-09 22:18:43,Delhi,Delhi,"Anand Vihar, Delhi - DPCC",28.6139,77.209,54.2,87.24,60.02,15.21,2.6,-7.4,26.88,82.61,7.63,231,1010.2,0.0,107,Moderate,CO
2026-07-09 23:18:43,Delhi,Delhi,"Anand Vihar, Delhi - DPCC",28.6139,77.209,53.06,93.37,28.01,18.44,2.41,4.24,18.8,88.89,2.97,205,1014.5,0.0,105,Moderate,CO
2026-07-10 00:18:43,Delhi,Delhi,"Anand Vihar, Delhi - DPCC",28.6139,77.209,52.3,82.92,67.35,24.28,2.04,39.95,17.48,87.46,4.92,7,1008.6,0.0,201,Poor,CO
2026-07-10 01:18:43,Delhi,Delhi,"Anand Vihar, Delhi - DPCC",28.6139,77.209,52.23,84.39,35.31,28.73,2.25,29.71,19.65,96.16,5.29,23,1012.1,0.0,103,Moderate,CO
2026-07-10 02:18:43,Delhi,Delhi,"Anand Vihar, Delhi - DPCC",28.6139,77.209,52.32,89.67,76.81,15.43,1.48,38.29,18.98,98.0,4.12,353,1012.6,0.0,96,Satisfactory,NO2
2026-07-10 03:18:43,Delhi,Delhi,"Anand Vihar, Delhi - DPCC",28.6139,77.209,53.93,82.12,23.43,17.26,2.07,17.56,18.57,98.0,4.23,312,1013.2,0.0,202,Poor,CO
2026-07-10 04:18:43,Delhi,Delhi,"Anand Vihar, Delhi - DPCC",28.6139,77.209,53.42,94.82,41.12,20.05,2.08,23.35,17.6,98.0,1.01,8,1013.0,0.0,202,Poor,CO
2026-07-10 05:18:43,Delhi,Delhi,"Anand Vihar, Delhi - DPCC",28.6139,77.209,56.65,91.26,54.95,26.46,2.26,33.19,20.03,95.93,3.07,144,1014.6,0.0,103,Moderate,CO
2026-07-10 06:18:43,Delhi,Delhi,"Anand Vihar, Delhi - DPCC",28.6139,77.209,57.93,83.65,32.17,34.95,1.79,22.1,17.75,87.78,1.89,301,1013.0,0.0,96,Satisfactory,PM25
2026-07-10 07:18:43,Delhi,Delhi,"Anand Vihar, Delhi - DPCC",28.6139,77.209,59.67,90.31,61.63,16.26,2.27,30.49,22.0,87.57,1.41,123,1010.3,0.0,103,Moderate,CO
2026-07-10 08:18:43,Delhi,Delhi,"Anand Vihar, Delhi - DPCC",28.6139,77.209,62.34,89.04,74.62,29.85,2.58,27.43,21.88,81.18,3.37,6,1011.0,14.3,107,Moderate,CO
2026-07-10 09:18:43,Delhi,Delhi,"Anand Vihar, Delhi - DPCC",28.6139,77.209,64.23,109.82,48.06,24.77,1.21,37.9,24.05,76.99,2.52,91,1014.3,0.0,112,Moderate,PM25
2026-07-10 10:18:43,Delhi,Delhi,"Anand Vihar, Delhi - DPCC",28.6139,77.209,66.38,106.04,74.7,33.06,0.96,35.63,26.38,63.53,4.06,316,1009.4,0.0,119,Moderate,PM25
2026-07-10 11:18:43,Delhi,Delhi,"Anand Vihar, Delhi - DPCC",28.6139,77.209,67.53,100.56,52.74,26.47,1.02,56.34,27.1,60.18,5.38,294,1010.3,0.0,195,Moderate,CO
2026-07-10 12:18:43,Delhi,Delhi,"Anand Vihar, Delhi - DPCC",28.6139,77.209,70.64,101.93,45.41,20.21,2.21,69.29,34.67,54.76,6.64,85,1009.2,0.0,134,Moderate,PM25
2026-07-10 13:18:43,Delhi,Delhi,"Anand Vihar, Delhi - DPCC",28.6139,77.209,68.63,102.08,23.28,8.48,0.83,54.3,30.98,54.62,3.37,50,1011.0,0.0,127,Moderate,PM25
2026-07-10 14:18:43,Delhi,Delhi,"Anand Vihar, Delhi - DPCC",28.6139,77.209,70.46,105.02,27.91,31.95,1.21,53.88,32.21,51.71,8.98,161,1011.4,0.0,133,Moderate,PM25
2026-07-10 15:18:43,Delhi,Delhi,"Anand Vihar, Delhi - DPCC",28.6139,77.209,69.45,99.96,46.96,33.39,2.7,49.3,31.83,48.56,12.77,315,1009.9,2.9,130,Moderate,PM25
2026-07-10 16:18:43,Delhi,Delhi,"Anand Vihar, Delhi - DPCC",28.6139,77.209,66.41,114.0,60.83,16.09,1.61,37.96,31.09,53.31,10.2,63,1008.0,0.0,120,Moderate,PM25
2026-07-10 17:18:43,Delhi,Delhi,"Anand Vihar, Delhi - DPCC",28.6139,77.209,64.82,108.35,34.21,10.27,2.29,41.57,30.8,53.57,10.16,187,1009.5,0.0,114,Moderate,PM25
2026-07-10 18:18:43,Delhi,Delhi,"Anand Vihar, Delhi - DPCC",28.6139,77.209,62.47,89.76,43.97,19.31,1.73,32.72,29.44,58.54,9.13,261,1013.5,0.0,106,Moderate,PM25
2026-07-10 19:18:43,Delhi,Delhi,"Anand Vihar, Delhi - DPCC",28.6139,77.209,60.7,86.52,71.67,34.56,1.89,23.01,26.1,59.24,10.36,209,1010.1,9.7,211,Poor,PM25
2026-07-10 20:18:43,Delhi,Delhi,"Anand Vihar, Delhi - DPCC",28.6139,77.209,58.66,91.29,88.46,29.97,2.67,0.65,28.44,67.62,10.09,231,1009.9,0.0,108,Moderate,NO2
2026-07-10 21:18:43,Delhi,Delhi,"Anand Vihar, Delhi - DPCC",28.6139,77.209,56.0,92.32,72.92,33.9,1.02,4.62,24.27,71.32,11.26,6,1012.8,0.0,195,Moderate,CO
2026-07-10 22:18:43,Delhi,Delhi,"Anand Vihar, Delhi - DPCC",28.6139,77.209,53.72,86.5,31.98,28.26,2.24,-14.65,25.91,80.38,9.39,353,1010.7,0.0,103,Moderate,CO
2026-07-10 23:18:43,Delhi,Delhi,"Anand Vihar, Delhi - DPCC",28.6139,77.209,52.04,74.3,54.69,24.14,2.23,-19.27,18.03,85.54,7.63,252,1008.4,0.0,103,Moderate,CO
2026-07-11 00:18:43,Delhi,Delhi,"Anand Vihar, Delhi - DPCC",28.6139,77.209,51.8,81.67,27.84,15.86,2.51,37.61,22.2,95.06,8.7,29,1009.5,0.0,106,Moderate,CO
2026-07-11 01:18:43,Delhi,Delhi,"Anand Vihar, Delhi - DPCC",28.6139,77.209,51.6,82.28,76.09,25.2,2.58,26.41,19.97,92.69,5.21,108,1008.4,0.0,107,Moderate,CO
2026-07-11 02:18:43,Delhi,Delhi,"Anand Vihar, Delhi - DPCC",28.6139,77.209,51.53,89.77,41.53,25.04,2.17,25.75,17.15,98.0,4.47,1,1010.9,0.0,102,Moderate,CO
2026-07-11 03:18:43,Delhi,Delhi,"Anand Vihar, Delhi - DPCC",28.6139,77.209,51.72,80.82,33.24,22.4,2.79,35.01,17.01,98.0,5.2,14,1009.4,0.0,110,Moderate,CO
2026-07-11 04:18:43,Delhi,Delhi,"Anand Vihar, Delhi - DPCC",28.6139,77.209,51.87,87.19,37.97,15.26,2.8,36.45,16.87,98.0,2.95,234,1013.2,2.3,110,Moderate,CO
2026-07-11 05:18:43,Delhi,Delhi,"Anand Vihar, Delhi - DPCC",28.6139,77.209,54.33,89.62,28.04,11.13,2.46,18.48,18.47,95.0,2.67,29,1012.7,0.0,106,Moderate,CO
2026-07-11 06:18:43,Delhi,Delhi,"Anand Vihar, Delhi - DPCC",28.6139,77.209,54.5,94.04,33.03,22.63,2.73,18.7,18.39,86.75,4.13,347,1009.9,0.0,109,Moderate,CO
2026-07-11 07:18:43,Delhi,Delhi,"Anand Vihar, Delhi - DPCC",28.6139,77.209,56.4,90.3,35.47,26.94,0.63,16.24,21.54,82.46,4.22,343,1014.3,0.0,94,Satisfactory,PM25
2026-07-11 08:18:43,Delhi,Delhi,"Anand Vihar, Delhi - DPCC",28.6139,77.209,58.89,85.41,80.93,13.68,1.81,35.48,24.45,84.87,3.21,76,1012.3,9.8,98,Satisfactory,PM25
2026-07-11 09:18:43,Delhi,Delhi,"Anand Vihar, Delhi - DPCC",28.6139,77.209,61.12,92.07,36.88,11.23,2.47,49.18,27.2,77.0,2.42,311,1011.6,0.0,106,Moderate,CO
2026-07-11 10:18:43,Delhi,Delhi,"Anand Vihar, Delhi - DPCC",28.6139,77.209,61.8,93.86,20.04,34.0,2.62,54.69,28.23,68.23,3.29,36,1008.1,0.0,108,Moderate,CO
2026-07-11 11:18:43,Delhi,Delhi,"Anand Vihar, Delhi - DPCC",28.6139,77.209,62.34,94.11,39.2,28.61,2.36,52.94,29.43,60.86,5.32,104,1011.2,0.0,106,Moderate,PM25
2026-07-11 12:18:43,Delhi,Delhi,"Anand Vihar, Delhi - DPCC",28.6139,77.209,64.74,105.68,24.74,13.18,1.64,57.32,30.43,58.68,3.22,210,1013.6,0.0,114,Moderate,PM25
2026-07-11 13:18:43,Delhi,Delhi,"Anand Vihar, Delhi - DPCC",28.6139,77.209,64.46,91.67,53.25,23.87,2.66,68.15,33.54,55.25,11.12,200,1014.8,0.0,113,Moderate,PM25
2026-07-11 14:18:43,Delhi,Delhi,"Anand Vihar, Delhi - DPCC",28.6139,77.209,64.84,95.2,46.84,13.68,2.12,70.22,32.26,49.46,8.15,107,1012.7,0.0,114,Moderate,PM25
2026-07-11 15:18:43,Delhi,Delhi,"Anand Vihar, Delhi - DPCC",28.6139,77.209,63.52,101.56,36.56,27.74,0.77,59.92,32.12,49.8,6.92,102,1013.1,0.0,110,Moderate,PM25
2026-07-11 16:18:43,Delhi,Delhi,"Anand Vihar, Delhi - DPCC",28.6139,77.209,63.16,100.1,69.1,26.45,1.0,56.1,33.91,46.93,9.52,101,1009.9,0.0,195,Moderate,CO
2026-07-11 17:18:43,Delhi,Delhi,"Anand Vihar, Delhi - DPCC",28.6139,77.209,61.68,89.4,55.0,27.84,1.31,26.68,31.43,44.21,9.73,13,1013.1,0.0,103,Moderate,PM25
2026-07-11 18:18:43,Delhi,Delhi,"Anand Vihar, Delhi - DPCC",28.6139,77.209,60.32,93.7,70.23,31.36,1.93,33.19,30.41,57.97,9.08,240,1009.4,0.0,210,Poor,PM25
2026-07-11 19:18:43,Delhi,Delhi,"Anand Vihar, Delhi - DPCC",28.6139,77.209,58.36,96.18,73.3,26.88,1.35,25.42,27.52,56.34,13.89,353,1013.2,0.0,97,Satisfactory,PM25
2026-07-11 20:18:43,Delhi,Delhi,"Anand Vihar, Delhi - DPCC",28.6139,77.209,56.72,80.04,59.22,34.83,1.48,11.24,27.4,70.17,8.77,181,1012.8,0.0,94,Satisfactory,PM25
2026-07-11 21:18:43,Delhi,Delhi,"Anand Vihar, Delhi - DPCC",28.6139,77.209,55.48,98.16,20.95,27.71,2.56,-11.77,28.15,70.76,8.97,203,1012.5,0.0,107,Moderate,CO
2026-07-11 22:18:43,Delhi,Delhi,"Anand Vihar, Delhi - DPCC",28.6139,77.209,52.34,81.0,29.57,31.91,0.62,3.77,22.45,75.94,9.68,260,1011.6,0.0,87,Satisfactory,PM25
2026-07-11 23:18:43,Delhi,Delhi,"Anand Vihar, Delhi - DPCC",28.6139,77.209,51.52,77.1,20.94,17.72,0.8,-13.58,19.68,87.66,8.99,94,1013.4,0.0,86,Satisfactory,PM25
2026-07-12 00:18:43,Delhi,Delhi,"Anand Vihar, Delhi - DPCC",28.6139,77.209,48.9,83.88,60.91,32.0,2.12,21.09,19.08,93.13,3.89,203,1008.1,0.0,101,Moderate,CO
2026-07-12 01:18:43,Delhi,Delhi,"Anand Vihar, Delhi - DPCC",28.6139,77.209,47.89,82.55,42.76,9.28,0.99,38.9,15.47,96.05,4.58,181,1011.5,7.8,82,Satisfactory,PM10
2026-07-12 02:18:43,Delhi,Delhi,"Anand Vihar, Delhi - DPCC",28.6139,77.209,49.16,71.95,41.25,19.33,1.46,31.65,17.15,97.15,3.48,262,1011.5,0.0,82,Satisfactory,PM25
2026-07-12 03:18:43,Delhi,Delhi,"Anand Vihar, Delhi - DPCC",28.6139,77.209,49.73,69.83,25.49,23.03,2.56,22.18,16.33,97.73,3.16,139,1008.3,0.0,107,Moderate,CO
2026-07-12 04:18:43,Delhi,Delhi,"Anand Vihar, Delhi - DPCC",28.6139,77.209,51.05,82.09,31.43,20.48,2.59,16.27,18.81,97.99,4.36,323,1014.6,0.0,107,Moderate,CO
2026-07-12 05:18:43,Delhi,Delhi,"Anand Vihar, Delhi - DPCC",28.6139,77.209,52.0,90.19,77.7,28.93,1.97,30.17,21.06,97.07,4.4,289,1011.6,6.1,98,Satisfactory,CO
2026-07-12 06:18:43,Delhi,Delhi,"Anand Vihar, Delhi - DPCC",28.6139,77.209,52.55,75.73,52.13,10.3,1.27,33.61,19.08,95.71,1.0,252,1010.6,10.7,87,Satisfactory,PM25
2026-07-12 07:18:43,Delhi,Delhi,"Anand Vihar, Delhi - DPCC",28.6139,77.209,54.77,80.26,53.94,21.61,0.63,24.07,20.74,90.76,3.11,319,1011.4,0.0,91,Satisfactory,PM25
2026-07-12 08:18:43,Delhi,Delhi,"Anand Vihar, Delhi - DPCC",28.6139,77.209,55.53,82.06,68.72,16.49,1.29,32.13,20.99,78.68,5.1,27,1011.0,0.0,92,Satisfactory,PM25
2026-07-12 09:18:43,Delhi,Delhi,"Anand Vihar, Delhi - DPCC",28.6139,77.209,56.21,94.05,87.29,14.41,3.25,35.47,26.68,73.38,1.27,33,1008.9,0.0,116,Moderate,CO
2026-07-12 10:18:43,Delhi,Delhi,"Anand Vihar, Delhi - DPCC",28.6139,77.209,58.76,97.89,26.31,26.14,2.0,55.72,27.41,69.13,4.76,149,1012.9,0.0,100,Satisfactory,CO
2026-07-12 11:18:43,Delhi,Delhi,"Anand Vihar, Delhi - DPCC",28.6139,77.209,60.11,94.92,77.3,32.83,1.28,48.54,31.24,69.02,6.51,92,1013.6,0.0,210,Poor,PM25
2026-07-12 12:18:43,Delhi,Delhi,"Anand Vihar, Delhi - DPCC",28.6139,77.209,60.6,107.05,56.93,13.2,1.93,65.22,30.67,62.73,6.82,209,1014.6,2.0,211,Poor,PM25
2026-07-12 13:18:43,Delhi,Delhi,"Anand Vihar, Delhi - DPCC",28.6139,77.209,62.27,103.26,73.52,27.79,1.72,74.8,30.56,55.58,6.75,153,1012.5,0.0,105,Moderate,PM25
2026-07-12 14:18:43,Delhi,Delhi,"Anand Vihar, Delhi - DPCC",28.6139,77.209,61.56,97.09,53.69,30.92,1.58,71.26,33.27,56.05,5.32,286,1012.1,0.0,103,Moderate,PM25
2026-07-12 15:18:43,Delhi,Delhi,"Anand Vihar, Delhi - DPCC",28.6139,77.209,62.08,87.5,44.82,16.08,2.25,48.52,36.15,48.29,8.51,45,1010.2,0.0,105,Moderate,PM25
2026-07-12 16:18:43,Delhi,Delhi,"Anand Vihar, Delhi - DPCC",28.6139,77.209,62.63,107.66,36.17,31.96,0.9,43.98,34.02,48.18,10.26,262,1010.7,0.0,107,Moderate,PM25
2026-07-12 17:18:43,Delhi,Delhi,"Anand Vihar, Delhi - DPCC",28.6139,77.209,60.19,101.95,35.13,21.25,0.77,41.26,31.88,50.01,12.65,343,1014.1,0.0,210,Poor,PM25
2026-07-12 18:18:43,Delhi,Delhi,"Anand Vihar, Delhi - DPCC",28.6139,77.209,58.13,96.65,31.89,11.89,2.8,30.56,31.93,52.19,9.66,217,1008.3,1.0,110,Moderate,CO
2026-07-12 19:18:43,Delhi,Delhi,"Anand Vihar, Delhi - DPCC",28.6139,77.209,60.26,85.87,78.27,14.22,2.61,28.73,28.97,64.61,10.89,341,1011.4,0.0,210,Poor,PM25
2026-07-12 20:18:43,Delhi,Delhi,"Anand Vihar, Delhi - DPCC",28.6139,77.209,58.28,87.69,91.8,27.61,1.58,5.65,28.53,69.2,12.08,233,1013.3,0.0,112,Moderate,NO2
2026-07-12 21:18:43,Delhi,Delhi,"Anand Vihar, Delhi - DPCC",28.6139,77.209,58.86,99.54,57.79,17.71,1.49,10.95,25.39,74.02,8.51,177,1013.9,0.0,100,Satisfactory,PM10
2026-07-12 22:18:43,Delhi,Delhi,"Anand Vihar, Delhi - DPCC",28.6139,77.209,57.0,95.89,34.29,18.49,1.58,4.0,22.72,78.21,8.09,188,1014.7,0.0,96,Satisfactory,PM10
2026-07-12 23:18:43,Delhi,Delhi,"Anand Vihar, Delhi - DPCC",28.6139,77.209,55.89,84.66,53.58,15.54,1.37,3.08,20.6,88.56,7.12,10,1008.6,0.0,93,Satisfactory,PM25
2026-07-13 00:18:43,Delhi,Delhi,"Anand Vihar, Delhi - DPCC",28.6139,77.209,56.61,84.0,52.23,27.9,1.98,26.79,20.41,92.94,6.85,326,1013.1,0.0,99,Satisfactory,CO
2026-07-13 01:18:43,Delhi,Delhi,"Anand Vihar, Delhi - DPCC",28.6139,77.209,55.59,96.91,33.96,11.12,1.32,20.51,17.08,94.48,5.46,257,1012.4,0.0,97,Satisfactory,PM10
2026-07-13 02:18:43,Delhi,Delhi,"Anand Vihar, Delhi - DPCC",28.6139,77.209,52.99,85.19,78.76,26.8,2.08,21.02,18.32,98.0,5.75,114,1011.4,0.0,202,Poor,CO
2026-07-13 03:18:43,Delhi,Delhi,"Anand Vihar, Delhi - DPCC",28.6139,77.209,54.02,75.66,36.99,31.8,1.91,30.2,14.37,98.0,2.3,68,1013.7,0.0,95,Satisfactory,CO
2026-07-13 04:18:43,Delhi,Delhi,"Anand Vihar, Delhi - DPCC",28.6139,77.209,53.25,90.47,52.99,20.21,0.97,30.92,19.16,98.0,2.17,333,1011.5,0.0,90,Satisfactory,PM10
2026-07-13 05:18:43,Delhi,Delhi,"Anand Vihar, Delhi - DPCC",28.6139,77.209,51.1,78.48,63.14,15.75,1.15,23.91,18.2,98.0,1.27,221,1011.4,0.0,85,Satisfactory,PM25
2026-07-13 06:18:43,Delhi,Delhi,"Anand Vihar, Delhi - DPCC",28.6139,77.209,53.49,84.44,53.04,33.5,1.07,28.0,19.65,87.61,2.23,294,1014.3,0.0,195,Moderate,CO
2026-07-13 07:18:43,Delhi,Delhi,"Anand Vihar, Delhi - DPCC",28.6139,77.209,54.79,91.46,51.83,25.9,1.9,25.57,21.21,85.6,1.17,188,1012.6,0.0,94,Satisfactory,CO
2026-07-13 08:18:43,Delhi,Delhi,"Anand Vihar, Delhi - DPCC",28.6139,77.209,56.44,86.83,79.6,19.83,2.9,28.73,22.65,81.24,1.9,219,1009.8,0.0,111,Moderate,CO
2026-07-13 09:18:43,Delhi,Delhi,"Anand Vihar, Delhi - DPCC",28.6139,77.209,57.15,93.77,76.85,10.44,2.19,32.39,26.07,72.49,4.58,321,1011.0,0.0,102,Moderate,CO
2026-07-13 10:18:43,Delhi,Delhi,"Anand Vihar, Delhi - DPCC",28.6139,77.209,56.69,89.09,55.13,22.07,0.93,37.21,25.0,69.84,7.01,129,1013.7,0.0,94,Satisfactory,PM25
2026-07-13 11:18:43,Delhi,Delhi,"Anand Vihar, Delhi - DPCC",28.6139,77.209,57.93,82.79,75.96,18.65,2.34,50.29,30.47,65.12,5.98,14,1013.8,0.0,125,Moderate,O3
2026-07-13 12:18:43,Delhi,Delhi,"Anand Vihar, Delhi - DPCC",28.6139,77.209,60.23,105.38,22.61,15.05,2.53,67.1,34.27,57.36,5.94,190,1010.8,0.0,210,Poor,PM25
2026-07-13 13:18:43,Delhi,Delhi,"Anand Vihar, Delhi - DPCC",28.6139,77.209,60.06,103.28,68.18,19.21,1.22,57.1,32.9,58.76,7.32,129,1012.3,0.0,210,Poor,PM25
2026-07-13 14:18:43,Delhi,Delhi,"Anand Vihar, Delhi - DPCC",28.6139,77.209,62.15,106.86,36.03,14.6,1.1,56.77,32.29,42.17,8.37,78,1008.9,2.7,105,Moderate,PM25
2026-07-13 15:18:43,Delhi,Delhi,"Anand Vihar, Delhi - DPCC",28.6139,77.209,61.01,96.85,55.48,31.94,2.56,61.96,34.22,50.23,8.6,283,1008.1,0.0,107,Moderate,CO
2026-07-13 16:18:43,Delhi,Delhi,"Anand Vihar, Delhi - DPCC",28.6139,77.209,60.74,85.13,20.66,19.25,0.94,52.18,34.45,48.26,10.8,319,1011.1,0.0,211,Poor,PM25
2026-07-13 17:18:43,Delhi,Delhi,"Anand Vihar, Delhi - DPCC",28.6139,77.209,61.06,101.09,71.21,27.91,2.54,36.66,32.92,51.61,10.87,186,1012.1,0.0,106,Moderate,CO
2026-07-13 18:18:43,Delhi,Delhi,"Anand Vihar, Delhi - DPCC",28.6139,77.209,59.18,97.02,56.11,9.74,2.74,28.6,30.57,60.07,14.59,219,1009.9,0.0,109,Moderate,CO
2026-07-13 19:18:43,Delhi,Delhi,"Anand Vihar, Delhi - DPCC",28.6139,77.209,59.79,84.9,71.2,29.78,1.45,4.56,29.08,64.9,7.81,49,1011.0,0.0,100,Satisfactory,PM25
2026-07-13 20:18:43,Delhi,Delhi,"Anand Vihar, Delhi - DPCC",28.6139,77.209,56.51,88.16,81.7,33.41,3.0,8.53,28.08,63.32,8.57,44,1008.7,0.0,112,Moderate,CO
2026-07-13 21:18:43,Delhi,Delhi,"Anand Vihar, Delhi - DPCC",28.6139,77.209,54.35,97.79,31.28,12.0,0.82,1.18,23.71,70.67,11.38,192,1013.5,0.0,98,Satisfactory,PM10
2026-07-13 22:18:43,Delhi,Delhi,"Anand Vihar, Delhi - DPCC",28.6139,77.209,51.96,74.81,23.27,26.0,2.38,-5.57,23.32,81.63,7.5,336,1012.2,0.0,104,Moderate,CO
2026-07-13 23:18:43,Delhi,Delhi,"Anand Vihar, Delhi - DPCC",28.6139,77.209,52.4,78.27,23.6,21.98,0.87,4.05,22.23,89.79,6.85,139,1010.3,0.0,87,Satisfactory,PM25
2026-07-14 00:18:43,Delhi,Delhi,"Anand Vihar, Delhi - DPCC",28.6139,77.209,50.49,72.83,60.23,15.8,1.89,29.78,16.95,95.57,7.79,185,1010.3,0.0,94,Satisfactory,CO
2026-07-14 01:18:43,Delhi,Delhi,"Anand Vihar, Delhi - DPCC",28.6139,77.209,50.74,79.18,71.3,19.66,1.45,32.25,15.13,94.0,5.81,182,1013.1,0.0,89,Satisfactory,NO2
2026-07-14 02:18:43,Delhi,Delhi,"Anand Vihar, Delhi - DPCC",28.6139,77.209,49.49,73.76,72.37,29.99,1.11,20.02,19.39,96.2,6.21,110,1009.1,0.0,90,Satisfactory,NO2
2026-07-14 03:18:43,Delhi,Delhi,"Anand Vihar, Delhi - DPCC",28.6139,77.209,52.46,80.5,39.72,15.69,1.65,19.52,16.24,98.0,3.47,10,1008.1,8.3,87,Satisfactory,PM25
2026-07-14 04:18:43,Delhi,Delhi,"Anand Vihar, Delhi - DPCC",28.6139,77.209,53.39,88.82,50.64,20.88,2.44,33.9,19.12,96.14,2.97,41,1013.6,0.0,105,Moderate,CO
2026-07-14 05:18:43,Delhi,Delhi,"Anand Vihar, Delhi - DPCC",28.6139,77.209,57.08,99.52,57.73,28.6,2.28,23.91,17.77,98.0,1.68,135,1014.3,1.3,103,Moderate,CO
2026-07-14 06:18:43,Delhi,Delhi,"Anand Vihar, Delhi - DPCC",28.6139,77.209,58.46,90.72,65.3,26.15,1.77,17.47,20.24,93.57,2.88,61,1014.0,0.0,97,Satisfactory,PM25
2026-07-14 07:18:43,Delhi,Delhi,"Anand Vihar, Delhi - DPCC",28.6139,77.209,62.15,96.51,36.91,27.49,2.5,31.35,21.96,83.79,2.7,19,1011.1,8.8,106,Moderate,CO
2026-07-14 08:18:43,Delhi,Delhi,"Anand Vihar, Delhi - DPCC",28.6139,77.209,64.79,98.62,70.58,22.52,1.11,16.81,21.99,83.42,2.5,52,1013.0,0.0,114,Moderate,PM25
2026-07-14 09:18:43,Delhi,Delhi,"Anand Vihar, Delhi - DPCC",28.6139,77.209,64.75,114.18,40.59,20.64,3.05,41.85,26.13,70.04,2.64,135,1011.6,0.0,114,Moderate,PM25
2026-07-14 10:18:43,Delhi,Delhi,"Anand Vihar, Delhi - DPCC",28.6139,77.209,65.34,109.54,74.17,30.96,1.51,38.38,28.62,68.94,3.37,231,1013.9,0.0,116,Moderate,PM25
2026-07-14 11:18:43,Delhi,Delhi,"Anand Vihar, Delhi - DPCC",28.6139,77.209,65.57,101.07,27.95,26.15,1.72,61.34,27.34,58.44,3.75,170,1014.1,12.2,117,Moderate,PM25
2026-07-14 12:18:43,Delhi,Delhi,"Anand Vihar, Delhi - DPCC",28.6139,77.209,67.29,115.79,40.93,26.73,0.95,70.69,30.11,54.17,3.1,254,1013.7,0.0,122,Moderate,PM25
2026-07-14 13:18:43,Delhi,Delhi,"Anand Vihar, Delhi - DPCC",28.6139,77.209,66.01,102.15,61.4,18.45,1.36,70.9,34.35,54.25,6.52,89,1008.1,0.0,118,Moderate,PM25
2026-07-14 14:18:43,Delhi,Delhi,"Anand Vihar, Delhi - DPCC",28.6139,77.209,67.76,95.43,22.19,32.37,0.76,70.64,33.91,53.1,7.23,111,1014.0,0.0,124,Moderate,PM25
2026-07-14 15:18:43,Delhi,Delhi,"Anand Vihar, Delhi - DPCC",28.6139,77.209,66.12,111.95,57.01,8.08,0.62,63.54,32.75,52.27,7.32,163,1014.0,0.0,118,Moderate,PM25
2026-07-14 16:18:43,Delhi,Delhi,"Anand Vihar, Delhi - DPCC",28.6139,77.209,64.68,105.84,50.35,8.49,2.65,37.53,33.69,53.94,10.98,286,1008.9,0.0,114,Moderate,PM25
2026-07-14 17:18:43,Delhi,Delhi,"Anand Vihar, Delhi - DPCC",28.6139,77.209,62.9,99.83,36.37,20.52,2.55,37.19,33.25,46.99,12.22,165,1008.1,0.0,108,Moderate,PM25
2026-07-14 18:18:43,Delhi,Delhi,"Anand Vihar, Delhi - DPCC",28.6139,77.209,64.01,101.14,40.27,18.48,1.13,38.11,29.24,56.35,10.52,7,1014.8,0.0,111,Moderate,PM25
2026-07-14 19:18:43,Delhi,Delhi,"Anand Vihar, Delhi - DPCC",28.6139,77.209,62.01,93.21,59.41,20.42,1.75,5.01,29.04,64.51,14.12,101,1008.3,0.0,104,Moderate,PM25
2026-07-14 20:18:43,Delhi,Delhi,"Anand Vihar, Delhi - DPCC",28.6139,77.209,62.2,98.34,37.59,16.36,1.8,15.39,26.9,64.68,11.29,348,1010.3,0.0,105,Moderate,PM25
2026-07-14 21:18:43,Delhi,Delhi,"Anand Vihar, Delhi - DPCC",28.6139,77.209,60.06,100.04,51.68,34.17,2.19,-8.01,22.04,75.94,8.34,57,1013.5,0.0,210,Poor,PM25
2026-07-14 22:18:43,Delhi,Delhi,"Anand Vihar, Delhi - DPCC",28.6139,77.209,57.56,98.37,49.51,29.18,1.88,-16.23,23.44,77.59,8.37,270,1014.4,0.0,98,Satisfactory,PM10
2026-07-14 23:18:43,Delhi,Delhi,"Anand Vihar, Delhi - DPCC",28.6139,77.209,58.16,81.54,75.07,13.33,2.77,-1.59,21.24,89.51,9.3,169,1012.0,9.5,109,Moderate,CO
2026-07-15 00:18:43,Delhi,Delhi,"Anand Vihar, Delhi - DPCC",28.6139,77.209,57.93,92.82,24.63,16.27,2.04,20.98,19.75,95.17,5.65,210,1011.6,0.0,201,Poor,CO
2026-07-15 01:18:43,Delhi,Delhi,"Anand Vihar, Delhi - DPCC",28.6139,77.209,55.87,94.68,24.21,31.34,1.7,25.96,19.58,98.0,7.56,47,1013.3,0.0,95,Satisfactory,PM10
2026-07-15 02:18:43,Delhi,Delhi,"Anand Vihar, Delhi - DPCC",28.6139,77.209,56.86,87.71,26.06,33.97,2.04,26.4,16.45,94.23,3.06,353,1008.9,0.0,201,Poor,CO
2026-07-15 03:18:43,Delhi,Delhi,"Anand Vihar, Delhi - DPCC",28.6139,77.209,53.35,84.74,30.55,11.91,1.16,37.86,14.17,98.0,3.0,272,1013.7,0.0,89,Satisfactory,PM25
2026-07-15 04:18:43,Delhi,Delhi,"Anand Vihar, Delhi - DPCC",28.6139,77.209,53.19,84.37,35.91,27.83,2.0,36.87,16.17,98.0,1.0,157,1013.3,0.0,100,Satisfactory,CO
2026-07-15 05:18:43,Delhi,Delhi,"Anand Vihar, Delhi - DPCC",28.6139,77.209,54.98,79.24,26.44,10.73,0.62,28.72,18.81,96.48,3.28,194,1014.8,0.0,92,Satisfactory,PM25
2026-07-15 06:18:43,Delhi,Delhi,"Anand Vihar, Delhi - DPCC",28.6139,77.209,56.6,92.13,40.59,23.16,0.76,34.12,21.04,94.5,2.0,132,1009.0,0.0,94,Satisfactory,PM25
2026-07-15 07:18:43,Delhi,Delhi,"Anand Vihar, Delhi - DPCC",28.6139,77.209,58.75,105.0,66.77,8.61,1.92,32.39,20.0,95.79,1.0,60,1010.3,0.0,104,Moderate,PM10
2026-07-15 08:18:43,Delhi,Delhi,"Anand Vihar, Delhi - DPCC",28.6139,77.209,58.65,88.08,93.93,34.54,3.13,34.64,25.37,84.46,2.21,147,1010.3,0.0,114,Moderate,CO
2026-07-15 09:18:43,Delhi,Delhi,"Anand Vihar, Delhi - DPCC",28.6139,77.209,57.96,101.9,42.57,11.33,1.42,26.56,22.15,75.63,2.83,155,1013.3,0.0,102,Moderate,PM10
2026-07-15 10:18:43,Delhi,Delhi,"Anand Vihar, Delhi - DPCC",28.6139,77.209,59.33,85.54,72.86,22.24,2.41,56.99,27.29,62.61,5.52,346,1011.8,9.8,105,Moderate,CO
2026-07-15 11:18:43,Delhi,Delhi,"Anand Vihar, Delhi - DPCC",28.6139,77.209,62.02,103.03,40.94,34.09,2.36,59.08,29.3,59.84,3.29,241,1008.5,0.0,104,Moderate,PM25
2026-07-15 12:18:43,Delhi,Delhi,"Anand Vihar, Delhi - DPCC",28.6139,77.209,62.87,98.14,29.09,19.93,2.3,54.89,33.4,57.56,7.02,43,1010.2,0.0,107,Moderate,PM25
2026-07-15 13:18:43,Delhi,Delhi,"Anand Vihar, Delhi - DPCC",28.6139,77.209,64.22,100.26,32.47,29.96,2.23,66.54,29.86,52.36,7.21,207,1011.9,0.0,112,Moderate,PM25
2026-07-15 14:18:43,Delhi,Delhi,"Anand Vihar, Delhi - DPCC",28.6139,77.209,65.92,101.52,45.49,11.46,0.87,63.78,32.78,54.14,9.54,200,1012.5,2.9,118,Moderate,PM25
2026-07-15 15:18:43,Delhi,Delhi,"Anand Vihar, Delhi - DPCC",28.6139,77.209,64.28,108.42,62.36,14.32,1.19,59.68,33.8,46.29,8.66,263,1009.1,0.0,112,Moderate,PM25
2026-07-15 16:18:43,Delhi,Delhi,"Anand Vihar, Delhi - DPCC",28.6139,77.209,62.45,104.77,51.15,16.05,1.53,43.03,32.78,48.69,9.2,130,1009.8,0.0,106,Moderate,PM25
2026-07-15 17:18:43,Delhi,Delhi,"Anand Vihar, Delhi - DPCC",28.6139,77.209,61.66,105.51,70.48,23.65,1.96,32.89,34.93,57.26,9.03,28,1009.3,0.0,104,Moderate,PM10
2026-07-15 18:18:43,Delhi,Delhi,"Anand Vihar, Delhi - DPCC",28.6139,77.209,62.53,107.86,27.71,8.5,2.12,22.53,31.27,54.25,11.05,168,1011.5,0.0,106,Moderate,PM25
2026-07-15 19:18:43,Delhi,Delhi,"Anand Vihar, Delhi - DPCC",28.6139,77.209,59.54,91.29,39.27,10.42,2.05,13.08,34.4,56.71,10.6,247,1014.0,0.0,202,Poor,CO
2026-07-15 20:18:43,Delhi,Delhi,"Anand Vihar, Delhi - DPCC",28.6139,77.209,57.91,95.34,61.63,13.08,2.54,-1.86,26.83,72.43,13.86,264,1008.4,0.0,106,Moderate,CO
2026-07-15 21:18:43,Delhi,Delhi,"Anand Vihar, Delhi - DPCC",28.6139,77.209,55.41,81.64,45.9,30.07,2.45,-0.3,26.05,74.19,11.58,271,1014.7,0.0,105,Moderate,CO
2026-07-15 22:18:43,Delhi,Delhi,"Anand Vihar, Delhi - DPCC",28.6139,77.209,54.96,80.64,70.01,13.27,2.56,-6.82,23.85,81.38,11.56,33,1010.0,0.0,107,Moderate,CO
2026-07-15 23:18:43,Delhi,Delhi,"Anand Vihar, Delhi - DPCC",28.6139,77.209,53.96,97.04,70.73,24.5,0.69,2.54,21.3,90.71,7.79,300,1013.8,0.0,97,Satisfactory,PM10
2026-07-16 00:18:43,Delhi,Delhi,"Anand Vihar, Delhi - DPCC",28.6139,77.209,52.17,79.47,21.2,23.73,2.14,36.35,17.46,93.09,4.81,2,1008.7,11.0,102,Moderate,CO
2026-07-16 01:18:43,Delhi,Delhi,"Anand Vihar, Delhi - DPCC",28.6139,77.209,52.34,78.51,72.66,29.96,2.71,37.09,17.43,93.97,6.25,97,1009.5,0.0,109,Moderate,CO
2026-07-16 02:18:43,Delhi,Delhi,"Anand Vihar, Delhi - DPCC",28.6139,77.209,53.89,95.98,44.29,21.67,2.74,21.91,17.29,97.22,5.53,245,1009.8,0.0,109,Moderate,CO
2026-07-16 03:18:43,Delhi,Delhi,"Anand Vihar, Delhi - DPCC",28.6139,77.209,52.68,78.48,49.63,33.96,2.29,27.21,17.38,98.0,1.0,269,1013.5,0.0,103,Moderate,CO
2026-07-16 04:18:43,Delhi,Delhi,"Anand Vihar, Delhi - DPCC",28.6139,77.209,54.74,97.64,75.87,29.31,2.19,21.85,19.18,98.0,4.76,98,1010.7,0.0,102,Moderate,CO
2026-07-16 05:18:43,Delhi,Delhi,"Anand Vihar, Delhi - DPCC",28.6139,77.209,55.65,88.87,22.2,13.29,2.42,35.77,16.32,98.0,2.07,277,1010.9,0.0,105,Moderate,CO
2026-07-16 06:18:43,Delhi,Delhi,"Anand Vihar, Delhi - DPCC",28.6139,77.209,56.94,85.14,76.51,24.3,0.83,29.32,20.17,96.18,2.5,191,1009.8,0.0,96,Satisfactory,NO2
2026-07-16 07:18:43,Delhi,Delhi,"Anand Vihar, Delhi - DPCC",28.6139,77.209,56.58,92.19,69.29,8.77,1.99,23.74,21.37,85.09,1.0,123,1013.8,0.0,99,Satisfactory,CO
2026-07-16 08:18:43,Delhi,Delhi,"Anand Vihar, Delhi - DPCC",28.6139,77.209,57.87,103.04,72.34,27.08,1.76,25.3,23.31,88.39,2.72,264,1010.6,0.0,102,Moderate,PM10
2026-07-16 09:18:43,Delhi,Delhi,"Anand Vihar, Delhi - DPCC",28.6139,77.209,61.1,97.5,57.98,14.0,2.91,41.02,26.53,76.98,3.55,17,1014.0,0.0,111,Moderate,CO
2026-07-16 10:18:43,Delhi,Delhi,"Anand Vihar, Delhi - DPCC",28.6139,77.209,62.63,97.06,33.88,27.84,1.27,39.97,27.28,66.51,6.04,329,1013.9,0.0,107,Moderate,PM25
2026-07-16 11:18:43,Delhi,Delhi,"Anand Vihar, Delhi - DPCC",28.6139,77.209,64.25,110.66,56.15,15.99,2.55,64.33,29.45,60.81,5.41,229,1008.4,0.0,112,Moderate,PM25
2026-07-16 12:18:43,Delhi,Delhi,"Anand Vihar, Delhi - DPCC",28.6139,77.209,64.22,108.65,40.84,26.39,1.42,51.93,31.07,54.55,6.16,207,1008.3,0.0,112,Moderate,PM25
2026-07-16 13:18:43,Delhi,Delhi,"Anand Vihar, Delhi - DPCC",28.6139,77.209,65.84,117.84,22.78,17.61,1.07,68.9,32.13,50.77,8.01,174,1012.8,0.0,195,Moderate,CO
2026-07-16 14:18:43,Delhi,Delhi,"Anand Vihar, Delhi - DPCC",28.6139,77.209,67.32,116.0,31.39,10.97,2.19,52.2,33.16,52.24,9.58,303,1010.1,0.0,123,Moderate,PM25
2026-07-16 15:18:43,Delhi,Delhi,"Anand Vihar, Delhi - DPCC",28.6139,77.209,66.51,112.45,70.15,19.21,2.28,47.68,33.05,50.03,9.82,336,1011.7,0.0,120,Moderate,PM25
2026-07-16 16:18:43,Delhi,Delhi,"Anand Vihar, Delhi - DPCC",28.6139,77.209,65.83,96.71,54.78,23.0,2.23,48.05,32.51,48.54,9.17,223,1013.0,0.0,118,Moderate,PM25
2026-07-16 17:18:43,Delhi,Delhi,"Anand Vihar, Delhi - DPCC",28.6139,77.209,63.74,111.73,54.94,11.42,1.62,46.94,32.57,52.49,11.09,256,1008.7,8.6,110,Moderate,PM25
2026-07-16 18:18:43,Delhi,Delhi,"Anand Vihar, Delhi - DPCC",28.6139,77.209,63.51,97.56,20.39,20.95,0.63,17.3,31.63,55.28,7.68,100,1012.1,2.6,110,Moderate,PM25
2026-07-16 19:18:43,Delhi,Delhi,"Anand Vihar, Delhi - DPCC",28.6139,77.209,60.84,100.75,38.28,19.0,1.49,6.93,29.65,64.74,10.54,19,1011.0,0.0,211,Poor,PM25
2026-07-16 20:18:43,Delhi,Delhi,"Anand Vihar, Delhi - DPCC",28.6139,77.209,60.91,89.65,92.58,18.4,1.85,16.29,26.82,70.66,14.1,261,1012.1,0.0,211,Poor,PM25
2026-07-16 21:18:43,Delhi,Delhi,"Anand Vihar, Delhi - DPCC",28.6139,77.209,58.15,100.15,79.38,18.19,1.58,-12.15,25.59,74.54,7.74,293,1014.2,0.0,99,Satisfactory,NO2
2026-07-16 22:18:43,Delhi,Delhi,"Anand Vihar, Delhi - DPCC",28.6139,77.209,58.97,105.24,56.16,23.11,0.63,-16.26,24.01,83.53,8.68,312,1014.9,0.0,104,Moderate,PM10
2026-07-16 23:18:43,Delhi,Delhi,"Anand Vihar, Delhi - DPCC",28.6139,77.209,58.08,96.37,40.32,20.69,2.49,-12.54,21.66,89.61,9.55,269,1011.1,0.0,106,Moderate,CO
2026-07-17 00:18:43,Delhi,Delhi,"Anand Vihar, Delhi - DPCC",28.6139,77.209,55.16,91.31,37.21,15.93,1.48,36.31,20.67,98.0,6.51,141,1009.8,0.0,92,Satisfactory,PM25
2026-07-17 01:18:43,Delhi,Delhi,"Anand Vihar, Delhi - DPCC",28.6139,77.209,55.41,82.08,28.81,31.11,2.1,19.66,18.31,98.0,4.5,163,1012.7,0.0,202,Poor,CO
2026-07-17 02:18:43,Delhi,Delhi,"Anand Vihar, Delhi - DPCC",28.6139,77.209,55.21,95.94,34.35,19.21,1.95,27.03,14.79,92.71,3.55,211,1012.4,0.0,98,Satisfactory,CO
2026-07-17 03:18:43,Delhi,Delhi,"Anand Vihar, Delhi - DPCC",28.6139,77.209,55.61,99.06,52.46,27.31,1.82,36.37,16.06,93.9,1.88,145,1008.9,0.0,99,Satisfactory,PM10
2026-07-17 04:18:43,Delhi,Delhi,"Anand Vihar, Delhi - DPCC",28.6139,77.209,56.18,93.52,32.45,32.46,2.44,26.78,16.47,94.79,2.3,262,1008.9,0.0,105,Moderate,CO
2026-07-17 05:18:43,Delhi,Delhi,"Anand Vihar, Delhi - DPCC",28.6139,77.209,56.5,98.68,22.0,32.65,0.86,31.14,18.93,98.0,1.89,184,1008.9,0.0,99,Satisfactory,PM10
2026-07-17 06:18:43,Delhi,Delhi,"Anand Vihar, Delhi - DPCC",28.6139,77.209,59.79,104.8,44.56,15.83,0.63,29.37,17.86,87.61,1.0,65,1011.0,0.0,104,Moderate,PM10
2026-07-17 07:18:43,Delhi,Delhi,"Anand Vihar, Delhi - DPCC",28.6139,77.209,61.81,105.73,64.95,16.88,1.94,36.78,18.6,87.38,2.19,80,1010.7,0.0,104,Moderate,PM10
2026-07-17 08:18:43,Delhi,Delhi,"Anand Vihar, Delhi - DPCC",28.6139,77.209,62.39,100.13,68.85,21.34,2.71,24.59,23.28,81.39,4.06,205,1013.8,0.0,109,Moderate,CO
2026-07-17 09:18:43,Delhi,Delhi,"Anand Vihar, Delhi - DPCC",28.6139,77.209,63.77,101.59,88.79,34.53,1.98,36.2,24.36,69.89,2.33,281,1013.3,0.0,110,Moderate,PM25
2026-07-17 10:18:43,Delhi,Delhi,"Anand Vihar, Delhi - DPCC",28.6139,77.209,64.65,98.07,68.67,10.36,2.37,52.3,26.76,67.1,6.95,244,1012.3,0.0,114,Moderate,PM25
2026-07-17 11:18:43,Delhi,Delhi,"Anand Vihar, Delhi - DPCC",28.6139,77.209,63.88,105.87,26.48,19.78,2.74,44.25,25.11,59.07,3.77,228,1008.7,0.0,111,Moderate,PM25
2026-07-17 12:18:43,Delhi,Delhi,"Anand Vihar, Delhi - DPCC",28.6139,77.209,63.57,113.86,22.24,20.02,0.85,57.07,32.42,57.57,5.6,233,1009.5,0.0,110,Moderate,PM25
2026-07-17 13:18:43,Delhi,Delhi,"Anand Vihar, Delhi - DPCC",28.6139,77.209,62.68,92.05,24.74,26.72,2.33,70.66,33.88,54.79,9.72,94,1014.9,0.0,107,Moderate,PM25
2026-07-17 14:18:43,Delhi,Delhi,"Anand Vihar, Delhi - DPCC",28.6139,77.209,64.13,113.79,34.04,10.28,1.17,48.76,35.14,47.66,5.85,6,1009.9,0.0,112,Moderate,PM25
2026-07-17 15:18:43,Delhi,Delhi,"Anand Vihar, Delhi - DPCC",28.6139,77.209,65.58,103.54,38.58,21.04,1.31,64.29,33.95,53.03,7.41,49,1012.8,0.0,117,Moderate,PM25
2026-07-17 16:18:43,Delhi,Delhi,"Anand Vihar, Delhi - DPCC",28.6139,77.209,66.09,117.93,57.64,15.01,1.24,53.21,35.83,48.16,11.57,124,1014.9,0.0,118,Moderate,PM25
2026-07-17 17:18:43,Delhi,Delhi,"Anand Vihar, Delhi - DPCC",28.6139,77.209,63.95,110.54,25.54,26.2,0.72,42.64,31.72,52.37,12.03,187,1010.8,0.0,111,Moderate,PM25
2026-07-17 18:18:43,Delhi,Delhi,"Anand Vihar, Delhi - DPCC",28.6139,77.209,61.76,104.32,32.37,14.75,1.34,29.73,31.92,62.24,10.04,76,1008.1,0.0,104,Moderate,PM25
2026-07-17 19:18:43,Delhi,Delhi,"Anand Vihar, Delhi - DPCC",28.6139,77.209,58.43,100.36,87.46,30.98,2.81,10.91,31.13,62.94,12.4,18,1011.2,0.0,110,Moderate,CO
2026-07-17 20:18:43,Delhi,Delhi,"Anand Vihar, Delhi - DPCC",28.6139,77.209,58.14,87.7,63.3,27.2,2.07,-2.75,28.0,70.07,10.35,234,1013.4,0.0,202,Poor,CO
2026-07-17 21:18:43,Delhi,Delhi,"Anand Vihar, Delhi - DPCC",28.6139,77.209,57.37,87.85,71.6,11.31,1.55,-3.4,23.35,73.46,10.17,86,1008.9,0.0,96,Satisfactory,PM25
2026-07-17 22:18:43,Delhi,Delhi,"Anand Vihar, Delhi - DPCC",28.6139,77.209,55.82,84.45,53.31,27.72,1.77,4.99,22.15,81.05,9.19,279,1013.2,0.0,93,Satisfactory,PM25
2026-07-17 23:18:43,Delhi,Delhi,"Anand Vihar, Delhi - DPCC",28.6139,77.209,56.54,88.57,71.02,14.2,1.13,-10.68,17.23,88.52,5.28,48,1010.2,0.0,94,Satisfactory,PM25
2026-07-18 00:18:43,Delhi,Delhi,"Anand Vihar, Delhi - DPCC",28.6139,77.209,57.35,82.89,34.85,29.8,2.28,24.65,18.52,92.44,7.26,71,1012.4,0.0,103,Moderate,CO
2026-07-18 01:18:43,Delhi,Delhi,"Anand Vihar, Delhi - DPCC",28.6139,77.209,56.83,79.97,48.96,16.94,2.23,22.82,17.5,97.69,7.25,285,1014.9,0.0,103,Moderate,CO
2026-07-18 02:18:43,Delhi,Delhi,"Anand Vihar, Delhi - DPCC",28.6139,77.209,55.47,83.48,70.33,8.87,1.74,29.18,16.81,95.95,8.46,284,1008.9,0.0,92,Satisfactory,PM25
2026-07-18 03:18:43,Delhi,Delhi,"Anand Vihar, Delhi - DPCC",28.6139,77.209,57.44,89.71,72.52,19.22,1.49,15.91,18.4,98.0,4.33,41,1010.1,0.0,96,Satisfactory,PM25
2026-07-18 04:18:43,Delhi,Delhi,"Anand Vihar, Delhi - DPCC",28.6139,77.209,56.13,93.68,31.81,32.18,0.83,32.66,16.26,98.0,3.03,45,1012.7,0.0,94,Satisfactory,PM10
2026-07-18 05:18:43,Delhi,Delhi,"Anand Vihar, Delhi - DPCC",28.6139,77.209,55.32,93.43,76.26,10.46,0.64,35.14,13.19,98.0,4.46,71,1009.7,0.0,95,Satisfactory,NO2
2026-07-18 06:18:43,Delhi,Delhi,"Anand Vihar, Delhi - DPCC",28.6139,77.209,56.29,80.08,72.1,15.96,0.6,20.6,18.91,88.35,2.67,120,1010.3,2.5,94,Satisfactory,PM25
2026-07-18 07:18:43,Delhi,Delhi,"Anand Vihar, Delhi - DPCC",28.6139,77.209,57.04,85.12,41.04,28.46,1.88,32.22,21.54,92.96,3.63,1,1014.5,0.0,95,Satisfactory,PM25
2026-07-18 08:18:43,Delhi,Delhi,"Anand Vihar, Delhi - DPCC",28.6139,77.209,60.49,95.21,91.81,20.62,3.02,35.27,22.2,82.33,3.78,132,1008.7,0.0,210,Poor,PM25
2026-07-18 09:18:43,Delhi,Delhi,"Anand Vihar, Delhi - DPCC",28.6139,77.209,61.3,94.21,45.1,23.7,3.25,44.85,24.0,75.84,1.0,116,1008.8,0.0,115,Moderate,CO
2026-07-18 10:18:43,Delhi,Delhi,"Anand Vihar, Delhi - DPCC",28.6139,77.209,63.1,90.91,22.95,8.14,1.32,52.08,26.74,67.49,7.05,246,1010.5,0.0,108,Moderate,PM25
2026-07-18 11:18:43,Delhi,Delhi,"Anand Vihar, Delhi - DPCC",28.6139,77.209,64.02,109.88,68.18,27.34,1.05,49.5,28.3,61.81,5.17,117,1009.5,0.0,195,Moderate,CO
2026-07-18 12:18:43,Delhi,Delhi,"Anand Vihar, Delhi - DPCC",28.6139,77.209,65.9,93.17,39.19,24.11,1.93,60.29,30.57,57.25,8.54,48,1014.2,0.0,118,Moderate,PM25
2026-07-18 13:18:43,Delhi,Delhi,"Anand Vihar, Delhi - DPCC",28.6139,77.209,66.5,97.87,33.55,8.68,2.19,70.26,30.39,52.31,7.95,325,1012.7,0.0,120,Moderate,PM25
2026-07-18 14:18:43,Delhi,Delhi,"Anand Vihar, Delhi - DPCC",28.6139,77.209,63.84,109.42,25.6,22.06,2.44,69.04,30.14,51.03,8.7,74,1008.1,0.0,111,Moderate,PM25
2026-07-18 15:18:43,Delhi,Delhi,"Anand Vihar, Delhi - DPCC",28.6139,77.209,61.73,89.5,55.17,28.63,2.78,62.27,33.13,51.5,11.22,354,1012.5,0.0,110,Moderate,CO
2026-07-18 16:18:43,Delhi,Delhi,"Anand Vihar, Delhi - DPCC",28.6139,77.209,60.61,89.01,23.55,10.85,1.01,44.1,32.43,56.23,10.52,75,1012.7,0.0,211,Poor,PM25
2026-07-18 17:18:43,Delhi,Delhi,"Anand Vihar, Delhi - DPCC",28.6139,77.209,61.14,88.31,30.63,19.57,0.88,39.97,32.12,48.68,9.26,61,1010.3,0.0,102,Moderate,PM25
2026-07-18 18:18:43,Delhi,Delhi,"Anand Vihar, Delhi - DPCC",28.6139,77.209,58.7,85.11,21.6,8.34,2.54,16.13,31.06,59.18,11.08,35,1011.1,0.0,106,Moderate,CO
2026-07-18 19:18:43,Delhi,Delhi,"Anand Vihar, Delhi - DPCC",28.6139,77.209,57.66,98.3,85.0,17.4,3.06,15.95,30.9,61.27,11.89,3,1012.4,0.0,113,Moderate,CO
2026-07-18 20:18:43,Delhi,Delhi,"Anand Vihar, Delhi - DPCC",28.6139,77.209,56.84,99.2,61.93,9.7,2.15,11.66,27.19,70.96,13.4,168,1010.1,0.0,102,Moderate,CO
2026-07-18 21:18:43,Delhi,Delhi,"Anand Vihar, Delhi - DPCC",28.6139,77.209,54.19,83.25,39.44,23.85,0.75,7.43,25.0,80.67,10.36,253,1010.0,0.0,90,Satisfactory,PM25
2026-07-18 22:18:43,Delhi,Delhi,"Anand Vihar, Delhi - DPCC",28.6139,77.209,51.12,77.2,68.43,17.91,1.3,2.96,24.46,80.24,9.99,299,1014.0,0.0,86,Satisfactory,NO2
2026-07-18 23:18:43,Delhi,Delhi,"Anand Vihar, Delhi - DPCC",28.6139,77.209,48.23,86.77,66.34,28.55,2.7,2.19,21.48,84.74,6.78,268,1010.6,0.0,108,Moderate,CO
2026-07-19 00:18:43,Delhi,Delhi,"Anand Vihar, Delhi - DPCC",28.6139,77.209,49.38,77.42,67.0,15.25,2.14,15.04,19.7,92.62,3.88,151,1009.3,0.0,101,Moderate,CO
2026-07-19 01:18:43,Delhi,Delhi,"Anand Vihar, Delhi - DPCC",28.6139,77.209,50.79,72.56,64.84,9.43,1.79,21.5,19.88,92.02,6.32,354,1010.2,0.0,89,Satisfactory,CO
2026-07-19 02:18:43,Delhi,Delhi,"Anand Vihar, Delhi - DPCC",28.6139,77.209,51.88,85.84,63.84,32.79,2.61,33.47,16.82,98.0,3.91,73,1013.2,0.0,107,Moderate,CO
2026-07-19 03:18:43,Delhi,Delhi,"Anand Vihar, Delhi - DPCC",28.6139,77.209,52.79,87.4,77.2,10.73,1.28,30.28,19.4,98.0,5.44,188,1013.5,0.0,96,Satisfactory,NO2
2026-07-19 04:18:43,Delhi,Delhi,"Anand Vihar, Delhi - DPCC",28.6139,77.209,53.47,77.22,45.17,16.55,0.68,18.42,13.58,98.0,3.14,338,1014.1,0.0,89,Satisfactory,PM25
2026-07-19 05:18:43,Delhi,Delhi,"Anand Vihar, Delhi - DPCC",28.6139,77.209,53.78,78.28,21.34,31.47,1.82,30.22,15.31,97.29,3.47,248,1013.5,0.0,90,Satisfactory,CO
2026-07-19 06:18:43,Delhi,Delhi,"Anand Vihar, Delhi - DPCC",28.6139,77.209,55.75,98.64,73.04,20.21,2.49,16.21,19.21,91.87,1.0,174,1009.8,0.0,106,Moderate,CO
2026-07-19 07:18:43,Delhi,Delhi,"Anand Vihar, Delhi - DPCC",28.6139,77.209,57.38,98.56,59.68,10.91,1.67,32.44,19.12,80.43,3.61,223,1014.8,6.2,99,Satisfactory,PM10
2026-07-19 08:18:43,Delhi,Delhi,"Anand Vihar, Delhi - DPCC",28.6139,77.209,60.9,88.97,45.6,15.7,3.2,33.35,20.17,84.59,3.83,45,1014.0,0.0,211,Poor,PM25
2026-07-19 09:18:43,Delhi,Delhi,"Anand Vihar, Delhi - DPCC",28.6139,77.209,63.49,109.28,85.74,11.12,3.23,49.81,24.19,73.29,3.39,60,1014.9,0.0,115,Moderate,CO
2026-07-19 10:18:43,Delhi,Delhi,"Anand Vihar, Delhi - DPCC",28.6139,77.209,62.9,94.52,59.85,19.32,2.72,52.67,25.69,66.52,5.91,28,1011.4,0.0,109,Moderate,CO
2026-07-19 11:18:43,Delhi,Delhi,"Anand Vihar, Delhi - DPCC",28.6139,77.209,62.45,92.4,36.84,34.98,1.19,51.54,28.67,58.67,6.95,77,1009.1,0.0,106,Moderate,PM25
2026-07-19 12:18:43,Delhi,Delhi,"Anand Vihar, Delhi - DPCC",28.6139,77.209,63.02,107.79,67.85,22.52,1.28,51.91,31.11,59.25,8.75,235,1008.1,0.0,108,Moderate,PM25
2026-07-19 13:18:43,Delhi,Delhi,"Anand Vihar, Delhi - DPCC",28.6139,77.209,63.46,99.07,20.08,21.42,2.26,70.58,31.03,53.25,9.11,227,1008.6,0.0,109,Moderate,PM25
2026-07-19 14:18:43,Delhi,Delhi,"Anand Vihar, Delhi - DPCC",28.6139,77.209,63.26,96.9,45.41,23.43,2.59,58.15,31.18,57.52,8.77,36,1013.9,0.0,109,Moderate,PM25
2026-07-19 15:18:43,Delhi,Delhi,"Anand Vihar, Delhi - DPCC",28.6139,77.209,63.7,97.98,35.58,19.62,1.63,49.32,33.73,50.31,10.76,352,1013.7,0.0,110,Moderate,PM25
2026-07-19 16:18:43,Delhi,Delhi,"Anand Vihar, Delhi - DPCC",28.6139,77.209,63.13,110.79,41.49,18.22,1.52,49.24,33.73,50.25,14.44,110,1014.5,0.0,108,Moderate,PM25
2026-07-19 17:18:43,Delhi,Delhi,"Anand Vihar, Delhi - DPCC",28.6139,77.209,64.3,109.78,77.64,21.49,0.85,36.83,30.34,56.22,10.29,142,1014.7,0.0,112,Moderate,PM25
2026-07-19 18:18:43,Delhi,Delhi,"Anand Vihar, Delhi - DPCC",28.6139,77.209,63.39,89.39,23.82,13.97,1.73,28.65,29.12,65.08,10.49,53,1010.8,0.0,109,Moderate,PM25
2026-07-19 19:18:43,Delhi,Delhi,"Anand Vihar, Delhi - DPCC",28.6139,77.209,61.38,102.79,60.0,25.51,1.78,19.34,30.4,61.17,10.4,284,1008.1,0.0,102,Moderate,PM25
2026-07-19 20:18:43,Delhi,Delhi,"Anand Vihar, Delhi - DPCC",28.6139,77.209,58.37,89.89,72.65,29.18,2.53,13.13,23.57,65.28,10.96,229,1011.5,0.0,106,Moderate,CO
2026-07-19 21:18:43,Delhi,Delhi,"Anand Vihar, Delhi - DPCC",28.6139,77.209,57.6,100.14,23.83,8.85,1.17,9.2,26.07,76.61,10.75,252,1013.1,0.0,96,Satisfactory,PM25
2026-07-19 22:18:43,Delhi,Delhi,"Anand Vihar, Delhi - DPCC",28.6139,77.209,56.74,94.55,32.82,25.75,1.53,-14.46,24.58,81.61,10.6,351,1010.0,0.0,95,Satisfactory,PM10
2026-07-19 23:18:43,Delhi,Delhi,"Anand Vihar, Delhi - DPCC",28.6139,77.209,54.34,85.34,37.25,12.33,1.22,-14.17,20.79,91.59,8.46,173,1014.5,0.0,90,Satisfactory,PM25
2026-07-20 00:18:43,Delhi,Delhi,"Anand Vihar, Delhi - DPCC",28.6139,77.209,52.75,90.26,69.93,17.75,1.07,24.63,20.28,91.07,8.84,265,1008.8,0.0,195,Moderate,CO
2026-07-20 01:18:43,Delhi,Delhi,"Anand Vihar, Delhi - DPCC",28.6139,77.209,51.56,84.36,24.21,8.71,1.17,28.45,16.83,94.99,5.45,192,1012.9,0.0,86,Satisfactory,PM25
2026-07-20 02:18:43,Delhi,Delhi,"Anand Vihar, Delhi - DPCC",28.6139,77.209,51.49,87.99,41.07,29.92,1.3,19.09,16.4,94.3,1.24,5,1008.8,0.0,88,Satisfactory,PM10
2026-07-20 03:18:43,Delhi,Delhi,"Anand Vihar, Delhi - DPCC",28.6139,77.209,51.84,92.57,50.55,24.94,1.38,23.09,15.82,98.0,3.02,174,1009.1,0.0,93,Satisfactory,PM10
2026-07-20 04:18:43,Delhi,Delhi,"Anand Vihar, Delhi - DPCC",28.6139,77.209,50.38,73.49,53.13,28.33,1.22,20.47,17.13,95.51,3.15,239,1012.2,1.0,84,Satisfactory,PM25
2026-07-20 05:18:43,Delhi,Delhi,"Anand Vihar, Delhi - DPCC",28.6139,77.209,50.34,72.21,65.57,16.48,1.61,20.92,19.38,92.27,4.04,348,1012.9,0.0,84,Satisfactory,PM25
2026-07-20 06:18:43,Delhi,Delhi,"Anand Vihar, Delhi - DPCC",28.6139,77.209,50.3,81.17,70.52,23.75,0.74,31.39,17.36,88.95,4.12,105,1013.6,0.0,88,Satisfactory,NO2
2026-07-20 07:18:43,Delhi,Delhi,"Anand Vihar, Delhi - DPCC",28.6139,77.209,51.18,83.12,20.5,10.23,0.88,19.64,19.52,88.24,2.65,234,1008.4,0.0,85,Satisfactory,PM25
2026-07-20 08:18:43,Delhi,Delhi,"Anand Vihar, Delhi - DPCC",28.6139,77.209,52.42,92.68,61.45,34.85,2.02,30.2,22.91,81.14,1.61,85,1013.8,0.0,201,Poor,CO
2026-07-20 09:18:43,Delhi,Delhi,"Anand Vihar, Delhi - DPCC",28.6139,77.209,55.71,96.54,47.05,20.21,2.62,41.75,26.21,72.19,4.78,35,1014.4,0.0,108,Moderate,CO
2026-07-20 10:18:43,Delhi,Delhi,"Anand Vihar, Delhi - DPCC",28.6139,77.209,58.39,103.12,30.17,30.07,2.65,59.03,26.36,68.81,5.77,128,1008.1,6.7,108,Moderate,CO
2026-07-20 11:18:43,Delhi,Delhi,"Anand Vihar, Delhi - DPCC",28.6139,77.209,58.68,91.43,30.48,30.92,1.26,58.28,28.41,60.51,5.47,339,1011.7,0.0,98,Satisfactory,PM25
2026-07-20 12:18:43,Delhi,Delhi,"Anand Vihar, Delhi - DPCC",28.6139,77.209,59.7,84.07,41.81,22.35,2.52,65.47,29.22,53.32,6.03,10,1013.6,12.5,106,Moderate,CO
2026-07-20 13:18:43,Delhi,Delhi,"Anand Vihar, Delhi - DPCC",28.6139,77.209,62.65,90.48,71.73,30.66,2.04,62.56,32.92,56.68,7.98,128,1008.8,0.0,201,Poor,CO
2026-07-20 14:18:43,Delhi,Delhi,"Anand Vihar, Delhi - DPCC",28.6139,77.209,62.39,92.49,28.85,29.52,0.74,65.45,33.2,54.8,7.47,347,1008.8,0.0,106,Moderate,PM25
2026-07-20 15:18:43,Delhi,Delhi,"Anand Vihar, Delhi - DPCC",28.6139,77.209,61.71,91.7,69.52,34.65,1.83,50.27,34.2,46.51,8.79,274,1013.4,0.0,125,Moderate,O3
2026-07-20 16:18:43,Delhi,Delhi,"Anand Vihar, Delhi - DPCC",28.6139,77.209,61.5,91.37,40.45,29.19,1.02,51.53,32.09,52.01,10.16,279,1013.6,0.0,195,Moderate,CO
2026-07-20 17:18:43,Delhi,Delhi,"Anand Vihar, Delhi - DPCC",28.6139,77.209,60.46,97.93,60.71,24.41,1.47,32.45,29.99,54.9,9.03,232,1012.8,0.0,210,Poor,PM25
2026-07-20 18:18:43,Delhi,Delhi,"Anand Vihar, Delhi - DPCC",28.6139,77.209,60.59,103.58,47.34,24.52,1.42,32.55,29.46,58.82,11.84,184,1011.2,0.0,211,Poor,PM25
2026-07-20 19:18:43,Delhi,Delhi,"Anand Vihar, Delhi - DPCC",28.6139,77.209,60.05,99.08,40.8,33.7,2.84,13.53,31.81,60.72,10.49,14,1009.8,0.0,210,Poor,PM25
2026-07-20 20:18:43,Delhi,Delhi,"Anand Vihar, Delhi - DPCC",28.6139,77.209,58.81,94.85,59.14,12.36,1.36,13.44,28.79,68.3,11.13,237,1014.4,11.7,98,Satisfactory,PM25
2026-07-20 21:18:43,Delhi,Delhi,"Anand Vihar, Delhi - DPCC",28.6139,77.209,59.04,89.56,61.03,29.46,0.85,0.02,27.5,79.17,9.38,132,1008.9,4.6,98,Satisfactory,PM25
2026-07-20 22:18:43,Delhi,Delhi,"Anand Vihar, Delhi - DPCC",28.6139,77.209,57.92,81.59,51.23,18.58,1.87,-0.73,20.59,80.84,6.87,152,1010.9,0.0,96,Satisfactory,PM25
2026-07-20 23:18:43,Delhi,Delhi,"Anand Vihar, Delhi - DPCC",28.6139,77.209,60.28,94.82,79.5,33.04,1.28,-17.21,18.29,84.69,5.48,338,1013.0,0.0,210,Poor,PM25
2026-07-21 00:18:43,Delhi,Delhi,"Anand Vihar, Delhi - DPCC",28.6139,77.209,59.48,102.58,64.51,27.9,0.99,35.62,19.52,93.6,6.26,131,1014.0,0.0,102,Moderate,PM10
2026-07-21 01:18:43,Delhi,Delhi,"Anand Vihar, Delhi - DPCC",28.6139,77.209,57.11,95.04,70.16,27.4,1.75,16.13,18.13,97.17,6.02,268,1013.6,0.0,95,Satisfactory,PM25
2026-07-21 02:18:43,Delhi,Delhi,"Anand Vihar, Delhi - DPCC",28.6139,77.209,58.6,96.69,71.24,29.67,0.69,24.47,16.65,98.0,4.9,43,1011.2,0.0,98,Satisfactory,PM25
2026-07-21 03:18:43,Delhi,Delhi,"Anand Vihar, Delhi - DPCC",28.6139,77.209,58.36,99.72,51.36,12.27,0.87,19.71,19.04,98.0,3.37,287,1011.0,0.0,100,Satisfactory,PM10
2026-07-21 04:18:43,Delhi,Delhi,"Anand Vihar, Delhi - DPCC",28.6139,77.209,59.57,102.52,34.33,9.13,1.97,29.06,15.71,98.0,1.3,198,1009.8,0.0,102,Moderate,PM10
2026-07-21 05:18:43,Delhi,Delhi,"Anand Vihar, Delhi - DPCC",28.6139,77.209,61.12,109.06,73.58,27.42,1.89,32.23,17.79,98.0,3.17,244,1009.8,0.0,106,Moderate,PM10
2026-07-21 06:18:43,Delhi,Delhi,"Anand Vihar, Delhi - DPCC",28.6139,77.209,61.5,105.62,41.59,33.35,1.77,29.9,21.5,89.33,5.28,182,1008.4,0.0,104,Moderate,PM10
2026-07-21 07:18:43,Delhi,Delhi,"Anand Vihar, Delhi - DPCC",28.6139,77.209,61.59,101.86,69.1,25.3,1.28,31.4,21.82,85.53,1.07,86,1011.9,0.0,103,Moderate,PM25
2026-07-21 08:18:43,Delhi,Delhi,"Anand Vihar, Delhi - DPCC",28.6139,77.209,62.43,92.87,64.79,15.48,2.28,23.71,23.69,80.28,2.1,157,1008.2,0.0,106,Moderate,PM25
2026-07-21 09:18:43,Delhi,Delhi,"Anand Vihar, Delhi - DPCC",28.6139,77.209,65.2,105.52,70.42,33.24,1.12,27.01,27.47,73.63,3.04,65,1012.7,0.0,115,Moderate,PM25
2026-07-21 10:18:43,Delhi,Delhi,"Anand Vihar, Delhi - DPCC",28.6139,77.209,65.84,106.78,70.59,20.99,1.05,56.28,28.97,64.95,4.69,182,1010.9,0.0,195,Moderate,CO
2026-07-21 11:18:43,Delhi,Delhi,"Anand Vihar, Delhi - DPCC",28.6139,77.209,63.42,92.9,62.05,33.02,1.43,49.36,29.49,66.7,5.85,1,1012.4,0.0,109,Moderate,PM25
2026-07-21 12:18:43,Delhi,Delhi,"Anand Vihar, Delhi - DPCC",28.6139,77.209,63.66,95.41,67.39,25.13,1.77,58.1,27.79,59.91,5.66,162,1011.5,0.0,110,Moderate,PM25
2026-07-21 13:18:43,Delhi,Delhi,"Anand Vihar, Delhi - DPCC",28.6139,77.209,62.27,90.17,25.91,28.45,1.09,51.39,31.41,51.97,8.13,225,1010.4,0.0,196,Moderate,CO
2026-07-21 14:18:43,Delhi,Delhi,"Anand Vihar, Delhi - DPCC",28.6139,77.209,62.43,108.4,50.81,11.76,1.12,59.49,32.66,49.05,7.29,192,1013.8,0.0,106,Moderate,PM25
2026-07-21 15:18:43,Delhi,Delhi,"Anand Vihar, Delhi - DPCC",28.6139,77.209,63.24,94.01,68.43,28.45,1.39,68.05,33.56,47.34,8.04,278,1011.0,0.0,109,Moderate,PM25
2026-07-21 16:18:43,Delhi,Delhi,"Anand Vihar, Delhi - DPCC",28.6139,77.209,63.39,108.68,53.99,33.85,1.3,41.06,31.74,54.23,11.12,80,1008.5,0.0,109,Moderate,PM25
2026-07-21 17:18:43,Delhi,Delhi,"Anand Vihar, Delhi - DPCC",28.6139,77.209,62.48,94.41,79.8,32.12,1.73,46.45,32.11,54.63,11.88,219,1011.3,0.0,106,Moderate,PM25
2026-07-21 18:18:43,Delhi,Delhi,"Anand Vihar, Delhi - DPCC",28.6139,77.209,64.22,101.34,60.11,25.01,0.64,28.53,29.01,55.3,11.72,122,1008.4,0.0,112,Moderate,PM25
2026-07-21 19:18:43,Delhi,Delhi,"Anand Vihar, Delhi - DPCC",28.6139,77.209,62.35,109.26,58.83,15.25,1.86,22.0,31.38,65.18,10.55,216,1011.5,0.0,106,Moderate,PM10
2026-07-21 20:18:43,Delhi,Delhi,"Anand Vihar, Delhi - DPCC",28.6139,77.209,60.36,90.53,71.97,21.47,3.28,5.99,27.78,67.52,10.5,325,1010.4,0.0,210,Poor,PM25
2026-07-21 21:18:43,Delhi,Delhi,"Anand Vihar, Delhi - DPCC",28.6139,77.209,58.75,85.48,42.14,27.5,0.98,1.44,26.35,71.88,11.28,249,1014.2,0.0,98,Satisfactory,PM25
2026-07-21 22:18:43,Delhi,Delhi,"Anand Vihar, Delhi - DPCC",28.6139,77.209,55.55,91.19,72.79,16.77,1.47,-8.12,21.94,76.99,9.0,295,1010.1,0.0,92,Satisfactory,PM25
2026-07-21 23:18:43,Delhi,Delhi,"Anand Vihar, Delhi - DPCC",28.6139,77.209,57.69,84.91,64.1,13.09,0.85,-6.33,21.6,87.03,7.64,24,1013.6,0.0,96,Satisfactory,PM25
2026-07-22 00:18:43,Delhi,Delhi,"Anand Vihar, Delhi - DPCC",28.6139,77.209,57.28,90.34,57.96,31.3,0.78,34.45,17.26,98.0,6.04,235,1014.5,0.9,95,Satisfactory,PM25
2026-07-22 01:18:43,Delhi,Delhi,"Anand Vihar, Delhi - DPCC",28.6139,77.209,57.38,81.41,72.75,29.94,2.06,23.48,20.32,97.05,4.38,259,1008.7,0.0,202,Poor,CO
2026-07-22 02:18:43,Delhi,Delhi,"Anand Vihar, Delhi - DPCC",28.6139,77.209,57.99,93.71,27.74,22.22,1.47,19.51,16.1,98.0,3.65,19,1012.2,10.7,97,Satisfactory,PM25
2026-07-22 03:18:43,Delhi,Delhi,"Anand Vihar, Delhi - DPCC",28.6139,77.209,58.5,96.91,66.21,11.82,2.44,15.2,16.53,98.0,1.75,135,1014.9,15.0,105,Moderate,CO
2026-07-22 04:18:43,Delhi,Delhi,"Anand Vihar, Delhi - DPCC",28.6139,77.209,59.77,85.1,36.4,32.97,1.38,31.54,20.36,98.0,4.04,59,1009.0,0.0,100,Satisfactory,PM25
2026-07-22 05:18:43,Delhi,Delhi,"Anand Vihar, Delhi - DPCC",28.6139,77.209,61.9,88.38,78.33,8.39,1.92,29.07,16.87,97.47,2.94,101,1011.1,0.0,104,Moderate,PM25
2026-07-22 06:18:43,Delhi,Delhi,"Anand Vihar, Delhi - DPCC",28.6139,77.209,62.57,108.24,38.29,34.73,0.77,31.54,18.55,86.73,1.0,164,1009.8,0.0,106,Moderate,PM25
2026-07-22 07:18:43,Delhi,Delhi,"Anand Vihar, Delhi - DPCC",28.6139,77.209,62.06,107.62,39.01,27.58,0.87,19.22,22.48,90.06,1.0,232,1010.8,5.9,105,Moderate,PM10
2026-07-22 08:18:43,Delhi,Delhi,"Anand Vihar, Delhi - DPCC",28.6139,77.209,64.39,94.27,35.47,28.33,1.33,17.06,24.76,88.28,3.12,106,1013.0,0.0,113,Moderate,PM25
2026-07-22 09:18:43,Delhi,Delhi,"Anand Vihar, Delhi - DPCC",28.6139,77.209,65.53,107.05,47.59,10.0,2.12,41.21,26.82,75.11,4.23,342,1009.3,1.1,116,Moderate,PM25
2026-07-22 10:18:43,Delhi,Delhi,"Anand Vihar, Delhi - DPCC",28.6139,77.209,65.47,116.76,28.52,16.23,2.41,41.04,27.27,70.65,2.59,99,1009.5,0.0,116,Moderate,PM25
2026-07-22 11:18:43,Delhi,Delhi,"Anand Vihar, Delhi - DPCC",28.6139,77.209,66.8,115.76,37.08,17.81,1.62,67.79,28.98,61.11,3.87,262,1014.7,0.0,121,Moderate,PM25
2026-07-22 12:18:43,Delhi,Delhi,"Anand Vihar, Delhi - DPCC",28.6139,77.209,66.28,93.35,56.25,26.11,1.93,50.07,29.59,60.15,5.46,57,1008.3,0.0,125,Moderate,O3
2026-07-22 13:18:43,Delhi,Delhi,"Anand Vihar, Delhi - DPCC",28.6139,77.209,64.9,112.32,25.88,27.01,1.34,57.75,28.61,49.33,8.81,182,1013.5,0.0,114,Moderate,PM25
2026-07-22 14:18:43,Delhi,Delhi,"Anand Vihar, Delhi - DPCC",28.6139,77.209,65.29,97.91,59.67,27.17,0.62,59.27,34.48,50.74,10.34,112,1014.1,0.0,116,Moderate,PM25
2026-07-22 15:18:43,Delhi,Delhi,"Anand Vihar, Delhi - DPCC",28.6139,77.209,65.67,101.2,62.78,12.26,1.15,47.23,31.48,49.66,10.15,121,1008.1,0.0,117,Moderate,PM25
2026-07-22 16:18:43,Delhi,Delhi,"Anand Vihar, Delhi - DPCC",28.6139,77.209,63.95,102.59,47.3,28.71,2.05,46.72,32.53,53.07,8.62,254,1009.1,0.0,202,Poor,CO
2026-07-22 17:18:43,Delhi,Delhi,"Anand Vihar, Delhi - DPCC",28.6139,77.209,64.68,96.45,49.41,17.67,2.42,26.38,32.08,51.5,9.68,309,1011.3,0.0,114,Moderate,PM25
2026-07-22 18:18:43,Delhi,Delhi,"Anand Vihar, Delhi - DPCC",28.6139,77.209,63.68,110.81,62.38,15.84,0.96,38.04,30.58,52.39,9.64,169,1014.4,0.0,110,Moderate,PM25
2026-07-22 19:18:43,Delhi,Delhi,"Anand Vihar, Delhi - DPCC",28.6139,77.209,63.57,99.85,49.01,34.85,3.2,25.27,29.42,59.12,11.92,328,1009.9,0.0,115,Moderate,CO
2026-07-22 20:18:43,Delhi,Delhi,"Anand Vihar, Delhi - DPCC",28.6139,77.209,61.79,106.36,82.5,13.22,2.57,-3.24,28.2,64.77,10.01,149,1013.8,0.0,107,Moderate,CO
2026-07-22 21:18:43,Delhi,Delhi,"Anand Vihar, Delhi - DPCC",28.6139,77.209,60.3,96.75,77.26,20.92,2.14,9.73,22.05,77.36,8.96,330,1014.5,0.0,210,Poor,PM25
2026-07-22 22:18:43,Delhi,Delhi,"Anand Vihar, Delhi - DPCC",28.6139,77.209,59.74,92.22,56.02,11.19,0.72,-7.99,22.53,75.91,10.54,207,1011.6,0.0,100,Satisfactory,PM25
2026-07-22 23:18:43,Delhi,Delhi,"Anand Vihar, Delhi - DPCC",28.6139,77.209,56.98,89.46,28.45,21.86,1.89,-8.09,23.8,91.07,6.13,26,1014.4,14.5,95,Satisfactory,PM25
2026-07-23 00:18:43,Delhi,Delhi,"Anand Vihar, Delhi - DPCC",28.6139,77.209,53.08,79.76,20.6,15.42,0.84,31.5,17.81,95.97,5.39,74,1014.3,0.0,88,Satisfactory,PM25
2026-07-23 01:18:43,Delhi,Delhi,"Anand Vihar, Delhi - DPCC",28.6139,77.209,52.57,77.94,31.98,21.67,2.08,37.79,16.68,98.0,5.47,338,1014.1,0.0,202,Poor,CO
2026-07-23 02:18:43,Delhi,Delhi,"Anand Vihar, Delhi - DPCC",28.6139,77.209,52.3,86.77,45.31,11.96,1.65,15.44,16.56,98.0,4.74,226,1013.6,0.0,87,Satisfactory,PM25
2026-07-23 03:18:43,Delhi,Delhi,"Anand Vihar, Delhi - DPCC",28.6139,77.209,54.73,82.33,29.77,17.09,1.82,29.38,17.15,98.0,2.05,96,1013.9,0.0,91,Satisfactory,PM25
2026-07-23 04:18:43,Delhi,Delhi,"Anand Vihar, Delhi - DPCC",28.6139,77.209,55.09,93.14,50.6,24.79,1.47,34.21,19.05,95.21,1.0,186,1013.8,0.0,93,Satisfactory,PM10
2026-07-23 05:18:43,Delhi,Delhi,"Anand Vihar, Delhi - DPCC",28.6139,77.209,57.72,95.64,75.86,30.72,2.02,23.54,16.31,97.8,4.78,354,1009.7,1.5,201,Poor,CO
2026-07-23 06:18:43,Delhi,Delhi,"Anand Vihar, Delhi - DPCC",28.6139,77.209,59.41,83.21,63.55,25.74,2.21,23.89,19.6,90.22,3.85,171,1013.8,0.0,102,Moderate,CO
2026-07-23 07:18:43,Delhi,Delhi,"Anand Vihar, Delhi - DPCC",28.6139,77.209,61.21,98.76,50.86,14.93,0.68,25.26,19.53,87.26,1.82,18,1008.7,0.0,102,Moderate,PM25
2026-07-23 08:18:43,Delhi,Delhi,"Anand Vihar, Delhi - DPCC",28.6139,77.209,62.01,86.84,39.73,28.6,2.39,15.95,23.06,87.01,2.88,312,1014.5,0.0,105,Moderate,CO
2026-07-23 09:18:43,Delhi,Delhi,"Anand Vihar, Delhi - DPCC",28.6139,77.209,62.73,107.31,93.29,20.59,1.77,36.55,24.2,71.79,2.38,213,1008.1,0.0,113,Moderate,NO2
2026-07-23 10:18:43,Delhi,Delhi,"Anand Vihar, Delhi - DPCC",28.6139,77.209,63.65,91.23,37.6,31.7,2.28,36.13,27.17,63.17,4.52,233,1013.1,0.0,110,Moderate,PM25
2026-07-23 11:18:43,Delhi,Delhi,"Anand Vihar, Delhi - DPCC",28.6139,77.209,64.86,116.23,72.93,23.52,1.48,52.43,28.99,64.69,7.77,329,1008.4,0.0,114,Moderate,PM25
2026-07-23 12:18:43,Delhi,Delhi,"Anand Vihar, Delhi - DPCC",28.6139,77.209,64.79,93.78,79.79,29.26,1.5,68.87,32.44,60.47,7.48,293,1008.6,0.0,114,Moderate,PM25
2026-07-23 13:18:43,Delhi,Delhi,"Anand Vihar, Delhi - DPCC",28.6139,77.209,65.27,110.59,70.31,33.64,2.51,62.08,33.3,50.54,6.87,144,1010.6,0.0,116,Moderate,PM25
2026-07-23 14:18:43,Delhi,Delhi,"Anand Vihar, Delhi - DPCC",28.6139,77.209,66.27,101.66,22.07,15.78,2.29,53.42,34.72,52.73,11.0,61,1009.8,0.0,119,Moderate,PM25
2026-07-23 15:18:43,Delhi,Delhi,"Anand Vihar, Delhi - DPCC",28.6139,77.209,67.43,114.2,54.47,30.2,1.84,67.43,32.38,52.12,7.93,133,1010.0,0.0,123,Moderate,PM25
2026-07-23 16:18:43,Delhi,Delhi,"Anand Vihar, Delhi - DPCC",28.6139,77.209,64.54,95.53,79.43,29.65,2.25,55.42,33.13,51.06,10.64,79,1014.0,0.0,113,Moderate,PM25
2026-07-23 17:18:43,Delhi,Delhi,"Anand Vihar, Delhi - DPCC",28.6139,77.209,62.49,97.77,75.8,17.28,2.72,48.57,28.17,56.76,13.15,133,1008.1,0.0,109,Moderate,CO
2026-07-23 18:18:43,Delhi,Delhi,"Anand Vihar, Delhi - DPCC",28.6139,77.209,61.05,89.13,35.84,33.59,1.41,37.69,33.1,58.56,7.7,7,1011.7,0.0,101,Moderate,PM25
2026-07-23 19:18:43,Delhi,Delhi,"Anand Vihar, Delhi - DPCC",28.6139,77.209,60.23,99.91,76.21,28.96,1.78,18.38,26.79,62.12,11.13,283,1012.3,12.4,210,Poor,PM25
2026-07-23 20:18:43,Delhi,Delhi,"Anand Vihar, Delhi - DPCC",28.6139,77.209,57.5,82.33,85.22,10.13,1.3,5.11,27.98,76.12,8.33,334,1011.7,0.0,105,Moderate,NO2
2026-07-23 21:18:43,Delhi,Delhi,"Anand Vihar, Delhi - DPCC",28.6139,77.209,55.91,85.4,63.39,29.64,2.34,11.13,27.09,77.01,10.4,308,1008.0,0.0,104,Moderate,CO
2026-07-23 22:18:43,Delhi,Delhi,"Anand Vihar, Delhi - DPCC",28.6139,77.209,55.58,81.75,38.22,17.09,1.85,2.5,25.18,81.56,8.57,303,1011.3,0.0,92,Satisfactory,PM25
2026-07-23 23:18:43,Delhi,Delhi,"Anand Vihar, Delhi - DPCC",28.6139,77.209,56.47,81.86,54.77,25.96,1.57,3.83,18.81,83.5,8.31,172,1012.7,0.0,94,Satisfactory,PM25
2026-07-24 00:18:43,Delhi,Delhi,"Anand Vihar, Delhi - DPCC",28.6139,77.209,55.67,99.04,49.1,32.46,2.44,18.69,18.19,91.06,9.11,90,1012.8,0.0,105,Moderate,CO
2026-07-24 01:18:43,Delhi,Delhi,"Anand Vihar, Delhi - DPCC",28.6139,77.209,55.54,85.95,23.24,28.6,2.15,29.95,17.82,95.11,5.45,224,1010.9,0.0,102,Moderate,CO
2026-07-24 02:18:43,Delhi,Delhi,"Anand Vihar, Delhi - DPCC",28.6139,77.209,55.85,91.68,64.95,33.28,1.9,15.3,17.16,98.0,2.05,72,1009.9,0.0,95,Satisfactory,CO
2026-07-24 03:18:43,Delhi,Delhi,"Anand Vihar, Delhi - DPCC",28.6139,77.209,56.01,99.38,77.56,13.62,1.28,34.25,17.42,98.0,5.34,357,1008.1,0.0,99,Satisfactory,PM10
2026-07-24 04:18:43,Delhi,Delhi,"Anand Vihar, Delhi - DPCC",28.6139,77.209,55.8,80.72,42.07,8.69,2.01,37.32,20.68,98.0,4.04,167,1011.6,0.0,201,Poor,CO
2026-07-24 05:18:43,Delhi,Delhi,"Anand Vihar, Delhi - DPCC",28.6139,77.209,55.45,95.84,74.89,22.5,2.2,18.04,17.26,98.0,3.88,162,1009.7,0.0,102,Moderate,CO
2026-07-24 06:18:43,Delhi,Delhi,"Anand Vihar, Delhi - DPCC",28.6139,77.209,57.35,99.07,79.42,13.19,0.79,23.43,19.74,92.88,1.0,227,1012.0,0.0,99,Satisfactory,NO2
2026-07-24 07:18:43,Delhi,Delhi,"Anand Vihar, Delhi - DPCC",28.6139,77.209,60.35,103.01,44.97,8.46,1.96,16.58,19.64,88.4,1.47,112,1010.4,0.0,210,Poor,PM25
2026-07-24 08:18:43,Delhi,Delhi,"Anand Vihar, Delhi - DPCC",28.6139,77.209,59.73,90.84,51.13,22.37,2.44,27.22,22.09,77.42,2.39,173,1010.4,0.0,105,Moderate,CO
2026-07-24 09:18:43,Delhi,Delhi,"Anand Vihar, Delhi - DPCC",28.6139,77.209,62.57,99.17,68.36,15.69,1.15,41.44,27.16,77.42,1.9,268,1014.4,0.0,106,Moderate,PM25
2026-07-24 10:18:43,Delhi,Delhi,"Anand Vihar, Delhi - DPCC",28.6139,77.209,65.04,91.45,71.67,11.93,2.44,35.96,29.14,65.92,7.42,72,1008.8,0.0,115,Moderate,PM25
2026-07-24 11:18:43,Delhi,Delhi,"Anand Vihar, Delhi - DPCC",28.6139,77.209,65.75,108.49,69.64,26.32,0.74,51.0,27.41,63.92,5.1,312,1010.6,13.5,117,Moderate,PM25
2026-07-24 12:18:43,Delhi,Delhi,"Anand Vihar, Delhi - DPCC",28.6139,77.209,66.17,97.33,48.65,21.35,1.68,61.76,32.48,55.09,4.48,156,1008.9,0.0,119,Moderate,PM25
2026-07-24 13:18:43,Delhi,Delhi,"Anand Vihar, Delhi - DPCC",28.6139,77.209,66.92,104.7,51.13,8.91,2.08,60.12,32.59,56.49,7.31,166,1008.1,0.0,202,Poor,CO
2026-07-24 14:18:43,Delhi,Delhi,"Anand Vihar, Delhi - DPCC",28.6139,77.209,63.57,110.87,52.53,26.62,1.63,59.28,31.48,44.41,6.56,193,1009.8,0.0,110,Moderate,PM25
2026-07-24 15:18:43,Delhi,Delhi,"Anand Vihar, Delhi - DPCC",28.6139,77.209,62.35,89.7,20.81,19.42,1.01,43.86,32.36,56.01,9.66,30,1011.2,0.0,195,Moderate,CO
2026-07-24 16:18:43,Delhi,Delhi,"Anand Vihar, Delhi - DPCC",28.6139,77.209,62.96,103.2,32.71,30.98,1.54,59.62,31.28,53.45,11.97,262,1011.3,0.0,108,Moderate,PM25
2026-07-24 17:18:43,Delhi,Delhi,"Anand Vihar, Delhi - DPCC",28.6139,77.209,62.6,110.11,73.45,34.37,2.14,38.37,33.22,54.9,9.1,104,1010.0,0.0,107,Moderate,PM10
2026-07-24 18:18:43,Delhi,Delhi,"Anand Vihar, Delhi - DPCC",28.6139,77.209,60.81,101.49,56.43,19.22,1.44,24.57,34.03,62.62,12.1,162,1014.8,5.5,211,Poor,PM25
2026-07-24 19:18:43,Delhi,Delhi,"Anand Vihar, Delhi - DPCC",28.6139,77.209,59.16,91.46,51.42,21.66,1.84,22.34,28.93,59.21,10.41,270,1008.7,0.0,99,Satisfactory,PM25
2026-07-24 20:18:43,Delhi,Delhi,"Anand Vihar, Delhi - DPCC",28.6139,77.209,57.58,101.95,82.58,32.91,2.57,0.32,27.8,66.45,8.66,109,1011.6,0.0,107,Moderate,CO
2026-07-24 21:18:43,Delhi,Delhi,"Anand Vihar, Delhi - DPCC",28.6139,77.209,56.12,96.83,56.69,29.04,2.18,-0.9,24.26,75.29,8.55,17,1012.2,0.0,102,Moderate,CO
2026-07-24 22:18:43,Delhi,Delhi,"Anand Vihar, Delhi - DPCC",28.6139,77.209,56.95,94.93,79.49,27.26,0.96,5.6,22.5,80.11,8.76,236,1014.2,0.0,99,Satisfactory,NO2
2026-07-24 23:18:43,Delhi,Delhi,"Anand Vihar, Delhi - DPCC",28.6139,77.209,57.03,97.7,52.65,12.17,1.15,-1.54,20.27,85.64,8.83,132,1008.5,0.0,98,Satisfactory,PM10
2026-07-25 00:18:43,Delhi,Delhi,"Anand Vihar, Delhi - DPCC",28.6139,77.209,53.94,95.22,31.57,18.51,2.67,25.68,18.31,90.25,6.66,284,1011.0,0.0,108,Moderate,CO
2026-07-25 01:18:43,Delhi,Delhi,"Anand Vihar, Delhi - DPCC",28.6139,77.209,53.0,90.87,78.43,9.61,2.39,22.52,15.75,91.31,6.11,220,1010.5,0.0,105,Moderate,CO
2026-07-25 02:18:43,Delhi,Delhi,"Anand Vihar, Delhi - DPCC",28.6139,77.209,52.25,81.57,64.37,34.15,1.6,35.74,18.69,98.0,3.28,72,1010.0,0.0,87,Satisfactory,PM25
2026-07-25 03:18:43,Delhi,Delhi,"Anand Vihar, Delhi - DPCC",28.6139,77.209,50.5,83.29,59.17,28.77,0.94,33.54,16.52,98.0,3.88,279,1010.7,0.0,84,Satisfactory,PM25
2026-07-25 04:18:43,Delhi,Delhi,"Anand Vihar, Delhi - DPCC",28.6139,77.209,49.39,75.83,68.48,11.36,2.74,28.87,16.25,98.0,2.71,212,1012.4,4.0,109,Moderate,CO
2026-07-25 05:18:43,Delhi,Delhi,"Anand Vihar, Delhi - DPCC",28.6139,77.209,51.77,81.47,40.79,8.52,2.42,18.57,19.45,98.0,1.0,88,1011.5,0.0,105,Moderate,CO
2026-07-25 06:18:43,Delhi,Delhi,"Anand Vihar, Delhi - DPCC",28.6139,77.209,54.47,94.73,39.98,18.8,1.53,30.65,19.28,88.18,4.93,232,1010.8,0.0,95,Satisfactory,PM10
2026-07-25 07:18:43,Delhi,Delhi,"Anand Vihar, Delhi - DPCC",28.6139,77.209,55.68,81.9,71.9,23.2,2.69,16.81,21.12,84.74,1.72,199,1010.7,0.0,108,Moderate,CO
2026-07-25 08:18:43,Delhi,Delhi,"Anand Vihar, Delhi - DPCC",28.6139,77.209,58.3,88.02,63.79,28.13,1.55,22.32,26.14,85.22,1.87,304,1010.6,0.0,97,Satisfactory,PM25
2026-07-25 09:18:43,Delhi,Delhi,"Anand Vihar, Delhi - DPCC",28.6139,77.209,61.53,95.71,60.98,11.89,2.91,49.09,26.28,70.48,5.45,55,1009.9,0.0,111,Moderate,CO
2026-07-25 10:18:43,Delhi,Delhi,"Anand Vihar, Delhi - DPCC",28.6139,77.209,63.54,90.18,20.06,24.2,1.22,57.59,27.29,64.91,3.01,97,1009.0,0.0,110,Moderate,PM25
2026-07-25 11:18:43,Delhi,Delhi,"Anand Vihar, Delhi - DPCC",28.6139,77.209,64.19,101.7,21.23,8.45,1.74,60.72,27.18,68.53,3.9,302,1012.8,0.0,112,Moderate,PM25
2026-07-25 12:18:43,Delhi,Delhi,"Anand Vihar, Delhi - DPCC",28.6139,77.209,65.98,100.99,49.92,33.88,2.22,66.98,30.53,55.75,4.22,29,1012.2,0.0,118,Moderate,PM25
2026-07-25 13:18:43,Delhi,Delhi,"Anand Vihar, Delhi - DPCC",28.6139,77.209,66.67,107.57,28.47,8.69,2.35,65.0,32.56,50.31,9.17,183,1013.2,0.0,120,Moderate,PM25
2026-07-25 14:18:43,Delhi,Delhi,"Anand Vihar, Delhi - DPCC",28.6139,77.209,68.04,101.11,23.96,22.36,0.74,67.45,33.42,52.71,9.03,230,1008.5,0.0,125,Moderate,PM25
2026-07-25 15:18:43,Delhi,Delhi,"Anand Vihar, Delhi - DPCC",28.6139,77.209,66.68,111.98,66.82,16.91,1.31,57.26,33.64,48.88,10.06,338,1012.2,0.0,120,Moderate,PM25
2026-07-25 16:18:43,Delhi,Delhi,"Anand Vihar, Delhi - DPCC",28.6139,77.209,65.92,104.03,62.84,31.42,0.69,49.92,33.02,49.93,11.56,108,1013.6,0.0,118,Moderate,PM25
2026-07-25 17:18:43,Delhi,Delhi,"Anand Vihar, Delhi - DPCC",28.6139,77.209,66.06,114.29,23.98,12.61,1.28,33.83,32.46,56.86,12.63,178,1009.5,0.0,118,Moderate,PM25
2026-07-25 18:18:43,Delhi,Delhi,"Anand Vihar, Delhi - DPCC",28.6139,77.209,62.19,90.23,58.97,9.97,1.43,32.75,34.26,57.47,9.98,120,1008.1,0.0,105,Moderate,PM25
2026-07-25 19:18:43,Delhi,Delhi,"Anand Vihar, Delhi - DPCC",28.6139,77.209,60.71,109.21,66.49,22.69,1.96,11.94,30.06,60.17,8.51,165,1009.3,0.0,211,Poor,PM25
2026-07-25 20:18:43,Delhi,Delhi,"Anand Vihar, Delhi - DPCC",28.6139,77.209,58.69,97.49,86.37,15.75,1.5,3.9,24.52,67.76,12.98,57,1010.2,0.0,106,Moderate,NO2
2026-07-25 21:18:43,Delhi,Delhi,"Anand Vihar, Delhi - DPCC",28.6139,77.209,57.19,92.94,55.62,25.27,1.69,-12.87,26.58,71.91,8.52,244,1008.4,0.0,95,Satisfactory,PM25
2026-07-25 22:18:43,Delhi,Delhi,"Anand Vihar, Delhi - DPCC",28.6139,77.209,54.4,96.26,45.04,34.0,0.65,-10.63,21.17,83.7,8.97,92,1014.5,0.0,96,Satisfactory,PM10
2026-07-25 23:18:43,Delhi,Delhi,"Anand Vihar, Delhi - DPCC",28.6139,77.209,53.06,78.78,74.67,33.19,1.69,-19.84,22.91,88.03,6.12,8,1010.8,0.0,93,Satisfactory,NO2
2026-07-26 00:18:43,Delhi,Delhi,"Anand Vihar, Delhi - DPCC",28.6139,77.209,52.34,83.5,54.75,24.67,1.49,22.61,19.49,95.29,7.19,249,1014.5,0.0,87,Satisfactory,PM25
2026-07-26 01:18:43,Delhi,Delhi,"Anand Vihar, Delhi - DPCC",28.6139,77.209,51.46,80.68,49.1,14.92,1.76,22.27,18.83,95.73,8.38,165,1014.9,0.0,87,Satisfactory,CO
2026-07-26 02:18:43,Delhi,Delhi,"Anand Vihar, Delhi - DPCC",28.6139,77.209,50.11,88.09,49.8,24.2,1.0,28.52,15.66,98.0,3.11,299,1013.0,0.0,88,Satisfactory,PM10
2026-07-26 03:18:43,Delhi,Delhi,"Anand Vihar, Delhi - DPCC",28.6139,77.209,53.26,83.57,59.09,14.99,0.75,25.34,17.16,95.02,3.28,261,1008.5,0.0,89,Satisfactory,PM25
2026-07-26 04:18:43,Delhi,Delhi,"Anand Vihar, Delhi - DPCC",28.6139,77.209,53.66,90.26,54.05,33.67,1.92,15.37,19.65,96.33,2.45,332,1008.7,0.0,95,Satisfactory,CO
2026-07-26 05:18:43,Delhi,Delhi,"Anand Vihar, Delhi - DPCC",28.6139,77.209,55.57,84.66,79.51,9.04,0.88,20.62,17.42,97.31,2.91,25,1008.2,0.0,99,Satisfactory,NO2
2026-07-26 06:18:43,Delhi,Delhi,"Anand Vihar, Delhi - DPCC",28.6139,77.209,56.72,87.77,69.97,16.81,2.2,17.35,19.2,88.83,4.17,269,1009.0,0.0,102,Moderate,CO
2026-07-26 07:18:43,Delhi,Delhi,"Anand Vihar, Delhi - DPCC",28.6139,77.209,57.39,102.16,54.71,17.88,2.69,23.23,19.12,89.58,1.95,59,1013.1,0.0,108,Moderate,CO
2026-07-26 08:18:43,Delhi,Delhi,"Anand Vihar, Delhi - DPCC",28.6139,77.209,59.14,83.39,71.23,11.92,2.86,36.41,23.47,85.98,2.89,52,1011.4,0.0,110,Moderate,CO
2026-07-26 09:18:43,Delhi,Delhi,"Anand Vihar, Delhi - DPCC",28.6139,77.209,60.17,102.33,39.75,25.72,1.14,46.61,25.18,75.19,1.71,94,1013.1,0.0,210,Poor,PM25
2026-07-26 10:18:43,Delhi,Delhi,"Anand Vihar, Delhi - DPCC",28.6139,77.209,60.55,103.0,21.84,15.65,1.7,36.7,28.56,65.99,3.18,232,1008.8,0.0,211,Poor,PM25
2026-07-26 11:18:43,Delhi,Delhi,"Anand Vihar, Delhi - DPCC",28.6139,77.209,63.86,89.46,73.32,15.29,2.07,63.47,28.96,61.87,3.63,177,1010.2,0.0,202,Poor,CO
2026-07-26 12:18:43,Delhi,Delhi,"Anand Vihar, Delhi - DPCC",28.6139,77.209,63.36,105.67,57.96,14.27,2.57,69.86,28.55,48.91,7.07,135,1013.0,0.0,109,Moderate,PM25
2026-07-26 13:18:43,Delhi,Delhi,"Anand Vihar, Delhi - DPCC",28.6139,77.209,64.68,97.08,21.11,26.88,2.02,60.27,30.36,55.34,7.59,214,1012.6,2.9,201,Poor,CO
2026-07-26 14:18:43,Delhi,Delhi,"Anand Vihar, Delhi - DPCC",28.6139,77.209,65.21,111.55,39.27,17.62,1.16,54.65,29.93,51.29,9.23,56,1013.1,0.0,115,Moderate,PM25
2026-07-26 15:18:43,Delhi,Delhi,"Anand Vihar, Delhi - DPCC",28.6139,77.209,63.8,99.74,26.41,30.05,2.04,56.0,33.58,46.83,8.54,38,1014.8,0.0,201,Poor,CO
2026-07-26 16:18:43,Delhi,Delhi,"Anand Vihar, Delhi - DPCC",28.6139,77.209,64.9,92.0,54.02,18.75,2.3,36.53,33.08,54.73,9.33,188,1011.9,2.4,114,Moderate,PM25
2026-07-26 17:18:43,Delhi,Delhi,"Anand Vihar, Delhi - DPCC",28.6139,77.209,65.13,116.69,62.72,21.32,2.49,28.43,33.71,48.04,9.73,37,1013.3,0.0,115,Moderate,PM25
2026-07-26 18:18:43,Delhi,Delhi,"Anand Vihar, Delhi - DPCC",28.6139,77.209,60.99,96.62,26.96,26.17,1.55,35.42,32.67,55.62,9.62,232,1013.9,0.0,211,Poor,PM25
2026-07-26 19:18:43,Delhi,Delhi,"Anand Vihar, Delhi - DPCC",28.6139,77.209,58.6,101.59,59.31,33.97,1.28,15.08,30.24,56.14,12.24,75,1012.2,0.0,101,Moderate,PM10
2026-07-26 20:18:43,Delhi,Delhi,"Anand Vihar, Delhi - DPCC",28.6139,77.209,55.86,94.55,50.41,12.73,2.62,15.5,28.09,76.9,7.5,108,1011.5,0.0,108,Moderate,CO
2026-07-26 21:18:43,Delhi,Delhi,"Anand Vihar, Delhi - DPCC",28.6139,77.209,55.39,95.1,49.69,16.1,0.95,2.87,28.02,74.21,7.41,290,1010.1,0.0,95,Satisfactory,PM10
2026-07-26 22:18:43,Delhi,Delhi,"Anand Vihar, Delhi - DPCC",28.6139,77.209,55.18,78.58,24.89,25.36,1.62,5.99,26.31,73.74,7.64,38,1014.5,0.0,92,Satisfactory,PM25
2026-07-26 23:18:43,Delhi,Delhi,"Anand Vihar, Delhi - DPCC",28.6139,77.209,53.33,75.35,37.8,23.78,1.53,4.23,19.75,87.88,6.61,308,1011.4,4.0,89,Satisfactory,PM25
2026-07-27 00:18:43,Delhi,Delhi,"Anand Vihar, Delhi - DPCC",28.6139,77.209,52.95,93.45,76.95,30.3,1.37,37.65,19.28,93.65,4.01,67,1008.2,0.0,96,Satisfactory,NO2
2026-07-27 01:18:43,Delhi,Delhi,"Anand Vihar, Delhi - DPCC",28.6139,77.209,54.16,90.14,43.69,28.09,2.57,38.15,17.58,93.27,4.84,328,1008.6,0.0,107,Moderate,CO
2026-07-27 02:18:43,Delhi,Delhi,"Anand Vihar, Delhi - DPCC",28.6139,77.209,53.72,84.05,29.53,32.91,0.61,37.35,15.74,98.0,5.59,253,1009.8,0.0,89,Satisfactory,PM25
2026-07-27 03:18:43,Delhi,Delhi,"Anand Vihar, Delhi - DPCC",28.6139,77.209,51.97,81.08,61.39,32.46,0.89,29.28,17.82,98.0,2.72,25,1012.8,0.0,86,Satisfactory,PM25
2026-07-27 04:18:43,Delhi,Delhi,"Anand Vihar, Delhi - DPCC",28.6139,77.209,54.43,92.64,65.18,21.98,2.56,29.7,17.77,98.0,4.28,182,1009.6,0.0,107,Moderate,CO
2026-07-27 05:18:43,Delhi,Delhi,"Anand Vihar, Delhi - DPCC",28.6139,77.209,55.32,96.86,43.72,20.59,2.49,28.05,17.61,96.98,2.51,11,1014.3,10.2,106,Moderate,CO
2026-07-27 06:18:43,Delhi,Delhi,"Anand Vihar, Delhi - DPCC",28.6139,77.209,56.95,80.51,70.55,20.58,0.81,32.67,18.74,88.52,2.43,5,1010.9,1.9,95,Satisfactory,PM25
2026-07-27 07:18:43,Delhi,Delhi,"Anand Vihar, Delhi - DPCC",28.6139,77.209,59.38,95.72,24.14,34.15,2.55,21.48,18.93,81.76,2.05,176,1013.4,0.0,107,Moderate,CO
2026-07-27 08:18:43,Delhi,Delhi,"Anand Vihar, Delhi - DPCC",28.6139,77.209,61.7,99.69,86.95,11.57,2.41,26.23,24.16,76.83,2.31,134,1008.8,0.0,107,Moderate,NO2
2026-07-27 09:18:43,Delhi,Delhi,"Anand Vihar, Delhi - DPCC",28.6139,77.209,64.06,90.92,74.07,13.98,1.28,33.34,23.55,75.85,1.43,128,1014.8,0.0,111,Moderate,PM25
2026-07-27 10:18:43,Delhi,Delhi,"Anand Vihar, Delhi - DPCC",28.6139,77.209,66.69,93.72,52.87,28.07,1.08,37.1,26.67,67.93,2.73,182,1010.7,0.0,195,Moderate,CO
2026-07-27 11:18:43,Delhi,Delhi,"Anand Vihar, Delhi - DPCC",28.6139,77.209,69.07,99.6,66.14,26.59,2.23,61.68,28.74,58.1,5.24,193,1014.7,0.0,128,Moderate,PM25
2026-07-27 12:18:43,Delhi,Delhi,"Anand Vihar, Delhi - DPCC",28.6139,77.209,68.91,123.19,39.12,19.07,1.99,48.89,30.04,57.46,7.93,168,1014.0,0.0,128,Moderate,PM25
2026-07-27 13:18:43,Delhi,Delhi,"Anand Vihar, Delhi - DPCC",28.6139,77.209,67.22,116.04,44.2,33.26,2.69,52.87,31.5,52.97,8.19,232,1008.2,0.0,122,Moderate,PM25
2026-07-27 14:18:43,Delhi,Delhi,"Anand Vihar, Delhi - DPCC",28.6139,77.209,68.55,120.71,50.5,19.08,2.51,66.85,34.74,47.98,5.32,92,1012.6,0.0,127,Moderate,PM25
2026-07-27 15:18:43,Delhi,Delhi,"Anand Vihar, Delhi - DPCC",28.6139,77.209,67.23,97.25,32.27,10.28,1.96,47.0,33.41,51.85,10.16,58,1013.2,0.0,122,Moderate,PM25
2026-07-27 16:18:43,Delhi,Delhi,"Anand Vihar, Delhi - DPCC",28.6139,77.209,66.88,98.4,65.41,9.29,2.71,37.37,30.7,53.47,10.22,4,1011.5,0.0,121,Moderate,PM25
2026-07-27 17:18:43,Delhi,Delhi,"Anand Vihar, Delhi - DPCC",28.6139,77.209,63.68,90.8,57.56,19.25,1.97,31.08,32.56,55.56,7.47,213,1010.6,0.0,110,Moderate,PM25
2026-07-27 18:18:43,Delhi,Delhi,"Anand Vihar, Delhi - DPCC",28.6139,77.209,61.33,93.85,31.97,25.11,1.85,24.56,29.83,53.92,9.37,192,1014.4,0.0,102,Moderate,PM25
2026-07-27 19:18:43,Delhi,Delhi,"Anand Vihar, Delhi - DPCC",28.6139,77.209,60.78,93.65,38.77,24.81,1.52,18.41,29.77,65.0,11.42,108,1011.6,0.0,211,Poor,PM25
2026-07-27 20:18:43,Delhi,Delhi,"Anand Vihar, Delhi - DPCC",28.6139,77.209,59.87,107.48,35.49,19.81,1.66,-2.58,28.09,70.84,9.19,105,1008.4,6.7,105,Moderate,PM10
2026-07-27 21:18:43,Delhi,Delhi,"Anand Vihar, Delhi - DPCC",28.6139,77.209,58.05,91.19,26.12,21.33,2.13,-6.54,25.51,77.47,8.6,3,1012.5,0.0,101,Moderate,CO
2026-07-27 22:18:43,Delhi,Delhi,"Anand Vihar, Delhi - DPCC",28.6139,77.209,57.84,100.3,53.5,8.84,1.62,-6.72,21.0,87.4,9.26,6,1011.5,0.0,96,Satisfactory,PM25
2026-07-27 23:18:43,Delhi,Delhi,"Anand Vihar, Delhi - DPCC",28.6139,77.209,58.05,86.57,39.04,33.99,1.37,-11.34,19.2,88.67,7.65,353,1012.1,13.6,97,Satisfactory,PM25
2026-07-28 00:18:43,Delhi,Delhi,"Anand Vihar, Delhi - DPCC",28.6139,77.209,54.51,94.39,43.99,8.92,2.41,28.65,20.87,89.05,5.32,213,1009.5,0.0,105,Moderate,CO
2026-07-28 01:18:43,Delhi,Delhi,"Anand Vihar, Delhi - DPCC",28.6139,77.209,55.1,88.88,65.55,28.6,2.06,21.15,18.54,96.09,7.07,15,1009.7,0.0,202,Poor,CO
2026-07-28 02:18:43,Delhi,Delhi,"Anand Vihar, Delhi - DPCC",28.6139,77.209,55.68,92.07,33.34,9.44,1.95,16.18,17.76,95.14,5.32,325,1011.3,0.0,98,Satisfactory,CO
2026-07-28 03:18:43,Delhi,Delhi,"Anand Vihar, Delhi - DPCC",28.6139,77.209,55.25,84.12,70.06,16.34,1.5,23.69,17.95,98.0,5.67,101,1010.1,0.0,92,Satisfactory,PM25
2026-07-28 04:18:43,Delhi,Delhi,"Anand Vihar, Delhi - DPCC",28.6139,77.209,55.81,96.05,64.2,16.03,0.73,18.56,17.73,98.0,4.14,239,1008.9,0.0,96,Satisfactory,PM10
2026-07-28 05:18:43,Delhi,Delhi,"Anand Vihar, Delhi - DPCC",28.6139,77.209,57.35,80.59,61.07,8.52,2.16,30.89,18.65,97.93,1.79,24,1013.8,0.0,102,Moderate,CO
2026-07-28 06:18:43,Delhi,Delhi,"Anand Vihar, Delhi - DPCC",28.6139,77.209,59.04,90.68,50.17,20.5,0.95,29.76,19.68,93.66,2.78,306,1011.6,0.0,98,Satisfactory,PM25
2026-07-28 07:18:43,Delhi,Delhi,"Anand Vihar, Delhi - DPCC",28.6139,77.209,60.19,87.04,46.28,30.75,1.91,33.11,23.14,92.63,1.04,6,1008.9,0.0,210,Poor,PM25
2026-07-28 08:18:43,Delhi,Delhi,"Anand Vihar, Delhi - DPCC",28.6139,77.209,61.34,86.31,46.54,28.32,3.16,17.19,22.4,76.65,3.6,50,1009.5,0.0,114,Moderate,CO
2026-07-28 09:18:43,Delhi,Delhi,"Anand Vihar, Delhi - DPCC",28.6139,77.209,62.5,90.88,51.36,13.15,3.04,43.52,23.94,74.08,5.12,112,1010.7,11.0,113,Moderate,CO
2026-07-28 10:18:43,Delhi,Delhi,"Anand Vihar, Delhi - DPCC",28.6139,77.209,62.08,101.76,46.17,34.48,1.38,50.92,25.46,74.71,3.24,45,1013.1,0.0,126,Moderate,O3
2026-07-28 11:18:43,Delhi,Delhi,"Anand Vihar, Delhi - DPCC",28.6139,77.209,64.49,115.32,45.47,30.54,0.72,64.5,28.8,61.9,8.93,320,1013.9,0.0,113,Moderate,PM25
2026-07-28 12:18:43,Delhi,Delhi,"Anand Vihar, Delhi - DPCC",28.6139,77.209,64.99,112.38,60.53,10.37,2.1,62.8,30.83,52.5,7.59,95,1013.3,0.0,115,Moderate,PM25
2026-07-28 13:18:43,Delhi,Delhi,"Anand Vihar, Delhi - DPCC",28.6139,77.209,67.56,96.74,55.67,23.91,2.11,59.25,31.17,47.5,6.66,290,1008.9,0.0,123,Moderate,PM25
2026-07-28 14:18:43,Delhi,Delhi,"Anand Vihar, Delhi - DPCC",28.6139,77.209,68.22,107.15,39.94,32.32,0.82,51.21,33.17,53.38,11.6,253,1010.9,0.0,126,Moderate,PM25
2026-07-28 15:18:43,Delhi,Delhi,"Anand Vihar, Delhi - DPCC",28.6139,77.209,68.79,103.66,36.65,22.1,1.55,59.52,32.43,46.19,8.37,169,1011.9,0.0,128,Moderate,PM25
2026-07-28 16:18:43,Delhi,Delhi,"Anand Vihar, Delhi - DPCC",28.6139,77.209,65.19,101.5,36.76,33.15,2.1,42.13,33.61,53.79,10.57,144,1013.8,0.0,115,Moderate,PM25
2026-07-28 17:18:43,Delhi,Delhi,"Anand Vihar, Delhi - DPCC",28.6139,77.209,64.16,95.55,44.43,34.68,2.32,40.19,33.88,52.74,8.93,94,1008.5,0.0,112,Moderate,PM25
2026-07-28 18:18:43,Delhi,Delhi,"Anand Vihar, Delhi - DPCC",28.6139,77.209,63.09,94.62,54.42,33.47,2.19,32.24,31.74,56.19,9.15,347,1011.4,0.0,108,Moderate,PM25
2026-07-28 19:18:43,Delhi,Delhi,"Anand Vihar, Delhi - DPCC",28.6139,77.209,63.67,114.55,54.43,21.88,3.04,13.07,28.41,65.22,4.72,223,1008.0,0.0,113,Moderate,CO
2026-07-28 20:18:43,Delhi,Delhi,"Anand Vihar, Delhi - DPCC",28.6139,77.209,60.18,88.45,57.69,29.71,2.86,17.82,24.59,73.33,8.85,182,1013.6,0.0,210,Poor,PM25
2026-07-28 21:18:43,Delhi,Delhi,"Anand Vihar, Delhi - DPCC",28.6139,77.209,56.78,85.23,54.59,34.02,1.04,-10.93,23.24,75.82,8.78,126,1009.6,0.0,195,Moderate,CO
2026-07-28 22:18:43,Delhi,Delhi,"Anand Vihar, Delhi - DPCC",28.6139,77.209,56.36,95.67,40.34,20.2,0.82,-16.46,26.04,75.86,7.97,220,1008.3,0.0,96,Satisfactory,PM10
2026-07-28 23:18:43,Delhi,Delhi,"Anand Vihar, Delhi - DPCC",28.6139,77.209,55.48,93.47,70.52,20.52,2.27,-6.89,22.61,85.48,5.81,176,1010.2,0.0,103,Moderate,CO
2026-07-29 00:18:43,Delhi,Delhi,"Anand Vihar, Delhi - DPCC",28.6139,77.209,53.66,76.94,22.79,11.0,1.36,29.85,18.82,92.99,6.38,291,1011.6,0.0,89,Satisfactory,PM25
2026-07-29 01:18:43,Delhi,Delhi,"Anand Vihar, Delhi - DPCC",28.6139,77.209,52.91,93.21,27.67,33.59,1.86,22.64,17.91,98.0,1.0,8,1010.5,0.0,93,Satisfactory,PM10
2026-07-29 02:18:43,Delhi,Delhi,"Anand Vihar, Delhi - DPCC",28.6139,77.209,51.07,78.34,71.78,22.19,1.76,39.04,17.37,98.0,1.49,292,1013.3,0.0,90,Satisfactory,NO2
2026-07-29 03:18:43,Delhi,Delhi,"Anand Vihar, Delhi - DPCC",28.6139,77.209,52.42,78.79,75.36,11.49,1.3,16.37,15.79,98.0,4.16,228,1014.6,0.0,94,Satisfactory,NO2
2026-07-29 04:18:43,Delhi,Delhi,"Anand Vihar, Delhi - DPCC",28.6139,77.209,53.7,92.35,41.73,13.87,2.64,22.68,17.65,98.0,1.82,105,1013.7,12.0,108,Moderate,CO
2026-07-29 05:18:43,Delhi,Delhi,"Anand Vihar, Delhi - DPCC",28.6139,77.209,56.59,89.6,36.62,20.53,1.59,29.59,20.94,95.46,2.33,52,1012.9,12.9,94,Satisfactory,PM25
2026-07-29 06:18:43,Delhi,Delhi,"Anand Vihar, Delhi - DPCC",28.6139,77.209,59.04,102.4,27.36,30.21,1.71,37.14,20.47,94.25,1.0,244,1010.0,0.0,102,Moderate,PM10
2026-07-29 07:18:43,Delhi,Delhi,"Anand Vihar, Delhi - DPCC",28.6139,77.209,60.25,107.27,65.73,19.59,0.72,19.21,17.4,91.51,2.35,137,1011.8,0.0,210,Poor,PM25
2026-07-29 08:18:43,Delhi,Delhi,"Anand Vihar, Delhi - DPCC",28.6139,77.209,61.44,103.12,92.07,10.08,1.16,37.1,22.69,77.11,1.0,62,1008.8,0.0,112,Moderate,NO2
2026-07-29 09:18:43,Delhi,Delhi,"Anand Vihar, Delhi - DPCC",28.6139,77.209,61.9,108.63,46.9,28.21,1.72,46.14,24.67,75.97,2.95,35,1011.1,0.0,106,Moderate,PM10
2026-07-29 10:18:43,Delhi,Delhi,"Anand Vihar, Delhi - DPCC",28.6139,77.209,62.52,109.15,73.11,9.21,0.97,38.51,25.83,63.95,8.21,354,1011.9,0.0,106,Moderate,PM10
2026-07-29 11:18:43,Delhi,Delhi,"Anand Vihar, Delhi - DPCC",28.6139,77.209,62.35,102.11,24.19,14.91,1.03,43.71,26.68,69.67,7.63,138,1009.9,0.0,195,Moderate,CO
2026-07-29 12:18:43,Delhi,Delhi,"Anand Vihar, Delhi - DPCC",28.6139,77.209,63.43,108.29,29.86,28.34,2.27,49.79,28.98,58.81,5.79,202,1009.9,0.0,109,Moderate,PM25
2026-07-29 13:18:43,Delhi,Delhi,"Anand Vihar, Delhi - DPCC",28.6139,77.209,60.92,102.32,74.25,29.74,1.2,71.97,31.79,57.98,7.18,212,1010.2,0.0,211,Poor,PM25
2026-07-29 14:18:43,Delhi,Delhi,"Anand Vihar, Delhi - DPCC",28.6139,77.209,61.97,87.67,45.76,28.37,1.88,71.68,33.64,49.7,9.76,30,1014.6,0.0,104,Moderate,PM25
2026-07-29 15:18:43,Delhi,Delhi,"Anand Vihar, Delhi - DPCC",28.6139,77.209,62.49,98.68,59.73,27.08,2.56,67.21,34.37,54.3,9.43,347,1009.1,13.1,107,Moderate,CO
2026-07-29 16:18:43,Delhi,Delhi,"Anand Vihar, Delhi - DPCC",28.6139,77.209,61.65,91.72,38.32,34.33,2.15,53.38,31.09,51.63,9.28,266,1012.6,0.0,103,Moderate,PM25
2026-07-29 17:18:43,Delhi,Delhi,"Anand Vihar, Delhi - DPCC",28.6139,77.209,62.33,103.97,63.97,23.86,1.59,44.79,31.55,53.95,9.62,358,1013.5,0.0,106,Moderate,PM25
2026-07-29 18:18:43,Delhi,Delhi,"Anand Vihar, Delhi - DPCC",28.6139,77.209,62.24,109.44,54.68,22.24,0.95,32.89,28.82,60.43,9.29,156,1011.9,0.0,107,Moderate,PM10
2026-07-29 19:18:43,Delhi,Delhi,"Anand Vihar, Delhi - DPCC",28.6139,77.209,59.92,102.43,69.23,10.5,2.05,18.85,27.25,61.56,10.75,87,1009.7,0.0,201,Poor,CO
2026-07-29 20:18:43,Delhi,Delhi,"Anand Vihar, Delhi - DPCC",28.6139,77.209,59.19,93.79,94.95,30.66,2.73,16.2,26.14,71.61,10.57,94,1008.7,0.0,115,Moderate,NO2
2026-07-29 21:18:43,Delhi,Delhi,"Anand Vihar, Delhi - DPCC",28.6139,77.209,55.38,89.2,41.68,24.9,0.67,10.93,22.46,76.56,6.02,343,1014.3,0.0,92,Satisfactory,PM25
2026-07-29 22:18:43,Delhi,Delhi,"Anand Vihar, Delhi - DPCC",28.6139,77.209,56.04,96.23,36.38,24.91,2.42,-0.6,19.92,89.18,7.57,355,1012.2,0.0,105,Moderate,CO
2026-07-29 23:18:43,Delhi,Delhi,"Anand Vihar, Delhi - DPCC",28.6139,77.209,56.1,94.61,47.26,20.8,1.63,-19.17,22.59,85.66,6.85,319,1009.9,0.0,95,Satisfactory,PM10
2026-07-30 00:18:43,Delhi,Delhi,"Anand Vihar, Delhi - DPCC",28.6139,77.209,55.6,77.98,48.28,11.21,2.47,38.96,18.31,92.47,7.33,232,1012.2,0.0,106,Moderate,CO
2026-07-30 01:18:43,Delhi,Delhi,"Anand Vihar, Delhi - DPCC",28.6139,77.209,54.14,93.03,34.45,20.43,1.66,29.02,17.93,98.0,6.87,238,1011.7,6.3,93,Satisfactory,PM10
2026-07-30 02:18:43,Delhi,Delhi,"Anand Vihar, Delhi - DPCC",28.6139,77.209,53.02,76.38,44.89,31.13,2.19,37.1,18.4,96.26,4.95,41,1008.3,0.0,102,Moderate,CO
2026-07-30 03:18:43,Delhi,Delhi,"Anand Vihar, Delhi - DPCC",28.6139,77.209,54.49,91.24,39.09,12.77,0.83,33.43,15.66,94.21,2.86,308,1012.2,0.0,91,Satisfactory,PM10
2026-07-30 04:18:43,Delhi,Delhi,"Anand Vihar, Delhi - DPCC",28.6139,77.209,56.09,93.92,46.4,18.24,2.3,27.95,18.15,98.0,3.53,329,1009.9,0.0,104,Moderate,CO
2026-07-30 05:18:43,Delhi,Delhi,"Anand Vihar, Delhi - DPCC",28.6139,77.209,58.03,89.83,30.4,10.66,1.32,18.4,16.82,98.0,1.32,7,1008.8,0.0,97,Satisfactory,PM25
2026-07-30 06:18:43,Delhi,Delhi,"Anand Vihar, Delhi - DPCC",28.6139,77.209,58.47,83.92,62.3,17.72,0.7,18.95,20.72,93.45,1.0,323,1013.6,0.0,97,Satisfactory,PM25
2026-07-30 07:18:43,Delhi,Delhi,"Anand Vihar, Delhi - DPCC",28.6139,77.209,61.99,97.8,34.77,26.34,2.52,24.32,19.15,86.79,4.4,144,1008.2,0.0,106,Moderate,CO
2026-07-30 08:18:43,Delhi,Delhi,"Anand Vihar, Delhi - DPCC",28.6139,77.209,63.68,93.01,41.2,23.47,1.98,25.73,24.52,80.59,2.95,12,1012.8,0.0,110,Moderate,PM25
2026-07-30 09:18:43,Delhi,Delhi,"Anand Vihar, Delhi - DPCC",28.6139,77.209,63.74,90.03,93.04,34.63,2.31,27.58,27.42,77.91,3.82,244,1013.0,2.0,113,Moderate,NO2
2026-07-30 10:18:43,Delhi,Delhi,"Anand Vihar, Delhi - DPCC",28.6139,77.209,66.48,96.15,75.66,30.17,1.09,57.43,27.26,66.05,3.51,95,1014.4,0.0,196,Moderate,CO
2026-07-30 11:18:43,Delhi,Delhi,"Anand Vihar, Delhi - DPCC",28.6139,77.209,68.49,114.39,68.39,16.01,1.72,60.01,27.48,62.28,5.04,250,1009.8,0.0,127,Moderate,PM25
2026-07-30 12:18:43,Delhi,Delhi,"Anand Vihar, Delhi - DPCC",28.6139,77.209,69.72,118.6,32.53,13.31,2.01,59.74,29.62,61.75,7.56,357,1012.8,0.0,201,Poor,CO
2026-07-30 13:18:43,Delhi,Delhi,"Anand Vihar, Delhi - DPCC",28.6139,77.209,69.73,112.21,73.95,27.62,1.72,60.09,30.72,49.17,6.8,6,1012.0,0.0,131,Moderate,PM25
2026-07-30 14:18:43,Delhi,Delhi,"Anand Vihar, Delhi - DPCC",28.6139,77.209,68.62,101.28,21.91,26.2,1.48,62.33,32.31,51.59,8.61,24,1010.9,0.0,127,Moderate,PM25
2026-07-30 15:18:43,Delhi,Delhi,"Anand Vihar, Delhi - DPCC",28.6139,77.209,68.72,116.11,59.72,19.91,2.08,44.12,32.93,54.01,12.54,124,1009.4,0.0,202,Poor,CO
2026-07-30 16:18:43,Delhi,Delhi,"Anand Vihar, Delhi - DPCC",28.6139,77.209,65.48,111.19,58.05,28.86,1.31,54.09,32.15,49.7,11.31,122,1014.3,5.6,116,Moderate,PM25
2026-07-30 17:18:43,Delhi,Delhi,"Anand Vihar, Delhi - DPCC",28.6139,77.209,64.0,107.19,37.36,30.94,1.56,50.02,30.48,53.88,10.92,322,1009.7,0.0,125,Moderate,O3
2026-07-30 18:18:43,Delhi,Delhi,"Anand Vihar, Delhi - DPCC",28.6139,77.209,62.01,107.58,72.66,16.09,2.41,18.86,32.95,58.0,7.37,81,1012.1,0.0,105,Moderate,PM10
2026-07-30 19:18:43,Delhi,Delhi,"Anand Vihar, Delhi - DPCC",28.6139,77.209,61.25,101.22,54.07,14.27,3.03,25.08,28.1,63.89,12.2,36,1012.1,0.0,113,Moderate,CO
2026-07-30 20:18:43,Delhi,Delhi,"Anand Vihar, Delhi - DPCC",28.6139,77.209,58.77,92.94,44.37,33.85,2.81,12.85,28.04,66.41,12.59,332,1008.5,0.0,110,Moderate,CO
2026-07-30 21:18:43,Delhi,Delhi,"Anand Vihar, Delhi - DPCC",28.6139,77.209,56.52,90.88,66.96,30.64,1.88,-3.24,23.38,76.37,11.19,135,1008.0,0.0,94,Satisfactory,PM25
2026-07-30 22:18:43,Delhi,Delhi,"Anand Vihar, Delhi - DPCC",28.6139,77.209,54.69,78.21,40.85,24.6,2.44,-13.7,22.47,75.79,6.52,184,1013.7,0.0,105,Moderate,CO
2026-07-30 23:18:43,Delhi,Delhi,"Anand Vihar, Delhi - DPCC",28.6139,77.209,53.9,88.48,46.24,30.22,2.63,-4.02,22.81,89.92,7.48,349,1011.5,0.0,108,Moderate,CO
2026-07-31 00:18:43,Delhi,Delhi,"Anand Vihar, Delhi - DPCC",28.6139,77.209,54.18,81.59,57.28,22.08,2.5,27.29,20.74,94.3,9.38,119,1009.2,0.0,106,Moderate,CO
2026-07-31 01:18:43,Delhi,Delhi,"Anand Vihar, Delhi - DPCC",28.6139,77.209,53.44,82.92,47.94,20.6,1.17,36.26,17.01,92.95,4.48,63,1010.3,1.0,89,Satisfactory,PM25
2026-07-31 02:18:43,Delhi,Delhi,"Anand Vihar, Delhi - DPCC",28.6139,77.209,55.41,89.32,65.74,9.06,2.66,17.38,19.4,96.67,5.09,316,1011.6,9.4,108,Moderate,CO
2026-07-31 03:18:43,Delhi,Delhi,"Anand Vihar, Delhi - DPCC",28.6139,77.209,54.15,83.93,20.47,26.73,1.31,29.29,17.92,98.0,3.81,356,1012.4,0.0,90,Satisfactory,PM25
2026-07-31 04:18:43,Delhi,Delhi,"Anand Vihar, Delhi - DPCC",28.6139,77.209,56.84,89.73,24.11,12.55,2.34,31.21,16.63,95.5,3.42,301,1014.7,1.6,104,Moderate,CO
2026-07-31 05:18:43,Delhi,Delhi,"Anand Vihar, Delhi - DPCC",28.6139,77.209,57.72,95.07,76.7,25.45,1.08,33.22,18.23,98.0,1.0,280,1010.4,0.0,195,Moderate,CO
2026-07-31 06:18:43,Delhi,Delhi,"Anand Vihar, Delhi - DPCC",28.6139,77.209,58.48,96.49,73.35,13.67,2.76,32.55,20.72,84.25,2.26,343,1009.4,0.0,109,Moderate,CO
2026-07-31 07:18:43,Delhi,Delhi,"Anand Vihar, Delhi - DPCC",28.6139,77.209,58.42,92.74,79.35,32.0,1.32,25.57,19.49,87.87,2.79,308,1010.6,0.0,99,Satisfactory,NO2
2026-07-31 08:18:43,Delhi,Delhi,"Anand Vihar, Delhi - DPCC",28.6139,77.209,59.94,94.95,89.42,32.14,3.23,37.13,22.74,81.03,2.62,208,1012.9,0.0,115,Moderate,CO
2026-07-31 09:18:43,Delhi,Delhi,"Anand Vihar, Delhi - DPCC",28.6139,77.209,62.09,107.56,59.53,26.71,1.54,50.15,23.6,77.93,3.04,340,1014.1,9.9,125,Moderate,O3
2026-07-31 10:18:43,Delhi,Delhi,"Anand Vihar, Delhi - DPCC",28.6139,77.209,63.16,102.25,77.3,21.41,1.47,47.65,27.39,68.19,6.7,281,1011.0,0.0,108,Moderate,PM25
2026-07-31 11:18:43,Delhi,Delhi,"Anand Vihar, Delhi - DPCC",28.6139,77.209,63.53,101.59,28.89,29.91,1.53,62.44,28.66,62.77,6.36,59,1014.5,0.0,110,Moderate,PM25
2026-07-31 12:18:43,Delhi,Delhi,"Anand Vihar, Delhi - DPCC",28.6139,77.209,64.86,107.02,20.88,28.2,0.8,54.78,31.82,51.58,9.56,5,1013.8,0.0,114,Moderate,PM25
2026-07-31 13:18:43,Delhi,Delhi,"Anand Vihar, Delhi - DPCC",28.6139,77.209,65.77,117.36,27.2,27.92,0.88,59.55,34.83,58.02,8.38,1,1009.8,0.0,117,Moderate,PM25
2026-07-31 14:18:43,Delhi,Delhi,"Anand Vihar, Delhi - DPCC",28.6139,77.209,68.32,103.95,52.43,13.12,1.01,62.7,33.51,48.64,9.04,44,1012.0,0.0,195,Moderate,CO
2026-07-31 15:18:43,Delhi,Delhi,"Anand Vihar, Delhi - DPCC",28.6139,77.209,65.67,96.62,20.08,31.04,2.17,60.58,30.56,55.5,9.96,336,1012.7,0.0,117,Moderate,PM25
2026-07-31 16:18:43,Delhi,Delhi,"Anand Vihar, Delhi - DPCC",28.6139,77.209,62.81,101.92,51.06,31.19,2.03,40.29,35.76,50.5,8.94,5,1010.2,0.0,201,Poor,CO
2026-07-31 17:18:43,Delhi,Delhi,"Anand Vihar, Delhi - DPCC",28.6139,77.209,62.17,94.6,35.91,11.49,1.72,29.66,31.85,50.14,10.9,207,1013.8,6.6,105,Moderate,PM25
2026-07-31 18:18:43,Delhi,Delhi,"Anand Vihar, Delhi - DPCC",28.6139,77.209,62.74,99.57,54.05,29.36,1.83,23.96,30.37,58.0,9.89,313,1014.8,0.0,107,Moderate,PM25
2026-07-31 19:18:43,Delhi,Delhi,"Anand Vihar, Delhi - DPCC",28.6139,77.209,61.81,105.85,60.93,24.06,1.87,12.35,30.74,61.64,12.75,76,1009.4,0.0,104,Moderate,PM10
2026-07-31 20:18:43,Delhi,Delhi,"Anand Vihar, Delhi - DPCC",28.6139,77.209,60.68,94.68,60.85,9.55,2.1,14.31,29.98,63.93,7.75,5,1011.2,8.8,211,Poor,PM25
2026-07-31 21:18:43,Delhi,Delhi,"Anand Vihar, Delhi - DPCC",28.6139,77.209,60.43,98.66,39.41,21.94,2.14,-10.97,25.04,77.17,9.64,107,1012.4,0.0,210,Poor,PM25
2026-07-31 22:18:43,Delhi,Delhi,"Anand Vihar, Delhi - DPCC",28.6139,77.209,60.84,92.74,38.36,26.02,2.15,5.14,23.08,80.94,6.21,90,1008.6,0.0,211,Poor,PM25
2026-07-31 23:18:43,Delhi,Delhi,"Anand Vihar, Delhi - DPCC",28.6139,77.209,57.36,87.11,41.62,34.7,2.32,-18.21,19.84,88.48,8.9,320,1010.4,0.0,104,Moderate,CO
2026-08-01 00:18:43,Delhi,Delhi,"Anand Vihar, Delhi - DPCC",28.6139,77.209,55.88,98.7,69.71,34.48,1.31,20.89,20.12,93.66,6.32,119,1012.0,0.0,99,Satisfactory,PM10
2026-08-01 01:18:43,Delhi,Delhi,"Anand Vihar, Delhi - DPCC",28.6139,77.209,53.73,86.77,70.96,9.34,2.56,31.64,17.44,98.0,7.57,106,1010.9,0.0,107,Moderate,CO
2026-08-01 02:18:43,Delhi,Delhi,"Anand Vihar, Delhi - DPCC",28.6139,77.209,53.38,75.15,64.01,19.28,1.76,17.87,14.4,98.0,7.26,282,1010.1,0.0,89,Satisfactory,PM25
2026-08-01 03:18:43,Delhi,Delhi,"Anand Vihar, Delhi - DPCC",28.6139,77.209,52.22,87.17,67.06,26.01,2.58,22.13,14.35,98.0,6.69,178,1010.2,0.0,107,Moderate,CO
2026-08-01 04:18:43,Delhi,Delhi,"Anand Vihar, Delhi - DPCC",28.6139,77.209,52.77,75.96,54.31,10.59,0.95,17.14,15.69,98.0,2.48,326,1008.5,0.0,88,Satisfactory,PM25
2026-08-01 05:18:43,Delhi,Delhi,"Anand Vihar, Delhi - DPCC",28.6139,77.209,54.58,90.97,34.02,21.22,1.46,17.24,20.99,96.38,6.16,99,1011.3,0.0,91,Satisfactory,PM10
2026-08-01 06:18:43,Delhi,Delhi,"Anand Vihar, Delhi - DPCC",28.6139,77.209,56.76,90.08,54.54,18.4,0.88,24.64,21.03,98.0,3.61,336,1013.4,0.0,94,Satisfactory,PM25
2026-08-01 07:18:43,Delhi,Delhi,"Anand Vihar, Delhi - DPCC",28.6139,77.209,59.35,106.51,51.32,30.31,1.87,36.85,22.54,90.11,4.65,203,1013.1,0.0,105,Moderate,PM10
2026-08-01 08:18:43,Delhi,Delhi,"Anand Vihar, Delhi - DPCC",28.6139,77.209,63.73,91.23,52.21,16.69,2.34,21.96,22.15,82.49,2.55,102,1013.0,0.0,110,Moderate,PM25
2026-08-01 09:18:43,Delhi,Delhi,"Anand Vihar, Delhi - DPCC",28.6139,77.209,65.59,94.06,49.68,31.09,2.38,27.55,23.35,70.04,3.72,144,1013.0,0.0,117,Moderate,PM25
2026-08-01 10:18:43,Delhi,Delhi,"Anand Vihar, Delhi - DPCC",28.6139,77.209,67.9,120.36,26.45,31.28,0.95,47.67,23.43,70.0,2.48,201,1010.7,0.0,124,Moderate,PM25
2026-08-01 11:18:43,Delhi,Delhi,"Anand Vihar, Delhi - DPCC",28.6139,77.209,69.74,101.84,72.99,12.51,1.09,46.52,30.37,65.42,5.24,90,1010.6,0.0,196,Moderate,CO
2026-08-01 12:18:43,Delhi,Delhi,"Anand Vihar, Delhi - DPCC",28.6139,77.209,71.31,105.94,62.99,14.15,2.77,62.28,31.63,55.23,7.04,90,1009.0,0.0,136,Moderate,PM25
2026-08-01 13:18:43,Delhi,Delhi,"Anand Vihar, Delhi - DPCC",28.6139,77.209,71.92,103.81,65.12,9.23,1.04,69.8,30.55,52.86,10.06,17,1012.3,0.0,195,Moderate,CO
2026-08-01 14:18:43,Delhi,Delhi,"Anand Vihar, Delhi - DPCC",28.6139,77.209,72.2,113.68,25.55,32.73,2.31,49.7,30.63,48.31,8.58,301,1012.3,0.0,139,Moderate,PM25
2026-08-01 15:18:43,Delhi,Delhi,"Anand Vihar, Delhi - DPCC",28.6139,77.209,72.85,105.52,33.28,16.84,1.08,53.1,33.08,55.55,10.22,346,1014.5,0.0,195,Moderate,CO
2026-08-01 16:18:43,Delhi,Delhi,"Anand Vihar, Delhi - DPCC",28.6139,77.209,70.98,121.03,42.02,22.72,1.74,37.94,32.05,51.04,9.85,298,1013.6,0.0,135,Moderate,PM25
2026-08-01 17:18:43,Delhi,Delhi,"Anand Vihar, Delhi - DPCC",28.6139,77.209,69.64,116.15,60.04,21.88,1.4,44.07,33.54,54.53,7.6,156,1009.9,0.0,130,Moderate,PM25
2026-08-01 18:18:43,Delhi,Delhi,"Anand Vihar, Delhi - DPCC",28.6139,77.209,66.31,97.12,69.38,23.84,1.95,35.51,29.02,54.06,9.66,71,1013.1,0.0,119,Moderate,PM25
2026-08-01 19:18:43,Delhi,Delhi,"Anand Vihar, Delhi - DPCC",28.6139,77.209,63.64,92.17,72.67,8.0,1.14,13.92,28.45,65.83,12.0,154,1012.8,0.0,110,Moderate,PM25
2026-08-01 20:18:43,Delhi,Delhi,"Anand Vihar, Delhi - DPCC",28.6139,77.209,61.37,90.7,80.0,15.44,1.94,3.8,30.85,67.28,7.66,170,1013.2,0.0,102,Moderate,PM25
2026-08-01 21:18:43,Delhi,Delhi,"Anand Vihar, Delhi - DPCC",28.6139,77.209,59.9,105.33,26.53,20.77,2.25,1.97,23.3,74.34,8.06,182,1015.0,0.0,104,Moderate,PM10
2026-08-01 22:18:43,Delhi,Delhi,"Anand Vihar, Delhi - DPCC",28.6139,77.209,58.17,86.1,44.85,24.58,1.07,-11.0,23.11,78.89,7.83,285,1012.2,0.0,195,Moderate,CO
2026-08-01 23:18:43,Delhi,Delhi,"Anand Vihar, Delhi - DPCC",28.6139,77.209,55.4,89.9,32.79,26.58,2.71,-8.54,23.84,82.68,7.75,321,1014.8,0.0,109,Moderate,CO
2026-08-02 00:18:43,Delhi,Delhi,"Anand Vihar, Delhi - DPCC",28.6139,77.209,55.28,80.79,48.71,22.52,1.68,35.06,19.43,90.25,7.05,124,1010.4,0.0,92,Satisfactory,PM25
2026-08-02 01:18:43,Delhi,Delhi,"Anand Vihar, Delhi - DPCC",28.6139,77.209,53.94,89.62,71.06,33.15,2.74,34.53,17.54,98.0,4.47,191,1013.8,0.0,109,Moderate,CO
2026-08-02 02:18:43,Delhi,Delhi,"Anand Vihar, Delhi - DPCC",28.6139,77.209,54.02,79.33,77.93,22.23,1.82,37.68,16.23,94.72,5.9,106,1011.5,0.0,97,Satisfactory,NO2
2026-08-02 03:18:43,Delhi,Delhi,"Anand Vihar, Delhi - DPCC",28.6139,77.209,54.18,77.59,65.06,11.8,0.82,29.04,16.57,98.0,2.67,175,1011.0,0.0,90,Satisfactory,PM25
2026-08-02 04:18:43,Delhi,Delhi,"Anand Vihar, Delhi - DPCC",28.6139,77.209,54.59,83.71,40.31,13.31,2.49,18.67,18.74,98.0,3.78,323,1013.5,0.0,106,Moderate,CO
2026-08-02 05:18:43,Delhi,Delhi,"Anand Vihar, Delhi - DPCC",28.6139,77.209,54.24,88.39,37.54,18.86,2.28,21.1,19.85,95.47,4.24,191,1014.6,0.0,103,Moderate,CO
2026-08-02 06:18:43,Delhi,Delhi,"Anand Vihar, Delhi - DPCC",28.6139,77.209,57.41,101.46,34.91,24.56,1.48,15.3,20.73,91.57,1.32,203,1014.2,0.0,101,Moderate,PM10
2026-08-02 07:18:43,Delhi,Delhi,"Anand Vihar, Delhi - DPCC",28.6139,77.209,57.91,87.7,42.0,24.79,0.74,28.25,21.15,88.38,3.49,286,1012.8,0.0,96,Satisfactory,PM25
2026-08-02 08:18:43,Delhi,Delhi,"Anand Vihar, Delhi - DPCC",28.6139,77.209,60.34,89.04,71.2,8.85,1.36,22.8,25.54,78.41,2.81,43,1013.1,0.0,210,Poor,PM25
2026-08-02 09:18:43,Delhi,Delhi,"Anand Vihar, Delhi - DPCC",28.6139,77.209,58.91,105.48,37.99,12.88,2.52,29.22,27.54,79.43,6.59,349,1014.2,0.0,106,Moderate,CO
2026-08-02 10:18:43,Delhi,Delhi,"Anand Vihar, Delhi - DPCC",28.6139,77.209,61.02,103.01,29.65,25.08,0.72,42.9,25.69,68.25,3.42,306,1008.5,0.0,102,Moderate,PM10
2026-08-02 11:18:43,Delhi,Delhi,"Anand Vihar, Delhi - DPCC",28.6139,77.209,63.63,102.91,69.94,11.01,2.63,66.69,27.94,62.47,5.89,205,1012.3,0.0,110,Moderate,PM25
2026-08-02 12:18:43,Delhi,Delhi,"Anand Vihar, Delhi - DPCC",28.6139,77.209,63.83,95.41,72.61,30.13,1.96,73.15,31.44,54.77,7.55,304,1010.9,5.2,111,Moderate,PM25
2026-08-02 13:18:43,Delhi,Delhi,"Anand Vihar, Delhi - DPCC",28.6139,77.209,63.25,102.81,68.7,28.16,1.83,65.78,30.69,52.15,5.23,91,1014.2,0.0,109,Moderate,PM25
2026-08-02 14:18:43,Delhi,Delhi,"Anand Vihar, Delhi - DPCC",28.6139,77.209,62.18,98.87,37.96,16.73,1.17,67.11,34.02,54.99,7.27,164,1011.8,0.0,105,Moderate,PM25
2026-08-02 15:18:43,Delhi,Delhi,"Anand Vihar, Delhi - DPCC",28.6139,77.209,62.18,92.21,74.71,12.72,2.44,47.07,33.32,47.19,9.97,332,1012.0,0.0,105,Moderate,CO
2026-08-02 16:18:43,Delhi,Delhi,"Anand Vihar, Delhi - DPCC",28.6139,77.209,61.41,103.29,43.1,14.64,1.87,46.02,31.26,50.0,9.55,254,1014.8,0.0,102,Moderate,PM10
2026-08-02 17:18:43,Delhi,Delhi,"Anand Vihar, Delhi - DPCC",28.6139,77.209,60.55,94.0,50.4,15.26,1.77,47.88,32.1,56.11,8.72,91,1010.5,0.0,210,Poor,PM25
2026-08-02 18:18:43,Delhi,Delhi,"Anand Vihar, Delhi - DPCC",28.6139,77.209,60.67,93.64,25.94,28.47,1.91,21.86,29.83,58.17,11.0,46,1013.3,0.0,211,Poor,PM25
2026-08-02 19:18:43,Delhi,Delhi,"Anand Vihar, Delhi - DPCC",28.6139,77.209,58.28,100.81,80.97,18.12,2.34,25.07,26.15,62.11,9.79,31,1011.4,0.0,104,Moderate,CO
2026-08-02 20:18:43,Delhi,Delhi,"Anand Vihar, Delhi - DPCC",28.6139,77.209,55.46,92.17,76.09,33.18,1.42,11.74,27.52,68.54,11.29,130,1009.2,0.0,95,Satisfactory,NO2
2026-08-02 21:18:43,Delhi,Delhi,"Anand Vihar, Delhi - DPCC",28.6139,77.209,55.35,96.27,42.6,23.5,0.66,-6.74,24.74,77.99,11.1,127,1013.7,0.0,96,Satisfactory,PM10
2026-08-02 22:18:43,Delhi,Delhi,"Anand Vihar, Delhi - DPCC",28.6139,77.209,52.21,80.22,77.28,26.81,1.79,-5.52,19.17,80.28,6.92,242,1014.5,0.0,97,Satisfactory,NO2
2026-08-02 23:18:43,Delhi,Delhi,"Anand Vihar, Delhi - DPCC",28.6139,77.209,51.02,73.11,26.13,20.7,1.77,-13.4,18.35,91.61,8.98,107,1013.3,0.0,87,Satisfactory,CO
2026-08-03 00:18:43,Delhi,Delhi,"Anand Vihar, Delhi - DPCC",28.6139,77.209,52.51,84.79,74.48,9.58,1.89,29.04,19.64,95.65,7.21,261,1013.5,0.0,94,Satisfactory,CO
2026-08-03 01:18:43,Delhi,Delhi,"Anand Vihar, Delhi - DPCC",28.6139,77.209,54.23,87.93,77.67,13.04,1.37,29.32,16.0,95.09,5.17,151,1010.8,0.0,97,Satisfactory,NO2
2026-08-03 02:18:43,Delhi,Delhi,"Anand Vihar, Delhi - DPCC",28.6139,77.209,52.03,80.45,43.82,30.18,0.78,22.91,16.33,96.83,6.45,209,1008.7,0.0,86,Satisfactory,PM25
2026-08-03 03:18:43,Delhi,Delhi,"Anand Vihar, Delhi - DPCC",28.6139,77.209,50.78,82.1,33.19,25.55,2.59,17.14,17.01,98.0,3.03,227,1008.6,0.0,107,Moderate,CO
2026-08-03 04:18:43,Delhi,Delhi,"Anand Vihar, Delhi - DPCC",28.6139,77.209,51.31,91.13,65.69,26.8,1.13,17.96,16.39,94.67,1.91,205,1009.8,0.0,91,Satisfactory,PM10
2026-08-03 05:18:43,Delhi,Delhi,"Anand Vihar, Delhi - DPCC",28.6139,77.209,53.29,77.71,63.59,13.6,1.55,31.17,19.69,94.43,1.0,264,1014.6,0.0,89,Satisfactory,PM25
2026-08-03 06:18:43,Delhi,Delhi,"Anand Vihar, Delhi - DPCC",28.6139,77.209,52.99,83.43,57.96,11.27,1.2,27.69,17.77,95.83,2.21,322,1013.9,14.2,88,Satisfactory,PM25
2026-08-03 07:18:43,Delhi,Delhi,"Anand Vihar, Delhi - DPCC",28.6139,77.209,53.52,78.88,37.27,14.71,2.11,19.67,20.45,88.42,2.68,155,1012.5,0.0,101,Moderate,CO
2026-08-03 08:18:43,Delhi,Delhi,"Anand Vihar, Delhi - DPCC",28.6139,77.209,55.52,96.61,90.94,24.23,1.42,37.54,21.33,80.04,1.45,135,1011.1,0.0,111,Moderate,NO2
2026-08-03 09:18:43,Delhi,Delhi,"Anand Vihar, Delhi - DPCC",28.6139,77.209,58.44,82.33,68.89,28.18,2.08,49.44,26.31,76.39,5.31,22,1012.6,0.0,202,Poor,CO
2026-08-03 10:18:43,Delhi,Delhi,"Anand Vihar, Delhi - DPCC",28.6139,77.209,61.53,93.85,54.21,25.51,2.09,57.64,26.49,66.2,3.2,253,1009.2,0.0,202,Poor,CO
2026-08-03 11:18:43,Delhi,Delhi,"Anand Vihar, Delhi - DPCC",28.6139,77.209,64.18,92.82,33.66,10.67,1.55,46.47,30.23,67.46,4.8,246,1010.0,0.0,112,Moderate,PM25
2026-08-03 12:18:43,Delhi,Delhi,"Anand Vihar, Delhi - DPCC",28.6139,77.209,64.67,99.05,54.29,14.63,2.03,69.09,31.53,63.17,5.84,234,1008.3,0.0,201,Poor,CO
2026-08-03 13:18:43,Delhi,Delhi,"Anand Vihar, Delhi - DPCC",28.6139,77.209,63.81,99.14,23.32,29.87,2.77,70.6,30.7,47.98,8.26,71,1010.5,0.0,111,Moderate,PM25
2026-08-03 14:18:43,Delhi,Delhi,"Anand Vihar, Delhi - DPCC",28.6139,77.209,64.89,113.03,26.14,11.55,2.09,54.06,32.59,52.12,10.51,82,1011.4,0.0,202,Poor,CO
2026-08-03 15:18:43,Delhi,Delhi,"Anand Vihar, Delhi - DPCC",28.6139,77.209,64.91,110.02,20.16,24.96,1.89,56.75,34.14,50.85,11.49,308,1009.6,0.0,114,Moderate,PM25
2026-08-03 16:18:43,Delhi,Delhi,"Anand Vihar, Delhi - DPCC",28.6139,77.209,64.71,114.93,40.14,22.31,2.05,37.56,32.02,44.08,9.82,314,1014.1,0.0,201,Poor,CO
2026-08-03 17:18:43,Delhi,Delhi,"Anand Vihar, Delhi - DPCC",28.6139,77.209,65.07,100.63,44.27,22.95,2.66,43.92,33.19,57.91,10.79,133,1013.1,0.0,115,Moderate,PM25
2026-08-03 18:18:43,Delhi,Delhi,"Anand Vihar, Delhi - DPCC",28.6139,77.209,64.37,107.8,47.56,23.27,2.13,34.19,28.4,56.47,11.66,342,1012.5,0.0,112,Moderate,PM25
2026-08-03 19:18:43,Delhi,Delhi,"Anand Vihar, Delhi - DPCC",28.6139,77.209,61.36,87.66,78.58,21.8,2.64,16.11,29.98,59.12,8.89,262,1009.9,0.0,108,Moderate,CO
2026-08-03 20:18:43,Delhi,Delhi,"Anand Vihar, Delhi - DPCC",28.6139,77.209,61.3,89.32,47.3,26.52,2.33,-0.48,26.21,67.7,10.71,151,1009.4,0.0,104,Moderate,CO
2026-08-03 21:18:43,Delhi,Delhi,"Anand Vihar, Delhi - DPCC",28.6139,77.209,57.2,97.68,43.64,27.7,1.06,-3.89,24.88,78.44,10.01,164,1013.6,0.0,195,Moderate,CO
2026-08-03 22:18:43,Delhi,Delhi,"Anand Vihar, Delhi - DPCC",28.6139,77.209,58.79,83.85,62.3,22.68,1.76,-10.99,22.74,80.34,8.61,23,1013.1,0.0,98,Satisfactory,PM25
2026-08-03 23:18:43,Delhi,Delhi,"Anand Vihar, Delhi - DPCC",28.6139,77.209,55.93,88.28,23.12,16.11,1.76,-8.36,20.1,87.73,3.88,68,1014.1,0.0,93,Satisfactory,PM25
2026-08-04 00:18:43,Delhi,Delhi,"Anand Vihar, Delhi - DPCC",28.6139,77.209,55.7,78.74,78.95,31.36,1.88,17.78,18.47,90.57,5.14,86,1011.5,0.0,99,Satisfactory,NO2
2026-08-04 01:18:43,Delhi,Delhi,"Anand Vihar, Delhi - DPCC",28.6139,77.209,57.42,96.21,72.29,8.91,1.49,34.62,17.06,93.58,6.69,182,1008.2,0.0,96,Satisfactory,PM10
2026-08-04 02:18:43,Delhi,Delhi,"Anand Vihar, Delhi - DPCC",28.6139,77.209,59.21,104.92,61.24,16.65,1.04,36.37,18.22,97.8,3.89,74,1011.6,0.0,195,Moderate,CO
2026-08-04 03:18:43,Delhi,Delhi,"Anand Vihar, Delhi - DPCC",28.6139,77.209,58.98,99.11,27.34,31.61,0.73,22.94,17.64,98.0,3.89,47,1014.8,0.0,99,Satisfactory,PM10
2026-08-04 04:18:43,Delhi,Delhi,"Anand Vihar, Delhi - DPCC",28.6139,77.209,59.36,92.38,42.88,15.09,0.7,21.7,16.88,98.0,3.52,258,1008.9,0.0,99,Satisfactory,PM25
2026-08-04 05:18:43,Delhi,Delhi,"Anand Vihar, Delhi - DPCC",28.6139,77.209,59.42,85.84,62.25,27.67,2.57,16.32,19.18,97.52,1.06,222,1008.2,0.0,107,Moderate,CO
2026-08-04 06:18:43,Delhi,Delhi,"Anand Vihar, Delhi - DPCC",28.6139,77.209,62.07,94.75,49.03,29.98,2.7,20.76,20.17,97.29,1.4,220,1010.0,0.0,108,Moderate,CO
2026-08-04 07:18:43,Delhi,Delhi,"Anand Vihar, Delhi - DPCC",28.6139,77.209,64.04,92.2,79.71,18.81,2.0,37.14,23.6,91.84,2.03,349,1010.5,0.0,201,Poor,CO
2026-08-04 08:18:43,Delhi,Delhi,"Anand Vihar, Delhi - DPCC",28.6139,77.209,65.12,106.95,56.56,9.55,2.51,29.25,21.92,83.38,1.86,318,1012.1,0.0,115,Moderate,PM25
2026-08-04 09:18:43,Delhi,Delhi,"Anand Vihar, Delhi - DPCC",28.6139,77.209,66.67,101.29,79.77,34.73,3.3,39.15,24.48,70.89,2.63,41,1009.0,0.0,120,Moderate,PM25
2026-08-04 10:18:43,Delhi,Delhi,"Anand Vihar, Delhi - DPCC",28.6139,77.209,68.43,117.4,60.42,24.45,0.71,57.38,27.43,72.99,1.44,7,1014.6,0.0,126,Moderate,PM25
2026-08-04 11:18:43,Delhi,Delhi,"Anand Vihar, Delhi - DPCC",28.6139,77.209,71.43,120.15,35.88,13.99,2.08,45.93,30.93,61.06,1.0,137,1009.3,0.0,202,Poor,CO
2026-08-04 12:18:43,Delhi,Delhi,"Anand Vihar, Delhi - DPCC",28.6139,77.209,71.07,118.68,78.09,11.89,2.52,55.39,27.48,60.76,9.86,200,1013.1,0.0,135,Moderate,PM25
2026-08-04 13:18:43,Delhi,Delhi,"Anand Vihar, Delhi - DPCC",28.6139,77.209,71.55,106.48,30.81,8.42,1.06,62.96,31.27,48.39,7.92,26,1013.2,0.0,195,Moderate,CO
2026-08-04 14:18:43,Delhi,Delhi,"Anand Vihar, Delhi - DPCC",28.6139,77.209,69.46,114.53,23.36,31.9,1.66,65.72,33.17,51.0,7.52,108,1010.0,0.0,130,Moderate,PM25
2026-08-04 15:18:43,Delhi,Delhi,"Anand Vihar, Delhi - DPCC",28.6139,77.209,69.8,110.24,41.81,34.86,1.86,55.13,32.94,54.16,9.3,122,1010.7,0.0,131,Moderate,PM25
2026-08-04 16:18:43,Delhi,Delhi,"Anand Vihar, Delhi - DPCC",28.6139,77.209,70.56,120.17,35.96,32.04,2.75,47.93,30.3,49.9,10.96,112,1009.6,0.0,134,Moderate,PM25
2026-08-04 17:18:43,Delhi,Delhi,"Anand Vihar, Delhi - DPCC",28.6139,77.209,68.69,120.87,26.13,11.86,2.5,35.79,31.79,53.47,8.44,150,1009.5,0.0,127,Moderate,PM25
2026-08-04 18:18:43,Delhi,Delhi,"Anand Vihar, Delhi - DPCC",28.6139,77.209,65.6,116.12,53.51,14.76,1.05,18.4,31.04,54.13,10.17,149,1009.0,0.0,195,Moderate,CO
2026-08-04 19:18:43,Delhi,Delhi,"Anand Vihar, Delhi - DPCC",28.6139,77.209,63.87,106.8,91.3,25.24,1.9,15.42,31.18,64.89,7.67,243,1013.3,0.0,111,Moderate,NO2
2026-08-04 20:18:43,Delhi,Delhi,"Anand Vihar, Delhi - DPCC",28.6139,77.209,63.44,108.47,91.26,11.82,1.93,1.48,27.04,68.42,11.67,9,1013.0,0.0,111,Moderate,NO2
2026-08-04 21:18:43,Delhi,Delhi,"Anand Vihar, Delhi - DPCC",28.6139,77.209,62.45,93.84,34.42,15.11,1.34,-10.63,25.11,72.06,10.32,333,1009.5,0.0,106,Moderate,PM25
2026-08-04 22:18:43,Delhi,Delhi,"Anand Vihar, Delhi - DPCC",28.6139,77.209,61.58,96.74,69.16,29.19,2.64,0.63,21.79,82.33,7.08,71,1009.8,0.0,108,Moderate,CO
2026-08-04 23:18:43,Delhi,Delhi,"Anand Vihar, Delhi - DPCC",28.6139,77.209,59.75,103.98,20.53,8.99,1.91,-10.28,21.48,86.5,8.52,155,1011.7,0.0,103,Moderate,PM10
2026-08-05 00:18:43,Delhi,Delhi,"Anand Vihar, Delhi - DPCC",28.6139,77.209,58.18,91.33,70.99,16.42,2.4,18.06,20.67,91.61,8.13,229,1014.6,0.0,105,Moderate,CO
2026-08-05 01:18:43,Delhi,Delhi,"Anand Vihar, Delhi - DPCC",28.6139,77.209,57.26,83.43,31.24,32.07,0.62,35.42,17.03,98.0,6.66,241,1011.0,0.0,95,Satisfactory,PM25
2026-08-05 02:18:43,Delhi,Delhi,"Anand Vihar, Delhi - DPCC",28.6139,77.209,57.05,84.91,21.69,34.45,2.76,24.45,16.66,98.0,4.13,331,1013.5,0.0,109,Moderate,CO
2026-08-05 03:18:43,Delhi,Delhi,"Anand Vihar, Delhi - DPCC",28.6139,77.209,59.01,86.4,32.64,15.64,1.72,27.77,14.73,98.0,4.75,328,1013.8,0.0,98,Satisfactory,PM25
2026-08-05 04:18:43,Delhi,Delhi,"Anand Vihar, Delhi - DPCC",28.6139,77.209,59.04,82.99,74.23,9.2,1.31,29.23,14.15,98.0,3.41,189,1009.6,0.0,98,Satisfactory,PM25
2026-08-05 05:18:43,Delhi,Delhi,"Anand Vihar, Delhi - DPCC",28.6139,77.209,59.18,89.5,44.78,11.76,1.72,31.63,18.71,98.0,4.04,53,1011.2,0.8,99,Satisfactory,PM25
2026-08-05 06:18:43,Delhi,Delhi,"Anand Vihar, Delhi - DPCC",28.6139,77.209,58.08,97.19,63.45,32.18,2.27,16.21,18.76,88.46,1.31,139,1009.1,8.1,103,Moderate,CO
2026-08-05 07:18:43,Delhi,Delhi,"Anand Vihar, Delhi - DPCC",28.6139,77.209,60.57,95.72,51.34,21.94,2.12,16.2,22.59,89.45,5.13,71,1008.3,0.0,211,Poor,PM25
2026-08-05 08:18:43,Delhi,Delhi,"Anand Vihar, Delhi - DPCC",28.6139,77.209,63.73,97.75,57.75,33.22,1.57,17.59,23.16,85.19,1.85,225,1010.9,0.0,110,Moderate,PM25
2026-08-05 09:18:43,Delhi,Delhi,"Anand Vihar, Delhi - DPCC",28.6139,77.209,64.5,109.51,36.44,25.56,1.56,43.23,25.11,77.25,3.1,121,1012.3,0.0,113,Moderate,PM25
2026-08-05 10:18:43,Delhi,Delhi,"Anand Vihar, Delhi - DPCC",28.6139,77.209,67.02,113.73,21.37,33.89,1.36,40.32,25.15,69.91,5.69,31,1008.8,0.0,122,Moderate,PM25
2026-08-05 11:18:43,Delhi,Delhi,"Anand Vihar, Delhi - DPCC",28.6139,77.209,66.49,102.73,50.39,17.75,2.32,67.68,30.82,58.41,8.67,80,1012.6,0.0,120,Moderate,PM25
2026-08-05 12:18:43,Delhi,Delhi,"Anand Vihar, Delhi - DPCC",28.6139,77.209,66.53,112.95,65.59,25.56,1.47,63.5,31.73,56.67,5.23,37,1013.9,0.0,120,Moderate,PM25
2026-08-05 13:18:43,Delhi,Delhi,"Anand Vihar, Delhi - DPCC",28.6139,77.209,67.99,118.08,27.95,25.81,1.87,50.77,33.66,51.4,6.29,26,1010.5,8.5,126,Moderate,O3
2026-08-05 14:18:43,Delhi,Delhi,"Anand Vihar, Delhi - DPCC",28.6139,77.209,66.76,117.77,50.17,15.26,1.92,53.33,31.34,51.21,8.83,249,1010.4,0.0,121,Moderate,PM25
2026-08-05 15:18:43,Delhi,Delhi,"Anand Vihar, Delhi - DPCC",28.6139,77.209,68.29,121.62,46.55,26.65,1.86,47.73,35.6,53.04,12.81,177,1011.6,0.0,126,Moderate,PM25
2026-08-05 16:18:43,Delhi,Delhi,"Anand Vihar, Delhi - DPCC",28.6139,77.209,69.8,111.39,49.32,10.09,1.02,43.6,31.53,56.23,7.66,310,1009.1,7.0,195,Moderate,CO
2026-08-05 17:18:43,Delhi,Delhi,"Anand Vihar, Delhi - DPCC",28.6139,77.209,69.82,121.03,68.14,10.7,2.65,28.58,28.76,57.65,12.04,244,1009.9,0.0,131,Moderate,PM25
2026-08-05 18:18:43,Delhi,Delhi,"Anand Vihar, Delhi - DPCC",28.6139,77.209,65.84,92.71,53.73,20.56,2.04,18.67,30.99,56.75,10.78,320,1011.1,0.0,201,Poor,CO
2026-08-05 19:18:43,Delhi,Delhi,"Anand Vihar, Delhi - DPCC",28.6139,77.209,63.4,93.37,61.75,14.6,2.26,11.07,29.92,63.39,11.87,0,1013.6,0.0,109,Moderate,PM25
2026-08-05 20:18:43,Delhi,Delhi,"Anand Vihar, Delhi - DPCC",28.6139,77.209,60.22,99.5,61.52,24.97,1.42,18.68,24.76,65.78,11.23,260,1012.0,0.0,210,Poor,PM25
2026-08-05 21:18:43,Delhi,Delhi,"Anand Vihar, Delhi - DPCC",28.6139,77.209,58.82,89.81,27.58,21.07,1.76,4.23,27.02,74.81,10.01,146,1010.6,0.0,98,Satisfactory,PM25
2026-08-05 22:18:43,Delhi,Delhi,"Anand Vihar, Delhi - DPCC",28.6139,77.209,56.77,95.94,20.94,15.81,2.01,-13.64,21.48,81.06,5.62,151,1008.7,0.0,201,Poor,CO
2026-08-05 23:18:43,Delhi,Delhi,"Anand Vihar, Delhi - DPCC",28.6139,77.209,55.52,81.62,28.47,11.4,1.6,-7.11,19.84,86.65,5.04,77,1011.5,0.0,92,Satisfactory,PM25
2026-08-06 00:18:43,Delhi,Delhi,"Anand Vihar, Delhi - DPCC",28.6139,77.209,52.48,78.69,65.54,11.19,1.41,18.79,19.61,90.67,5.8,319,1013.1,0.0,87,Satisfactory,PM25
2026-08-06 01:18:43,Delhi,Delhi,"Anand Vihar, Delhi - DPCC",28.6139,77.209,52.41,84.3,55.42,9.62,2.74,26.64,15.76,95.38,5.06,277,1010.2,0.0,109,Moderate,CO
2026-08-06 02:18:43,Delhi,Delhi,"Anand Vihar, Delhi - DPCC",28.6139,77.209,53.2,88.65,62.01,26.19,1.45,32.07,18.73,98.0,5.56,340,1008.1,0.0,89,Satisfactory,PM10
2026-08-06 03:18:43,Delhi,Delhi,"Anand Vihar, Delhi - DPCC",28.6139,77.209,53.11,85.42,69.74,9.08,2.79,30.06,16.45,98.0,3.87,164,1013.3,0.0,110,Moderate,CO
2026-08-06 04:18:43,Delhi,Delhi,"Anand Vihar, Delhi - DPCC",28.6139,77.209,54.0,85.56,62.5,10.42,2.02,30.41,15.64,98.0,1.0,79,1009.0,0.0,201,Poor,CO
2026-08-06 05:18:43,Delhi,Delhi,"Anand Vihar, Delhi - DPCC",28.6139,77.209,53.64,80.82,44.25,26.95,0.69,38.93,16.92,96.83,4.09,49,1012.0,0.0,89,Satisfactory,PM25
2026-08-06 06:18:43,Delhi,Delhi,"Anand Vihar, Delhi - DPCC",28.6139,77.209,55.48,86.79,70.3,34.49,2.02,36.86,21.04,97.58,3.78,247,1012.9,0.0,201,Poor,CO
2026-08-06 07:18:43,Delhi,Delhi,"Anand Vihar, Delhi - DPCC",28.6139,77.209,59.43,90.69,40.99,28.58,1.88,18.73,23.24,83.14,2.38,341,1014.2,0.0,99,Satisfactory,PM25
2026-08-06 08:18:43,Delhi,Delhi,"Anand Vihar, Delhi - DPCC",28.6139,77.209,60.67,101.35,45.52,21.86,2.04,37.26,21.6,85.01,1.0,343,1010.1,0.0,211,Poor,PM25
2026-08-06 09:18:43,Delhi,Delhi,"Anand Vihar, Delhi - DPCC",28.6139,77.209,61.28,106.19,40.73,11.0,3.08,39.34,26.3,72.21,4.78,59,1013.8,0.0,113,Moderate,CO
2026-08-06 10:18:43,Delhi,Delhi,"Anand Vihar, Delhi - DPCC",28.6139,77.209,62.1,96.52,66.23,30.17,2.14,52.88,27.01,78.0,5.27,267,1009.7,0.0,105,Moderate,PM25
2026-08-06 11:18:43,Delhi,Delhi,"Anand Vihar, Delhi - DPCC",28.6139,77.209,63.55,107.73,52.27,17.59,2.75,60.91,27.36,60.61,3.48,65,1008.5,0.0,110,Moderate,PM25
2026-08-06 12:18:43,Delhi,Delhi,"Anand Vihar, Delhi - DPCC",28.6139,77.209,66.66,113.96,22.58,19.56,0.87,59.07,31.15,57.09,2.23,321,1013.6,0.0,120,Moderate,PM25
2026-08-06 13:18:43,Delhi,Delhi,"Anand Vihar, Delhi - DPCC",28.6139,77.209,67.18,116.06,53.83,22.18,2.19,50.49,33.03,54.61,7.81,257,1008.3,0.0,126,Moderate,O3
2026-08-06 14:18:43,Delhi,Delhi,"Anand Vihar, Delhi - DPCC",28.6139,77.209,68.15,118.96,27.4,30.84,1.31,63.12,32.13,56.95,9.23,266,1011.1,0.0,125,Moderate,PM25
2026-08-06 15:18:43,Delhi,Delhi,"Anand Vihar, Delhi - DPCC",28.6139,77.209,68.0,107.67,22.25,21.29,2.58,48.08,33.91,53.0,11.1,211,1013.0,0.0,125,Moderate,PM25
2026-08-06 16:18:43,Delhi,Delhi,"Anand Vihar, Delhi - DPCC",28.6139,77.209,67.35,115.06,67.55,10.49,0.72,55.6,33.98,52.44,7.63,159,1008.2,12.5,123,Moderate,PM25
2026-08-06 17:18:43,Delhi,Delhi,"Anand Vihar, Delhi - DPCC",28.6139,77.209,66.44,118.11,30.39,14.97,2.26,45.2,35.53,55.02,10.19,337,1008.1,0.0,120,Moderate,PM25
2026-08-06 18:18:43,Delhi,Delhi,"Anand Vihar, Delhi - DPCC",28.6139,77.209,64.0,92.04,67.1,20.27,1.68,19.66,32.18,59.22,13.48,74,1010.4,0.0,111,Moderate,PM25
2026-08-06 19:18:43,Delhi,Delhi,"Anand Vihar, Delhi - DPCC",28.6139,77.209,63.41,108.45,83.53,23.41,1.12,23.23,27.65,63.09,10.43,87,1012.5,0.0,109,Moderate,PM25
2026-08-06 20:18:43,Delhi,Delhi,"Anand Vihar, Delhi - DPCC",28.6139,77.209,61.68,91.48,50.73,19.68,1.37,-3.6,28.38,65.92,12.5,261,1008.8,0.0,103,Moderate,PM25
2026-08-06 21:18:43,Delhi,Delhi,"Anand Vihar, Delhi - DPCC",28.6139,77.209,58.99,95.44,24.97,30.35,1.99,0.61,24.87,73.78,8.27,177,1012.4,0.0,100,Satisfactory,CO
2026-08-06 22:18:43,Delhi,Delhi,"Anand Vihar, Delhi - DPCC",28.6139,77.209,55.81,89.12,40.31,20.29,1.36,-2.58,22.82,75.65,7.14,140,1013.6,0.0,93,Satisfactory,PM25
2026-08-06 23:18:43,Delhi,Delhi,"Anand Vihar, Delhi - DPCC",28.6139,77.209,55.58,88.01,36.43,34.61,2.41,4.86,20.25,86.78,7.2,181,1012.5,0.0,105,Moderate,CO
2026-08-07 00:18:43,Delhi,Delhi,"Anand Vihar, Delhi - DPCC",28.6139,77.209,54.85,85.8,56.12,25.14,0.69,40.0,21.04,91.0,6.24,306,1015.0,0.0,91,Satisfactory,PM25
2026-08-07 01:18:43,Delhi,Delhi,"Anand Vihar, Delhi - DPCC",28.6139,77.209,54.79,96.92,22.14,28.7,2.08,16.24,19.6,98.0,9.84,248,1008.5,0.0,202,Poor,CO
2026-08-07 02:18:43,Delhi,Delhi,"Anand Vihar, Delhi - DPCC",28.6139,77.209,54.34,95.24,53.63,18.25,0.71,31.81,15.66,97.45,4.97,86,1009.3,0.0,95,Satisfactory,PM10
2026-08-07 03:18:43,Delhi,Delhi,"Anand Vihar, Delhi - DPCC",28.6139,77.209,53.72,88.46,39.12,26.28,2.69,30.96,15.8,98.0,4.91,119,1008.1,4.6,108,Moderate,CO
2026-08-07 04:18:43,Delhi,Delhi,"Anand Vihar, Delhi - DPCC",28.6139,77.209,55.25,98.54,21.55,34.73,1.31,36.07,17.69,98.0,2.53,79,1009.1,0.0,98,Satisfactory,PM10
2026-08-07 05:18:43,Delhi,Delhi,"Anand Vihar, Delhi - DPCC",28.6139,77.209,55.14,85.46,48.15,19.52,1.73,29.56,19.73,98.0,2.16,258,1011.1,0.0,92,Satisfactory,PM25
2026-08-07 06:18:43,Delhi,Delhi,"Anand Vihar, Delhi - DPCC",28.6139,77.209,58.06,96.1,55.28,14.19,2.02,23.37,20.3,93.37,3.44,100,1011.3,0.0,201,Poor,CO
2026-08-07 07:18:43,Delhi,Delhi,"Anand Vihar, Delhi - DPCC",28.6139,77.209,59.77,99.93,65.27,12.7,1.84,37.8,17.89,87.71,2.96,354,1012.0,0.0,100,Satisfactory,PM10
2026-08-07 08:18:43,Delhi,Delhi,"Anand Vihar, Delhi - DPCC",28.6139,77.209,59.92,93.51,62.5,30.91,2.77,30.04,23.13,78.23,2.24,125,1012.8,0.0,109,Moderate,CO
2026-08-07 09:18:43,Delhi,Delhi,"Anand Vihar, Delhi - DPCC",28.6139,77.209,59.11,100.85,88.03,26.88,1.85,36.65,23.14,74.34,3.32,59,1008.9,0.0,108,Moderate,NO2
2026-08-07 10:18:43,Delhi,Delhi,"Anand Vihar, Delhi - DPCC",28.6139,77.209,60.51,100.22,79.42,31.74,0.7,46.15,26.8,69.42,6.16,335,1014.1,0.0,210,Poor,PM25
2026-08-07 11:18:43,Delhi,Delhi,"Anand Vihar, Delhi - DPCC",28.6139,77.209,60.58,87.65,44.92,13.04,0.83,50.87,29.94,60.63,2.92,183,1009.3,0.0,211,Poor,PM25
2026-08-07 12:18:43,Delhi,Delhi,"Anand Vihar, Delhi - DPCC",28.6139,77.209,62.73,88.05,49.14,30.62,1.08,57.07,34.54,59.71,3.94,244,1009.0,0.0,195,Moderate,CO
2026-08-07 13:18:43,Delhi,Delhi,"Anand Vihar, Delhi - DPCC",28.6139,77.209,62.95,109.11,22.71,25.64,1.29,54.8,31.69,55.8,10.28,113,1011.6,0.0,108,Moderate,PM25
2026-08-07 14:18:43,Delhi,Delhi,"Anand Vihar, Delhi - DPCC",28.6139,77.209,62.8,94.08,65.11,8.47,1.19,57.67,33.93,50.66,11.24,230,1010.9,0.0,107,Moderate,PM25
2026-08-07 15:18:43,Delhi,Delhi,"Anand Vihar, Delhi - DPCC",28.6139,77.209,63.67,107.55,21.75,8.62,1.74,55.42,32.57,44.57,8.54,355,1009.9,0.0,110,Moderate,PM25
2026-08-07 16:18:43,Delhi,Delhi,"Anand Vihar, Delhi - DPCC",28.6139,77.209,61.68,91.35,75.1,31.17,1.04,57.46,32.22,52.47,8.11,29,1014.2,8.5,195,Moderate,CO
2026-08-07 17:18:43,Delhi,Delhi,"Anand Vihar, Delhi - DPCC",28.6139,77.209,60.54,94.55,22.52,26.43,1.28,39.8,32.33,52.79,10.99,17,1012.7,0.0,210,Poor,PM25
2026-08-07 18:18:43,Delhi,Delhi,"Anand Vihar, Delhi - DPCC",28.6139,77.209,60.92,104.95,57.49,15.27,1.22,18.1,30.14,62.88,12.9,133,1010.5,0.0,211,Poor,PM25
2026-08-07 19:18:43,Delhi,Delhi,"Anand Vihar, Delhi - DPCC",28.6139,77.209,57.87,90.26,83.46,34.09,2.5,23.74,28.02,69.25,11.25,355,1011.1,14.4,106,Moderate,CO
2026-08-07 20:18:43,Delhi,Delhi,"Anand Vihar, Delhi - DPCC",28.6139,77.209,56.19,100.74,55.73,18.05,2.44,1.29,29.03,66.07,10.67,38,1011.7,0.0,105,Moderate,CO
2026-08-07 21:18:43,Delhi,Delhi,"Anand Vihar, Delhi - DPCC",28.6139,77.209,53.76,81.96,68.01,22.13,1.01,-10.74,25.36,69.37,8.13,236,1014.5,0.0,195,Moderate,CO
2026-08-07 22:18:43,Delhi,Delhi,"Anand Vihar, Delhi - DPCC",28.6139,77.209,53.36,83.45,49.5,31.56,1.26,-14.31,24.63,82.16,8.12,274,1011.5,0.0,89,Satisfactory,PM25
2026-08-07 23:18:43,Delhi,Delhi,"Anand Vihar, Delhi - DPCC",28.6139,77.209,52.46,85.36,43.91,34.4,1.72,-6.19,21.11,87.1,10.3,80,1011.8,0.0,87,Satisfactory,PM25
2026-08-08 00:18:43,Delhi,Delhi,"Anand Vihar, Delhi - DPCC",28.6139,77.209,54.12,96.94,69.8,25.79,2.22,38.41,18.06,88.47,8.79,47,1010.7,0.0,102,Moderate,CO
2026-08-08 01:18:43,Delhi,Delhi,"Anand Vihar, Delhi - DPCC",28.6139,77.209,53.81,86.89,38.54,20.27,2.17,25.06,19.56,97.18,3.44,81,1014.8,0.0,102,Moderate,CO
2026-08-08 02:18:43,Delhi,Delhi,"Anand Vihar, Delhi - DPCC",28.6139,77.209,53.64,79.16,57.01,29.04,1.85,20.74,17.57,98.0,3.87,47,1010.4,0.0,92,Satisfactory,CO
2026-08-08 03:18:43,Delhi,Delhi,"Anand Vihar, Delhi - DPCC",28.6139,77.209,55.01,83.47,65.19,13.91,1.7,35.62,16.67,98.0,4.51,296,1009.5,0.0,92,Satisfactory,PM25
2026-08-08 04:18:43,Delhi,Delhi,"Anand Vihar, Delhi - DPCC",28.6139,77.209,56.82,86.29,75.89,20.17,2.07,21.72,17.21,98.0,1.99,184,1014.5,0.0,202,Poor,CO
2026-08-08 05:18:43,Delhi,Delhi,"Anand Vihar, Delhi - DPCC",28.6139,77.209,58.76,97.9,58.84,14.65,1.47,32.08,18.31,95.68,3.67,77,1012.2,10.9,98,Satisfactory,PM25
2026-08-08 06:18:43,Delhi,Delhi,"Anand Vihar, Delhi - DPCC",28.6139,77.209,58.48,102.75,50.13,25.44,1.06,25.43,21.38,91.64,3.16,140,1010.2,0.0,195,Moderate,CO
2026-08-08 07:18:43,Delhi,Delhi,"Anand Vihar, Delhi - DPCC",28.6139,77.209,58.57,103.64,64.46,16.53,2.28,15.55,19.85,82.55,2.9,41,1014.2,0.0,103,Moderate,CO
2026-08-08 08:18:43,Delhi,Delhi,"Anand Vihar, Delhi - DPCC",28.6139,77.209,59.7,83.92,78.95,24.1,1.86,22.04,24.77,78.87,3.02,312,1010.0,0.0,100,Satisfactory,PM25
2026-08-08 09:18:43,Delhi,Delhi,"Anand Vihar, Delhi - DPCC",28.6139,77.209,61.83,88.4,63.91,32.19,1.51,34.1,22.45,79.38,1.03,330,1010.8,5.5,104,Moderate,PM25
2026-08-08 10:18:43,Delhi,Delhi,"Anand Vihar, Delhi - DPCC",28.6139,77.209,63.76,90.01,37.52,22.72,1.21,49.35,25.43,69.82,4.18,117,1013.5,0.0,110,Moderate,PM25
2026-08-08 11:18:43,Delhi,Delhi,"Anand Vihar, Delhi - DPCC",28.6139,77.209,63.25,101.43,60.43,23.9,1.87,44.96,30.76,63.83,3.14,6,1009.8,0.0,109,Moderate,PM25
2026-08-08 12:18:43,Delhi,Delhi,"Anand Vihar, Delhi - DPCC",28.6139,77.209,64.4,105.16,74.54,18.42,2.64,64.59,28.2,54.16,8.56,86,1009.6,0.0,113,Moderate,PM25
2026-08-08 13:18:43,Delhi,Delhi,"Anand Vihar, Delhi - DPCC",28.6139,77.209,67.64,106.02,45.11,9.04,1.55,66.84,32.24,56.42,7.21,119,1008.9,0.0,124,Moderate,PM25
2026-08-08 14:18:43,Delhi,Delhi,"Anand Vihar, Delhi - DPCC",28.6139,77.209,65.91,106.42,44.11,33.35,1.94,52.25,33.88,54.25,8.51,241,1013.9,0.0,118,Moderate,PM25
2026-08-08 15:18:43,Delhi,Delhi,"Anand Vihar, Delhi - DPCC",28.6139,77.209,65.78,111.27,40.79,31.97,2.0,64.61,33.68,47.08,8.76,119,1011.2,0.0,201,Poor,CO
2026-08-08 16:18:43,Delhi,Delhi,"Anand Vihar, Delhi - DPCC",28.6139,77.209,68.48,118.92,30.21,16.53,2.55,49.58,33.78,48.83,13.81,197,1009.4,0.0,126,Moderate,PM25
2026-08-08 17:18:43,Delhi,Delhi,"Anand Vihar, Delhi - DPCC",28.6139,77.209,65.45,114.21,31.88,32.86,1.57,44.39,31.44,48.41,10.84,241,1014.7,0.0,116,Moderate,PM25
2026-08-08 18:18:43,Delhi,Delhi,"Anand Vihar, Delhi - DPCC",28.6139,77.209,63.61,89.88,62.64,30.42,2.0,37.63,30.54,54.49,12.68,65,1014.5,0.0,110,Moderate,PM25
2026-08-08 19:18:43,Delhi,Delhi,"Anand Vihar, Delhi - DPCC",28.6139,77.209,59.59,89.89,73.75,14.24,3.12,14.34,29.66,66.01,11.73,245,1014.3,0.0,114,Moderate,CO
2026-08-08 20:18:43,Delhi,Delhi,"Anand Vihar, Delhi - DPCC",28.6139,77.209,59.48,83.49,46.32,26.61,1.24,6.14,25.42,72.05,11.04,163,1012.4,0.0,99,Satisfactory,PM25
2026-08-08 21:18:43,Delhi,Delhi,"Anand Vihar, Delhi - DPCC",28.6139,77.209,59.23,86.5,20.77,10.97,1.4,1.19,24.78,76.63,8.5,271,1012.9,0.0,99,Satisfactory,PM25
2026-08-08 22:18:43,Delhi,Delhi,"Anand Vihar, Delhi - DPCC",28.6139,77.209,56.01,89.69,24.64,26.42,1.37,-12.67,20.72,79.0,7.64,324,1009.2,0.0,93,Satisfactory,PM25
2026-08-08 23:18:43,Delhi,Delhi,"Anand Vihar, Delhi - DPCC",28.6139,77.209,56.21,89.36,75.66,13.71,1.82,-16.85,21.31,93.82,5.15,218,1010.6,10.0,94,Satisfactory,NO2
2026-08-09 00:18:43,Delhi,Delhi,"Anand Vihar, Delhi - DPCC",28.6139,77.209,53.91,95.66,77.34,31.13,2.46,17.47,19.29,93.87,5.86,81,1011.7,0.0,106,Moderate,CO
2026-08-09 01:18:43,Delhi,Delhi,"Anand Vihar, Delhi - DPCC",28.6139,77.209,56.72,89.52,24.17,21.09,1.63,21.54,16.35,96.2,6.61,311,1008.8,0.0,94,Satisfactory,PM25
2026-08-09 02:18:43,Delhi,Delhi,"Anand Vihar, Delhi - DPCC",28.6139,77.209,55.86,80.7,46.46,17.55,1.09,31.05,15.46,98.0,5.81,179,1014.3,0.0,196,Moderate,CO
2026-08-09 03:18:43,Delhi,Delhi,"Anand Vihar, Delhi - DPCC",28.6139,77.209,57.61,95.92,44.22,16.55,2.65,34.75,15.09,96.84,4.76,12,1008.4,0.0,108,Moderate,CO
2026-08-09 04:18:43,Delhi,Delhi,"Anand Vihar, Delhi - DPCC",28.6139,77.209,58.04,96.29,42.41,28.06,1.68,25.76,16.17,94.83,1.0,348,1012.8,0.0,97,Satisfactory,PM25
2026-08-09 05:18:43,Delhi,Delhi,"Anand Vihar, Delhi - DPCC",28.6139,77.209,57.59,83.52,48.52,28.28,1.43,36.73,19.87,91.91,1.0,359,1011.4,0.0,96,Satisfactory,PM25
2026-08-09 06:18:43,Delhi,Delhi,"Anand Vihar, Delhi - DPCC",28.6139,77.209,58.38,99.65,53.76,23.11,0.97,22.03,18.74,87.32,2.76,75,1008.6,0.0,100,Satisfactory,PM10
2026-08-09 07:18:43,Delhi,Delhi,"Anand Vihar, Delhi - DPCC",28.6139,77.209,60.58,85.92,32.2,23.13,1.31,35.58,22.41,88.37,2.95,202,1010.5,0.0,211,Poor,PM25
2026-08-09 08:18:43,Delhi,Delhi,"Anand Vihar, Delhi - DPCC",28.6139,77.209,61.74,92.07,44.44,24.61,3.29,19.44,22.55,78.4,3.22,336,1010.0,0.0,116,Moderate,CO
2026-08-09 09:18:43,Delhi,Delhi,"Anand Vihar, Delhi - DPCC",28.6139,77.209,64.02,94.99,52.57,13.2,1.68,46.69,24.07,71.49,6.27,349,1011.3,0.0,111,Moderate,PM25
2026-08-09 10:18:43,Delhi,Delhi,"Anand Vihar, Delhi - DPCC",28.6139,77.209,65.01,102.01,51.51,22.94,1.46,60.53,26.61,72.68,3.89,328,1013.0,0.0,115,Moderate,PM25
2026-08-09 11:18:43,Delhi,Delhi,"Anand Vihar, Delhi - DPCC",28.6139,77.209,65.61,95.83,39.59,23.73,1.3,58.58,29.67,62.66,5.68,130,1014.6,0.0,117,Moderate,PM25
2026-08-09 12:18:43,Delhi,Delhi,"Anand Vihar, Delhi - DPCC",28.6139,77.209,66.13,109.87,70.3,33.28,1.3,52.17,29.02,57.77,6.1,286,1010.9,0.0,118,Moderate,PM25
2026-08-09 13:18:43,Delhi,Delhi,"Anand Vihar, Delhi - DPCC",28.6139,77.209,67.2,110.82,29.25,17.63,0.99,57.38,30.88,48.77,9.65,141,1011.8,11.2,122,Moderate,PM25
2026-08-09 14:18:43,Delhi,Delhi,"Anand Vihar, Delhi - DPCC",28.6139,77.209,66.31,118.68,40.66,25.5,1.46,70.64,29.0,49.49,9.42,249,1008.5,0.0,119,Moderate,PM25
2026-08-09 15:18:43,Delhi,Delhi,"Anand Vihar, Delhi - DPCC",28.6139,77.209,66.99,102.32,57.97,34.56,2.53,47.32,32.3,43.87,10.29,156,1010.3,0.0,122,Moderate,PM25
2026-08-09 16:18:43,Delhi,Delhi,"Anand Vihar, Delhi - DPCC",28.6139,77.209,64.29,103.82,36.74,15.8,2.23,36.31,33.01,46.82,7.37,174,1012.7,0.0,112,Moderate,PM25
2026-08-09 17:18:43,Delhi,Delhi,"Anand Vihar, Delhi - DPCC",28.6139,77.209,63.59,113.97,21.2,22.75,1.35,32.74,31.57,56.91,8.26,68,1014.4,0.0,110,Moderate,PM25
2026-08-09 18:18:43,Delhi,Delhi,"Anand Vihar, Delhi - DPCC",28.6139,77.209,63.55,89.39,45.91,17.59,1.34,23.43,29.55,57.53,10.89,162,1008.6,0.0,110,Moderate,PM25
2026-08-09 19:18:43,Delhi,Delhi,"Anand Vihar, Delhi - DPCC",28.6139,77.209,62.31,111.64,66.92,13.78,2.48,17.01,27.72,57.24,14.35,242,1012.0,0.0,108,Moderate,PM10
2026-08-09 20:18:43,Delhi,Delhi,"Anand Vihar, Delhi - DPCC",28.6139,77.209,59.85,101.16,47.86,29.12,1.42,6.27,28.21,66.49,11.31,301,1012.5,0.0,101,Moderate,PM10
2026-08-09 21:18:43,Delhi,Delhi,"Anand Vihar, Delhi - DPCC",28.6139,77.209,59.13,87.94,61.6,27.1,2.63,4.51,24.8,77.6,9.6,298,1013.0,5.9,108,Moderate,CO
2026-08-09 22:18:43,Delhi,Delhi,"Anand Vihar, Delhi - DPCC",28.6139,77.209,58.01,88.63,28.67,22.93,1.23,-12.46,26.33,85.48,7.79,175,1009.5,0.0,97,Satisfactory,PM25
2026-08-09 23:18:43,Delhi,Delhi,"Anand Vihar, Delhi - DPCC",28.6139,77.209,58.39,97.0,33.93,19.79,2.48,-15.56,20.99,81.03,8.26,44,1008.3,0.0,106,Moderate,CO
2026-08-10 00:18:43,Delhi,Delhi,"Anand Vihar, Delhi - DPCC",28.6139,77.209,56.68,88.42,27.82,17.45,2.34,30.66,19.16,90.06,6.32,222,1009.1,10.1,104,Moderate,CO
2026-08-10 01:18:43,Delhi,Delhi,"Anand Vihar, Delhi - DPCC",28.6139,77.209,55.81,79.05,72.82,9.81,2.51,24.8,19.37,98.0,2.25,344,1014.3,0.0,106,Moderate,CO
2026-08-10 02:18:43,Delhi,Delhi,"Anand Vihar, Delhi - DPCC",28.6139,77.209,56.35,94.51,69.76,8.93,1.32,38.98,19.85,98.0,4.09,59,1014.3,0.0,94,Satisfactory,PM10
2026-08-10 03:18:43,Delhi,Delhi,"Anand Vihar, Delhi - DPCC",28.6139,77.209,55.65,98.38,62.17,28.75,1.43,37.73,16.01,98.0,4.84,349,1010.6,0.0,98,Satisfactory,PM10
2026-08-10 04:18:43,Delhi,Delhi,"Anand Vihar, Delhi - DPCC",28.6139,77.209,55.24,91.76,51.59,12.97,2.54,23.58,17.45,98.0,1.49,175,1008.6,0.0,106,Moderate,CO
2026-08-10 05:18:43,Delhi,Delhi,"Anand Vihar, Delhi - DPCC",28.6139,77.209,56.79,100.4,52.42,27.05,1.39,33.79,15.06,94.43,5.97,69,1010.1,0.0,95,Satisfactory,PM25
2026-08-10 06:18:43,Delhi,Delhi,"Anand Vihar, Delhi - DPCC",28.6139,77.209,59.11,88.3,24.38,23.91,2.55,24.12,19.07,89.0,3.51,201,1013.5,0.0,107,Moderate,CO
2026-08-10 07:18:43,Delhi,Delhi,"Anand Vihar, Delhi - DPCC",28.6139,77.209,59.94,99.25,22.08,26.65,1.76,22.21,19.82,85.74,3.95,356,1013.7,0.0,100,Satisfactory,PM25
2026-08-10 08:18:43,Delhi,Delhi,"Anand Vihar, Delhi - DPCC",28.6139,77.209,60.47,94.15,51.12,34.58,2.98,38.26,23.98,80.81,5.21,73,1009.5,0.0,210,Poor,PM25
2026-08-10 09:18:43,Delhi,Delhi,"Anand Vihar, Delhi - DPCC",28.6139,77.209,62.87,112.95,52.24,26.83,2.41,38.04,25.14,71.57,5.88,340,1012.9,0.0,109,Moderate,PM10
2026-08-10 10:18:43,Delhi,Delhi,"Anand Vihar, Delhi - DPCC",28.6139,77.209,63.2,98.45,66.0,33.35,1.54,54.93,26.3,62.95,4.1,266,1013.6,0.0,108,Moderate,PM25
2026-08-10 11:18:43,Delhi,Delhi,"Anand Vihar, Delhi - DPCC",28.6139,77.209,64.17,94.63,75.73,23.97,0.87,47.92,26.09,61.66,5.69,322,1011.1,0.0,112,Moderate,PM25
2026-08-10 12:18:43,Delhi,Delhi,"Anand Vihar, Delhi - DPCC",28.6139,77.209,64.14,102.61,35.14,32.6,1.48,64.13,30.62,48.02,6.9,27,1008.1,0.0,112,Moderate,PM25
2026-08-10 13:18:43,Delhi,Delhi,"Anand Vihar, Delhi - DPCC",28.6139,77.209,64.43,90.29,56.91,19.49,0.88,57.41,31.0,59.02,8.8,166,1013.6,0.0,113,Moderate,PM25
2026-08-10 14:18:43,Delhi,Delhi,"Anand Vihar, Delhi - DPCC",28.6139,77.209,66.76,96.95,58.34,20.88,2.77,66.22,33.21,53.38,11.32,359,1014.9,0.0,121,Moderate,PM25
2026-08-10 15:18:43,Delhi,Delhi,"Anand Vihar, Delhi - DPCC",28.6139,77.209,63.88,100.37,51.88,15.39,2.64,55.57,29.65,49.73,11.17,258,1010.4,0.0,111,Moderate,PM25
2026-08-10 16:18:43,Delhi,Delhi,"Anand Vihar, Delhi - DPCC",28.6139,77.209,60.51,106.05,26.76,21.15,1.03,57.1,32.69,53.02,7.96,59,1010.8,0.0,210,Poor,PM25
2026-08-10 17:18:43,Delhi,Delhi,"Anand Vihar, Delhi - DPCC",28.6139,77.209,60.56,89.74,44.94,22.6,1.87,40.88,30.46,49.31,11.6,144,1008.3,0.0,211,Poor,PM25
2026-08-10 18:18:43,Delhi,Delhi,"Anand Vihar, Delhi - DPCC",28.6139,77.209,59.12,87.54,22.52,34.2,2.38,24.02,31.37,51.74,10.26,215,1013.0,0.0,104,Moderate,CO
2026-08-10 19:18:43,Delhi,Delhi,"Anand Vihar, Delhi - DPCC",28.6139,77.209,58.12,84.73,72.34,20.48,3.16,13.98,30.61,67.61,8.72,189,1010.6,0.0,114,Moderate,CO
2026-08-10 20:18:43,Delhi,Delhi,"Anand Vihar, Delhi - DPCC",28.6139,77.209,55.65,97.16,35.2,13.43,2.4,-1.51,25.64,68.46,10.45,215,1009.1,0.0,105,Moderate,CO
2026-08-10 21:18:43,Delhi,Delhi,"Anand Vihar, Delhi - DPCC",28.6139,77.209,55.79,95.61,36.15,25.65,1.24,1.35,28.24,72.16,9.72,197,1008.1,0.0,96,Satisfactory,PM10
2026-08-10 22:18:43,Delhi,Delhi,"Anand Vihar, Delhi - DPCC",28.6139,77.209,54.18,96.19,47.53,33.34,0.84,5.46,23.24,81.18,7.03,337,1009.6,12.0,96,Satisfactory,PM10
2026-08-10 23:18:43,Delhi,Delhi,"Anand Vihar, Delhi - DPCC",28.6139,77.209,53.83,76.1,59.19,12.63,2.65,-2.86,24.8,84.53,8.68,317,1011.8,0.0,108,Moderate,CO
2026-08-11 00:18:43,Delhi,Delhi,"Anand Vihar, Delhi - DPCC",28.6139,77.209,54.34,88.56,22.91,18.94,1.0,23.98,18.11,91.17,2.99,216,1012.0,11.4,195,Moderate,CO
2026-08-11 01:18:43,Delhi,Delhi,"Anand Vihar, Delhi - DPCC",28.6139,77.209,53.74,79.1,52.4,27.03,2.09,30.3,18.73,97.28,5.13,153,1009.6,6.5,202,Poor,CO
2026-08-11 02:18:43,Delhi,Delhi,"Anand Vihar, Delhi - DPCC",28.6139,77.209,55.6,99.25,29.19,34.62,2.04,26.36,18.93,98.0,5.51,125,1014.2,0.0,201,Poor,CO
2026-08-11 03:18:43,Delhi,Delhi,"Anand Vihar, Delhi - DPCC",28.6139,77.209,56.45,89.16,59.41,28.11,1.6,17.09,17.47,98.0,4.05,124,1008.7,0.0,94,Satisfactory,PM25
2026-08-11 04:18:43,Delhi,Delhi,"Anand Vihar, Delhi - DPCC",28.6139,77.209,57.65,92.53,26.76,24.95,2.21,24.83,17.41,96.34,4.81,284,1010.4,0.0,102,Moderate,CO
2026-08-11 05:18:43,Delhi,Delhi,"Anand Vihar, Delhi - DPCC",28.6139,77.209,58.46,88.51,76.11,26.65,1.09,30.37,19.61,97.83,3.75,88,1012.5,0.0,195,Moderate,CO
2026-08-11 06:18:43,Delhi,Delhi,"Anand Vihar, Delhi - DPCC",28.6139,77.209,58.86,98.87,21.64,26.8,2.71,19.36,20.0,94.95,1.0,263,1010.4,0.0,109,Moderate,CO
2026-08-11 07:18:43,Delhi,Delhi,"Anand Vihar, Delhi - DPCC",28.6139,77.209,60.42,101.76,42.92,32.61,1.21,20.13,21.76,91.73,1.0,310,1008.9,0.0,210,Poor,PM25
2026-08-11 08:18:43,Delhi,Delhi,"Anand Vihar, Delhi - DPCC",28.6139,77.209,62.09,105.81,45.91,12.58,3.0,27.45,24.83,83.89,1.41,321,1012.4,0.0,112,Moderate,CO
2026-08-11 09:18:43,Delhi,Delhi,"Anand Vihar, Delhi - DPCC",28.6139,77.209,65.24,93.09,48.03,20.49,2.43,34.29,24.84,82.56,5.72,177,1010.9,0.0,116,Moderate,PM25
2026-08-11 10:18:43,Delhi,Delhi,"Anand Vihar, Delhi - DPCC",28.6139,77.209,64.77,93.66,38.0,34.87,1.32,58.98,26.64,65.04,1.42,286,1008.7,0.0,114,Moderate,PM25
2026-08-11 11:18:43,Delhi,Delhi,"Anand Vihar, Delhi - DPCC",28.6139,77.209,65.57,92.96,22.84,32.5,2.52,54.78,29.69,63.51,4.95,116,1010.9,0.0,117,Moderate,PM25
2026-08-11 12:18:43,Delhi,Delhi,"Anand Vihar, Delhi - DPCC",28.6139,77.209,67.64,118.64,67.84,18.3,1.23,55.42,28.47,57.04,3.23,149,1008.9,0.0,124,Moderate,PM25
2026-08-11 13:18:43,Delhi,Delhi,"Anand Vihar, Delhi - DPCC",28.6139,77.209,68.53,112.18,49.17,27.95,2.22,60.69,29.02,53.6,5.94,137,1009.0,0.0,127,Moderate,PM25
2026-08-11 14:18:43,Delhi,Delhi,"Anand Vihar, Delhi - DPCC",28.6139,77.209,69.72,111.27,28.57,9.5,1.98,54.46,30.55,49.42,8.44,122,1012.1,0.0,131,Moderate,PM25
2026-08-11 15:18:43,Delhi,Delhi,"Anand Vihar, Delhi - DPCC",28.6139,77.209,68.6,98.94,57.15,24.73,0.68,50.58,32.35,53.83,6.04,106,1010.0,0.0,127,Moderate,PM25
2026-08-11 16:18:43,Delhi,Delhi,"Anand Vihar, Delhi - DPCC",28.6139,77.209,67.25,107.43,28.6,11.64,1.16,59.91,32.63,54.15,6.97,253,1013.2,0.0,122,Moderate,PM25
2026-08-11 17:18:43,Delhi,Delhi,"Anand Vihar, Delhi - DPCC",28.6139,77.209,64.8,98.02,32.62,11.68,0.65,49.21,31.45,52.62,10.03,101,1009.4,0.0,114,Moderate,PM25
2026-08-11 18:18:43,Delhi,Delhi,"Anand Vihar, Delhi - DPCC",28.6139,77.209,63.5,99.72,31.41,13.98,1.57,34.21,31.31,54.65,8.84,215,1009.7,0.0,110,Moderate,PM25
2026-08-11 19:18:43,Delhi,Delhi,"Anand Vihar, Delhi - DPCC",28.6139,77.209,61.3,95.7,90.17,15.91,1.81,5.83,28.85,65.66,10.88,127,1009.7,0.0,110,Moderate,NO2
2026-08-11 20:18:43,Delhi,Delhi,"Anand Vihar, Delhi - DPCC",28.6139,77.209,60.17,91.59,48.25,27.33,2.25,7.44,29.45,68.6,8.77,296,1014.6,0.0,210,Poor,PM25
2026-08-11 21:18:43,Delhi,Delhi,"Anand Vihar, Delhi - DPCC",28.6139,77.209,59.73,104.9,65.07,34.06,2.71,-7.67,27.94,75.71,11.97,77,1009.4,12.0,109,Moderate,CO
2026-08-11 22:18:43,Delhi,Delhi,"Anand Vihar, Delhi - DPCC",28.6139,77.209,59.1,97.11,60.42,15.88,1.61,-7.98,22.3,83.37,7.75,223,1008.3,0.0,98,Satisfactory,PM25
2026-08-11 23:18:43,Delhi,Delhi,"Anand Vihar, Delhi - DPCC",28.6139,77.209,57.31,93.32,20.46,25.63,2.05,-3.69,19.67,85.99,6.49,89,1014.7,6.7,202,Poor,CO
2026-08-12 00:18:43,Delhi,Delhi,"Anand Vihar, Delhi - DPCC",28.6139,77.209,56.61,97.88,78.34,18.46,1.28,15.77,20.06,93.29,4.77,56,1013.2,4.3,98,Satisfactory,PM10
2026-08-12 01:18:43,Delhi,Delhi,"Anand Vihar, Delhi - DPCC",28.6139,77.209,54.57,92.3,79.75,29.52,1.35,37.51,19.35,95.33,7.18,302,1014.8,0.0,100,Satisfactory,NO2
2026-08-12 02:18:43,Delhi,Delhi,"Anand Vihar, Delhi - DPCC",28.6139,77.209,56.89,100.93,35.4,24.5,1.31,20.42,18.68,98.0,3.4,317,1010.5,0.0,95,Satisfactory,PM25
2026-08-12 03:18:43,Delhi,Delhi,"Anand Vihar, Delhi - DPCC",28.6139,77.209,55.51,97.78,41.77,11.38,0.92,37.27,19.7,98.0,1.93,255,1012.3,0.0,98,Satisfactory,PM10
2026-08-12 04:18:43,Delhi,Delhi,"Anand Vihar, Delhi - DPCC",28.6139,77.209,56.35,91.1,39.64,26.95,1.57,22.19,17.59,98.0,1.24,213,1012.0,0.0,94,Satisfactory,PM25
2026-08-12 05:18:43,Delhi,Delhi,"Anand Vihar, Delhi - DPCC",28.6139,77.209,55.73,92.82,45.76,30.92,2.31,33.11,18.46,98.0,5.31,22,1012.6,0.0,104,Moderate,CO
2026-08-12 06:18:43,Delhi,Delhi,"Anand Vihar, Delhi - DPCC",28.6139,77.209,54.32,96.24,34.97,16.55,2.72,35.25,18.48,94.9,1.02,199,1011.8,0.0,109,Moderate,CO
2026-08-12 07:18:43,Delhi,Delhi,"Anand Vihar, Delhi - DPCC",28.6139,77.209,55.62,92.37,37.43,34.3,1.59,17.79,20.36,84.08,4.27,53,1011.0,0.0,93,Satisfactory,PM25
2026-08-12 08:18:43,Delhi,Delhi,"Anand Vihar, Delhi - DPCC",28.6139,77.209,55.47,87.52,35.73,11.59,2.97,39.45,21.39,81.85,1.21,347,1009.1,0.0,112,Moderate,CO
2026-08-12 09:18:43,Delhi,Delhi,"Anand Vihar, Delhi - DPCC",28.6139,77.209,57.88,84.55,58.61,9.52,2.05,45.26,25.63,81.06,4.78,117,1009.1,12.4,202,Poor,CO
2026-08-12 10:18:43,Delhi,Delhi,"Anand Vihar, Delhi - DPCC",28.6139,77.209,58.24,91.28,68.09,22.54,1.26,42.25,28.03,70.29,3.73,209,1013.0,0.0,97,Satisfactory,PM25
2026-08-12 11:18:43,Delhi,Delhi,"Anand Vihar, Delhi - DPCC",28.6139,77.209,59.83,84.6,67.5,31.86,2.11,50.02,27.02,61.63,4.07,300,1010.4,4.5,125,Moderate,O3
2026-08-12 12:18:43,Delhi,Delhi,"Anand Vihar, Delhi - DPCC",28.6139,77.209,61.45,99.29,28.92,17.41,1.88,70.05,31.07,55.55,5.96,201,1009.2,0.0,102,Moderate,PM25
2026-08-12 13:18:43,Delhi,Delhi,"Anand Vihar, Delhi - DPCC",28.6139,77.209,61.31,95.62,55.59,22.72,1.14,72.28,30.78,50.47,7.93,181,1014.7,0.0,102,Moderate,PM25
2026-08-12 14:18:43,Delhi,Delhi,"Anand Vihar, Delhi - DPCC",28.6139,77.209,63.35,93.25,45.96,17.25,2.7,54.34,35.59,53.01,8.43,284,1014.8,0.0,109,Moderate,PM25
2026-08-12 15:18:43,Delhi,Delhi,"Anand Vihar, Delhi - DPCC",28.6139,77.209,64.44,97.73,29.89,27.07,2.01,65.29,32.24,50.53,8.63,282,1014.9,0.0,201,Poor,CO
2026-08-12 16:18:43,Delhi,Delhi,"Anand Vihar, Delhi - DPCC",28.6139,77.209,64.08,97.85,55.89,18.53,1.49,53.88,32.35,55.06,8.46,5,1010.3,0.0,112,Moderate,PM25
2026-08-12 17:18:43,Delhi,Delhi,"Anand Vihar, Delhi - DPCC",28.6139,77.209,62.03,102.56,61.31,25.78,1.93,36.16,33.59,56.4,7.37,22,1014.1,0.0,104,Moderate,PM25
2026-08-12 18:18:43,Delhi,Delhi,"Anand Vihar, Delhi - DPCC",28.6139,77.209,61.88,109.71,36.3,28.05,0.78,28.08,27.78,57.73,12.0,221,1014.4,0.0,107,Moderate,PM10
2026-08-12 19:18:43,Delhi,Delhi,"Anand Vihar, Delhi - DPCC",28.6139,77.209,61.3,101.34,83.22,34.44,2.85,21.87,31.53,63.23,9.94,264,1013.4,0.0,110,Moderate,CO
2026-08-12 20:18:43,Delhi,Delhi,"Anand Vihar, Delhi - DPCC",28.6139,77.209,60.61,101.18,53.8,26.94,1.95,-5.57,25.26,67.45,9.58,245,1011.1,0.0,211,Poor,PM25
2026-08-12 21:18:43,Delhi,Delhi,"Anand Vihar, Delhi - DPCC",28.6139,77.209,58.95,97.86,39.32,9.11,1.69,-13.0,22.03,73.17,8.0,353,1010.6,0.0,98,Satisfactory,PM25
2026-08-12 22:18:43,Delhi,Delhi,"Anand Vihar, Delhi - DPCC",28.6139,77.209,58.72,98.73,21.37,15.95,1.83,4.87,22.69,82.13,7.21,108,1014.2,0.0,99,Satisfactory,PM10
2026-08-12 23:18:43,Delhi,Delhi,"Anand Vihar, Delhi - DPCC",28.6139,77.209,55.95,78.59,57.27,18.97,1.29,4.64,20.37,92.42,7.2,63,1008.1,0.0,93,Satisfactory,PM25
2026-08-13 00:18:43,Delhi,Delhi,"Anand Vihar, Delhi - DPCC",28.6139,77.209,55.14,96.84,46.04,16.4,2.62,25.17,22.49,91.25,6.09,285,1013.8,5.7,108,Moderate,CO
2026-08-13 01:18:43,Delhi,Delhi,"Anand Vihar, Delhi - DPCC",28.6139,77.209,55.73,86.8,30.77,8.09,1.33,24.46,17.61,95.79,5.36,274,1014.4,0.0,93,Satisfactory,PM25
2026-08-13 02:18:43,Delhi,Delhi,"Anand Vihar, Delhi - DPCC",28.6139,77.209,54.23,85.83,28.0,22.13,2.22,28.83,16.99,96.97,2.6,229,1012.1,0.0,102,Moderate,CO
2026-08-13 03:18:43,Delhi,Delhi,"Anand Vihar, Delhi - DPCC",28.6139,77.209,54.44,79.75,27.37,34.07,1.22,37.71,18.82,94.75,1.61,252,1008.1,0.0,91,Satisfactory,PM25
2026-08-13 04:18:43,Delhi,Delhi,"Anand Vihar, Delhi - DPCC",28.6139,77.209,56.04,90.32,41.87,15.18,1.9,18.79,16.67,96.68,1.52,218,1010.6,0.0,94,Satisfactory,CO
2026-08-13 05:18:43,Delhi,Delhi,"Anand Vihar, Delhi - DPCC",28.6139,77.209,57.39,97.9,44.32,28.2,2.69,27.48,18.26,94.4,2.4,321,1009.7,8.3,108,Moderate,CO
2026-08-13 06:18:43,Delhi,Delhi,"Anand Vihar, Delhi - DPCC",28.6139,77.209,58.11,99.56,70.18,20.27,1.9,28.35,21.02,92.99,2.8,333,1009.5,0.0,100,Satisfactory,PM10
2026-08-13 07:18:43,Delhi,Delhi,"Anand Vihar, Delhi - DPCC",28.6139,77.209,59.43,103.99,39.61,11.46,0.75,26.19,19.83,86.13,1.14,295,1010.7,0.0,103,Moderate,PM10
2026-08-13 08:18:43,Delhi,Delhi,"Anand Vihar, Delhi - DPCC",28.6139,77.209,63.01,92.16,90.23,25.38,1.7,18.08,22.96,82.69,2.28,211,1010.7,0.0,110,Moderate,NO2
2026-08-13 09:18:43,Delhi,Delhi,"Anand Vihar, Delhi - DPCC",28.6139,77.209,64.97,112.18,79.96,18.81,1.28,45.03,28.82,75.79,5.4,320,1011.4,0.0,115,Moderate,PM25
2026-08-13 10:18:43,Delhi,Delhi,"Anand Vihar, Delhi - DPCC",28.6139,77.209,67.37,102.43,20.07,18.25,2.22,39.32,25.78,64.07,4.54,26,1012.3,0.0,123,Moderate,PM25
2026-08-13 11:18:43,Delhi,Delhi,"Anand Vihar, Delhi - DPCC",28.6139,77.209,68.67,122.33,59.03,26.17,0.99,55.63,26.4,61.04,2.12,288,1011.2,13.6,127,Moderate,PM25
2026-08-13 12:18:43,Delhi,Delhi,"Anand Vihar, Delhi - DPCC",28.6139,77.209,69.68,113.51,24.18,22.93,1.87,53.65,30.78,49.91,3.85,224,1009.8,0.0,131,Moderate,PM25
2026-08-13 13:18:43,Delhi,Delhi,"Anand Vihar, Delhi - DPCC",28.6139,77.209,68.96,99.93,22.24,16.66,1.2,60.17,29.58,53.43,8.37,199,1014.6,0.0,128,Moderate,PM25
2026-08-13 14:18:43,Delhi,Delhi,"Anand Vihar, Delhi - DPCC",28.6139,77.209,69.79,121.03,54.67,8.47,2.74,60.09,33.48,46.22,6.15,152,1009.7,0.0,131,Moderate,PM25
2026-08-13 15:18:43,Delhi,Delhi,"Anand Vihar, Delhi - DPCC",28.6139,77.209,70.15,113.01,39.47,22.14,0.85,46.57,33.14,51.56,9.69,261,1008.5,0.0,132,Moderate,PM25
2026-08-13 16:18:43,Delhi,Delhi,"Anand Vihar, Delhi - DPCC",28.6139,77.209,68.61,101.36,72.09,10.82,0.6,46.85,32.52,52.29,8.92,331,1008.3,0.0,127,Moderate,PM25
2026-08-13 17:18:43,Delhi,Delhi,"Anand Vihar, Delhi - DPCC",28.6139,77.209,66.23,100.73,63.46,12.45,1.75,32.55,31.28,54.89,8.33,34,1011.3,0.0,119,Moderate,PM25
2026-08-13 18:18:43,Delhi,Delhi,"Anand Vihar, Delhi - DPCC",28.6139,77.209,64.88,107.44,77.11,34.52,2.04,28.05,32.18,52.6,12.67,355,1012.9,0.0,201,Poor,CO
2026-08-13 19:18:43,Delhi,Delhi,"Anand Vihar, Delhi - DPCC",28.6139,77.209,62.19,97.39,47.89,25.03,1.56,8.88,27.94,65.49,10.25,168,1010.9,0.0,105,Moderate,PM25
2026-08-13 20:18:43,Delhi,Delhi,"Anand Vihar, Delhi - DPCC",28.6139,77.209,59.47,88.34,69.31,26.83,2.58,0.8,25.14,66.38,11.2,54,1010.4,0.0,107,Moderate,CO
2026-08-13 21:18:43,Delhi,Delhi,"Anand Vihar, Delhi - DPCC",28.6139,77.209,58.37,101.87,37.59,20.16,1.1,-4.28,23.6,79.11,8.73,51,1013.7,0.0,102,Moderate,PM10
2026-08-13 22:18:43,Delhi,Delhi,"Anand Vihar, Delhi - DPCC",28.6139,77.209,57.54,84.41,48.59,24.74,1.91,3.24,23.35,79.74,7.74,91,1014.2,0.0,96,Satisfactory,PM25
2026-08-13 23:18:43,Delhi,Delhi,"Anand Vihar, Delhi - DPCC",28.6139,77.209,56.31,92.48,56.98,12.6,2.11,-8.69,25.21,86.01,7.56,275,1013.8,0.0,101,Moderate,CO
2026-08-14 00:18:43,Delhi,Delhi,"Anand Vihar, Delhi - DPCC",28.6139,77.209,55.53,91.48,43.67,29.38,1.63,32.01,21.83,97.14,7.84,282,1011.6,0.0,92,Satisfactory,PM25
2026-08-14 01:18:43,Delhi,Delhi,"Anand Vihar, Delhi - DPCC",28.6139,77.209,55.66,94.68,30.27,30.4,1.81,39.61,18.07,95.32,5.81,142,1011.6,0.0,95,Satisfactory,PM10
2026-08-14 02:18:43,Delhi,Delhi,"Anand Vihar, Delhi - DPCC",28.6139,77.209,54.43,90.42,54.61,11.4,1.12,23.53,19.36,97.91,3.96,20,1014.1,0.0,91,Satisfactory,PM25
2026-08-14 03:18:43,Delhi,Delhi,"Anand Vihar, Delhi - DPCC",28.6139,77.209,53.6,85.23,50.85,13.62,1.94,33.07,16.0,98.0,1.0,180,1009.4,0.0,97,Satisfactory,CO
2026-08-14 04:18:43,Delhi,Delhi,"Anand Vihar, Delhi - DPCC",28.6139,77.209,55.1,84.28,75.61,20.29,1.18,25.21,18.97,98.0,3.74,128,1009.6,0.0,94,Satisfactory,NO2
2026-08-14 05:18:43,Delhi,Delhi,"Anand Vihar, Delhi - DPCC",28.6139,77.209,56.0,96.31,50.33,18.19,2.13,37.52,20.18,95.37,1.0,82,1009.3,0.0,101,Moderate,CO
2026-08-14 06:18:43,Delhi,Delhi,"Anand Vihar, Delhi - DPCC",28.6139,77.209,58.0,91.16,79.7,13.33,0.8,16.89,18.44,92.0,4.32,1,1014.1,0.0,100,Satisfactory,NO2
2026-08-14 07:18:43,Delhi,Delhi,"Anand Vihar, Delhi - DPCC",28.6139,77.209,58.61,90.79,64.7,21.21,0.94,21.07,22.12,86.98,5.29,269,1012.6,0.0,98,Satisfactory,PM25
2026-08-14 08:18:43,Delhi,Delhi,"Anand Vihar, Delhi - DPCC",28.6139,77.209,61.65,94.27,82.27,26.36,2.37,24.22,21.84,83.45,1.65,32,1014.8,0.0,104,Moderate,CO
2026-08-14 09:18:43,Delhi,Delhi,"Anand Vihar, Delhi - DPCC",28.6139,77.209,63.45,99.0,56.83,27.0,1.49,34.9,24.87,77.3,1.31,58,1011.8,0.0,109,Moderate,PM25
2026-08-14 10:18:43,Delhi,Delhi,"Anand Vihar, Delhi - DPCC",28.6139,77.209,66.88,95.65,46.94,10.56,1.92,42.6,27.3,67.28,4.19,111,1011.5,0.0,121,Moderate,PM25
2026-08-14 11:18:43,Delhi,Delhi,"Anand Vihar, Delhi - DPCC",28.6139,77.209,67.6,107.86,52.21,30.49,1.35,47.67,28.17,64.47,5.58,186,1013.8,0.0,124,Moderate,PM25
2026-08-14 12:18:43,Delhi,Delhi,"Anand Vihar, Delhi - DPCC",28.6139,77.209,70.45,110.08,51.84,21.7,2.16,58.54,31.06,57.72,6.22,246,1014.7,0.0,133,Moderate,PM25
2026-08-14 13:18:43,Delhi,Delhi,"Anand Vihar, Delhi - DPCC",28.6139,77.209,69.68,122.6,66.41,31.52,1.07,64.89,32.67,56.64,6.24,8,1014.3,6.0,195,Moderate,CO
2026-08-14 14:18:43,Delhi,Delhi,"Anand Vihar, Delhi - DPCC",28.6139,77.209,69.1,100.65,73.09,22.32,2.69,55.55,32.56,56.45,7.84,299,1010.9,0.0,129,Moderate,PM25
2026-08-14 15:18:43,Delhi,Delhi,"Anand Vihar, Delhi - DPCC",28.6139,77.209,68.56,105.54,26.08,18.44,2.54,67.83,32.02,52.72,8.95,183,1013.0,8.6,127,Moderate,PM25
2026-08-14 16:18:43,Delhi,Delhi,"Anand Vihar, Delhi - DPCC",28.6139,77.209,67.08,109.12,68.43,23.14,2.66,55.83,32.32,49.8,8.34,240,1014.6,0.0,122,Moderate,PM25
2026-08-14 17:18:43,Delhi,Delhi,"Anand Vihar, Delhi - DPCC",28.6139,77.209,66.08,112.5,36.39,15.66,2.04,47.61,34.17,53.17,10.62,286,1014.0,0.0,201,Poor,CO
2026-08-14 18:18:43,Delhi,Delhi,"Anand Vihar, Delhi - DPCC",28.6139,77.209,65.76,107.44,56.39,24.72,2.46,19.25,28.35,60.82,7.8,101,1014.8,0.0,117,Moderate,PM25
2026-08-14 19:18:43,Delhi,Delhi,"Anand Vihar, Delhi - DPCC",28.6139,77.209,64.97,93.04,84.24,23.42,1.17,26.76,28.87,62.56,9.51,17,1008.5,0.0,114,Moderate,PM25
2026-08-14 20:18:43,Delhi,Delhi,"Anand Vihar, Delhi - DPCC",28.6139,77.209,61.92,102.06,82.68,32.02,2.13,16.87,27.99,74.45,10.09,352,1009.7,0.0,104,Moderate,PM25
2026-08-14 21:18:43,Delhi,Delhi,"Anand Vihar, Delhi - DPCC",28.6139,77.209,58.81,89.02,64.58,20.89,1.43,-4.1,24.3,74.3,7.28,224,1009.0,0.0,98,Satisfactory,PM25
2026-08-14 22:18:43,Delhi,Delhi,"Anand Vihar, Delhi - DPCC",28.6139,77.209,58.04,84.39,66.03,24.68,2.4,-3.27,22.81,81.79,9.09,282,1014.1,0.0,105,Moderate,CO
2026-08-14 23:18:43,Delhi,Delhi,"Anand Vihar, Delhi - DPCC",28.6139,77.209,54.56,95.03,48.83,24.76,0.77,-7.57,21.28,89.65,10.07,161,1009.6,0.0,95,Satisfactory,PM10
2026-08-15 00:18:43,Delhi,Delhi,"Anand Vihar, Delhi - DPCC",28.6139,77.209,52.66,86.82,55.38,34.2,0.73,17.7,20.43,98.0,7.62,14,1013.8,0.0,88,Satisfactory,PM25
2026-08-15 01:18:43,Delhi,Delhi,"Anand Vihar, Delhi - DPCC",28.6139,77.209,50.92,88.82,31.8,12.33,1.07,30.63,16.4,94.97,7.01,62,1009.5,0.0,195,Moderate,CO
2026-08-15 02:18:43,Delhi,Delhi,"Anand Vihar, Delhi - DPCC",28.6139,77.209,51.95,74.89,21.94,10.39,2.46,31.28,16.76,98.0,4.97,76,1011.9,0.0,106,Moderate,CO
2026-08-15 03:18:43,Delhi,Delhi,"Anand Vihar, Delhi - DPCC",28.6139,77.209,50.51,70.84,22.1,25.92,1.75,35.53,18.56,98.0,2.8,153,1008.7,0.0,86,Satisfactory,CO
2026-08-15 04:18:43,Delhi,Delhi,"Anand Vihar, Delhi - DPCC",28.6139,77.209,54.58,91.06,41.74,28.18,2.51,24.68,17.59,98.0,4.15,68,1010.3,0.0,106,Moderate,CO
2026-08-15 05:18:43,Delhi,Delhi,"Anand Vihar, Delhi - DPCC",28.6139,77.209,57.22,94.09,30.79,22.75,2.44,22.57,18.72,98.0,3.47,7,1009.7,0.0,105,Moderate,CO
2026-08-15 06:18:43,Delhi,Delhi,"Anand Vihar, Delhi - DPCC",28.6139,77.209,59.09,97.87,42.82,12.98,2.27,20.17,19.88,89.92,3.35,32,1009.8,0.0,103,Moderate,CO
2026-08-15 07:18:43,Delhi,Delhi,"Anand Vihar, Delhi - DPCC",28.6139,77.209,59.06,104.65,53.26,21.26,1.56,29.17,21.66,85.98,2.73,212,1011.1,13.9,103,Moderate,PM10
2026-08-15 08:18:43,Delhi,Delhi,"Anand Vihar, Delhi - DPCC",28.6139,77.209,60.54,108.05,49.26,14.86,1.1,16.66,22.65,83.0,4.17,126,1013.7,0.0,210,Poor,PM25
2026-08-15 09:18:43,Delhi,Delhi,"Anand Vihar, Delhi - DPCC",28.6139,77.209,61.26,87.37,91.69,24.72,2.71,42.73,22.31,78.96,3.83,16,1014.7,0.0,112,Moderate,NO2
2026-08-15 10:18:43,Delhi,Delhi,"Anand Vihar, Delhi - DPCC",28.6139,77.209,62.96,108.32,48.49,25.42,1.7,51.35,24.33,67.27,3.43,91,1012.3,0.0,108,Moderate,PM25
2026-08-15 11:18:43,Delhi,Delhi,"Anand Vihar, Delhi - DPCC",28.6139,77.209,63.73,89.37,49.64,17.74,1.82,61.34,27.95,60.53,4.75,100,1008.0,0.0,110,Moderate,PM25
2026-08-15 12:18:43,Delhi,Delhi,"Anand Vihar, Delhi - DPCC",28.6139,77.209,63.57,114.29,30.07,29.3,2.15,56.34,31.74,59.45,3.67,306,1010.7,5.9,110,Moderate,PM25
2026-08-15 13:18:43,Delhi,Delhi,"Anand Vihar, Delhi - DPCC",28.6139,77.209,63.85,96.87,23.01,30.41,2.59,52.81,32.09,55.55,7.38,52,1010.0,0.0,111,Moderate,PM25
2026-08-15 14:18:43,Delhi,Delhi,"Anand Vihar, Delhi - DPCC",28.6139,77.209,64.17,97.71,42.72,27.3,1.41,53.98,33.6,51.72,7.74,65,1008.5,0.0,112,Moderate,PM25
2026-08-15 15:18:43,Delhi,Delhi,"Anand Vihar, Delhi - DPCC",28.6139,77.209,62.71,92.11,54.19,17.63,2.3,56.96,33.57,51.53,9.22,140,1010.8,0.0,107,Moderate,PM25
2026-08-15 16:18:43,Delhi,Delhi,"Anand Vihar, Delhi - DPCC",28.6139,77.209,62.85,105.56,42.38,20.95,1.03,52.58,34.49,50.3,10.58,70,1009.9,0.0,195,Moderate,CO
2026-08-15 17:18:43,Delhi,Delhi,"Anand Vihar, Delhi - DPCC",28.6139,77.209,61.06,86.77,37.57,15.99,0.86,35.94,31.86,51.8,9.7,197,1012.4,0.0,101,Moderate,PM25
2026-08-15 18:18:43,Delhi,Delhi,"Anand Vihar, Delhi - DPCC",28.6139,77.209,61.78,108.2,47.0,11.3,1.43,18.41,28.42,56.85,12.08,85,1009.8,0.0,106,Moderate,PM10
2026-08-15 19:18:43,Delhi,Delhi,"Anand Vihar, Delhi - DPCC",28.6139,77.209,60.86,89.35,68.71,10.09,3.19,19.27,28.41,61.87,11.61,291,1014.0,0.0,211,Poor,PM25
2026-08-15 20:18:43,Delhi,Delhi,"Anand Vihar, Delhi - DPCC",28.6139,77.209,59.78,96.27,50.17,12.17,1.55,4.43,29.62,65.9,11.25,251,1011.4,0.0,100,Satisfactory,PM25
2026-08-15 21:18:43,Delhi,Delhi,"Anand Vihar, Delhi - DPCC",28.6139,77.209,57.84,83.21,40.11,21.69,2.21,-8.36,22.69,76.75,7.46,137,1011.4,0.0,102,Moderate,CO
2026-08-15 22:18:43,Delhi,Delhi,"Anand Vihar, Delhi - DPCC",28.6139,77.209,59.07,98.22,68.22,25.23,0.74,-9.73,22.91,84.89,8.93,211,1010.6,5.7,98,Satisfactory,PM25
2026-08-15 23:18:43,Delhi,Delhi,"Anand Vihar, Delhi - DPCC",28.6139,77.209,58.72,92.45,26.6,15.2,1.17,-7.83,22.27,80.42,5.46,178,1014.9,0.0,98,Satisfactory,PM25
2026-08-16 00:18:43,Delhi,Delhi,"Anand Vihar, Delhi - DPCC",28.6139,77.209,55.75,88.46,32.0,23.07,1.18,15.92,20.25,91.95,6.81,132,1011.3,0.0,93,Satisfactory,PM25
2026-08-16 01:18:43,Delhi,Delhi,"Anand Vihar, Delhi - DPCC",28.6139,77.209,55.92,84.9,23.1,28.73,1.38,37.24,20.4,98.0,4.35,338,1012.6,0.0,93,Satisfactory,PM25
2026-08-16 02:18:43,Delhi,Delhi,"Anand Vihar, Delhi - DPCC",28.6139,77.209,57.35,93.71,28.81,26.86,0.92,15.37,20.68,96.5,4.93,277,1014.1,0.0,96,Satisfactory,PM25
2026-08-16 03:18:43,Delhi,Delhi,"Anand Vihar, Delhi - DPCC",28.6139,77.209,56.93,87.72,49.46,13.14,1.37,32.95,20.14,97.87,2.4,269,1009.2,0.0,95,Satisfactory,PM25
2026-08-16 04:18:43,Delhi,Delhi,"Anand Vihar, Delhi - DPCC",28.6139,77.209,59.08,87.78,61.24,24.1,1.41,25.95,18.65,98.0,7.25,231,1009.3,0.0,98,Satisfactory,PM25
2026-08-16 05:18:43,Delhi,Delhi,"Anand Vihar, Delhi - DPCC",28.6139,77.209,57.39,91.11,72.89,30.1,1.99,32.91,14.68,90.65,2.41,50,1008.5,2.8,99,Satisfactory,CO
2026-08-16 06:18:43,Delhi,Delhi,"Anand Vihar, Delhi - DPCC",28.6139,77.209,57.64,99.66,26.88,30.56,2.01,23.55,17.34,90.04,1.9,96,1008.4,0.0,201,Poor,CO
2026-08-16 07:18:43,Delhi,Delhi,"Anand Vihar, Delhi - DPCC",28.6139,77.209,59.54,88.56,67.88,13.13,2.19,23.33,20.11,86.0,2.77,178,1009.0,0.0,102,Moderate,CO
2026-08-16 08:18:43,Delhi,Delhi,"Anand Vihar, Delhi - DPCC",28.6139,77.209,60.69,87.65,48.2,24.07,3.25,26.23,21.27,82.68,5.91,179,1008.5,0.0,211,Poor,PM25
2026-08-16 09:18:43,Delhi,Delhi,"Anand Vihar, Delhi - DPCC",28.6139,77.209,61.8,101.71,66.69,18.23,1.95,39.7,26.43,74.04,2.14,160,1014.9,0.0,104,Moderate,PM25
2026-08-16 10:18:43,Delhi,Delhi,"Anand Vihar, Delhi - DPCC",28.6139,77.209,61.98,88.4,72.29,27.73,1.3,48.19,27.62,69.78,3.4,25,1013.3,0.0,104,Moderate,PM25
2026-08-16 11:18:43,Delhi,Delhi,"Anand Vihar, Delhi - DPCC",28.6139,77.209,64.03,114.89,35.26,29.77,2.25,62.0,28.37,62.45,6.36,242,1013.8,0.0,111,Moderate,PM25
2026-08-16 12:18:43,Delhi,Delhi,"Anand Vihar, Delhi - DPCC",28.6139,77.209,62.39,106.83,61.17,20.18,1.52,50.1,30.35,57.36,6.18,150,1013.6,0.0,125,Moderate,O3
2026-08-16 13:18:43,Delhi,Delhi,"Anand Vihar, Delhi - DPCC",28.6139,77.209,63.18,97.54,28.36,11.64,2.17,59.44,35.29,53.1,7.86,354,1009.4,0.0,108,Moderate,PM25
2026-08-16 14:18:43,Delhi,Delhi,"Anand Vihar, Delhi - DPCC",28.6139,77.209,64.34,103.5,28.14,13.47,1.28,63.04,32.21,54.42,7.29,221,1014.1,0.0,112,Moderate,PM25
2026-08-16 15:18:43,Delhi,Delhi,"Anand Vihar, Delhi - DPCC",28.6139,77.209,62.95,108.51,25.32,18.44,0.79,46.8,30.14,53.59,8.63,211,1012.4,0.0,108,Moderate,PM25
2026-08-16 16:18:43,Delhi,Delhi,"Anand Vihar, Delhi - DPCC",28.6139,77.209,62.63,108.98,68.73,12.93,1.91,50.13,32.88,45.28,14.02,32,1008.7,0.0,125,Moderate,O3
2026-08-16 17:18:43,Delhi,Delhi,"Anand Vihar, Delhi - DPCC",28.6139,77.209,60.15,90.92,56.61,18.99,1.57,27.33,33.06,52.45,8.83,251,1008.3,0.0,210,Poor,PM25
2026-08-16 18:18:43,Delhi,Delhi,"Anand Vihar, Delhi - DPCC",28.6139,77.209,60.47,89.25,63.89,33.8,2.59,34.73,31.65,54.41,11.67,228,1012.5,0.0,210,Poor,PM25
2026-08-16 19:18:43,Delhi,Delhi,"Anand Vihar, Delhi - DPCC",28.6139,77.209,61.54,109.59,52.72,14.65,2.42,7.45,28.9,60.03,10.61,176,1012.3,3.5,107,Moderate,PM10
2026-08-16 20:18:43,Delhi,Delhi,"Anand Vihar, Delhi - DPCC",28.6139,77.209,58.45,97.64,66.74,18.32,2.09,-5.25,24.89,69.0,11.87,190,1012.9,0.0,202,Poor,CO
2026-08-16 21:18:43,Delhi,Delhi,"Anand Vihar, Delhi - DPCC",28.6139,77.209,57.13,83.42,72.72,9.1,2.38,3.69,26.02,75.41,8.49,44,1008.5,0.0,104,Moderate,CO
2026-08-16 22:18:43,Delhi,Delhi,"Anand Vihar, Delhi - DPCC",28.6139,77.209,56.18,100.43,54.17,14.35,2.46,3.04,22.2,83.62,10.68,312,1009.1,0.0,105,Moderate,CO
2026-08-16 23:18:43,Delhi,Delhi,"Anand Vihar, Delhi - DPCC",28.6139,77.209,55.82,89.26,55.7,30.7,0.67,-10.93,20.37,88.94,8.26,305,1009.2,0.0,93,Satisfactory,PM25
2026-08-17 00:18:43,Delhi,Delhi,"Anand Vihar, Delhi - DPCC",28.6139,77.209,55.4,82.99,64.27,20.29,2.77,29.5,18.62,88.48,8.61,264,1011.5,9.3,109,Moderate,CO
2026-08-17 01:18:43,Delhi,Delhi,"Anand Vihar, Delhi - DPCC",28.6139,77.209,54.21,80.68,56.53,30.09,1.15,38.31,19.04,98.0,3.88,342,1013.0,0.0,90,Satisfactory,PM25
2026-08-17 02:18:43,Delhi,Delhi,"Anand Vihar, Delhi - DPCC",28.6139,77.209,53.96,88.64,39.86,21.78,0.89,26.3,15.38,98.0,5.14,207,1009.0,0.0,90,Satisfactory,PM25
2026-08-17 03:18:43,Delhi,Delhi,"Anand Vihar, Delhi - DPCC",28.6139,77.209,53.16,75.4,72.63,8.32,0.73,35.13,16.44,98.0,2.23,52,1009.7,0.0,91,Satisfactory,NO2
2026-08-17 04:18:43,Delhi,Delhi,"Anand Vihar, Delhi - DPCC",28.6139,77.209,53.45,79.09,74.45,10.6,2.49,19.45,17.11,98.0,4.72,316,1009.1,0.0,106,Moderate,CO
2026-08-17 05:18:43,Delhi,Delhi,"Anand Vihar, Delhi - DPCC",28.6139,77.209,55.28,95.32,58.9,31.68,1.44,29.75,20.98,95.7,3.25,174,1014.7,0.0,95,Satisfactory,PM10
2026-08-17 06:18:43,Delhi,Delhi,"Anand Vihar, Delhi - DPCC",28.6139,77.209,55.76,97.81,77.29,33.65,2.14,27.74,17.44,92.12,2.26,21,1008.1,0.0,102,Moderate,CO
2026-08-17 07:18:43,Delhi,Delhi,"Anand Vihar, Delhi - DPCC",28.6139,77.209,57.79,103.99,77.18,25.69,1.62,18.8,22.98,83.81,2.72,143,1014.6,0.0,103,Moderate,PM10
2026-08-17 08:18:43,Delhi,Delhi,"Anand Vihar, Delhi - DPCC",28.6139,77.209,59.75,98.05,46.63,13.31,3.28,21.08,21.23,81.14,4.9,156,1010.1,0.0,116,Moderate,CO
2026-08-17 09:18:43,Delhi,Delhi,"Anand Vihar, Delhi - DPCC",28.6139,77.209,60.86,87.52,43.22,29.41,2.06,29.11,25.83,75.57,1.0,306,1012.5,0.0,211,Poor,PM25
2026-08-17 10:18:43,Delhi,Delhi,"Anand Vihar, Delhi - DPCC",28.6139,77.209,61.93,88.57,65.33,18.84,1.35,48.3,25.35,70.24,7.08,288,1012.4,0.0,104,Moderate,PM25
2026-08-17 11:18:43,Delhi,Delhi,"Anand Vihar, Delhi - DPCC",28.6139,77.209,62.02,88.13,74.2,33.53,2.2,61.42,29.91,63.45,2.89,357,1014.0,0.0,104,Moderate,PM25
2026-08-17 12:18:43,Delhi,Delhi,"Anand Vihar, Delhi - DPCC",28.6139,77.209,62.89,98.23,42.27,24.93,0.63,67.37,27.79,59.51,7.29,302,1012.0,0.0,108,Moderate,PM25
2026-08-17 13:18:43,Delhi,Delhi,"Anand Vihar, Delhi - DPCC",28.6139,77.209,64.34,94.99,74.94,14.98,0.83,60.98,31.91,49.31,8.4,200,1013.7,0.0,112,Moderate,PM25
2026-08-17 14:18:43,Delhi,Delhi,"Anand Vihar, Delhi - DPCC",28.6139,77.209,62.31,100.43,60.02,17.46,2.79,62.38,34.08,52.51,9.7,307,1009.2,0.0,110,Moderate,CO
2026-08-17 15:18:43,Delhi,Delhi,"Anand Vihar, Delhi - DPCC",28.6139,77.209,63.78,94.33,78.26,11.45,0.99,47.5,32.94,52.35,9.57,91,1011.9,0.0,110,Moderate,PM25
2026-08-17 16:18:43,Delhi,Delhi,"Anand Vihar, Delhi - DPCC",28.6139,77.209,62.11,99.16,59.31,23.64,0.91,39.61,33.2,53.94,10.82,326,1013.7,0.0,105,Moderate,PM25
2026-08-17 17:18:43,Delhi,Delhi,"Anand Vihar, Delhi - DPCC",28.6139,77.209,59.29,83.67,46.99,25.59,2.39,32.5,30.53,59.69,10.63,198,1009.9,0.0,105,Moderate,CO
2026-08-17 18:18:43,Delhi,Delhi,"Anand Vihar, Delhi - DPCC",28.6139,77.209,58.39,90.53,64.6,20.32,0.66,38.0,31.35,53.21,10.02,200,1009.5,0.0,97,Satisfactory,PM25
2026-08-17 19:18:43,Delhi,Delhi,"Anand Vihar, Delhi - DPCC",28.6139,77.209,54.78,89.25,94.81,31.19,1.12,5.45,30.39,67.23,12.43,316,1012.4,0.0,115,Moderate,NO2
2026-08-17 20:18:43,Delhi,Delhi,"Anand Vihar, Delhi - DPCC",28.6139,77.209,55.75,98.63,49.21,22.57,1.45,6.85,26.86,71.46,10.53,359,1009.3,0.0,99,Satisfactory,PM10
2026-08-17 21:18:43,Delhi,Delhi,"Anand Vihar, Delhi - DPCC",28.6139,77.209,54.98,91.03,44.46,26.22,1.47,-1.4,26.43,73.82,9.28,56,1013.5,0.0,92,Satisfactory,PM25
2026-08-17 22:18:43,Delhi,Delhi,"Anand Vihar, Delhi - DPCC",28.6139,77.209,54.77,93.66,39.45,10.37,1.96,-11.87,22.56,83.55,8.57,206,1014.5,0.0,98,Satisfactory,CO
2026-08-17 23:18:43,Delhi,Delhi,"Anand Vihar, Delhi - DPCC",28.6139,77.209,54.86,89.71,56.89,27.34,2.54,-17.8,21.41,84.39,5.05,327,1014.7,0.0,106,Moderate,CO
2026-08-18 00:18:43,Delhi,Delhi,"Anand Vihar, Delhi - DPCC",28.6139,77.209,52.9,74.82,36.54,26.73,1.54,27.92,18.14,90.46,7.79,116,1010.2,0.0,88,Satisfactory,PM25
2026-08-18 01:18:43,Delhi,Delhi,"Anand Vihar, Delhi - DPCC",28.6139,77.209,52.68,76.57,69.18,18.28,1.76,15.73,16.99,97.15,4.84,276,1013.0,0.0,88,Satisfactory,PM25
2026-08-18 02:18:43,Delhi,Delhi,"Anand Vihar, Delhi - DPCC",28.6139,77.209,53.22,78.37,25.88,28.44,2.56,32.92,16.31,98.0,5.1,234,1012.0,0.0,107,Moderate,CO
2026-08-18 03:18:43,Delhi,Delhi,"Anand Vihar, Delhi - DPCC",28.6139,77.209,54.32,78.55,39.08,8.84,1.2,20.46,16.67,98.0,2.7,168,1008.5,0.0,90,Satisfactory,PM25
2026-08-18 04:18:43,Delhi,Delhi,"Anand Vihar, Delhi - DPCC",28.6139,77.209,55.59,85.98,47.12,12.24,2.1,33.79,16.07,98.0,2.1,48,1011.5,0.0,101,Moderate,CO
2026-08-18 05:18:43,Delhi,Delhi,"Anand Vihar, Delhi - DPCC",28.6139,77.209,55.81,86.94,55.87,17.92,2.15,33.54,17.67,97.79,2.89,85,1009.3,0.0,102,Moderate,CO
2026-08-18 06:18:43,Delhi,Delhi,"Anand Vihar, Delhi - DPCC",28.6139,77.209,57.46,80.55,53.31,33.19,1.34,39.19,23.18,89.86,1.94,143,1011.5,0.0,96,Satisfactory,PM25
2026-08-18 07:18:43,Delhi,Delhi,"Anand Vihar, Delhi - DPCC",28.6139,77.209,62.72,88.42,35.22,16.39,2.77,22.39,21.64,86.57,3.58,34,1009.7,0.0,109,Moderate,CO
2026-08-18 08:18:43,Delhi,Delhi,"Anand Vihar, Delhi - DPCC",28.6139,77.209,65.77,108.51,74.98,15.15,2.0,29.82,24.13,81.41,2.22,309,1011.4,0.0,117,Moderate,PM25
2026-08-18 09:18:43,Delhi,Delhi,"Anand Vihar, Delhi - DPCC",28.6139,77.209,67.1,103.57,92.4,34.83,3.12,27.94,24.1,76.26,3.43,289,1014.4,0.0,122,Moderate,PM25
2026-08-18 10:18:43,Delhi,Delhi,"Anand Vihar, Delhi - DPCC",28.6139,77.209,66.42,115.29,64.71,9.59,1.06,49.5,27.0,66.1,5.12,88,1009.4,0.0,195,Moderate,CO
2026-08-18 11:18:43,Delhi,Delhi,"Anand Vihar, Delhi - DPCC",28.6139,77.209,67.23,113.94,67.64,17.63,2.29,67.78,29.63,60.37,8.01,257,1014.3,0.0,122,Moderate,PM25
2026-08-18 12:18:43,Delhi,Delhi,"Anand Vihar, Delhi - DPCC",28.6139,77.209,67.93,120.81,49.05,18.11,1.22,60.76,30.36,59.79,6.26,125,1013.4,0.0,125,Moderate,PM25
2026-08-18 13:18:43,Delhi,Delhi,"Anand Vihar, Delhi - DPCC",28.6139,77.209,69.15,124.14,79.03,19.71,1.67,57.59,31.4,53.11,4.56,72,1013.0,0.0,129,Moderate,PM25
2026-08-18 14:18:43,Delhi,Delhi,"Anand Vihar, Delhi - DPCC",28.6139,77.209,68.64,116.71,31.59,8.85,2.48,51.73,29.68,54.98,8.24,130,1014.0,0.0,127,Moderate,PM25
2026-08-18 15:18:43,Delhi,Delhi,"Anand Vihar, Delhi - DPCC",28.6139,77.209,67.92,112.48,20.05,34.46,1.49,56.25,31.85,51.35,7.48,291,1012.1,0.0,125,Moderate,PM25
2026-08-18 16:18:43,Delhi,Delhi,"Anand Vihar, Delhi - DPCC",28.6139,77.209,65.64,103.33,28.92,9.13,0.74,59.13,33.91,48.54,9.47,300,1011.5,0.0,117,Moderate,PM25
2026-08-18 17:18:43,Delhi,Delhi,"Anand Vihar, Delhi - DPCC",28.6139,77.209,66.52,101.62,28.25,8.48,1.58,48.51,32.44,50.47,9.44,333,1008.7,13.3,120,Moderate,PM25
2026-08-18 18:18:43,Delhi,Delhi,"Anand Vihar, Delhi - DPCC",28.6139,77.209,63.9,108.69,64.49,9.08,2.09,31.02,33.22,61.2,7.86,50,1008.5,0.0,202,Poor,CO
2026-08-18 19:18:43,Delhi,Delhi,"Anand Vihar, Delhi - DPCC",28.6139,77.209,62.89,98.86,84.09,29.45,2.71,6.11,31.69,62.08,9.43,355,1012.2,0.0,109,Moderate,CO
2026-08-18 20:18:43,Delhi,Delhi,"Anand Vihar, Delhi - DPCC",28.6139,77.209,61.31,96.6,42.65,20.54,1.46,12.69,25.17,68.44,10.65,227,1011.0,0.0,102,Moderate,PM25
2026-08-18 21:18:43,Delhi,Delhi,"Anand Vihar, Delhi - DPCC",28.6139,77.209,59.35,98.73,41.3,13.2,2.4,-4.24,23.52,73.46,7.59,77,1011.6,0.0,105,Moderate,CO
2026-08-18 22:18:43,Delhi,Delhi,"Anand Vihar, Delhi - DPCC",28.6139,77.209,57.0,83.61,21.18,14.16,0.65,-9.65,23.95,82.22,6.85,138,1008.7,0.0,95,Satisfactory,PM25
2026-08-18 23:18:43,Delhi,Delhi,"Anand Vihar, Delhi - DPCC",28.6139,77.209,56.56,87.44,28.82,17.44,1.09,-0.11,19.43,84.19,8.87,23,1008.1,0.0,196,Moderate,CO
2026-08-19 00:18:43,Delhi,Delhi,"Anand Vihar, Delhi - DPCC",28.6139,77.209,53.98,92.34,75.59,30.02,2.24,23.37,18.98,94.41,6.4,260,1013.8,0.0,103,Moderate,CO
2026-08-19 01:18:43,Delhi,Delhi,"Anand Vihar, Delhi - DPCC",28.6139,77.209,54.59,86.89,45.79,27.42,1.83,39.83,18.69,92.92,5.03,169,1009.6,0.0,91,Satisfactory,PM25
2026-08-19 02:18:43,Delhi,Delhi,"Anand Vihar, Delhi - DPCC",28.6139,77.209,54.36,79.85,50.75,28.87,1.08,16.52,17.41,98.0,5.17,87,1013.2,0.0,195,Moderate,CO
2026-08-19 03:18:43,Delhi,Delhi,"Anand Vihar, Delhi - DPCC",28.6139,77.209,54.7,77.82,32.4,10.43,1.49,35.52,15.3,95.71,4.27,14,1011.9,0.0,91,Satisfactory,PM25
2026-08-19 04:18:43,Delhi,Delhi,"Anand Vihar, Delhi - DPCC",28.6139,77.209,55.53,97.82,24.91,26.05,0.63,30.75,14.06,98.0,3.37,191,1010.5,0.0,98,Satisfactory,PM10
2026-08-19 05:18:43,Delhi,Delhi,"Anand Vihar, Delhi - DPCC",28.6139,77.209,56.58,99.32,50.88,27.96,1.26,26.2,16.79,94.5,2.15,150,1013.4,0.0,99,Satisfactory,PM10
2026-08-19 06:18:43,Delhi,Delhi,"Anand Vihar, Delhi - DPCC",28.6139,77.209,59.28,90.64,67.85,17.15,1.16,20.56,20.42,94.6,1.28,319,1009.6,5.0,99,Satisfactory,PM25
2026-08-19 07:18:43,Delhi,Delhi,"Anand Vihar, Delhi - DPCC",28.6139,77.209,58.98,95.52,64.66,19.03,2.8,22.45,23.17,88.4,1.94,252,1013.7,0.0,110,Moderate,CO
2026-08-19 08:18:43,Delhi,Delhi,"Anand Vihar, Delhi - DPCC",28.6139,77.209,61.18,96.33,50.38,9.6,1.84,26.5,24.52,84.66,5.08,341,1008.7,0.0,102,Moderate,PM25
2026-08-19 09:18:43,Delhi,Delhi,"Anand Vihar, Delhi - DPCC",28.6139,77.209,64.96,103.81,89.77,24.43,1.19,28.66,24.67,77.48,5.13,55,1008.4,0.0,114,Moderate,PM25
2026-08-19 10:18:43,Delhi,Delhi,"Anand Vihar, Delhi - DPCC",28.6139,77.209,64.64,102.75,38.35,33.15,1.08,53.9,27.59,67.63,4.52,186,1008.7,0.0,195,Moderate,CO
2026-08-19 11:18:43,Delhi,Delhi,"Anand Vihar, Delhi - DPCC",28.6139,77.209,65.2,96.62,66.57,15.45,1.7,51.12,29.04,62.71,6.69,250,1008.6,4.3,115,Moderate,PM25
2026-08-19 12:18:43,Delhi,Delhi,"Anand Vihar, Delhi - DPCC",28.6139,77.209,67.11,109.24,42.47,25.66,0.96,49.87,28.97,57.93,8.19,233,1010.2,0.0,122,Moderate,PM25
2026-08-19 13:18:43,Delhi,Delhi,"Anand Vihar, Delhi - DPCC",28.6139,77.209,66.23,114.03,46.65,28.66,0.63,50.72,32.19,51.91,6.72,275,1012.9,0.0,126,Moderate,O3
2026-08-19 14:18:43,Delhi,Delhi,"Anand Vihar, Delhi - DPCC",28.6139,77.209,65.7,115.75,74.57,19.73,0.81,66.45,33.45,54.15,7.59,58,1011.8,0.0,117,Moderate,PM25
2026-08-19 15:18:43,Delhi,Delhi,"Anand Vihar, Delhi - DPCC",28.6139,77.209,64.93,93.1,47.88,30.76,1.19,62.44,31.83,51.65,7.83,329,1010.3,0.0,114,Moderate,PM25
2026-08-19 16:18:43,Delhi,Delhi,"Anand Vihar, Delhi - DPCC",28.6139,77.209,61.76,108.62,21.92,8.76,1.92,55.49,32.82,50.12,10.18,342,1012.9,0.0,106,Moderate,PM10
2026-08-19 17:18:43,Delhi,Delhi,"Anand Vihar, Delhi - DPCC",28.6139,77.209,62.52,109.03,42.83,34.05,1.18,33.71,30.32,51.23,9.74,273,1014.5,0.0,106,Moderate,PM10
2026-08-19 18:18:43,Delhi,Delhi,"Anand Vihar, Delhi - DPCC",28.6139,77.209,62.85,91.83,78.41,17.84,1.98,26.72,31.65,62.92,10.06,358,1012.6,0.0,107,Moderate,PM25
2026-08-19 19:18:43,Delhi,Delhi,"Anand Vihar, Delhi - DPCC",28.6139,77.209,60.37,87.25,75.79,34.94,2.57,10.74,28.42,62.88,8.21,23,1010.8,0.0,210,Poor,PM25
2026-08-19 20:18:43,Delhi,Delhi,"Anand Vihar, Delhi - DPCC",28.6139,77.209,58.76,86.97,84.04,28.09,2.99,-0.2,27.76,69.33,9.89,56,1012.7,0.0,112,Moderate,CO
2026-08-19 21:18:43,Delhi,Delhi,"Anand Vihar, Delhi - DPCC",28.6139,77.209,59.02,94.17,68.33,19.51,2.8,-2.42,25.0,74.09,7.7,267,1013.9,0.0,110,Moderate,CO
2026-08-19 22:18:43,Delhi,Delhi,"Anand Vihar, Delhi - DPCC",28.6139,77.209,58.8,101.46,59.46,30.01,1.87,-18.17,23.39,80.61,6.89,336,1009.4,0.0,101,Moderate,PM10
2026-08-19 23:18:43,Delhi,Delhi,"Anand Vihar, Delhi - DPCC",28.6139,77.209,56.16,98.91,34.04,22.79,2.16,-13.2,19.29,88.04,8.25,16,1009.0,0.0,102,Moderate,CO
2026-08-20 00:18:43,Delhi,Delhi,"Anand Vihar, Delhi - DPCC",28.6139,77.209,56.21,80.69,41.04,32.61,1.82,21.64,17.98,93.48,7.22,266,1013.4,0.0,94,Satisfactory,PM25
2026-08-20 01:18:43,Delhi,Delhi,"Anand Vihar, Delhi - DPCC",28.6139,77.209,56.01,86.49,44.02,32.0,1.75,36.67,18.66,98.0,8.06,11,1009.9,0.0,93,Satisfactory,PM25
2026-08-20 02:18:43,Delhi,Delhi,"Anand Vihar, Delhi - DPCC",28.6139,77.209,57.82,97.51,59.37,30.91,1.25,31.04,19.07,98.0,3.52,96,1010.7,0.0,98,Satisfactory,PM10
2026-08-20 03:18:43,Delhi,Delhi,"Anand Vihar, Delhi - DPCC",28.6139,77.209,57.53,103.44,37.94,27.88,1.81,23.13,15.94,98.0,3.57,281,1010.0,0.0,103,Moderate,PM10
2026-08-20 04:18:43,Delhi,Delhi,"Anand Vihar, Delhi - DPCC",28.6139,77.209,58.83,98.92,43.24,21.45,1.6,15.23,14.62,98.0,1.0,205,1013.2,0.0,99,Satisfactory,PM10
2026-08-20 05:18:43,Delhi,Delhi,"Anand Vihar, Delhi - DPCC",28.6139,77.209,58.16,92.23,63.98,10.53,2.69,28.58,16.77,98.0,1.0,16,1011.4,0.0,108,Moderate,CO
2026-08-20 06:18:43,Delhi,Delhi,"Anand Vihar, Delhi - DPCC",28.6139,77.209,59.5,102.26,29.16,17.82,0.82,36.22,18.89,90.74,1.0,116,1010.2,0.0,102,Moderate,PM10
2026-08-20 07:18:43,Delhi,Delhi,"Anand Vihar, Delhi - DPCC",28.6139,77.209,60.76,101.04,50.7,8.77,0.75,24.59,23.5,88.46,2.93,10,1010.6,0.0,211,Poor,PM25
2026-08-20 08:18:43,Delhi,Delhi,"Anand Vihar, Delhi - DPCC",28.6139,77.209,62.41,92.53,77.65,27.76,1.49,25.84,23.45,80.6,3.15,145,1009.1,0.0,106,Moderate,PM25
2026-08-20 09:18:43,Delhi,Delhi,"Anand Vihar, Delhi - DPCC",28.6139,77.209,63.64,90.01,36.78,24.35,1.82,40.13,26.83,76.42,2.81,309,1014.2,0.0,110,Moderate,PM25
2026-08-20 10:18:43,Delhi,Delhi,"Anand Vihar, Delhi - DPCC",28.6139,77.209,63.14,107.67,27.23,28.59,1.57,56.96,28.44,66.36,6.6,325,1010.0,0.0,108,Moderate,PM25
2026-08-20 11:18:43,Delhi,Delhi,"Anand Vihar, Delhi - DPCC",28.6139,77.209,64.53,91.09,20.0,14.92,2.48,62.49,29.25,57.86,5.95,268,1011.1,0.0,113,Moderate,PM25
2026-08-20 12:18:43,Delhi,Delhi,"Anand Vihar, Delhi - DPCC",28.6139,77.209,65.36,100.29,66.17,15.16,2.56,50.07,32.41,56.84,5.72,344,1014.9,0.0,125,Moderate,O3
2026-08-20 13:18:43,Delhi,Delhi,"Anand Vihar, Delhi - DPCC",28.6139,77.209,65.19,100.05,65.58,19.99,2.32,68.72,30.48,56.94,7.96,70,1009.1,0.0,115,Moderate,PM25
2026-08-20 14:18:43,Delhi,Delhi,"Anand Vihar, Delhi - DPCC",28.6139,77.209,65.46,103.3,63.54,17.0,2.7,50.0,33.84,54.54,9.44,168,1013.3,0.0,125,Moderate,O3
2026-08-20 15:18:43,Delhi,Delhi,"Anand Vihar, Delhi - DPCC",28.6139,77.209,64.02,104.02,74.7,20.13,2.1,54.95,34.64,50.38,10.1,37,1014.0,0.0,202,Poor,CO
2026-08-20 16:18:43,Delhi,Delhi,"Anand Vihar, Delhi - DPCC",28.6139,77.209,62.85,110.79,55.43,27.93,0.67,43.46,33.23,52.61,8.63,15,1009.4,0.0,108,Moderate,PM10
2026-08-20 17:18:43,Delhi,Delhi,"Anand Vihar, Delhi - DPCC",28.6139,77.209,62.71,111.69,75.01,10.2,2.43,37.09,32.86,52.25,10.89,120,1008.2,0.0,108,Moderate,PM10
2026-08-20 18:18:43,Delhi,Delhi,"Anand Vihar, Delhi - DPCC",28.6139,77.209,63.02,107.74,34.12,12.1,1.46,37.08,30.32,57.6,9.18,31,1011.3,0.0,108,Moderate,PM25
2026-08-20 19:18:43,Delhi,Delhi,"Anand Vihar, Delhi - DPCC",28.6139,77.209,60.34,100.05,38.3,10.18,1.52,25.99,27.58,66.69,11.53,133,1009.5,7.6,210,Poor,PM25
2026-08-20 20:18:43,Delhi,Delhi,"Anand Vihar, Delhi - DPCC",28.6139,77.209,59.92,105.03,60.48,19.44,1.45,0.86,27.33,68.54,10.73,164,1009.2,0.0,104,Moderate,PM10
2026-08-20 21:18:43,Delhi,Delhi,"Anand Vihar, Delhi - DPCC",28.6139,77.209,55.68,83.84,23.99,22.02,1.29,4.38,23.98,72.25,11.16,240,1009.8,0.0,93,Satisfactory,PM25
2026-08-20 22:18:43,Delhi,Delhi,"Anand Vihar, Delhi - DPCC",28.6139,77.209,55.57,79.27,31.28,17.68,0.62,0.77,21.82,84.19,8.7,11,1009.9,0.0,92,Satisfactory,PM25
2026-08-20 23:18:43,Delhi,Delhi,"Anand Vihar, Delhi - DPCC",28.6139,77.209,53.2,87.15,67.63,8.9,2.18,-13.7,22.16,87.67,8.51,12,1010.8,0.0,102,Moderate,CO
2026-08-21 00:18:43,Delhi,Delhi,"Anand Vihar, Delhi - DPCC",28.6139,77.209,51.6,84.11,55.95,8.63,0.99,28.79,20.94,88.92,5.91,278,1011.4,0.0,86,Satisfactory,PM25
2026-08-21 01:18:43,Delhi,Delhi,"Anand Vihar, Delhi - DPCC",28.6139,77.209,52.03,86.71,60.18,13.95,1.91,37.64,16.41,93.13,4.57,277,1009.2,0.0,95,Satisfactory,CO
2026-08-21 02:18:43,Delhi,Delhi,"Anand Vihar, Delhi - DPCC",28.6139,77.209,51.95,81.25,23.85,31.54,1.73,29.7,16.54,98.0,2.83,155,1013.3,0.0,86,Satisfactory,PM25
2026-08-21 03:18:43,Delhi,Delhi,"Anand Vihar, Delhi - DPCC",28.6139,77.209,52.48,89.9,49.66,11.01,0.86,38.71,20.09,98.0,2.87,88,1011.0,0.0,90,Satisfactory,PM10
2026-08-21 04:18:43,Delhi,Delhi,"Anand Vihar, Delhi - DPCC",28.6139,77.209,54.07,90.62,52.58,23.28,0.83,25.9,16.21,98.0,2.21,324,1012.0,0.0,91,Satisfactory,PM10
2026-08-21 05:18:43,Delhi,Delhi,"Anand Vihar, Delhi - DPCC",28.6139,77.209,53.67,87.9,65.32,11.74,2.4,28.88,18.55,96.67,2.37,142,1010.1,0.0,105,Moderate,CO
2026-08-21 06:18:43,Delhi,Delhi,"Anand Vihar, Delhi - DPCC",28.6139,77.209,55.59,96.66,74.53,32.64,0.85,26.41,19.87,92.68,2.43,332,1009.4,0.0,97,Satisfactory,PM10
2026-08-21 07:18:43,Delhi,Delhi,"Anand Vihar, Delhi - DPCC",28.6139,77.209,56.08,83.86,47.72,13.08,1.89,27.11,21.65,84.15,2.72,186,1008.3,0.0,94,Satisfactory,CO
2026-08-21 08:18:43,Delhi,Delhi,"Anand Vihar, Delhi - DPCC",28.6139,77.209,59.07,99.28,80.97,16.49,1.6,25.17,22.33,80.92,3.21,237,1009.9,0.0,99,Satisfactory,PM10
2026-08-21 09:18:43,Delhi,Delhi,"Anand Vihar, Delhi - DPCC",28.6139,77.209,61.1,97.75,75.17,15.59,2.25,34.57,24.71,71.61,2.47,147,1012.6,0.0,103,Moderate,CO
2026-08-21 10:18:43,Delhi,Delhi,"Anand Vihar, Delhi - DPCC",28.6139,77.209,61.46,86.6,75.36,29.88,2.13,57.2,27.01,70.18,6.2,305,1010.7,0.0,103,Moderate,PM25
2026-08-21 11:18:43,Delhi,Delhi,"Anand Vihar, Delhi - DPCC",28.6139,77.209,62.65,109.23,29.41,31.34,1.28,51.49,29.08,63.83,3.8,231,1010.0,0.0,107,Moderate,PM25
2026-08-21 12:18:43,Delhi,Delhi,"Anand Vihar, Delhi - DPCC",28.6139,77.209,63.81,101.57,34.73,12.42,2.22,71.19,29.7,57.07,6.34,355,1008.1,0.0,111,Moderate,PM25
2026-08-21 13:18:43,Delhi,Delhi,"Anand Vihar, Delhi - DPCC",28.6139,77.209,62.29,103.72,76.7,20.16,2.25,66.15,32.1,51.43,7.48,267,1010.5,0.0,105,Moderate,PM25
2026-08-21 14:18:43,Delhi,Delhi,"Anand Vihar, Delhi - DPCC",28.6139,77.209,63.16,113.23,76.78,34.27,2.69,48.48,34.42,48.21,9.9,253,1014.9,8.7,109,Moderate,PM10
2026-08-21 15:18:43,Delhi,Delhi,"Anand Vihar, Delhi - DPCC",28.6139,77.209,62.01,92.4,23.62,10.54,2.04,55.95,34.28,50.64,12.54,98,1012.6,0.0,201,Poor,CO
2026-08-21 16:18:43,Delhi,Delhi,"Anand Vihar, Delhi - DPCC",28.6139,77.209,62.94,90.45,74.56,21.15,1.46,59.46,34.46,55.95,9.25,235,1009.2,0.0,108,Moderate,PM25
2026-08-21 17:18:43,Delhi,Delhi,"Anand Vihar, Delhi - DPCC",28.6139,77.209,59.27,104.79,51.75,27.04,2.46,31.7,30.73,53.09,10.53,110,1010.0,0.0,106,Moderate,CO
2026-08-21 18:18:43,Delhi,Delhi,"Anand Vihar, Delhi - DPCC",28.6139,77.209,58.94,90.29,44.46,28.82,1.55,38.15,30.84,50.78,10.57,349,1011.0,0.0,98,Satisfactory,PM25
2026-08-21 19:18:43,Delhi,Delhi,"Anand Vihar, Delhi - DPCC",28.6139,77.209,57.27,99.1,67.81,16.57,2.74,22.83,31.22,60.65,10.36,27,1013.5,0.0,109,Moderate,CO
2026-08-21 20:18:43,Delhi,Delhi,"Anand Vihar, Delhi - DPCC",28.6139,77.209,57.31,96.73,88.82,12.06,1.95,6.03,27.79,71.69,8.55,328,1010.9,0.0,109,Moderate,NO2
2026-08-21 21:18:43,Delhi,Delhi,"Anand Vihar, Delhi - DPCC",28.6139,77.209,59.35,97.33,36.1,18.35,1.82,10.23,28.04,70.86,11.1,3,1014.9,0.0,99,Satisfactory,PM25
2026-08-21 22:18:43,Delhi,Delhi,"Anand Vihar, Delhi - DPCC",28.6139,77.209,57.83,94.97,62.71,16.67,2.14,-5.12,23.98,84.3,9.23,66,1012.3,2.0,102,Moderate,CO
2026-08-21 23:18:43,Delhi,Delhi,"Anand Vihar, Delhi - DPCC",28.6139,77.209,55.88,91.54,33.2,16.21,0.89,-13.78,21.31,88.92,9.18,341,1008.3,0.0,93,Satisfactory,PM25
2026-08-22 00:18:43,Delhi,Delhi,"Anand Vihar, Delhi - DPCC",28.6139,77.209,53.71,90.86,62.99,20.4,2.12,26.11,20.67,91.43,3.43,322,1010.7,0.0,101,Moderate,CO
2026-08-22 01:18:43,Delhi,Delhi,"Anand Vihar, Delhi - DPCC",28.6139,77.209,55.09,93.32,21.19,26.56,1.59,28.1,18.98,98.0,6.13,299,1012.5,0.0,93,Satisfactory,PM10
2026-08-22 02:18:43,Delhi,Delhi,"Anand Vihar, Delhi - DPCC",28.6139,77.209,53.72,95.81,47.71,23.29,2.25,16.71,16.76,98.0,5.14,278,1008.2,0.0,103,Moderate,CO
2026-08-22 03:18:43,Delhi,Delhi,"Anand Vihar, Delhi - DPCC",28.6139,77.209,54.21,91.47,27.31,26.76,1.59,35.29,16.02,93.85,4.3,119,1014.3,0.0,92,Satisfactory,PM10
2026-08-22 04:18:43,Delhi,Delhi,"Anand Vihar, Delhi - DPCC",28.6139,77.209,54.36,84.02,70.98,28.55,1.09,25.33,17.12,98.0,3.88,256,1014.1,0.0,195,Moderate,CO
2026-08-22 05:18:43,Delhi,Delhi,"Anand Vihar, Delhi - DPCC",28.6139,77.209,55.14,95.65,64.19,29.41,1.09,31.21,19.51,97.07,3.22,184,1013.1,0.0,195,Moderate,CO
2026-08-22 06:18:43,Delhi,Delhi,"Anand Vihar, Delhi - DPCC",28.6139,77.209,58.28,84.91,28.4,27.34,1.55,37.23,20.58,92.11,2.38,233,1012.8,0.0,97,Satisfactory,PM25
2026-08-22 07:18:43,Delhi,Delhi,"Anand Vihar, Delhi - DPCC",28.6139,77.209,59.88,100.43,22.64,17.95,1.06,17.48,23.97,85.44,1.75,350,1010.0,0.0,195,Moderate,CO
2026-08-22 08:18:43,Delhi,Delhi,"Anand Vihar, Delhi - DPCC",28.6139,77.209,60.87,95.48,61.62,19.25,1.82,22.16,24.71,82.33,1.13,123,1011.0,0.0,211,Poor,PM25
2026-08-22 09:18:43,Delhi,Delhi,"Anand Vihar, Delhi - DPCC",28.6139,77.209,62.33,93.12,93.8,17.81,1.47,38.3,25.18,73.77,4.0,228,1014.0,0.0,114,Moderate,NO2
2026-08-22 10:18:43,Delhi,Delhi,"Anand Vihar, Delhi - DPCC",28.6139,77.209,62.53,97.9,36.85,24.86,1.39,56.35,29.5,73.54,3.83,351,1013.5,0.0,106,Moderate,PM25
2026-08-22 11:18:43,Delhi,Delhi,"Anand Vihar, Delhi - DPCC",28.6139,77.209,63.92,92.78,43.19,10.31,2.0,50.38,30.71,61.43,6.84,178,1008.4,0.0,201,Poor,CO
2026-08-22 12:18:43,Delhi,Delhi,"Anand Vihar, Delhi - DPCC",28.6139,77.209,66.09,98.95,50.23,30.07,1.44,51.63,31.96,63.23,4.5,2,1010.4,0.0,118,Moderate,PM25
2026-08-22 13:18:43,Delhi,Delhi,"Anand Vihar, Delhi - DPCC",28.6139,77.209,66.16,96.94,52.05,15.72,1.07,64.76,32.77,55.02,6.54,82,1010.0,0.0,195,Moderate,CO
2026-08-22 14:18:43,Delhi,Delhi,"Anand Vihar, Delhi - DPCC",28.6139,77.209,65.83,107.48,72.61,11.21,1.51,55.08,32.21,49.18,9.44,54,1009.0,0.0,118,Moderate,PM25
2026-08-22 15:18:43,Delhi,Delhi,"Anand Vihar, Delhi - DPCC",28.6139,77.209,65.44,101.69,32.65,28.28,0.93,63.29,30.53,53.7,9.67,1,1013.2,14.3,116,Moderate,PM25
2026-08-22 16:18:43,Delhi,Delhi,"Anand Vihar, Delhi - DPCC",28.6139,77.209,63.36,96.81,71.69,32.38,2.56,55.79,34.48,51.72,11.87,10,1008.6,0.0,109,Moderate,PM25
2026-08-22 17:18:43,Delhi,Delhi,"Anand Vihar, Delhi - DPCC",28.6139,77.209,64.02,95.55,58.97,14.56,1.61,37.78,28.96,53.79,10.18,189,1014.1,0.0,111,Moderate,PM25
2026-08-22 18:18:43,Delhi,Delhi,"Anand Vihar, Delhi - DPCC",28.6139,77.209,62.56,100.85,27.85,11.7,2.3,36.39,31.52,58.97,11.2,99,1011.3,0.0,106,Moderate,PM25
2026-08-22 19:18:43,Delhi,Delhi,"Anand Vihar, Delhi - DPCC",28.6139,77.209,59.75,89.83,56.83,31.58,1.48,9.68,29.42,64.28,10.05,181,1012.5,0.0,100,Satisfactory,PM25
2026-08-22 20:18:43,Delhi,Delhi,"Anand Vihar, Delhi - DPCC",28.6139,77.209,57.64,99.21,88.61,21.31,1.89,14.62,26.12,67.76,10.11,126,1012.8,0.0,109,Moderate,NO2
2026-08-22 21:18:43,Delhi,Delhi,"Anand Vihar, Delhi - DPCC",28.6139,77.209,56.47,86.66,60.92,24.67,1.71,8.01,24.73,76.86,9.83,101,1010.4,0.0,94,Satisfactory,PM25
2026-08-22 22:18:43,Delhi,Delhi,"Anand Vihar, Delhi - DPCC",28.6139,77.209,55.18,77.97,46.75,22.69,2.36,-0.07,23.45,84.37,6.43,242,1015.0,0.0,104,Moderate,CO
2026-08-22 23:18:43,Delhi,Delhi,"Anand Vihar, Delhi - DPCC",28.6139,77.209,53.74,87.9,28.12,25.71,2.37,-9.18,20.44,90.03,7.72,205,1009.5,0.0,104,Moderate,CO
2026-08-23 00:18:43,Delhi,Delhi,"Anand Vihar, Delhi - DPCC",28.6139,77.209,51.72,85.07,79.95,25.62,1.42,23.29,19.5,86.19,5.89,255,1010.2,0.0,100,Satisfactory,NO2
2026-08-23 01:18:43,Delhi,Delhi,"Anand Vihar, Delhi - DPCC",28.6139,77.209,50.94,76.52,33.01,8.17,1.99,30.36,15.36,95.56,5.36,79,1012.8,0.0,99,Satisfactory,CO
2026-08-23 02:18:43,Delhi,Delhi,"Anand Vihar, Delhi - DPCC",28.6139,77.209,51.54,82.84,65.68,28.86,2.71,16.43,16.45,98.0,5.86,34,1008.5,0.0,109,Moderate,CO
2026-08-23 03:18:43,Delhi,Delhi,"Anand Vihar, Delhi - DPCC",28.6139,77.209,51.12,80.7,53.69,8.01,0.85,24.38,16.73,98.0,1.44,257,1008.9,0.0,85,Satisfactory,PM25
2026-08-23 04:18:43,Delhi,Delhi,"Anand Vihar, Delhi - DPCC",28.6139,77.209,52.8,74.85,46.44,25.82,2.75,38.8,18.68,98.0,1.0,320,1013.8,0.0,109,Moderate,CO
2026-08-23 05:18:43,Delhi,Delhi,"Anand Vihar, Delhi - DPCC",28.6139,77.209,53.43,85.23,63.37,34.18,2.5,20.11,17.45,93.73,4.16,246,1012.7,0.0,106,Moderate,CO
2026-08-23 06:18:43,Delhi,Delhi,"Anand Vihar, Delhi - DPCC",28.6139,77.209,54.67,77.65,71.51,9.35,0.8,20.97,18.98,91.7,3.63,69,1013.0,0.0,91,Satisfactory,PM25
2026-08-23 07:18:43,Delhi,Delhi,"Anand Vihar, Delhi - DPCC",28.6139,77.209,57.96,86.98,73.81,23.16,1.78,21.62,19.74,88.28,4.44,55,1009.4,0.0,97,Satisfactory,PM25
2026-08-23 08:18:43,Delhi,Delhi,"Anand Vihar, Delhi - DPCC",28.6139,77.209,59.67,89.53,75.37,34.52,2.15,19.05,26.1,80.59,2.28,204,1014.6,0.0,102,Moderate,CO
2026-08-23 09:18:43,Delhi,Delhi,"Anand Vihar, Delhi - DPCC",28.6139,77.209,60.98,107.79,60.14,14.03,1.46,37.24,22.11,73.09,5.05,184,1012.2,0.0,211,Poor,PM25
2026-08-23 10:18:43,Delhi,Delhi,"Anand Vihar, Delhi - DPCC",28.6139,77.209,64.38,106.51,79.88,20.32,1.53,44.58,27.78,64.44,3.24,353,1014.1,0.0,112,Moderate,PM25
2026-08-23 11:18:43,Delhi,Delhi,"Anand Vihar, Delhi - DPCC",28.6139,77.209,64.48,112.89,42.31,23.46,2.58,53.52,28.53,61.6,7.46,252,1011.0,0.0,113,Moderate,PM25
2026-08-23 12:18:43,Delhi,Delhi,"Anand Vihar, Delhi - DPCC",28.6139,77.209,63.55,89.98,62.39,18.05,2.41,57.38,29.55,61.14,5.63,176,1014.2,0.0,110,Moderate,PM25
2026-08-23 13:18:43,Delhi,Delhi,"Anand Vihar, Delhi - DPCC",28.6139,77.209,64.62,90.57,38.74,13.61,2.04,53.4,29.64,50.39,5.7,1,1008.3,0.0,201,Poor,CO
2026-08-23 14:18:43,Delhi,Delhi,"Anand Vihar, Delhi - DPCC",28.6139,77.209,64.25,93.92,70.13,26.45,1.67,71.01,32.31,50.67,8.22,296,1012.4,0.0,112,Moderate,PM25
2026-08-23 15:18:43,Delhi,Delhi,"Anand Vihar, Delhi - DPCC",28.6139,77.209,64.11,90.67,59.65,15.19,0.88,57.75,32.97,53.21,7.47,194,1010.7,0.0,112,Moderate,PM25
2026-08-23 16:18:43,Delhi,Delhi,"Anand Vihar, Delhi - DPCC",28.6139,77.209,64.87,106.39,56.63,21.82,1.45,47.01,33.27,46.62,6.52,179,1012.6,0.0,114,Moderate,PM25
2026-08-23 17:18:43,Delhi,Delhi,"Anand Vihar, Delhi - DPCC",28.6139,77.209,62.36,97.54,71.84,16.88,2.72,30.13,33.75,52.68,7.97,287,1013.1,0.0,109,Moderate,CO
2026-08-23 18:18:43,Delhi,Delhi,"Anand Vihar, Delhi - DPCC",28.6139,77.209,61.67,93.62,45.34,21.14,1.91,21.28,28.42,56.3,8.8,29,1011.7,0.0,103,Moderate,PM25
2026-08-23 19:18:43,Delhi,Delhi,"Anand Vihar, Delhi - DPCC",28.6139,77.209,58.56,84.14,70.14,23.82,2.19,11.96,27.28,58.14,8.77,153,1010.4,0.0,102,Moderate,CO
2026-08-23 20:18:43,Delhi,Delhi,"Anand Vihar, Delhi - DPCC",28.6139,77.209,56.15,88.39,35.24,21.29,1.66,-4.17,25.07,67.74,10.88,153,1013.8,0.0,94,Satisfactory,PM25
2026-08-23 21:18:43,Delhi,Delhi,"Anand Vihar, Delhi - DPCC",28.6139,77.209,54.56,89.24,61.14,32.44,1.94,-1.98,25.9,70.92,9.82,248,1009.3,0.0,97,Satisfactory,CO
2026-08-23 22:18:43,Delhi,Delhi,"Anand Vihar, Delhi - DPCC",28.6139,77.209,54.58,86.24,66.52,12.52,0.94,-5.17,23.35,86.6,10.37,268,1010.1,0.0,91,Satisfactory,PM25
2026-08-23 23:18:43,Delhi,Delhi,"Anand Vihar, Delhi - DPCC",28.6139,77.209,53.05,75.7,64.82,21.69,1.12,-6.09,20.07,90.56,6.87,190,1008.2,0.0,88,Satisfactory,PM25
2026-08-24 00:18:43,Delhi,Delhi,"Anand Vihar, Delhi - DPCC",28.6139,77.209,52.84,83.21,34.96,26.26,0.88,36.46,18.65,90.5,4.54,227,1008.0,0.0,88,Satisfactory,PM25
2026-08-24 01:18:43,Delhi,Delhi,"Anand Vihar, Delhi - DPCC",28.6139,77.209,53.02,82.46,59.63,33.29,1.01,28.3,19.1,98.0,4.84,259,1013.6,0.0,195,Moderate,CO
2026-08-24 02:18:43,Delhi,Delhi,"Anand Vihar, Delhi - DPCC",28.6139,77.209,52.22,86.16,67.86,17.44,1.64,34.64,14.91,97.05,3.48,212,1011.1,0.0,87,Satisfactory,PM25
2026-08-24 03:18:43,Delhi,Delhi,"Anand Vihar, Delhi - DPCC",28.6139,77.209,54.36,88.78,23.27,10.28,1.05,18.58,15.95,98.0,1.0,216,1012.1,0.0,195,Moderate,CO
2026-08-24 04:18:43,Delhi,Delhi,"Anand Vihar, Delhi - DPCC",28.6139,77.209,53.24,93.76,74.72,28.74,2.15,17.87,19.82,94.76,1.0,305,1012.4,0.0,102,Moderate,CO
2026-08-24 05:18:43,Delhi,Delhi,"Anand Vihar, Delhi - DPCC",28.6139,77.209,54.39,96.82,62.84,10.79,0.96,27.54,20.85,96.32,2.91,297,1010.2,0.0,97,Satisfactory,PM10
2026-08-24 06:18:43,Delhi,Delhi,"Anand Vihar, Delhi - DPCC",28.6139,77.209,55.53,95.52,69.76,32.12,1.01,18.11,19.52,87.37,2.54,218,1011.6,0.0,195,Moderate,CO
2026-08-24 07:18:43,Delhi,Delhi,"Anand Vihar, Delhi - DPCC",28.6139,77.209,58.19,103.89,43.73,17.12,1.02,19.52,21.94,86.79,2.03,30,1009.9,7.9,195,Moderate,CO
2026-08-24 08:18:43,Delhi,Delhi,"Anand Vihar, Delhi - DPCC",28.6139,77.209,58.26,85.64,72.57,18.45,1.22,38.0,22.57,86.27,1.0,318,1010.8,0.0,97,Satisfactory,PM25
2026-08-24 09:18:43,Delhi,Delhi,"Anand Vihar, Delhi - DPCC",28.6139,77.209,61.02,107.41,76.05,10.83,2.25,40.13,24.08,71.67,2.73,39,1010.6,0.0,105,Moderate,PM10
2026-08-24 10:18:43,Delhi,Delhi,"Anand Vihar, Delhi - DPCC",28.6139,77.209,63.31,92.07,46.43,26.96,0.9,50.52,25.96,69.78,6.45,184,1013.9,0.0,126,Moderate,O3
2026-08-24 11:18:43,Delhi,Delhi,"Anand Vihar, Delhi - DPCC",28.6139,77.209,65.0,93.1,22.57,15.58,2.74,57.12,27.6,60.6,4.86,331,1010.5,0.0,115,Moderate,PM25
2026-08-24 12:18:43,Delhi,Delhi,"Anand Vihar, Delhi - DPCC",28.6139,77.209,65.98,96.82,45.29,33.06,2.58,50.04,32.22,55.18,5.78,192,1013.2,0.0,125,Moderate,O3
2026-08-24 13:18:43,Delhi,Delhi,"Anand Vihar, Delhi - DPCC",28.6139,77.209,67.11,113.51,76.89,19.46,1.35,67.1,33.67,51.77,8.32,304,1008.4,2.8,122,Moderate,PM25
2026-08-24 14:18:43,Delhi,Delhi,"Anand Vihar, Delhi - DPCC",28.6139,77.209,66.86,94.85,79.83,28.11,2.44,53.61,33.34,50.96,7.04,277,1012.5,0.0,121,Moderate,PM25
2026-08-24 15:18:43,Delhi,Delhi,"Anand Vihar, Delhi - DPCC",28.6139,77.209,65.29,108.68,43.53,9.88,1.04,63.17,34.1,49.08,10.17,68,1008.2,0.0,195,Moderate,CO
2026-08-24 16:18:43,Delhi,Delhi,"Anand Vihar, Delhi - DPCC",28.6139,77.209,64.75,113.02,40.43,11.04,1.7,36.24,32.86,49.55,9.11,239,1011.6,0.0,114,Moderate,PM25
2026-08-24 17:18:43,Delhi,Delhi,"Anand Vihar, Delhi - DPCC",28.6139,77.209,62.35,106.14,62.72,13.85,1.93,38.4,32.2,53.01,10.02,359,1008.7,0.0,106,Moderate,PM25
2026-08-24 18:18:43,Delhi,Delhi,"Anand Vihar, Delhi - DPCC",28.6139,77.209,60.6,91.16,73.45,16.23,2.03,33.51,31.87,59.03,12.15,322,1014.3,0.0,211,Poor,PM25
2026-08-24 19:18:43,Delhi,Delhi,"Anand Vihar, Delhi - DPCC",28.6139,77.209,58.54,98.57,39.51,16.58,1.35,27.93,29.89,66.29,8.93,205,1008.8,0.0,99,Satisfactory,PM10
2026-08-24 20:18:43,Delhi,Delhi,"Anand Vihar, Delhi - DPCC",28.6139,77.209,58.25,83.19,52.74,26.69,1.18,-0.48,27.58,70.54,8.3,102,1012.2,0.0,97,Satisfactory,PM25
2026-08-24 21:18:43,Delhi,Delhi,"Anand Vihar, Delhi - DPCC",28.6139,77.209,56.13,89.2,32.04,8.42,1.24,-4.08,26.63,76.95,9.47,341,1008.5,0.0,94,Satisfactory,PM25
2026-08-24 22:18:43,Delhi,Delhi,"Anand Vihar, Delhi - DPCC",28.6139,77.209,55.15,79.81,76.78,31.34,0.65,1.27,22.37,81.24,11.92,216,1012.7,0.0,96,Satisfactory,NO2
2026-08-24 23:18:43,Delhi,Delhi,"Anand Vihar, Delhi - DPCC",28.6139,77.209,54.72,94.65,79.22,16.1,0.86,-1.71,23.21,85.44,7.37,279,1014.6,0.0,99,Satisfactory,NO2
2026-08-25 00:18:43,Delhi,Delhi,"Anand Vihar, Delhi - DPCC",28.6139,77.209,54.99,79.92,73.5,18.59,1.83,28.21,19.07,94.42,6.73,342,1013.8,0.0,92,Satisfactory,NO2
2026-08-25 01:18:43,Delhi,Delhi,"Anand Vihar, Delhi - DPCC",28.6139,77.209,54.29,95.67,51.25,34.39,2.76,29.96,14.94,97.92,6.88,304,1008.6,0.0,109,Moderate,CO
2026-08-25 02:18:43,Delhi,Delhi,"Anand Vihar, Delhi - DPCC",28.6139,77.209,53.79,94.52,58.38,14.58,1.45,39.33,16.89,98.0,4.71,250,1013.0,0.0,94,Satisfactory,PM10
2026-08-25 03:18:43,Delhi,Delhi,"Anand Vihar, Delhi - DPCC",28.6139,77.209,53.76,89.1,43.62,22.19,1.82,24.91,17.91,95.66,3.4,218,1013.3,0.0,90,Satisfactory,CO
2026-08-25 04:18:43,Delhi,Delhi,"Anand Vihar, Delhi - DPCC",28.6139,77.209,56.52,79.94,33.47,32.45,1.8,25.91,19.87,98.0,2.73,132,1014.0,0.0,94,Satisfactory,PM25
2026-08-25 05:18:43,Delhi,Delhi,"Anand Vihar, Delhi - DPCC",28.6139,77.209,55.95,96.8,64.16,22.31,0.66,27.03,18.22,95.31,1.0,308,1013.4,0.0,97,Satisfactory,PM10
2026-08-25 06:18:43,Delhi,Delhi,"Anand Vihar, Delhi - DPCC",28.6139,77.209,59.99,105.62,58.17,22.49,2.25,20.88,22.6,92.94,4.07,217,1008.6,0.0,104,Moderate,PM10
2026-08-25 07:18:43,Delhi,Delhi,"Anand Vihar, Delhi - DPCC",28.6139,77.209,58.81,100.64,36.94,12.92,1.88,30.38,18.63,86.85,3.93,235,1009.3,0.0,98,Satisfactory,PM25
2026-08-25 08:18:43,Delhi,Delhi,"Anand Vihar, Delhi - DPCC",28.6139,77.209,59.8,89.41,85.25,31.18,1.92,22.68,21.17,82.74,3.49,224,1014.5,0.0,105,Moderate,NO2
2026-08-25 09:18:43,Delhi,Delhi,"Anand Vihar, Delhi - DPCC",28.6139,77.209,60.93,101.63,59.45,12.22,1.74,39.08,24.48,74.27,4.45,79,1012.9,0.0,211,Poor,PM25
2026-08-25 10:18:43,Delhi,Delhi,"Anand Vihar, Delhi - DPCC",28.6139,77.209,60.73,105.96,50.63,18.29,1.93,53.09,28.16,70.79,4.75,226,1014.2,0.0,211,Poor,PM25
2026-08-25 11:18:43,Delhi,Delhi,"Anand Vihar, Delhi - DPCC",28.6139,77.209,62.6,89.8,33.81,28.69,2.06,47.48,25.97,59.16,5.18,308,1008.8,0.0,202,Poor,CO
2026-08-25 12:18:43,Delhi,Delhi,"Anand Vihar, Delhi - DPCC",28.6139,77.209,62.85,94.98,44.24,29.77,2.28,66.76,34.23,55.49,7.14,35,1014.0,0.0,107,Moderate,PM25
2026-08-25 13:18:43,Delhi,Delhi,"Anand Vihar, Delhi - DPCC",28.6139,77.209,64.66,100.02,33.44,26.03,2.61,60.92,34.34,50.12,6.15,8,1011.6,0.0,114,Moderate,PM25
